{
  "type": "FeatureCollection",
  "features": [
    {
      "id": "0",
      "type": "Feature",
      "properties": {},
      "geometry": {
        "type": "MultiPolygon",
        "coordinates": [
          [
            [
              [
                6.549478,
                62.474718
              ],
              [
                6.549504,
                62.47463
              ],
              [
                6.549312,
                62.474618
              ],
              [
                6.549489,
                62.473996
              ],
              [
                6.549297,
                62.473985
              ],
              [
                6.549322,
                62.473896
              ],
              [
                6.54913,
                62.473884
              ],
              [
                6.549156,
                62.473795
              ],
              [
                6.548964,
                62.473784
              ],
              [
                6.548989,
                62.473695
              ],
              [
                6.548222,
                62.473648
              ],
              [
                6.548247,
                62.473559
              ],
              [
                6.548055,
                62.473548
              ],
              [
                6.54808,
                62.473459
              ],
              [
                6.547697,
                62.473436
              ],
              [
                6.547722,
                62.473347
              ],
              [
                6.54753,
                62.473335
              ],
              [
                6.547505,
                62.473424
              ],
              [
                6.546546,
                62.473365
              ],
              [
                6.546571,
                62.473277
              ],
              [
                6.546379,
                62.473265
              ],
              [
                6.546405,
                62.473176
              ],
              [
                6.545829,
                62.473141
              ],
              [
                6.545854,
                62.473052
              ],
              [
                6.545663,
                62.47304
              ],
              [
                6.545688,
                62.472952
              ],
              [
                6.545112,
                62.472917
              ],
              [
                6.545138,
                62.472828
              ],
              [
                6.544946,
                62.472816
              ],
              [
                6.544996,
                62.472639
              ],
              [
                6.544421,
                62.472603
              ],
              [
                6.544446,
                62.472515
              ],
              [
                6.544063,
                62.472491
              ],
              [
                6.544088,
                62.472402
              ],
              [
                6.543896,
                62.472391
              ],
              [
                6.543871,
                62.47248
              ],
              [
                6.543487,
                62.472456
              ],
              [
                6.543462,
                62.472545
              ],
              [
                6.542503,
                62.472486
              ],
              [
                6.542477,
                62.472575
              ],
              [
                6.541902,
                62.47254
              ],
              [
                6.541877,
                62.472629
              ],
              [
                6.541301,
                62.472594
              ],
              [
                6.541276,
                62.472682
              ],
              [
                6.540509,
                62.472636
              ],
              [
                6.540534,
                62.472547
              ],
              [
                6.54015,
                62.472523
              ],
              [
                6.540175,
                62.472435
              ],
              [
                6.539984,
                62.472423
              ],
              [
                6.540009,
                62.472334
              ],
              [
                6.539434,
                62.472299
              ],
              [
                6.539459,
                62.47221
              ],
              [
                6.539075,
                62.472187
              ],
              [
                6.53905,
                62.472276
              ],
              [
                6.538666,
                62.472252
              ],
              [
                6.538641,
                62.472341
              ],
              [
                6.537874,
                62.472294
              ],
              [
                6.537848,
                62.472383
              ],
              [
                6.537081,
                62.472336
              ],
              [
                6.537056,
                62.472425
              ],
              [
                6.536864,
                62.472413
              ],
              [
                6.536839,
                62.472502
              ],
              [
                6.536647,
                62.47249
              ],
              [
                6.536621,
                62.472579
              ],
              [
                6.53643,
                62.472567
              ],
              [
                6.536404,
                62.472656
              ],
              [
                6.536213,
                62.472644
              ],
              [
                6.536086,
                62.473088
              ],
              [
                6.535894,
                62.473076
              ],
              [
                6.535869,
                62.473165
              ],
              [
                6.535677,
                62.473154
              ],
              [
                6.535652,
                62.473242
              ],
              [
                6.534501,
                62.473172
              ],
              [
                6.534475,
                62.473261
              ],
              [
                6.5339,
                62.473226
              ],
              [
                6.533875,
                62.473314
              ],
              [
                6.532532,
                62.473232
              ],
              [
                6.532557,
                62.473144
              ],
              [
                6.531982,
                62.473108
              ],
              [
                6.532007,
                62.47302
              ],
              [
                6.531815,
                62.473008
              ],
              [
                6.53179,
                62.473097
              ],
              [
                6.531598,
                62.473085
              ],
              [
                6.531623,
                62.472996
              ],
              [
                6.531048,
                62.472961
              ],
              [
                6.531023,
                62.47305
              ],
              [
                6.530255,
                62.473003
              ],
              [
                6.53023,
                62.473092
              ],
              [
                6.529846,
                62.473068
              ],
              [
                6.529872,
                62.47298
              ],
              [
                6.529488,
                62.472956
              ],
              [
                6.529463,
                62.473045
              ],
              [
                6.529079,
                62.473021
              ],
              [
                6.529054,
                62.47311
              ],
              [
                6.52867,
                62.473087
              ],
              [
                6.528695,
                62.472998
              ],
              [
                6.527736,
                62.472939
              ],
              [
                6.527762,
                62.472851
              ],
              [
                6.527378,
                62.472827
              ],
              [
                6.527403,
                62.472738
              ],
              [
                6.526444,
                62.47268
              ],
              [
                6.52647,
                62.472591
              ],
              [
                6.525319,
                62.47252
              ],
              [
                6.525344,
                62.472432
              ],
              [
                6.523426,
                62.472314
              ],
              [
                6.523451,
                62.472226
              ],
              [
                6.522876,
                62.47219
              ],
              [
                6.522851,
                62.472279
              ],
              [
                6.521892,
                62.472221
              ],
              [
                6.521917,
                62.472132
              ],
              [
                6.521341,
                62.472097
              ],
              [
                6.521316,
                62.472185
              ],
              [
                6.520549,
                62.472138
              ],
              [
                6.5206,
                62.471961
              ],
              [
                6.520408,
                62.471949
              ],
              [
                6.520433,
                62.47186
              ],
              [
                6.519666,
                62.471813
              ],
              [
                6.519691,
                62.471725
              ],
              [
                6.519116,
                62.471689
              ],
              [
                6.519167,
                62.471512
              ],
              [
                6.518975,
                62.4715
              ],
              [
                6.519,
                62.471411
              ],
              [
                6.518808,
                62.4714
              ],
              [
                6.518834,
                62.471311
              ],
              [
                6.518642,
                62.471299
              ],
              [
                6.518667,
                62.47121
              ],
              [
                6.516749,
                62.471093
              ],
              [
                6.516775,
                62.471004
              ],
              [
                6.516391,
                62.470981
              ],
              [
                6.516492,
                62.470625
              ],
              [
                6.516684,
                62.470637
              ],
              [
                6.51671,
                62.470548
              ],
              [
                6.516901,
                62.47056
              ],
              [
                6.517003,
                62.470205
              ],
              [
                6.516811,
                62.470193
              ],
              [
                6.516836,
                62.470105
              ],
              [
                6.516645,
                62.470093
              ],
              [
                6.51667,
                62.470004
              ],
              [
                6.516478,
                62.469992
              ],
              [
                6.516504,
                62.469904
              ],
              [
                6.51612,
                62.46988
              ],
              [
                6.516145,
                62.469791
              ],
              [
                6.515954,
                62.469779
              ],
              [
                6.515979,
                62.469691
              ],
              [
                6.515787,
                62.469679
              ],
              [
                6.515762,
                62.469768
              ],
              [
                6.515378,
                62.469744
              ],
              [
                6.515353,
                62.469833
              ],
              [
                6.514969,
                62.46981
              ],
              [
                6.514995,
                62.469721
              ],
              [
                6.514803,
                62.469709
              ],
              [
                6.514828,
                62.46962
              ],
              [
                6.514445,
                62.469597
              ],
              [
                6.51447,
                62.469508
              ],
              [
                6.514278,
                62.469496
              ],
              [
                6.514354,
                62.46923
              ],
              [
                6.514163,
                62.469218
              ],
              [
                6.514188,
                62.469129
              ],
              [
                6.513996,
                62.469118
              ],
              [
                6.513971,
                62.469206
              ],
              [
                6.513204,
                62.469159
              ],
              [
                6.513153,
                62.469337
              ],
              [
                6.512961,
                62.469325
              ],
              [
                6.51291,
                62.469503
              ],
              [
                6.512527,
                62.469479
              ],
              [
                6.512552,
                62.469391
              ],
              [
                6.512169,
                62.469367
              ],
              [
                6.512194,
                62.469278
              ],
              [
                6.512002,
                62.469267
              ],
              [
                6.512028,
                62.469178
              ],
              [
                6.511644,
                62.469154
              ],
              [
                6.511619,
                62.469243
              ],
              [
                6.511427,
                62.469231
              ],
              [
                6.511376,
                62.469409
              ],
              [
                6.511184,
                62.469397
              ],
              [
                6.511159,
                62.469486
              ],
              [
                6.5102,
                62.469427
              ],
              [
                6.510175,
                62.469516
              ],
              [
                6.509791,
                62.469492
              ],
              [
                6.509816,
                62.469404
              ],
              [
                6.509625,
                62.469392
              ],
              [
                6.509751,
                62.468948
              ],
              [
                6.50956,
                62.468936
              ],
              [
                6.509534,
                62.469025
              ],
              [
                6.508959,
                62.46899
              ],
              [
                6.509035,
                62.468723
              ],
              [
                6.508843,
                62.468712
              ],
              [
                6.50892,
                62.468445
              ],
              [
                6.508728,
                62.468434
              ],
              [
                6.508753,
                62.468345
              ],
              [
                6.509137,
                62.468368
              ],
              [
                6.509213,
                62.468102
              ],
              [
                6.508062,
                62.468031
              ],
              [
                6.508138,
                62.467765
              ],
              [
                6.50833,
                62.467777
              ],
              [
                6.508356,
                62.467688
              ],
              [
                6.507972,
                62.467665
              ],
              [
                6.507997,
                62.467576
              ],
              [
                6.506655,
                62.467494
              ],
              [
                6.50663,
                62.467582
              ],
              [
                6.506438,
                62.467571
              ],
              [
                6.506412,
                62.467659
              ],
              [
                6.506221,
                62.467648
              ],
              [
                6.506195,
                62.467736
              ],
              [
                6.506387,
                62.467748
              ],
              [
                6.50626,
                62.468192
              ],
              [
                6.506068,
                62.46818
              ],
              [
                6.506043,
                62.468269
              ],
              [
                6.505851,
                62.468257
              ],
              [
                6.5058,
                62.468435
              ],
              [
                6.505608,
                62.468423
              ],
              [
                6.505532,
                62.468689
              ],
              [
                6.50534,
                62.468678
              ],
              [
                6.505315,
                62.468766
              ],
              [
                6.50474,
                62.468731
              ],
              [
                6.504765,
                62.468642
              ],
              [
                6.504573,
                62.468631
              ],
              [
                6.504523,
                62.468808
              ],
              [
                6.504139,
                62.468785
              ],
              [
                6.504164,
                62.468696
              ],
              [
                6.503973,
                62.468684
              ],
              [
                6.504125,
                62.468151
              ],
              [
                6.504317,
                62.468163
              ],
              [
                6.504342,
                62.468074
              ],
              [
                6.504534,
                62.468086
              ],
              [
                6.504559,
                62.467997
              ],
              [
                6.504751,
                62.468009
              ],
              [
                6.504777,
                62.46792
              ],
              [
                6.504968,
                62.467932
              ],
              [
                6.504994,
                62.467843
              ],
              [
                6.505186,
                62.467855
              ],
              [
                6.505287,
                62.4675
              ],
              [
                6.505479,
                62.467512
              ],
              [
                6.505504,
                62.467423
              ],
              [
                6.505696,
                62.467435
              ],
              [
                6.505772,
                62.467168
              ],
              [
                6.505581,
                62.467157
              ],
              [
                6.505606,
                62.467068
              ],
              [
                6.505031,
                62.467033
              ],
              [
                6.505056,
                62.466944
              ],
              [
                6.504864,
                62.466932
              ],
              [
                6.50489,
                62.466843
              ],
              [
                6.504506,
                62.46682
              ],
              [
                6.504455,
                62.466997
              ],
              [
                6.504072,
                62.466974
              ],
              [
                6.504097,
                62.466885
              ],
              [
                6.503905,
                62.466873
              ],
              [
                6.503931,
                62.466785
              ],
              [
                6.503739,
                62.466773
              ],
              [
                6.503764,
                62.466684
              ],
              [
                6.503573,
                62.466672
              ],
              [
                6.503598,
                62.466583
              ],
              [
                6.503406,
                62.466572
              ],
              [
                6.503432,
                62.466483
              ],
              [
                6.50324,
                62.466471
              ],
              [
                6.503265,
                62.466382
              ],
              [
                6.503074,
                62.466371
              ],
              [
                6.503099,
                62.466282
              ],
              [
                6.50214,
                62.466223
              ],
              [
                6.502166,
                62.466134
              ],
              [
                6.501974,
                62.466123
              ],
              [
                6.501948,
                62.466211
              ],
              [
                6.501373,
                62.466176
              ],
              [
                6.501399,
                62.466087
              ],
              [
                6.499097,
                62.465946
              ],
              [
                6.499123,
                62.465857
              ],
              [
                6.498931,
                62.465846
              ],
              [
                6.498956,
                62.465757
              ],
              [
                6.497422,
                62.465663
              ],
              [
                6.497448,
                62.465574
              ],
              [
                6.496489,
                62.465515
              ],
              [
                6.496464,
                62.465604
              ],
              [
                6.496272,
                62.465592
              ],
              [
                6.496246,
                62.465681
              ],
              [
                6.495288,
                62.465622
              ],
              [
                6.495313,
                62.465533
              ],
              [
                6.494738,
                62.465498
              ],
              [
                6.494763,
                62.465409
              ],
              [
                6.494572,
                62.465397
              ],
              [
                6.494597,
                62.465309
              ],
              [
                6.494405,
                62.465297
              ],
              [
                6.494431,
                62.465208
              ],
              [
                6.494239,
                62.465196
              ],
              [
                6.494264,
                62.465107
              ],
              [
                6.49158,
                62.464943
              ],
              [
                6.491554,
                62.465031
              ],
              [
                6.490596,
                62.464972
              ],
              [
                6.490621,
                62.464884
              ],
              [
                6.490238,
                62.46486
              ],
              [
                6.490263,
                62.464771
              ],
              [
                6.489688,
                62.464736
              ],
              [
                6.489713,
                62.464647
              ],
              [
                6.48933,
                62.464624
              ],
              [
                6.489355,
                62.464535
              ],
              [
                6.489163,
                62.464523
              ],
              [
                6.489214,
                62.464346
              ],
              [
                6.48768,
                62.464251
              ],
              [
                6.487655,
                62.46434
              ],
              [
                6.487271,
                62.464317
              ],
              [
                6.487297,
                62.464228
              ],
              [
                6.487105,
                62.464216
              ],
              [
                6.487131,
                62.464127
              ],
              [
                6.486939,
                62.464115
              ],
              [
                6.486913,
                62.464204
              ],
              [
                6.485379,
                62.46411
              ],
              [
                6.485405,
                62.464021
              ],
              [
                6.484254,
                62.46395
              ],
              [
                6.484229,
                62.464039
              ],
              [
                6.484037,
                62.464027
              ],
              [
                6.484012,
                62.464116
              ],
              [
                6.483628,
                62.464093
              ],
              [
                6.483603,
                62.464181
              ],
              [
                6.483028,
                62.464146
              ],
              [
                6.483002,
                62.464235
              ],
              [
                6.48281,
                62.464223
              ],
              [
                6.482785,
                62.464312
              ],
              [
                6.482593,
                62.4643
              ],
              [
                6.482568,
                62.464389
              ],
              [
                6.482376,
                62.464377
              ],
              [
                6.482351,
                62.464466
              ],
              [
                6.481775,
                62.46443
              ],
              [
                6.481801,
                62.464342
              ],
              [
                6.481417,
                62.464318
              ],
              [
                6.481392,
                62.464407
              ],
              [
                6.480433,
                62.464348
              ],
              [
                6.48051,
                62.464082
              ],
              [
                6.480318,
                62.46407
              ],
              [
                6.480343,
                62.463981
              ],
              [
                6.479768,
                62.463946
              ],
              [
                6.479743,
                62.464034
              ],
              [
                6.479551,
                62.464023
              ],
              [
                6.479525,
                62.464111
              ],
              [
                6.479142,
                62.464088
              ],
              [
                6.479116,
                62.464177
              ],
              [
                6.478925,
                62.464165
              ],
              [
                6.478899,
                62.464254
              ],
              [
                6.478516,
                62.46423
              ],
              [
                6.47849,
                62.464319
              ],
              [
                6.478107,
                62.464295
              ],
              [
                6.478081,
                62.464384
              ],
              [
                6.47789,
                62.464372
              ],
              [
                6.477864,
                62.464461
              ],
              [
                6.477672,
                62.464449
              ],
              [
                6.477647,
                62.464538
              ],
              [
                6.477455,
                62.464526
              ],
              [
                6.47743,
                62.464615
              ],
              [
                6.477046,
                62.464591
              ],
              [
                6.477021,
                62.46468
              ],
              [
                6.476446,
                62.464645
              ],
              [
                6.476471,
                62.464556
              ],
              [
                6.475704,
                62.464509
              ],
              [
                6.47573,
                62.46442
              ],
              [
                6.475346,
                62.464396
              ],
              [
                6.475372,
                62.464308
              ],
              [
                6.474988,
                62.464284
              ],
              [
                6.47509,
                62.463929
              ],
              [
                6.474898,
                62.463917
              ],
              [
                6.475026,
                62.463473
              ],
              [
                6.475217,
                62.463485
              ],
              [
                6.475243,
                62.463396
              ],
              [
                6.475435,
                62.463408
              ],
              [
                6.47546,
                62.463319
              ],
              [
                6.475268,
                62.463307
              ],
              [
                6.475345,
                62.463041
              ],
              [
                6.475153,
                62.463029
              ],
              [
                6.475179,
                62.462941
              ],
              [
                6.474987,
                62.462929
              ],
              [
                6.475012,
                62.46284
              ],
              [
                6.474821,
                62.462828
              ],
              [
                6.474846,
                62.462739
              ],
              [
                6.474654,
                62.462728
              ],
              [
                6.47468,
                62.462639
              ],
              [
                6.474488,
                62.462627
              ],
              [
                6.474514,
                62.462538
              ],
              [
                6.474322,
                62.462527
              ],
              [
                6.474347,
                62.462438
              ],
              [
                6.474156,
                62.462426
              ],
              [
                6.474181,
                62.462337
              ],
              [
                6.473989,
                62.462325
              ],
              [
                6.474015,
                62.462237
              ],
              [
                6.47344,
                62.462201
              ],
              [
                6.473389,
                62.462379
              ],
              [
                6.47243,
                62.46232
              ],
              [
                6.472507,
                62.462053
              ],
              [
                6.472123,
                62.46203
              ],
              [
                6.4722,
                62.461764
              ],
              [
                6.472391,
                62.461775
              ],
              [
                6.472468,
                62.461509
              ],
              [
                6.471126,
                62.461426
              ],
              [
                6.4711,
                62.461515
              ],
              [
                6.470142,
                62.461456
              ],
              [
                6.470167,
                62.461367
              ],
              [
                6.469976,
                62.461356
              ],
              [
                6.470001,
                62.461267
              ],
              [
                6.469426,
                62.461231
              ],
              [
                6.469451,
                62.461143
              ],
              [
                6.469068,
                62.461119
              ],
              [
                6.469093,
                62.46103
              ],
              [
                6.468902,
                62.461018
              ],
              [
                6.468953,
                62.460841
              ],
              [
                6.468761,
                62.460829
              ],
              [
                6.468787,
                62.46074
              ],
              [
                6.468403,
                62.460717
              ],
              [
                6.468454,
                62.460539
              ],
              [
                6.468262,
                62.460527
              ],
              [
                6.468288,
                62.460439
              ],
              [
                6.467329,
                62.46038
              ],
              [
                6.467355,
                62.460291
              ],
              [
                6.466971,
                62.460267
              ],
              [
                6.466997,
                62.460178
              ],
              [
                6.466422,
                62.460143
              ],
              [
                6.466473,
                62.459966
              ],
              [
                6.466089,
                62.459942
              ],
              [
                6.466115,
                62.459853
              ],
              [
                6.465923,
                62.459841
              ],
              [
                6.465949,
                62.459753
              ],
              [
                6.465757,
                62.459741
              ],
              [
                6.465783,
                62.459652
              ],
              [
                6.465399,
                62.459628
              ],
              [
                6.465425,
                62.45954
              ],
              [
                6.464658,
                62.459492
              ],
              [
                6.464683,
                62.459404
              ],
              [
                6.4643,
                62.45938
              ],
              [
                6.464325,
                62.459291
              ],
              [
                6.463942,
                62.459268
              ],
              [
                6.463968,
                62.459179
              ],
              [
                6.463776,
                62.459167
              ],
              [
                6.463801,
                62.459078
              ],
              [
                6.463418,
                62.459055
              ],
              [
                6.463444,
                62.458966
              ],
              [
                6.463252,
                62.458954
              ],
              [
                6.463277,
                62.458865
              ],
              [
                6.462894,
                62.458842
              ],
              [
                6.462868,
                62.45893
              ],
              [
                6.462677,
                62.458919
              ],
              [
                6.462651,
                62.459007
              ],
              [
                6.46246,
                62.458995
              ],
              [
                6.462434,
                62.459084
              ],
              [
                6.462242,
                62.459072
              ],
              [
                6.462166,
                62.459339
              ],
              [
                6.461974,
                62.459327
              ],
              [
                6.461949,
                62.459416
              ],
              [
                6.461757,
                62.459404
              ],
              [
                6.461731,
                62.459493
              ],
              [
                6.46154,
                62.459481
              ],
              [
                6.461514,
                62.45957
              ],
              [
                6.461131,
                62.459546
              ],
              [
                6.461105,
                62.459635
              ],
              [
                6.460722,
                62.459611
              ],
              [
                6.460696,
                62.4597
              ],
              [
                6.460313,
                62.459676
              ],
              [
                6.460287,
                62.459765
              ],
              [
                6.460096,
                62.459753
              ],
              [
                6.46007,
                62.459842
              ],
              [
                6.459878,
                62.45983
              ],
              [
                6.459853,
                62.459919
              ],
              [
                6.459661,
                62.459907
              ],
              [
                6.459534,
                62.460351
              ],
              [
                6.459342,
                62.460339
              ],
              [
                6.459316,
                62.460428
              ],
              [
                6.459125,
                62.460416
              ],
              [
                6.459074,
                62.460594
              ],
              [
                6.458882,
                62.460582
              ],
              [
                6.458856,
                62.46067
              ],
              [
                6.458473,
                62.460647
              ],
              [
                6.458422,
                62.460824
              ],
              [
                6.45823,
                62.460813
              ],
              [
                6.458179,
                62.46099
              ],
              [
                6.457987,
                62.460978
              ],
              [
                6.457962,
                62.461067
              ],
              [
                6.45777,
                62.461055
              ],
              [
                6.457719,
                62.461233
              ],
              [
                6.457911,
                62.461245
              ],
              [
                6.45786,
                62.461422
              ],
              [
                6.457668,
                62.46141
              ],
              [
                6.457617,
                62.461588
              ],
              [
                6.457425,
                62.461576
              ],
              [
                6.4574,
                62.461665
              ],
              [
                6.457208,
                62.461653
              ],
              [
                6.457182,
                62.461742
              ],
              [
                6.456991,
                62.46173
              ],
              [
                6.456965,
                62.461819
              ],
              [
                6.457157,
                62.46183
              ],
              [
                6.457106,
                62.462008
              ],
              [
                6.456914,
                62.461996
              ],
              [
                6.456889,
                62.462085
              ],
              [
                6.456697,
                62.462073
              ],
              [
                6.456671,
                62.462162
              ],
              [
                6.45648,
                62.46215
              ],
              [
                6.456454,
                62.462239
              ],
              [
                6.456262,
                62.462227
              ],
              [
                6.456237,
                62.462316
              ],
              [
                6.456045,
                62.462304
              ],
              [
                6.456071,
                62.462215
              ],
              [
                6.455687,
                62.462191
              ],
              [
                6.455662,
                62.46228
              ],
              [
                6.455087,
                62.462245
              ],
              [
                6.455112,
                62.462156
              ],
              [
                6.45492,
                62.462144
              ],
              [
                6.454869,
                62.462322
              ],
              [
                6.454678,
                62.46231
              ],
              [
                6.454627,
                62.462487
              ],
              [
                6.454818,
                62.462499
              ],
              [
                6.454793,
                62.462588
              ],
              [
                6.454984,
                62.4626
              ],
              [
                6.454959,
                62.462689
              ],
              [
                6.455151,
                62.4627
              ],
              [
                6.454921,
                62.463499
              ],
              [
                6.454346,
                62.463464
              ],
              [
                6.454397,
                62.463286
              ],
              [
                6.454013,
                62.463263
              ],
              [
                6.454039,
                62.463174
              ],
              [
                6.453655,
                62.46315
              ],
              [
                6.453732,
                62.462884
              ],
              [
                6.45354,
                62.462872
              ],
              [
                6.453591,
                62.462695
              ],
              [
                6.453783,
                62.462706
              ],
              [
                6.453809,
                62.462618
              ],
              [
                6.454,
                62.462629
              ],
              [
                6.454026,
                62.462541
              ],
              [
                6.454409,
                62.462564
              ],
              [
                6.454435,
                62.462476
              ],
              [
                6.454243,
                62.462464
              ],
              [
                6.454294,
                62.462286
              ],
              [
                6.453719,
                62.462251
              ],
              [
                6.453693,
                62.462339
              ],
              [
                6.453502,
                62.462328
              ],
              [
                6.453476,
                62.462416
              ],
              [
                6.452901,
                62.462381
              ],
              [
                6.452876,
                62.46247
              ],
              [
                6.452684,
                62.462458
              ],
              [
                6.452633,
                62.462635
              ],
              [
                6.452441,
                62.462624
              ],
              [
                6.452364,
                62.46289
              ],
              [
                6.452173,
                62.462878
              ],
              [
                6.452147,
                62.462967
              ],
              [
                6.451955,
                62.462955
              ],
              [
                6.45193,
                62.463044
              ],
              [
                6.45078,
                62.462973
              ],
              [
                6.450754,
                62.463061
              ],
              [
                6.450179,
                62.463026
              ],
              [
                6.450128,
                62.463204
              ],
              [
                6.450319,
                62.463215
              ],
              [
                6.450268,
                62.463393
              ],
              [
                6.45046,
                62.463405
              ],
              [
                6.450383,
                62.463671
              ],
              [
                6.45,
                62.463647
              ],
              [
                6.449974,
                62.463736
              ],
              [
                6.449783,
                62.463724
              ],
              [
                6.449757,
                62.463813
              ],
              [
                6.449565,
                62.463801
              ],
              [
                6.44954,
                62.46389
              ],
              [
                6.449348,
                62.463878
              ],
              [
                6.449297,
                62.464056
              ],
              [
                6.448914,
                62.464032
              ],
              [
                6.448888,
                62.464121
              ],
              [
                6.448505,
                62.464097
              ],
              [
                6.448479,
                62.464186
              ],
              [
                6.448096,
                62.464162
              ],
              [
                6.448121,
                62.464073
              ],
              [
                6.447929,
                62.464062
              ],
              [
                6.44798,
                62.463884
              ],
              [
                6.448172,
                62.463896
              ],
              [
                6.448326,
                62.463363
              ],
              [
                6.448517,
                62.463375
              ],
              [
                6.448568,
                62.463198
              ],
              [
                6.447802,
                62.46315
              ],
              [
                6.447827,
                62.463061
              ],
              [
                6.447252,
                62.463026
              ],
              [
                6.447278,
                62.462937
              ],
              [
                6.446319,
                62.462878
              ],
              [
                6.446293,
                62.462967
              ],
              [
                6.44591,
                62.462943
              ],
              [
                6.445884,
                62.463032
              ],
              [
                6.445693,
                62.46302
              ],
              [
                6.445667,
                62.463109
              ],
              [
                6.445475,
                62.463097
              ],
              [
                6.44545,
                62.463186
              ],
              [
                6.445066,
                62.463162
              ],
              [
                6.445092,
                62.463073
              ],
              [
                6.444709,
                62.46305
              ],
              [
                6.444734,
                62.462961
              ],
              [
                6.444351,
                62.462937
              ],
              [
                6.444376,
                62.462848
              ],
              [
                6.444185,
                62.462837
              ],
              [
                6.44421,
                62.462748
              ],
              [
                6.444018,
                62.462736
              ],
              [
                6.444095,
                62.46247
              ],
              [
                6.44352,
                62.462434
              ],
              [
                6.443571,
                62.462257
              ],
              [
                6.443379,
                62.462245
              ],
              [
                6.443405,
                62.462156
              ],
              [
                6.443213,
                62.462144
              ],
              [
                6.443239,
                62.462055
              ],
              [
                6.443047,
                62.462044
              ],
              [
                6.443098,
                62.461866
              ],
              [
                6.442907,
                62.461854
              ],
              [
                6.442932,
                62.461765
              ],
              [
                6.442741,
                62.461754
              ],
              [
                6.442766,
                62.461665
              ],
              [
                6.442574,
                62.461653
              ],
              [
                6.4426,
                62.461564
              ],
              [
                6.442408,
                62.461552
              ],
              [
                6.442434,
                62.461464
              ],
              [
                6.442242,
                62.461452
              ],
              [
                6.442268,
                62.461363
              ],
              [
                6.441884,
                62.461339
              ],
              [
                6.44191,
                62.461251
              ],
              [
                6.441143,
                62.461203
              ],
              [
                6.441118,
                62.461292
              ],
              [
                6.440542,
                62.461256
              ],
              [
                6.440568,
                62.461168
              ],
              [
                6.440185,
                62.461144
              ],
              [
                6.440159,
                62.461233
              ],
              [
                6.439584,
                62.461197
              ],
              [
                6.439558,
                62.461286
              ],
              [
                6.438792,
                62.461239
              ],
              [
                6.438766,
                62.461327
              ],
              [
                6.438383,
                62.461304
              ],
              [
                6.438357,
                62.461392
              ],
              [
                6.438165,
                62.461381
              ],
              [
                6.43814,
                62.461469
              ],
              [
                6.437181,
                62.46141
              ],
              [
                6.437156,
                62.461499
              ],
              [
                6.436581,
                62.461463
              ],
              [
                6.436555,
                62.461552
              ],
              [
                6.435788,
                62.461505
              ],
              [
                6.435865,
                62.461238
              ],
              [
                6.436248,
                62.461262
              ],
              [
                6.436376,
                62.460818
              ],
              [
                6.436568,
                62.46083
              ],
              [
                6.436619,
                62.460653
              ],
              [
                6.437003,
                62.460676
              ],
              [
                6.437131,
                62.460232
              ],
              [
                6.436939,
                62.460221
              ],
              [
                6.436964,
                62.460132
              ],
              [
                6.436773,
                62.46012
              ],
              [
                6.436798,
                62.460031
              ],
              [
                6.436607,
                62.460019
              ],
              [
                6.436658,
                62.459842
              ],
              [
                6.436466,
                62.45983
              ],
              [
                6.436492,
                62.459741
              ],
              [
                6.4363,
                62.459729
              ],
              [
                6.436326,
                62.459641
              ],
              [
                6.436134,
                62.459629
              ],
              [
                6.436185,
                62.459451
              ],
              [
                6.435993,
                62.459439
              ],
              [
                6.436019,
                62.459351
              ],
              [
                6.435827,
                62.459339
              ],
              [
                6.435853,
                62.45925
              ],
              [
                6.435661,
                62.459238
              ],
              [
                6.435687,
                62.459149
              ],
              [
                6.435495,
                62.459138
              ],
              [
                6.435521,
                62.459049
              ],
              [
                6.434371,
                62.458978
              ],
              [
                6.434396,
                62.458889
              ],
              [
                6.434205,
                62.458877
              ],
              [
                6.43423,
                62.458788
              ],
              [
                6.434039,
                62.458777
              ],
              [
                6.434013,
                62.458865
              ],
              [
                6.43363,
                62.458842
              ],
              [
                6.433604,
                62.45893
              ],
              [
                6.433796,
                62.458942
              ],
              [
                6.43377,
                62.459031
              ],
              [
                6.433578,
                62.459019
              ],
              [
                6.433553,
                62.459108
              ],
              [
                6.433361,
                62.459096
              ],
              [
                6.433335,
                62.459185
              ],
              [
                6.43276,
                62.459149
              ],
              [
                6.432709,
                62.459327
              ],
              [
                6.432518,
                62.459315
              ],
              [
                6.432492,
                62.459404
              ],
              [
                6.4323,
                62.459392
              ],
              [
                6.432275,
                62.459481
              ],
              [
                6.432083,
                62.459469
              ],
              [
                6.432057,
                62.459557
              ],
              [
                6.431291,
                62.45951
              ],
              [
                6.431239,
                62.459687
              ],
              [
                6.431048,
                62.459676
              ],
              [
                6.431022,
                62.459764
              ],
              [
                6.43083,
                62.459753
              ],
              [
                6.430779,
                62.45993
              ],
              [
                6.430588,
                62.459918
              ],
              [
                6.430562,
                62.460007
              ],
              [
                6.43037,
                62.459995
              ],
              [
                6.430345,
                62.460084
              ],
              [
                6.429961,
                62.46006
              ],
              [
                6.429987,
                62.459971
              ],
              [
                6.428837,
                62.4599
              ],
              [
                6.428862,
                62.459811
              ],
              [
                6.428671,
                62.4598
              ],
              [
                6.428696,
                62.459711
              ],
              [
                6.428313,
                62.459687
              ],
              [
                6.428287,
                62.459776
              ],
              [
                6.428096,
                62.459764
              ],
              [
                6.42807,
                62.459853
              ],
              [
                6.427878,
                62.459841
              ],
              [
                6.427801,
                62.460107
              ],
              [
                6.42761,
                62.460095
              ],
              [
                6.427584,
                62.460184
              ],
              [
                6.427201,
                62.46016
              ],
              [
                6.427175,
                62.460249
              ],
              [
                6.426983,
                62.460237
              ],
              [
                6.426958,
                62.460326
              ],
              [
                6.426766,
                62.460314
              ],
              [
                6.426715,
                62.460492
              ],
              [
                6.425948,
                62.460444
              ],
              [
                6.425923,
                62.460533
              ],
              [
                6.425347,
                62.460497
              ],
              [
                6.425322,
                62.460586
              ],
              [
                6.42513,
                62.460574
              ],
              [
                6.425105,
                62.460663
              ],
              [
                6.424338,
                62.460615
              ],
              [
                6.424312,
                62.460704
              ],
              [
                6.423737,
                62.460669
              ],
              [
                6.423711,
                62.460757
              ],
              [
                6.423136,
                62.460722
              ],
              [
                6.423085,
                62.460899
              ],
              [
                6.422893,
                62.460887
              ],
              [
                6.422868,
                62.460976
              ],
              [
                6.422676,
                62.460964
              ],
              [
                6.42265,
                62.461053
              ],
              [
                6.422459,
                62.461041
              ],
              [
                6.422433,
                62.46113
              ],
              [
                6.422241,
                62.461118
              ],
              [
                6.422216,
                62.461207
              ],
              [
                6.422024,
                62.461195
              ],
              [
                6.421998,
                62.461284
              ],
              [
                6.421807,
                62.461272
              ],
              [
                6.421781,
                62.461361
              ],
              [
                6.421014,
                62.461313
              ],
              [
                6.420989,
                62.461402
              ],
              [
                6.420797,
                62.46139
              ],
              [
                6.420771,
                62.461479
              ],
              [
                6.420388,
                62.461455
              ],
              [
                6.420362,
                62.461544
              ],
              [
                6.419596,
                62.461496
              ],
              [
                6.41957,
                62.461585
              ],
              [
                6.418803,
                62.461538
              ],
              [
                6.418829,
                62.461449
              ],
              [
                6.418637,
                62.461437
              ],
              [
                6.418688,
                62.461259
              ],
              [
                6.41773,
                62.4612
              ],
              [
                6.417704,
                62.461289
              ],
              [
                6.417513,
                62.461277
              ],
              [
                6.417487,
                62.461366
              ],
              [
                6.417104,
                62.461342
              ],
              [
                6.417078,
                62.461431
              ],
              [
                6.416695,
                62.461407
              ],
              [
                6.41672,
                62.461318
              ],
              [
                6.416529,
                62.461306
              ],
              [
                6.416554,
                62.461217
              ],
              [
                6.415787,
                62.46117
              ],
              [
                6.415813,
                62.461081
              ],
              [
                6.415621,
                62.461069
              ],
              [
                6.415647,
                62.460981
              ],
              [
                6.415455,
                62.460969
              ],
              [
                6.415532,
                62.460702
              ],
              [
                6.415724,
                62.460714
              ],
              [
                6.415801,
                62.460448
              ],
              [
                6.415418,
                62.460424
              ],
              [
                6.415495,
                62.460158
              ],
              [
                6.415686,
                62.46017
              ],
              [
                6.415712,
                62.460081
              ],
              [
                6.41552,
                62.460069
              ],
              [
                6.415572,
                62.459892
              ],
              [
                6.41538,
                62.45988
              ],
              [
                6.415534,
                62.459347
              ],
              [
                6.415342,
                62.459335
              ],
              [
                6.415419,
                62.459069
              ],
              [
                6.415803,
                62.459093
              ],
              [
                6.415828,
                62.459004
              ],
              [
                6.416212,
                62.459028
              ],
              [
                6.416237,
                62.458939
              ],
              [
                6.416429,
                62.458951
              ],
              [
                6.41648,
                62.458774
              ],
              [
                6.416672,
                62.458785
              ],
              [
                6.416697,
                62.458697
              ],
              [
                6.416889,
                62.458709
              ],
              [
                6.416966,
                62.458442
              ],
              [
                6.416391,
                62.458407
              ],
              [
                6.416442,
                62.458229
              ],
              [
                6.416251,
                62.458217
              ],
              [
                6.416456,
                62.457507
              ],
              [
                6.416648,
                62.457519
              ],
              [
                6.416673,
                62.45743
              ],
              [
                6.416865,
                62.457442
              ],
              [
                6.416891,
                62.457354
              ],
              [
                6.417274,
                62.457377
              ],
              [
                6.417325,
                62.4572
              ],
              [
                6.417517,
                62.457212
              ],
              [
                6.417543,
                62.457123
              ],
              [
                6.417734,
                62.457135
              ],
              [
                6.417785,
                62.456957
              ],
              [
                6.417977,
                62.456969
              ],
              [
                6.418003,
                62.45688
              ],
              [
                6.418194,
                62.456892
              ],
              [
                6.41822,
                62.456804
              ],
              [
                6.418795,
                62.456839
              ],
              [
                6.418821,
                62.45675
              ],
              [
                6.419396,
                62.456786
              ],
              [
                6.419421,
                62.456697
              ],
              [
                6.419805,
                62.456721
              ],
              [
                6.41983,
                62.456632
              ],
              [
                6.420022,
                62.456644
              ],
              [
                6.420048,
                62.456555
              ],
              [
                6.420239,
                62.456567
              ],
              [
                6.420291,
                62.45639
              ],
              [
                6.420674,
                62.456413
              ],
              [
                6.420699,
                62.456325
              ],
              [
                6.420891,
                62.456337
              ],
              [
                6.420917,
                62.456248
              ],
              [
                6.421108,
                62.45626
              ],
              [
                6.421134,
                62.456171
              ],
              [
                6.421326,
                62.456183
              ],
              [
                6.421351,
                62.456094
              ],
              [
                6.42116,
                62.456082
              ],
              [
                6.421237,
                62.455816
              ],
              [
                6.421045,
                62.455804
              ],
              [
                6.421096,
                62.455627
              ],
              [
                6.420905,
                62.455615
              ],
              [
                6.42093,
                62.455526
              ],
              [
                6.421122,
                62.455538
              ],
              [
                6.421199,
                62.455272
              ],
              [
                6.421007,
                62.45526
              ],
              [
                6.420981,
                62.455348
              ],
              [
                6.420598,
                62.455325
              ],
              [
                6.420573,
                62.455413
              ],
              [
                6.419998,
                62.455378
              ],
              [
                6.419972,
                62.455467
              ],
              [
                6.41978,
                62.455455
              ],
              [
                6.419883,
                62.4551
              ],
              [
                6.419116,
                62.455052
              ],
              [
                6.419142,
                62.454963
              ],
              [
                6.418567,
                62.454928
              ],
              [
                6.418618,
                62.45475
              ],
              [
                6.419002,
                62.454774
              ],
              [
                6.419053,
                62.454597
              ],
              [
                6.419244,
                62.454608
              ],
              [
                6.41927,
                62.45452
              ],
              [
                6.419845,
                62.454555
              ],
              [
                6.419871,
                62.454467
              ],
              [
                6.420062,
                62.454478
              ],
              [
                6.420088,
                62.45439
              ],
              [
                6.420471,
                62.454413
              ],
              [
                6.420497,
                62.454325
              ],
              [
                6.419922,
                62.454289
              ],
              [
                6.419948,
                62.4542
              ],
              [
                6.419756,
                62.454188
              ],
              [
                6.419782,
                62.4541
              ],
              [
                6.41959,
                62.454088
              ],
              [
                6.419616,
                62.453999
              ],
              [
                6.419424,
                62.453987
              ],
              [
                6.41945,
                62.453898
              ],
              [
                6.419258,
                62.453886
              ],
              [
                6.41936,
                62.453531
              ],
              [
                6.418977,
                62.453508
              ],
              [
                6.419003,
                62.453419
              ],
              [
                6.418236,
                62.453371
              ],
              [
                6.418262,
                62.453283
              ],
              [
                6.417879,
                62.453259
              ],
              [
                6.417827,
                62.453436
              ],
              [
                6.417636,
                62.453425
              ],
              [
                6.417533,
                62.45378
              ],
              [
                6.417342,
                62.453768
              ],
              [
                6.417316,
                62.453856
              ],
              [
                6.416933,
                62.453833
              ],
              [
                6.417035,
                62.453478
              ],
              [
                6.416844,
                62.453466
              ],
              [
                6.416741,
                62.453821
              ],
              [
                6.416549,
                62.453809
              ],
              [
                6.416472,
                62.454075
              ],
              [
                6.416281,
                62.454063
              ],
              [
                6.416255,
                62.454152
              ],
              [
                6.416063,
                62.45414
              ],
              [
                6.416038,
                62.454229
              ],
              [
                6.415846,
                62.454217
              ],
              [
                6.415821,
                62.454306
              ],
              [
                6.415629,
                62.454294
              ],
              [
                6.415655,
                62.454205
              ],
              [
                6.41508,
                62.45417
              ],
              [
                6.415105,
                62.454081
              ],
              [
                6.414914,
                62.454069
              ],
              [
                6.414939,
                62.45398
              ],
              [
                6.414364,
                62.453945
              ],
              [
                6.414339,
                62.454033
              ],
              [
                6.413955,
                62.45401
              ],
              [
                6.41393,
                62.454098
              ],
              [
                6.413738,
                62.454086
              ],
              [
                6.413712,
                62.454175
              ],
              [
                6.413521,
                62.454163
              ],
              [
                6.413546,
                62.454075
              ],
              [
                6.413163,
                62.454051
              ],
              [
                6.413189,
                62.453962
              ],
              [
                6.412806,
                62.453938
              ],
              [
                6.412831,
                62.45385
              ],
              [
                6.412256,
                62.453814
              ],
              [
                6.412282,
                62.453725
              ],
              [
                6.41209,
                62.453713
              ],
              [
                6.412116,
                62.453624
              ],
              [
                6.411924,
                62.453613
              ],
              [
                6.41195,
                62.453524
              ],
              [
                6.411758,
                62.453512
              ],
              [
                6.41181,
                62.453334
              ],
              [
                6.411618,
                62.453323
              ],
              [
                6.411644,
                62.453234
              ],
              [
                6.411835,
                62.453246
              ],
              [
                6.411861,
                62.453157
              ],
              [
                6.411669,
                62.453145
              ],
              [
                6.411798,
                62.452701
              ],
              [
                6.411989,
                62.452713
              ],
              [
                6.412015,
                62.452624
              ],
              [
                6.412207,
                62.452636
              ],
              [
                6.412309,
                62.452281
              ],
              [
                6.411926,
                62.452258
              ],
              [
                6.412003,
                62.451991
              ],
              [
                6.412195,
                62.452003
              ],
              [
                6.412323,
                62.451559
              ],
              [
                6.412131,
                62.451548
              ],
              [
                6.412157,
                62.451459
              ],
              [
                6.411965,
                62.451447
              ],
              [
                6.412017,
                62.451269
              ],
              [
                6.411633,
                62.451246
              ],
              [
                6.411685,
                62.451068
              ],
              [
                6.411493,
                62.451056
              ],
              [
                6.411519,
                62.450967
              ],
              [
                6.411327,
                62.450956
              ],
              [
                6.411353,
                62.450867
              ],
              [
                6.411161,
                62.450855
              ],
              [
                6.411187,
                62.450766
              ],
              [
                6.410995,
                62.450754
              ],
              [
                6.411021,
                62.450666
              ],
              [
                6.410829,
                62.450654
              ],
              [
                6.410932,
                62.450299
              ],
              [
                6.409782,
                62.450227
              ],
              [
                6.409757,
                62.450316
              ],
              [
                6.408415,
                62.450233
              ],
              [
                6.408338,
                62.450499
              ],
              [
                6.40853,
                62.450511
              ],
              [
                6.408427,
                62.450866
              ],
              [
                6.408236,
                62.450854
              ],
              [
                6.40821,
                62.450943
              ],
              [
                6.408018,
                62.450931
              ],
              [
                6.407993,
                62.45102
              ],
              [
                6.407609,
                62.450996
              ],
              [
                6.407584,
                62.451085
              ],
              [
                6.407392,
                62.451073
              ],
              [
                6.407366,
                62.451162
              ],
              [
                6.406983,
                62.451138
              ],
              [
                6.407009,
                62.451049
              ],
              [
                6.406434,
                62.451013
              ],
              [
                6.40646,
                62.450925
              ],
              [
                6.406076,
                62.450901
              ],
              [
                6.406051,
                62.45099
              ],
              [
                6.405668,
                62.450966
              ],
              [
                6.405411,
                62.451853
              ],
              [
                6.405219,
                62.451841
              ],
              [
                6.405193,
                62.45193
              ],
              [
                6.405002,
                62.451918
              ],
              [
                6.40495,
                62.452096
              ],
              [
                6.404376,
                62.45206
              ],
              [
                6.40435,
                62.452149
              ],
              [
                6.403775,
                62.452113
              ],
              [
                6.403826,
                62.451936
              ],
              [
                6.404018,
                62.451948
              ],
              [
                6.404044,
                62.451859
              ],
              [
                6.404235,
                62.451871
              ],
              [
                6.404312,
                62.451604
              ],
              [
                6.404504,
                62.451616
              ],
              [
                6.404555,
                62.451439
              ],
              [
                6.402448,
                62.451308
              ],
              [
                6.402422,
                62.451397
              ],
              [
                6.401272,
                62.451325
              ],
              [
                6.401246,
                62.451414
              ],
              [
                6.399905,
                62.451331
              ],
              [
                6.399879,
                62.45142
              ],
              [
                6.399688,
                62.451408
              ],
              [
                6.399611,
                62.451674
              ],
              [
                6.399419,
                62.451662
              ],
              [
                6.399342,
                62.451928
              ],
              [
                6.39915,
                62.451916
              ],
              [
                6.399125,
                62.452005
              ],
              [
                6.398933,
                62.451993
              ],
              [
                6.398907,
                62.452082
              ],
              [
                6.398716,
                62.45207
              ],
              [
                6.398664,
                62.452248
              ],
              [
                6.398281,
                62.452224
              ],
              [
                6.398255,
                62.452312
              ],
              [
                6.397872,
                62.452289
              ],
              [
                6.397847,
                62.452377
              ],
              [
                6.397463,
                62.452354
              ],
              [
                6.397335,
                62.452797
              ],
              [
                6.397143,
                62.452785
              ],
              [
                6.397117,
                62.452874
              ],
              [
                6.396926,
                62.452862
              ],
              [
                6.396874,
                62.45304
              ],
              [
                6.397066,
                62.453052
              ],
              [
                6.397015,
                62.453229
              ],
              [
                6.396823,
                62.453217
              ],
              [
                6.396772,
                62.453395
              ],
              [
                6.39658,
                62.453383
              ],
              [
                6.396554,
                62.453472
              ],
              [
                6.396363,
                62.45346
              ],
              [
                6.396337,
                62.453549
              ],
              [
                6.396145,
                62.453537
              ],
              [
                6.39612,
                62.453625
              ],
              [
                6.395545,
                62.45359
              ],
              [
                6.395519,
                62.453678
              ],
              [
                6.395136,
                62.453655
              ],
              [
                6.39511,
                62.453743
              ],
              [
                6.394727,
                62.453719
              ],
              [
                6.394753,
                62.453631
              ],
              [
                6.394561,
                62.453619
              ],
              [
                6.394587,
                62.45353
              ],
              [
                6.394012,
                62.453494
              ],
              [
                6.393986,
                62.453583
              ],
              [
                6.393794,
                62.453571
              ],
              [
                6.39382,
                62.453482
              ],
              [
                6.393628,
                62.453471
              ],
              [
                6.393654,
                62.453382
              ],
              [
                6.393463,
                62.45337
              ],
              [
                6.393565,
                62.453015
              ],
              [
                6.393757,
                62.453027
              ],
              [
                6.393783,
                62.452938
              ],
              [
                6.393974,
                62.45295
              ],
              [
                6.394,
                62.452861
              ],
              [
                6.394192,
                62.452873
              ],
              [
                6.394217,
                62.452784
              ],
              [
                6.394792,
                62.45282
              ],
              [
                6.394818,
                62.452731
              ],
              [
                6.395201,
                62.452755
              ],
              [
                6.395227,
                62.452666
              ],
              [
                6.395419,
                62.452678
              ],
              [
                6.395444,
                62.45259
              ],
              [
                6.395828,
                62.452613
              ],
              [
                6.395905,
                62.452347
              ],
              [
                6.396096,
                62.452359
              ],
              [
                6.396199,
                62.452004
              ],
              [
                6.395816,
                62.45198
              ],
              [
                6.395893,
                62.451714
              ],
              [
                6.395701,
                62.451702
              ],
              [
                6.395727,
                62.451613
              ],
              [
                6.395152,
                62.451578
              ],
              [
                6.395127,
                62.451666
              ],
              [
                6.394168,
                62.451607
              ],
              [
                6.394143,
                62.451696
              ],
              [
                6.393951,
                62.451684
              ],
              [
                6.393874,
                62.45195
              ],
              [
                6.393682,
                62.451938
              ],
              [
                6.393631,
                62.452115
              ],
              [
                6.393439,
                62.452104
              ],
              [
                6.393388,
                62.452281
              ],
              [
                6.393005,
                62.452257
              ],
              [
                6.392953,
                62.452435
              ],
              [
                6.392762,
                62.452423
              ],
              [
                6.392736,
                62.452512
              ],
              [
                6.392161,
                62.452476
              ],
              [
                6.392135,
                62.452565
              ],
              [
                6.391944,
                62.452553
              ],
              [
                6.391918,
                62.452641
              ],
              [
                6.391726,
                62.45263
              ],
              [
                6.391701,
                62.452718
              ],
              [
                6.391509,
                62.452706
              ],
              [
                6.391483,
                62.452795
              ],
              [
                6.3911,
                62.452771
              ],
              [
                6.391049,
                62.452949
              ],
              [
                6.390665,
                62.452925
              ],
              [
                6.39064,
                62.453014
              ],
              [
                6.389873,
                62.452966
              ],
              [
                6.389899,
                62.452877
              ],
              [
                6.389516,
                62.452853
              ],
              [
                6.389541,
                62.452765
              ],
              [
                6.38935,
                62.452753
              ],
              [
                6.389324,
                62.452842
              ],
              [
                6.388749,
                62.452806
              ],
              [
                6.388775,
                62.452717
              ],
              [
                6.388583,
                62.452705
              ],
              [
                6.388635,
                62.452528
              ],
              [
                6.388443,
                62.452516
              ],
              [
                6.388469,
                62.452427
              ],
              [
                6.388277,
                62.452415
              ],
              [
                6.388303,
                62.452326
              ],
              [
                6.386962,
                62.452243
              ],
              [
                6.386936,
                62.452332
              ],
              [
                6.386744,
                62.45232
              ],
              [
                6.386719,
                62.452408
              ],
              [
                6.386335,
                62.452385
              ],
              [
                6.386258,
                62.452651
              ],
              [
                6.386066,
                62.452639
              ],
              [
                6.386015,
                62.452816
              ],
              [
                6.385057,
                62.452757
              ],
              [
                6.385083,
                62.452668
              ],
              [
                6.384699,
                62.452644
              ],
              [
                6.384674,
                62.452733
              ],
              [
                6.383716,
                62.452673
              ],
              [
                6.38369,
                62.452762
              ],
              [
                6.383307,
                62.452738
              ],
              [
                6.383281,
                62.452827
              ],
              [
                6.383089,
                62.452815
              ],
              [
                6.382961,
                62.453259
              ],
              [
                6.382769,
                62.453247
              ],
              [
                6.382743,
                62.453336
              ],
              [
                6.382552,
                62.453324
              ],
              [
                6.382423,
                62.453767
              ],
              [
                6.382806,
                62.453791
              ],
              [
                6.382755,
                62.453969
              ],
              [
                6.382563,
                62.453957
              ],
              [
                6.382537,
                62.454046
              ],
              [
                6.382346,
                62.454034
              ],
              [
                6.38232,
                62.454122
              ],
              [
                6.382128,
                62.454111
              ],
              [
                6.382102,
                62.454199
              ],
              [
                6.381911,
                62.454187
              ],
              [
                6.381885,
                62.454276
              ],
              [
                6.381693,
                62.454264
              ],
              [
                6.381668,
                62.454353
              ],
              [
                6.381476,
                62.454341
              ],
              [
                6.38145,
                62.45443
              ],
              [
                6.381259,
                62.454418
              ],
              [
                6.381233,
                62.454507
              ],
              [
                6.381041,
                62.454495
              ],
              [
                6.380964,
                62.454761
              ],
              [
                6.380772,
                62.454749
              ],
              [
                6.380721,
                62.454926
              ],
              [
                6.380529,
                62.454915
              ],
              [
                6.380504,
                62.455003
              ],
              [
                6.38012,
                62.454979
              ],
              [
                6.380095,
                62.455068
              ],
              [
                6.379711,
                62.455044
              ],
              [
                6.379686,
                62.455133
              ],
              [
                6.379494,
                62.455121
              ],
              [
                6.379468,
                62.45521
              ],
              [
                6.379276,
                62.455198
              ],
              [
                6.379251,
                62.455287
              ],
              [
                6.379059,
                62.455275
              ],
              [
                6.379033,
                62.455363
              ],
              [
                6.378842,
                62.455352
              ],
              [
                6.378816,
                62.45544
              ],
              [
                6.378433,
                62.455416
              ],
              [
                6.378407,
                62.455505
              ],
              [
                6.378215,
                62.455493
              ],
              [
                6.37819,
                62.455582
              ],
              [
                6.377998,
                62.45557
              ],
              [
                6.377972,
                62.455659
              ],
              [
                6.37778,
                62.455647
              ],
              [
                6.377755,
                62.455736
              ],
              [
                6.377563,
                62.455724
              ],
              [
                6.377537,
                62.455812
              ],
              [
                6.377346,
                62.455801
              ],
              [
                6.377294,
                62.455978
              ],
              [
                6.377103,
                62.455966
              ],
              [
                6.377051,
                62.456144
              ],
              [
                6.376859,
                62.456132
              ],
              [
                6.376834,
                62.45622
              ],
              [
                6.376642,
                62.456208
              ],
              [
                6.376616,
                62.456297
              ],
              [
                6.376425,
                62.456285
              ],
              [
                6.376399,
                62.456374
              ],
              [
                6.376207,
                62.456362
              ],
              [
                6.376181,
                62.456451
              ],
              [
                6.37599,
                62.456439
              ],
              [
                6.375964,
                62.456528
              ],
              [
                6.375772,
                62.456516
              ],
              [
                6.375747,
                62.456604
              ],
              [
                6.375172,
                62.456569
              ],
              [
                6.375146,
                62.456657
              ],
              [
                6.374379,
                62.45661
              ],
              [
                6.374354,
                62.456698
              ],
              [
                6.37397,
                62.456675
              ],
              [
                6.373867,
                62.457029
              ],
              [
                6.373101,
                62.456982
              ],
              [
                6.373075,
                62.45707
              ],
              [
                6.372883,
                62.457059
              ],
              [
                6.372857,
                62.457147
              ],
              [
                6.372666,
                62.457135
              ],
              [
                6.37264,
                62.457224
              ],
              [
                6.372448,
                62.457212
              ],
              [
                6.372397,
                62.45739
              ],
              [
                6.372205,
                62.457378
              ],
              [
                6.372179,
                62.457466
              ],
              [
                6.371988,
                62.457454
              ],
              [
                6.371962,
                62.457543
              ],
              [
                6.37177,
                62.457531
              ],
              [
                6.371745,
                62.45762
              ],
              [
                6.37117,
                62.457584
              ],
              [
                6.371144,
                62.457673
              ],
              [
                6.370569,
                62.457637
              ],
              [
                6.370517,
                62.457815
              ],
              [
                6.370326,
                62.457803
              ],
              [
                6.3703,
                62.457891
              ],
              [
                6.369725,
                62.457856
              ],
              [
                6.369699,
                62.457944
              ],
              [
                6.369508,
                62.457932
              ],
              [
                6.36943,
                62.458199
              ],
              [
                6.369239,
                62.458187
              ],
              [
                6.369187,
                62.458364
              ],
              [
                6.368995,
                62.458352
              ],
              [
                6.368969,
                62.458441
              ],
              [
                6.368586,
                62.458417
              ],
              [
                6.368535,
                62.458595
              ],
              [
                6.368343,
                62.458583
              ],
              [
                6.368162,
                62.459204
              ],
              [
                6.368546,
                62.459228
              ],
              [
                6.368443,
                62.459583
              ],
              [
                6.368251,
                62.459571
              ],
              [
                6.368225,
                62.459659
              ],
              [
                6.368033,
                62.459648
              ],
              [
                6.368008,
                62.459736
              ],
              [
                6.367816,
                62.459724
              ],
              [
                6.367739,
                62.459991
              ],
              [
                6.367547,
                62.459979
              ],
              [
                6.367521,
                62.460067
              ],
              [
                6.367329,
                62.460055
              ],
              [
                6.367304,
                62.460144
              ],
              [
                6.367112,
                62.460132
              ],
              [
                6.367086,
                62.460221
              ],
              [
                6.366895,
                62.460209
              ],
              [
                6.366869,
                62.460298
              ],
              [
                6.366294,
                62.460262
              ],
              [
                6.366242,
                62.460439
              ],
              [
                6.366051,
                62.460427
              ],
              [
                6.366076,
                62.460339
              ],
              [
                6.365885,
                62.460327
              ],
              [
                6.36591,
                62.460238
              ],
              [
                6.365335,
                62.460202
              ],
              [
                6.365361,
                62.460113
              ],
              [
                6.36517,
                62.460101
              ],
              [
                6.365195,
                62.460013
              ],
              [
                6.365004,
                62.460001
              ],
              [
                6.36503,
                62.459912
              ],
              [
                6.364455,
                62.459876
              ],
              [
                6.36448,
                62.459787
              ],
              [
                6.364097,
                62.459764
              ],
              [
                6.36402,
                62.46003
              ],
              [
                6.363828,
                62.460018
              ],
              [
                6.363802,
                62.460107
              ],
              [
                6.363611,
                62.460095
              ],
              [
                6.363585,
                62.460183
              ],
              [
                6.363201,
                62.460159
              ],
              [
                6.363227,
                62.460071
              ],
              [
                6.362844,
                62.460047
              ],
              [
                6.36287,
                62.459958
              ],
              [
                6.362678,
                62.459946
              ],
              [
                6.362704,
                62.459857
              ],
              [
                6.362512,
                62.459845
              ],
              [
                6.362538,
                62.459757
              ],
              [
                6.362155,
                62.459733
              ],
              [
                6.362181,
                62.459644
              ],
              [
                6.360073,
                62.459513
              ],
              [
                6.360047,
                62.459601
              ],
              [
                6.359472,
                62.459565
              ],
              [
                6.359446,
                62.459654
              ],
              [
                6.359254,
                62.459642
              ],
              [
                6.359228,
                62.459731
              ],
              [
                6.358845,
                62.459707
              ],
              [
                6.358793,
                62.459884
              ],
              [
                6.358602,
                62.459873
              ],
              [
                6.358576,
                62.459961
              ],
              [
                6.358384,
                62.459949
              ],
              [
                6.358307,
                62.460216
              ],
              [
                6.358115,
                62.460204
              ],
              [
                6.358038,
                62.46047
              ],
              [
                6.358229,
                62.460482
              ],
              [
                6.358178,
                62.460659
              ],
              [
                6.357986,
                62.460647
              ],
              [
                6.35796,
                62.460736
              ],
              [
                6.357769,
                62.460724
              ],
              [
                6.357691,
                62.46099
              ],
              [
                6.357883,
                62.461002
              ],
              [
                6.357857,
                62.461091
              ],
              [
                6.358049,
                62.461103
              ],
              [
                6.357894,
                62.461635
              ],
              [
                6.357702,
                62.461623
              ],
              [
                6.357444,
                62.462511
              ],
              [
                6.357252,
                62.462499
              ],
              [
                6.357071,
                62.46312
              ],
              [
                6.356879,
                62.463108
              ],
              [
                6.356802,
                62.463374
              ],
              [
                6.35661,
                62.463362
              ],
              [
                6.356584,
                62.463451
              ],
              [
                6.356393,
                62.463439
              ],
              [
                6.356367,
                62.463528
              ],
              [
                6.356175,
                62.463516
              ],
              [
                6.356124,
                62.463693
              ],
              [
                6.355932,
                62.463681
              ],
              [
                6.355777,
                62.464214
              ],
              [
                6.355585,
                62.464202
              ],
              [
                6.355508,
                62.464468
              ],
              [
                6.355699,
                62.46448
              ],
              [
                6.355622,
                62.464746
              ],
              [
                6.355814,
                62.464758
              ],
              [
                6.355788,
                62.464847
              ],
              [
                6.355979,
                62.464859
              ],
              [
                6.35585,
                62.465303
              ],
              [
                6.356425,
                62.465339
              ],
              [
                6.356399,
                62.465427
              ],
              [
                6.356591,
                62.465439
              ],
              [
                6.356565,
                62.465528
              ],
              [
                6.356374,
                62.465516
              ],
              [
                6.356348,
                62.465605
              ],
              [
                6.355964,
                62.465581
              ],
              [
                6.355939,
                62.46567
              ],
              [
                6.355747,
                62.465658
              ],
              [
                6.355514,
                62.466456
              ],
              [
                6.354939,
                62.46642
              ],
              [
                6.354862,
                62.466687
              ],
              [
                6.35467,
                62.466675
              ],
              [
                6.354644,
                62.466763
              ],
              [
                6.354452,
                62.466751
              ],
              [
                6.354427,
                62.46684
              ],
              [
                6.353852,
                62.466804
              ],
              [
                6.353722,
                62.467248
              ],
              [
                6.353531,
                62.467236
              ],
              [
                6.353453,
                62.467502
              ],
              [
                6.353261,
                62.46749
              ],
              [
                6.353236,
                62.467579
              ],
              [
                6.353044,
                62.467567
              ],
              [
                6.353018,
                62.467656
              ],
              [
                6.352635,
                62.467632
              ],
              [
                6.352609,
                62.467721
              ],
              [
                6.35165,
                62.467661
              ],
              [
                6.351599,
                62.467838
              ],
              [
                6.351407,
                62.467826
              ],
              [
                6.351329,
                62.468092
              ],
              [
                6.351138,
                62.46808
              ],
              [
                6.351086,
                62.468258
              ],
              [
                6.350894,
                62.468246
              ],
              [
                6.350868,
                62.468335
              ],
              [
                6.350485,
                62.468311
              ],
              [
                6.350433,
                62.468488
              ],
              [
                6.3512,
                62.468536
              ],
              [
                6.351226,
                62.468447
              ],
              [
                6.351418,
                62.468459
              ],
              [
                6.351443,
                62.468371
              ],
              [
                6.351635,
                62.468383
              ],
              [
                6.351661,
                62.468294
              ],
              [
                6.351853,
                62.468306
              ],
              [
                6.351879,
                62.468217
              ],
              [
                6.352645,
                62.468265
              ],
              [
                6.352749,
                62.46791
              ],
              [
                6.353516,
                62.467958
              ],
              [
                6.35349,
                62.468047
              ],
              [
                6.353681,
                62.468059
              ],
              [
                6.353423,
                62.468946
              ],
              [
                6.353998,
                62.468982
              ],
              [
                6.354024,
                62.468893
              ],
              [
                6.355174,
                62.468965
              ],
              [
                6.355148,
                62.469054
              ],
              [
                6.356107,
                62.469113
              ],
              [
                6.356133,
                62.469025
              ],
              [
                6.356516,
                62.469049
              ],
              [
                6.356542,
                62.46896
              ],
              [
                6.358075,
                62.469056
              ],
              [
                6.358101,
                62.468967
              ],
              [
                6.358868,
                62.469015
              ],
              [
                6.358894,
                62.468926
              ],
              [
                6.359277,
                62.46895
              ],
              [
                6.359303,
                62.468861
              ],
              [
                6.359878,
                62.468897
              ],
              [
                6.359853,
                62.468986
              ],
              [
                6.360044,
                62.468998
              ],
              [
                6.360018,
                62.469086
              ],
              [
                6.36021,
                62.469098
              ],
              [
                6.360236,
                62.46901
              ],
              [
                6.361003,
                62.469057
              ],
              [
                6.361029,
                62.468969
              ],
              [
                6.361604,
                62.469005
              ],
              [
                6.36163,
                62.468916
              ],
              [
                6.363355,
                62.469023
              ],
              [
                6.363329,
                62.469112
              ],
              [
                6.36563,
                62.469256
              ],
              [
                6.365655,
                62.469167
              ],
              [
                6.366422,
                62.469215
              ],
              [
                6.366216,
                62.469925
              ],
              [
                6.366791,
                62.46996
              ],
              [
                6.366765,
                62.470049
              ],
              [
                6.366957,
                62.470061
              ],
              [
                6.366931,
                62.47015
              ],
              [
                6.367123,
                62.470162
              ],
              [
                6.367097,
                62.470251
              ],
              [
                6.367289,
                62.470263
              ],
              [
                6.367263,
                62.470351
              ],
              [
                6.36803,
                62.470399
              ],
              [
                6.368056,
                62.47031
              ],
              [
                6.369014,
                62.47037
              ],
              [
                6.36904,
                62.470281
              ],
              [
                6.370957,
                62.470401
              ],
              [
                6.370983,
                62.470312
              ],
              [
                6.371175,
                62.470324
              ],
              [
                6.371123,
                62.470501
              ],
              [
                6.371507,
                62.470525
              ],
              [
                6.371532,
                62.470437
              ],
              [
                6.371916,
                62.47046
              ],
              [
                6.371942,
                62.470372
              ],
              [
                6.372325,
                62.470396
              ],
              [
                6.372299,
                62.470484
              ],
              [
                6.373066,
                62.470532
              ],
              [
                6.373092,
                62.470443
              ],
              [
                6.373284,
                62.470455
              ],
              [
                6.37331,
                62.470367
              ],
              [
                6.374268,
                62.470426
              ],
              [
                6.374294,
                62.470337
              ],
              [
                6.374869,
                62.470373
              ],
              [
                6.374843,
                62.470462
              ],
              [
                6.375035,
                62.470474
              ],
              [
                6.375009,
                62.470563
              ],
              [
                6.375968,
                62.470622
              ],
              [
                6.375942,
                62.470711
              ],
              [
                6.376326,
                62.470735
              ],
              [
                6.376351,
                62.470646
              ],
              [
                6.376927,
                62.470682
              ],
              [
                6.376875,
                62.47086
              ],
              [
                6.377067,
                62.470872
              ],
              [
                6.377041,
                62.47096
              ],
              [
                6.377233,
                62.470972
              ],
              [
                6.377207,
                62.471061
              ],
              [
                6.377399,
                62.471073
              ],
              [
                6.377373,
                62.471162
              ],
              [
                6.377565,
                62.471174
              ],
              [
                6.377539,
                62.471262
              ],
              [
                6.37984,
                62.471405
              ],
              [
                6.379685,
                62.471938
              ],
              [
                6.379493,
                62.471926
              ],
              [
                6.379313,
                62.472547
              ],
              [
                6.379121,
                62.472535
              ],
              [
                6.379069,
                62.472713
              ],
              [
                6.378878,
                62.472701
              ],
              [
                6.378826,
                62.472878
              ],
              [
                6.379018,
                62.47289
              ],
              [
                6.378786,
                62.473689
              ],
              [
                6.379169,
                62.473713
              ],
              [
                6.379144,
                62.473802
              ],
              [
                6.379335,
                62.473814
              ],
              [
                6.37931,
                62.473902
              ],
              [
                6.379501,
                62.473914
              ],
              [
                6.379475,
                62.474003
              ],
              [
                6.380051,
                62.474039
              ],
              [
                6.380077,
                62.47395
              ],
              [
                6.380268,
                62.473962
              ],
              [
                6.380294,
                62.473873
              ],
              [
                6.381061,
                62.473921
              ],
              [
                6.381035,
                62.47401
              ],
              [
                6.382378,
                62.474093
              ],
              [
                6.382352,
                62.474182
              ],
              [
                6.382544,
                62.474194
              ],
              [
                6.382518,
                62.474283
              ],
              [
                6.383093,
                62.474318
              ],
              [
                6.383067,
                62.474407
              ],
              [
                6.383451,
                62.474431
              ],
              [
                6.383425,
                62.47452
              ],
              [
                6.384192,
                62.474567
              ],
              [
                6.384218,
                62.474479
              ],
              [
                6.385944,
                62.474586
              ],
              [
                6.385918,
                62.474675
              ],
              [
                6.386301,
                62.474699
              ],
              [
                6.386327,
                62.47461
              ],
              [
                6.386711,
                62.474634
              ],
              [
                6.386685,
                62.474722
              ],
              [
                6.388602,
                62.474842
              ],
              [
                6.388577,
                62.47493
              ],
              [
                6.389152,
                62.474966
              ],
              [
                6.389178,
                62.474877
              ],
              [
                6.391095,
                62.474997
              ],
              [
                6.391121,
                62.474908
              ],
              [
                6.392655,
                62.475003
              ],
              [
                6.392526,
                62.475447
              ],
              [
                6.39291,
                62.475471
              ],
              [
                6.392884,
                62.475559
              ],
              [
                6.394035,
                62.475631
              ],
              [
                6.394009,
                62.47572
              ],
              [
                6.394201,
                62.475732
              ],
              [
                6.394175,
                62.47582
              ],
              [
                6.394367,
                62.475832
              ],
              [
                6.394341,
                62.475921
              ],
              [
                6.396067,
                62.476028
              ],
              [
                6.396041,
                62.476117
              ],
              [
                6.396425,
                62.476141
              ],
              [
                6.396451,
                62.476052
              ],
              [
                6.398368,
                62.476171
              ],
              [
                6.398394,
                62.476082
              ],
              [
                6.40012,
                62.476189
              ],
              [
                6.400094,
                62.476278
              ],
              [
                6.400478,
                62.476302
              ],
              [
                6.400504,
                62.476213
              ],
              [
                6.400695,
                62.476225
              ],
              [
                6.400773,
                62.475959
              ],
              [
                6.400964,
                62.475971
              ],
              [
                6.401016,
                62.475793
              ],
              [
                6.401208,
                62.475805
              ],
              [
                6.401233,
                62.475716
              ],
              [
                6.401617,
                62.47574
              ],
              [
                6.401643,
                62.475651
              ],
              [
                6.402218,
                62.475687
              ],
              [
                6.402244,
                62.475598
              ],
              [
                6.402435,
                62.47561
              ],
              [
                6.402461,
                62.475522
              ],
              [
                6.402653,
                62.475533
              ],
              [
                6.402679,
                62.475445
              ],
              [
                6.40287,
                62.475457
              ],
              [
                6.402896,
                62.475368
              ],
              [
                6.403088,
                62.47538
              ],
              [
                6.403114,
                62.475291
              ],
              [
                6.403305,
                62.475303
              ],
              [
                6.403331,
                62.475214
              ],
              [
                6.403523,
                62.475226
              ],
              [
                6.403548,
                62.475137
              ],
              [
                6.40374,
                62.475149
              ],
              [
                6.403766,
                62.47506
              ],
              [
                6.403958,
                62.475072
              ],
              [
                6.403983,
                62.474984
              ],
              [
                6.404175,
                62.474995
              ],
              [
                6.404227,
                62.474818
              ],
              [
                6.404418,
                62.47483
              ],
              [
                6.404444,
                62.474741
              ],
              [
                6.404636,
                62.474753
              ],
              [
                6.404662,
                62.474664
              ],
              [
                6.404853,
                62.474676
              ],
              [
                6.404905,
                62.474499
              ],
              [
                6.405097,
                62.474511
              ],
              [
                6.405148,
                62.474333
              ],
              [
                6.40534,
                62.474345
              ],
              [
                6.405417,
                62.474079
              ],
              [
                6.405609,
                62.474091
              ],
              [
                6.405634,
                62.474002
              ],
              [
                6.405826,
                62.474014
              ],
              [
                6.405852,
                62.473925
              ],
              [
                6.406235,
                62.473949
              ],
              [
                6.406261,
                62.47386
              ],
              [
                6.406453,
                62.473872
              ],
              [
                6.406504,
                62.473694
              ],
              [
                6.406696,
                62.473706
              ],
              [
                6.406747,
                62.473529
              ],
              [
                6.407323,
                62.473564
              ],
              [
                6.407297,
                62.473653
              ],
              [
                6.407489,
                62.473665
              ],
              [
                6.407412,
                62.473931
              ],
              [
                6.40722,
                62.473919
              ],
              [
                6.407194,
                62.474008
              ],
              [
                6.407002,
                62.473996
              ],
              [
                6.406874,
                62.47444
              ],
              [
                6.406682,
                62.474428
              ],
              [
                6.406554,
                62.474872
              ],
              [
                6.406362,
                62.47486
              ],
              [
                6.406208,
                62.475393
              ],
              [
                6.406016,
                62.475381
              ],
              [
                6.40599,
                62.475469
              ],
              [
                6.405798,
                62.475458
              ],
              [
                6.405747,
                62.475635
              ],
              [
                6.405555,
                62.475623
              ],
              [
                6.405504,
                62.475801
              ],
              [
                6.405312,
                62.475789
              ],
              [
                6.405286,
                62.475878
              ],
              [
                6.405095,
                62.475866
              ],
              [
                6.405043,
                62.476043
              ],
              [
                6.404851,
                62.476031
              ],
              [
                6.404826,
                62.47612
              ],
              [
                6.404634,
                62.476108
              ],
              [
                6.404608,
                62.476197
              ],
              [
                6.404416,
                62.476185
              ],
              [
                6.404391,
                62.476274
              ],
              [
                6.404199,
                62.476262
              ],
              [
                6.404173,
                62.476351
              ],
              [
                6.403981,
                62.476339
              ],
              [
                6.403956,
                62.476427
              ],
              [
                6.403764,
                62.476415
              ],
              [
                6.403738,
                62.476504
              ],
              [
                6.403546,
                62.476492
              ],
              [
                6.403521,
                62.476581
              ],
              [
                6.403329,
                62.476569
              ],
              [
                6.403277,
                62.476747
              ],
              [
                6.403086,
                62.476735
              ],
              [
                6.40306,
                62.476824
              ],
              [
                6.402868,
                62.476812
              ],
              [
                6.402843,
                62.4769
              ],
              [
                6.402651,
                62.476889
              ],
              [
                6.402625,
                62.476977
              ],
              [
                6.402433,
                62.476965
              ],
              [
                6.402408,
                62.477054
              ],
              [
                6.402024,
                62.47703
              ],
              [
                6.401998,
                62.477119
              ],
              [
                6.401806,
                62.477107
              ],
              [
                6.401781,
                62.477196
              ],
              [
                6.401589,
                62.477184
              ],
              [
                6.401563,
                62.477273
              ],
              [
                6.401371,
                62.477261
              ],
              [
                6.401346,
                62.47735
              ],
              [
                6.401154,
                62.477338
              ],
              [
                6.401128,
                62.477426
              ],
              [
                6.400936,
                62.477415
              ],
              [
                6.400911,
                62.477503
              ],
              [
                6.400719,
                62.477491
              ],
              [
                6.400693,
                62.47758
              ],
              [
                6.400501,
                62.477568
              ],
              [
                6.400476,
                62.477657
              ],
              [
                6.400284,
                62.477645
              ],
              [
                6.400258,
                62.477734
              ],
              [
                6.400066,
                62.477722
              ],
              [
                6.399964,
                62.478077
              ],
              [
                6.399772,
                62.478065
              ],
              [
                6.399746,
                62.478154
              ],
              [
                6.399362,
                62.47813
              ],
              [
                6.399337,
                62.478219
              ],
              [
                6.399145,
                62.478207
              ],
              [
                6.399068,
                62.478473
              ],
              [
                6.398876,
                62.478461
              ],
              [
                6.398825,
                62.478639
              ],
              [
                6.398633,
                62.478627
              ],
              [
                6.398581,
                62.478804
              ],
              [
                6.398389,
                62.478792
              ],
              [
                6.398364,
                62.478881
              ],
              [
                6.398939,
                62.478917
              ],
              [
                6.398836,
                62.479272
              ],
              [
                6.398644,
                62.47926
              ],
              [
                6.398542,
                62.479615
              ],
              [
                6.39835,
                62.479603
              ],
              [
                6.398273,
                62.479869
              ],
              [
                6.399232,
                62.479929
              ],
              [
                6.399206,
                62.480018
              ],
              [
                6.399398,
                62.480029
              ],
              [
                6.399423,
                62.479941
              ],
              [
                6.399807,
                62.479964
              ],
              [
                6.399781,
                62.480053
              ],
              [
                6.401507,
                62.48016
              ],
              [
                6.401533,
                62.480072
              ],
              [
                6.403451,
                62.480191
              ],
              [
                6.403477,
                62.480102
              ],
              [
                6.404628,
                62.480173
              ],
              [
                6.404551,
                62.48044
              ],
              [
                6.404742,
                62.480451
              ],
              [
                6.404717,
                62.48054
              ],
              [
                6.404908,
                62.480552
              ],
              [
                6.404728,
                62.481173
              ],
              [
                6.405687,
                62.481233
              ],
              [
                6.405713,
                62.481144
              ],
              [
                6.405905,
                62.481156
              ],
              [
                6.405879,
                62.481245
              ],
              [
                6.406647,
                62.481292
              ],
              [
                6.406621,
                62.481381
              ],
              [
                6.409306,
                62.481548
              ],
              [
                6.409281,
                62.481636
              ],
              [
                6.409664,
                62.48166
              ],
              [
                6.40969,
                62.481571
              ],
              [
                6.409882,
                62.481583
              ],
              [
                6.409856,
                62.481672
              ],
              [
                6.411007,
                62.481743
              ],
              [
                6.410981,
                62.481832
              ],
              [
                6.411365,
                62.481856
              ],
              [
                6.411339,
                62.481945
              ],
              [
                6.412874,
                62.48204
              ],
              [
                6.412848,
                62.482128
              ],
              [
                6.413423,
                62.482164
              ],
              [
                6.413398,
                62.482253
              ],
              [
                6.413973,
                62.482288
              ],
              [
                6.413948,
                62.482377
              ],
              [
                6.414907,
                62.482437
              ],
              [
                6.414881,
                62.482525
              ],
              [
                6.415648,
                62.482573
              ],
              [
                6.415623,
                62.482662
              ],
              [
                6.416006,
                62.482685
              ],
              [
                6.415981,
                62.482774
              ],
              [
                6.416364,
                62.482798
              ],
              [
                6.416338,
                62.482887
              ],
              [
                6.417489,
                62.482958
              ],
              [
                6.417438,
                62.483136
              ],
              [
                6.41763,
                62.483147
              ],
              [
                6.417579,
                62.483325
              ],
              [
                6.41777,
                62.483337
              ],
              [
                6.417796,
                62.483248
              ],
              [
                6.418372,
                62.483284
              ],
              [
                6.418346,
                62.483372
              ],
              [
                6.418538,
                62.483384
              ],
              [
                6.418512,
                62.483473
              ],
              [
                6.418896,
                62.483497
              ],
              [
                6.41887,
                62.483586
              ],
              [
                6.419829,
                62.483645
              ],
              [
                6.419804,
                62.483734
              ],
              [
                6.420379,
                62.483769
              ],
              [
                6.420353,
                62.483858
              ],
              [
                6.420545,
                62.48387
              ],
              [
                6.420494,
                62.484047
              ],
              [
                6.42222,
                62.484154
              ],
              [
                6.422195,
                62.484243
              ],
              [
                6.424497,
                62.484386
              ],
              [
                6.424471,
                62.484474
              ],
              [
                6.425239,
                62.484522
              ],
              [
                6.425264,
                62.484433
              ],
              [
                6.42584,
                62.484469
              ],
              [
                6.425891,
                62.484291
              ],
              [
                6.425699,
                62.484279
              ],
              [
                6.42575,
                62.484102
              ],
              [
                6.425559,
                62.48409
              ],
              [
                6.425584,
                62.484001
              ],
              [
                6.425392,
                62.483989
              ],
              [
                6.425546,
                62.483457
              ],
              [
                6.425738,
                62.483469
              ],
              [
                6.425764,
                62.48338
              ],
              [
                6.426148,
                62.483404
              ],
              [
                6.426173,
                62.483315
              ],
              [
                6.42694,
                62.483362
              ],
              [
                6.426915,
                62.483451
              ],
              [
                6.427299,
                62.483475
              ],
              [
                6.427324,
                62.483386
              ],
              [
                6.428475,
                62.483457
              ],
              [
                6.42845,
                62.483546
              ],
              [
                6.429217,
                62.483593
              ],
              [
                6.429243,
                62.483505
              ],
              [
                6.429626,
                62.483528
              ],
              [
                6.429601,
                62.483617
              ],
              [
                6.429792,
                62.483629
              ],
              [
                6.429844,
                62.483452
              ],
              [
                6.430227,
                62.483475
              ],
              [
                6.430202,
                62.483564
              ],
              [
                6.430585,
                62.483588
              ],
              [
                6.43056,
                62.483676
              ],
              [
                6.434397,
                62.483914
              ],
              [
                6.434422,
                62.483825
              ],
              [
                6.43519,
                62.483872
              ],
              [
                6.435164,
                62.483961
              ],
              [
                6.435931,
                62.484009
              ],
              [
                6.435906,
                62.484097
              ],
              [
                6.436481,
                62.484133
              ],
              [
                6.436456,
                62.484222
              ],
              [
                6.436839,
                62.484245
              ],
              [
                6.436865,
                62.484157
              ],
              [
                6.437632,
                62.484204
              ],
              [
                6.437607,
                62.484293
              ],
              [
                6.43799,
                62.484316
              ],
              [
                6.437965,
                62.484405
              ],
              [
                6.438348,
                62.484429
              ],
              [
                6.438323,
                62.484518
              ],
              [
                6.438515,
                62.484529
              ],
              [
                6.438489,
                62.484618
              ],
              [
                6.439448,
                62.484677
              ],
              [
                6.439423,
                62.484766
              ],
              [
                6.440957,
                62.484861
              ],
              [
                6.440983,
                62.484772
              ],
              [
                6.441175,
                62.484784
              ],
              [
                6.441201,
                62.484695
              ],
              [
                6.441392,
                62.484707
              ],
              [
                6.441367,
                62.484796
              ],
              [
                6.44175,
                62.48482
              ],
              [
                6.441725,
                62.484908
              ],
              [
                6.444027,
                62.485051
              ],
              [
                6.444053,
                62.484962
              ],
              [
                6.444245,
                62.484974
              ],
              [
                6.44427,
                62.484885
              ],
              [
                6.444654,
                62.484909
              ],
              [
                6.444679,
                62.48482
              ],
              [
                6.445255,
                62.484855
              ],
              [
                6.445281,
                62.484767
              ],
              [
                6.445664,
                62.48479
              ],
              [
                6.44569,
                62.484702
              ],
              [
                6.446265,
                62.484737
              ],
              [
                6.446214,
                62.484915
              ],
              [
                6.44679,
                62.48495
              ],
              [
                6.446815,
                62.484861
              ],
              [
                6.448734,
                62.48498
              ],
              [
                6.448708,
                62.485068
              ],
              [
                6.449092,
                62.485092
              ],
              [
                6.449118,
                62.485003
              ],
              [
                6.44931,
                62.485015
              ],
              [
                6.449284,
                62.485104
              ],
              [
                6.450051,
                62.485151
              ],
              [
                6.450077,
                62.485063
              ],
              [
                6.450844,
                62.48511
              ],
              [
                6.450819,
                62.485199
              ],
              [
                6.451203,
                62.485222
              ],
              [
                6.451177,
                62.485311
              ],
              [
                6.451561,
                62.485335
              ],
              [
                6.45151,
                62.485512
              ],
              [
                6.452085,
                62.485548
              ],
              [
                6.45206,
                62.485637
              ],
              [
                6.452635,
                62.485672
              ],
              [
                6.45261,
                62.485761
              ],
              [
                6.452993,
                62.485784
              ],
              [
                6.452968,
                62.485873
              ],
              [
                6.45316,
                62.485885
              ],
              [
                6.453134,
                62.485974
              ],
              [
                6.453326,
                62.485986
              ],
              [
                6.4533,
                62.486074
              ],
              [
                6.453492,
                62.486086
              ],
              [
                6.453518,
                62.485997
              ],
              [
                6.453901,
                62.486021
              ],
              [
                6.453927,
                62.485932
              ],
              [
                6.454119,
                62.485944
              ],
              [
                6.454093,
                62.486033
              ],
              [
                6.455628,
                62.486128
              ],
              [
                6.455603,
                62.486216
              ],
              [
                6.455795,
                62.486228
              ],
              [
                6.455769,
                62.486317
              ],
              [
                6.455961,
                62.486329
              ],
              [
                6.455935,
                62.486418
              ],
              [
                6.457087,
                62.486489
              ],
              [
                6.457061,
                62.486577
              ],
              [
                6.458404,
                62.48666
              ],
              [
                6.45843,
                62.486571
              ],
              [
                6.459005,
                62.486607
              ],
              [
                6.45898,
                62.486696
              ],
              [
                6.460131,
                62.486766
              ],
              [
                6.460156,
                62.486678
              ],
              [
                6.460348,
                62.48669
              ],
              [
                6.460323,
                62.486778
              ],
              [
                6.460707,
                62.486802
              ],
              [
                6.460732,
                62.486713
              ],
              [
                6.462843,
                62.486843
              ],
              [
                6.462868,
                62.486754
              ],
              [
                6.464403,
                62.486849
              ],
              [
                6.464429,
                62.48676
              ],
              [
                6.464621,
                62.486772
              ],
              [
                6.464646,
                62.486683
              ],
              [
                6.464838,
                62.486695
              ],
              [
                6.464864,
                62.486606
              ],
              [
                6.466015,
                62.486677
              ],
              [
                6.46604,
                62.486588
              ],
              [
                6.466616,
                62.486624
              ],
              [
                6.46659,
                62.486713
              ],
              [
                6.466782,
                62.486724
              ],
              [
                6.466629,
                62.487257
              ],
              [
                6.467013,
                62.487281
              ],
              [
                6.467038,
                62.487192
              ],
              [
                6.46819,
                62.487263
              ],
              [
                6.468215,
                62.487174
              ],
              [
                6.468791,
                62.487209
              ],
              [
                6.468765,
                62.487298
              ],
              [
                6.469533,
                62.487345
              ],
              [
                6.469507,
                62.487434
              ],
              [
                6.470083,
                62.48747
              ],
              [
                6.470109,
                62.487381
              ],
              [
                6.4703,
                62.487393
              ],
              [
                6.470275,
                62.487481
              ],
              [
                6.470467,
                62.487493
              ],
              [
                6.470441,
                62.487582
              ],
              [
                6.470825,
                62.487606
              ],
              [
                6.4708,
                62.487694
              ],
              [
                6.470991,
                62.487706
              ],
              [
                6.470966,
                62.487795
              ],
              [
                6.472117,
                62.487866
              ],
              [
                6.472092,
                62.487955
              ],
              [
                6.472667,
                62.48799
              ],
              [
                6.472616,
                62.488167
              ],
              [
                6.473,
                62.488191
              ],
              [
                6.472975,
                62.48828
              ],
              [
                6.473358,
                62.488303
              ],
              [
                6.473256,
                62.488659
              ],
              [
                6.473064,
                62.488647
              ],
              [
                6.473039,
                62.488735
              ],
              [
                6.473806,
                62.488783
              ],
              [
                6.473781,
                62.488871
              ],
              [
                6.473973,
                62.488883
              ],
              [
                6.473922,
                62.489061
              ],
              [
                6.474306,
                62.489084
              ],
              [
                6.47428,
                62.489173
              ],
              [
                6.474856,
                62.489209
              ],
              [
                6.47483,
                62.489297
              ],
              [
                6.475022,
                62.489309
              ],
              [
                6.474946,
                62.489575
              ],
              [
                6.475329,
                62.489599
              ],
              [
                6.475304,
                62.489688
              ],
              [
                6.475496,
                62.4897
              ],
              [
                6.475445,
                62.489877
              ],
              [
                6.475637,
                62.489889
              ],
              [
                6.475611,
                62.489978
              ],
              [
                6.475803,
                62.48999
              ],
              [
                6.475752,
                62.490167
              ],
              [
                6.475944,
                62.490179
              ],
              [
                6.475969,
                62.49009
              ],
              [
                6.476353,
                62.490114
              ],
              [
                6.476379,
                62.490025
              ],
              [
                6.47753,
                62.490096
              ],
              [
                6.477556,
                62.490007
              ],
              [
                6.477748,
                62.490019
              ],
              [
                6.477773,
                62.48993
              ],
              [
                6.478157,
                62.489954
              ],
              [
                6.478182,
                62.489865
              ],
              [
                6.478374,
                62.489877
              ],
              [
                6.4784,
                62.489788
              ],
              [
                6.478592,
                62.4898
              ],
              [
                6.478643,
                62.489622
              ],
              [
                6.478835,
                62.489634
              ],
              [
                6.47886,
                62.489545
              ],
              [
                6.479052,
                62.489557
              ],
              [
                6.479026,
                62.489646
              ],
              [
                6.47941,
                62.489669
              ],
              [
                6.479436,
                62.489581
              ],
              [
                6.480012,
                62.489616
              ],
              [
                6.480037,
                62.489527
              ],
              [
                6.480613,
                62.489563
              ],
              [
                6.480587,
                62.489651
              ],
              [
                6.480779,
                62.489663
              ],
              [
                6.480754,
                62.489752
              ],
              [
                6.481137,
                62.489775
              ],
              [
                6.481188,
                62.489598
              ],
              [
                6.48138,
                62.48961
              ],
              [
                6.481431,
                62.489432
              ],
              [
                6.481815,
                62.489456
              ],
              [
                6.481841,
                62.489367
              ],
              [
                6.482032,
                62.489379
              ],
              [
                6.482083,
                62.489201
              ],
              [
                6.482275,
                62.489213
              ],
              [
                6.482301,
                62.489124
              ],
              [
                6.482493,
                62.489136
              ],
              [
                6.482595,
                62.488781
              ],
              [
                6.482787,
                62.488793
              ],
              [
                6.482812,
                62.488704
              ],
              [
                6.483004,
                62.488716
              ],
              [
                6.483029,
                62.488627
              ],
              [
                6.485524,
                62.48878
              ],
              [
                6.485499,
                62.488869
              ],
              [
                6.485691,
                62.488881
              ],
              [
                6.485665,
                62.48897
              ],
              [
                6.485857,
                62.488981
              ],
              [
                6.485832,
                62.48907
              ],
              [
                6.486023,
                62.489082
              ],
              [
                6.485998,
                62.489171
              ],
              [
                6.486382,
                62.489194
              ],
              [
                6.486356,
                62.489283
              ],
              [
                6.487124,
                62.48933
              ],
              [
                6.487098,
                62.489419
              ],
              [
                6.487674,
                62.489454
              ],
              [
                6.487649,
                62.489543
              ],
              [
                6.487841,
                62.489555
              ],
              [
                6.487764,
                62.489821
              ],
              [
                6.487572,
                62.489809
              ],
              [
                6.487521,
                62.489987
              ],
              [
                6.487713,
                62.489999
              ],
              [
                6.487611,
                62.490354
              ],
              [
                6.487419,
                62.490342
              ],
              [
                6.487394,
                62.490431
              ],
              [
                6.487202,
                62.490419
              ],
              [
                6.487177,
                62.490508
              ],
              [
                6.486985,
                62.490496
              ],
              [
                6.486934,
                62.490674
              ],
              [
                6.485974,
                62.490615
              ],
              [
                6.485923,
                62.490792
              ],
              [
                6.485731,
                62.49078
              ],
              [
                6.485655,
                62.491047
              ],
              [
                6.486614,
                62.491106
              ],
              [
                6.486589,
                62.491194
              ],
              [
                6.486781,
                62.491206
              ],
              [
                6.48673,
                62.491384
              ],
              [
                6.487497,
                62.491431
              ],
              [
                6.487472,
                62.49152
              ],
              [
                6.487664,
                62.491531
              ],
              [
                6.487638,
                62.49162
              ],
              [
                6.48783,
                62.491632
              ],
              [
                6.487856,
                62.491543
              ],
              [
                6.488048,
                62.491555
              ],
              [
                6.488073,
                62.491466
              ],
              [
                6.488649,
                62.491502
              ],
              [
                6.488674,
                62.491413
              ],
              [
                6.488866,
                62.491425
              ],
              [
                6.488841,
                62.491513
              ],
              [
                6.489225,
                62.491537
              ],
              [
                6.48925,
                62.491448
              ],
              [
                6.489634,
                62.491472
              ],
              [
                6.489685,
                62.491294
              ],
              [
                6.489877,
                62.491306
              ],
              [
                6.489902,
                62.491217
              ],
              [
                6.491438,
                62.491311
              ],
              [
                6.491463,
                62.491223
              ],
              [
                6.491655,
                62.491234
              ],
              [
                6.49163,
                62.491323
              ],
              [
                6.493357,
                62.491429
              ],
              [
                6.493382,
                62.49134
              ],
              [
                6.49415,
                62.491387
              ],
              [
                6.494175,
                62.491299
              ],
              [
                6.494751,
                62.491334
              ],
              [
                6.494777,
                62.491245
              ],
              [
                6.495161,
                62.491269
              ],
              [
                6.495186,
                62.49118
              ],
              [
                6.496146,
                62.491239
              ],
              [
                6.49612,
                62.491328
              ],
              [
                6.497272,
                62.491398
              ],
              [
                6.497297,
                62.49131
              ],
              [
                6.497681,
                62.491333
              ],
              [
                6.497706,
                62.491244
              ],
              [
                6.497898,
                62.491256
              ],
              [
                6.497924,
                62.491167
              ],
              [
                6.498883,
                62.491226
              ],
              [
                6.498909,
                62.491137
              ],
              [
                6.499101,
                62.491149
              ],
              [
                6.499177,
                62.490883
              ],
              [
                6.499369,
                62.490895
              ],
              [
                6.499394,
                62.490806
              ],
              [
                6.499778,
                62.490829
              ],
              [
                6.499804,
                62.490741
              ],
              [
                6.499996,
                62.490752
              ],
              [
                6.500021,
                62.490664
              ],
              [
                6.500597,
                62.490699
              ],
              [
                6.500622,
                62.49061
              ],
              [
                6.500814,
                62.490622
              ],
              [
                6.50084,
                62.490533
              ],
              [
                6.501223,
                62.490557
              ],
              [
                6.501249,
                62.490468
              ],
              [
                6.501441,
                62.49048
              ],
              [
                6.501492,
                62.490302
              ],
              [
                6.501876,
                62.490326
              ],
              [
                6.501901,
                62.490237
              ],
              [
                6.502669,
                62.490284
              ],
              [
                6.502694,
                62.490195
              ],
              [
                6.503078,
                62.490219
              ],
              [
                6.503103,
                62.49013
              ],
              [
                6.505022,
                62.490247
              ],
              [
                6.505048,
                62.490159
              ],
              [
                6.505624,
                62.490194
              ],
              [
                6.505649,
                62.490105
              ],
              [
                6.505841,
                62.490117
              ],
              [
                6.505866,
                62.490028
              ],
              [
                6.506058,
                62.49004
              ],
              [
                6.506084,
                62.489951
              ],
              [
                6.507811,
                62.490057
              ],
              [
                6.507836,
                62.489968
              ],
              [
                6.508412,
                62.490003
              ],
              [
                6.508438,
                62.489915
              ],
              [
                6.50863,
                62.489926
              ],
              [
                6.508706,
                62.48966
              ],
              [
                6.508898,
                62.489672
              ],
              [
                6.508923,
                62.489583
              ],
              [
                6.509115,
                62.489595
              ],
              [
                6.50914,
                62.489506
              ],
              [
                6.509332,
                62.489518
              ],
              [
                6.509307,
                62.489607
              ],
              [
                6.509499,
                62.489618
              ],
              [
                6.509524,
                62.48953
              ],
              [
                6.510676,
                62.4896
              ],
              [
                6.510701,
                62.489511
              ],
              [
                6.512236,
                62.489605
              ],
              [
                6.512262,
                62.489517
              ],
              [
                6.512646,
                62.48954
              ],
              [
                6.512671,
                62.489451
              ],
              [
                6.513823,
                62.489522
              ],
              [
                6.513797,
                62.489611
              ],
              [
                6.515333,
                62.489705
              ],
              [
                6.515307,
                62.489793
              ],
              [
                6.515691,
                62.489817
              ],
              [
                6.515666,
                62.489906
              ],
              [
                6.519696,
                62.490152
              ],
              [
                6.519671,
                62.490241
              ],
              [
                6.520246,
                62.490276
              ],
              [
                6.520221,
                62.490365
              ],
              [
                6.521756,
                62.490459
              ],
              [
                6.521655,
                62.490814
              ],
              [
                6.523574,
                62.490931
              ],
              [
                6.523549,
                62.49102
              ],
              [
                6.524125,
                62.491055
              ],
              [
                6.524049,
                62.491322
              ],
              [
                6.524241,
                62.491333
              ],
              [
                6.524215,
                62.491422
              ],
              [
                6.524791,
                62.491457
              ],
              [
                6.524766,
                62.491546
              ],
              [
                6.525149,
                62.49157
              ],
              [
                6.525124,
                62.491658
              ],
              [
                6.526276,
                62.491729
              ],
              [
                6.52625,
                62.491818
              ],
              [
                6.527018,
                62.491865
              ],
              [
                6.526993,
                62.491953
              ],
              [
                6.527952,
                62.492012
              ],
              [
                6.527927,
                62.492101
              ],
              [
                6.528311,
                62.492124
              ],
              [
                6.528286,
                62.492213
              ],
              [
                6.528861,
                62.492248
              ],
              [
                6.528836,
                62.492337
              ],
              [
                6.529604,
                62.492384
              ],
              [
                6.529579,
                62.492473
              ],
              [
                6.52977,
                62.492484
              ],
              [
                6.529796,
                62.492396
              ],
              [
                6.530372,
                62.492431
              ],
              [
                6.530397,
                62.492342
              ],
              [
                6.531165,
                62.492389
              ],
              [
                6.53119,
                62.4923
              ],
              [
                6.531382,
                62.492312
              ],
              [
                6.531433,
                62.492134
              ],
              [
                6.531625,
                62.492146
              ],
              [
                6.53165,
                62.492057
              ],
              [
                6.531842,
                62.492069
              ],
              [
                6.531867,
                62.49198
              ],
              [
                6.532059,
                62.491992
              ],
              [
                6.53211,
                62.491814
              ],
              [
                6.532686,
                62.491849
              ],
              [
                6.532736,
                62.491672
              ],
              [
                6.53312,
                62.491695
              ],
              [
                6.533171,
                62.491518
              ],
              [
                6.533363,
                62.49153
              ],
              [
                6.533388,
                62.491441
              ],
              [
                6.53358,
                62.491452
              ],
              [
                6.533606,
                62.491364
              ],
              [
                6.533798,
                62.491375
              ],
              [
                6.533823,
                62.491287
              ],
              [
                6.534015,
                62.491298
              ],
              [
                6.533964,
                62.491476
              ],
              [
                6.534348,
                62.491499
              ],
              [
                6.534323,
                62.491588
              ],
              [
                6.535282,
                62.491647
              ],
              [
                6.535308,
                62.491558
              ],
              [
                6.535884,
                62.491593
              ],
              [
                6.535909,
                62.491504
              ],
              [
                6.536101,
                62.491516
              ],
              [
                6.536202,
                62.491161
              ],
              [
                6.536394,
                62.491173
              ],
              [
                6.53647,
                62.490906
              ],
              [
                6.536662,
                62.490918
              ],
              [
                6.536713,
                62.49074
              ],
              [
                6.537289,
                62.490776
              ],
              [
                6.537263,
                62.490864
              ],
              [
                6.537647,
                62.490888
              ],
              [
                6.537622,
                62.490977
              ],
              [
                6.538198,
                62.491012
              ],
              [
                6.538223,
                62.490923
              ],
              [
                6.538799,
                62.490958
              ],
              [
                6.538824,
                62.490869
              ],
              [
                6.538632,
                62.490858
              ],
              [
                6.538657,
                62.490769
              ],
              [
                6.538465,
                62.490757
              ],
              [
                6.538516,
                62.49058
              ],
              [
                6.538708,
                62.490591
              ],
              [
                6.538733,
                62.490502
              ],
              [
                6.539117,
                62.490526
              ],
              [
                6.539219,
                62.490171
              ],
              [
                6.53941,
                62.490182
              ],
              [
                6.539436,
                62.490094
              ],
              [
                6.539628,
                62.490105
              ],
              [
                6.539653,
                62.490017
              ],
              [
                6.539845,
                62.490028
              ],
              [
                6.53987,
                62.48994
              ],
              [
                6.540062,
                62.489951
              ],
              [
                6.540088,
                62.489862
              ],
              [
                6.54028,
                62.489874
              ],
              [
                6.540305,
                62.489785
              ],
              [
                6.540689,
                62.489809
              ],
              [
                6.540663,
                62.489898
              ],
              [
                6.541047,
                62.489921
              ],
              [
                6.541073,
                62.489832
              ],
              [
                6.540881,
                62.489821
              ],
              [
                6.540906,
                62.489732
              ],
              [
                6.540714,
                62.48972
              ],
              [
                6.540815,
                62.489365
              ],
              [
                6.540623,
                62.489353
              ],
              [
                6.540649,
                62.489264
              ],
              [
                6.540457,
                62.489253
              ],
              [
                6.540482,
                62.489164
              ],
              [
                6.54029,
                62.489152
              ],
              [
                6.540315,
                62.489063
              ],
              [
                6.540124,
                62.489052
              ],
              [
                6.540174,
                62.488874
              ],
              [
                6.53979,
                62.488851
              ],
              [
                6.539841,
                62.488673
              ],
              [
                6.540033,
                62.488685
              ],
              [
                6.540058,
                62.488596
              ],
              [
                6.540634,
                62.488631
              ],
              [
                6.540659,
                62.488542
              ],
              [
                6.540851,
                62.488554
              ],
              [
                6.540801,
                62.488732
              ],
              [
                6.541184,
                62.488755
              ],
              [
                6.54121,
                62.488666
              ],
              [
                6.541402,
                62.488678
              ],
              [
                6.541427,
                62.488589
              ],
              [
                6.541619,
                62.488601
              ],
              [
                6.54167,
                62.488423
              ],
              [
                6.542821,
                62.488494
              ],
              [
                6.542846,
                62.488405
              ],
              [
                6.543806,
                62.488463
              ],
              [
                6.543781,
                62.488552
              ],
              [
                6.543973,
                62.488564
              ],
              [
                6.543947,
                62.488653
              ],
              [
                6.544523,
                62.488688
              ],
              [
                6.544498,
                62.488777
              ],
              [
                6.544882,
                62.4888
              ],
              [
                6.544856,
                62.488889
              ],
              [
                6.54524,
                62.488912
              ],
              [
                6.545215,
                62.489001
              ],
              [
                6.546175,
                62.48906
              ],
              [
                6.546149,
                62.489148
              ],
              [
                6.547109,
                62.489207
              ],
              [
                6.547134,
                62.489118
              ],
              [
                6.548094,
                62.489177
              ],
              [
                6.548069,
                62.489265
              ],
              [
                6.548452,
                62.489289
              ],
              [
                6.548427,
                62.489378
              ],
              [
                6.548811,
                62.489401
              ],
              [
                6.548786,
                62.48949
              ],
              [
                6.54917,
                62.489513
              ],
              [
                6.549144,
                62.489602
              ],
              [
                6.54972,
                62.489637
              ],
              [
                6.549695,
                62.489726
              ],
              [
                6.550079,
                62.489749
              ],
              [
                6.550053,
                62.489838
              ],
              [
                6.550245,
                62.48985
              ],
              [
                6.55022,
                62.489938
              ],
              [
                6.550412,
                62.48995
              ],
              [
                6.550387,
                62.490039
              ],
              [
                6.550771,
                62.490062
              ],
              [
                6.550745,
                62.490151
              ],
              [
                6.551129,
                62.490174
              ],
              [
                6.551104,
                62.490263
              ],
              [
                6.551296,
                62.490275
              ],
              [
                6.551271,
                62.490364
              ],
              [
                6.552614,
                62.490446
              ],
              [
                6.552639,
                62.490357
              ],
              [
                6.554367,
                62.490462
              ],
              [
                6.554342,
                62.490551
              ],
              [
                6.554726,
                62.490574
              ],
              [
                6.5547,
                62.490663
              ],
              [
                6.554892,
                62.490675
              ],
              [
                6.554867,
                62.490764
              ],
              [
                6.555251,
                62.490787
              ],
              [
                6.555226,
                62.490876
              ],
              [
                6.555417,
                62.490887
              ],
              [
                6.555392,
                62.490976
              ],
              [
                6.555584,
                62.490988
              ],
              [
                6.555534,
                62.491165
              ],
              [
                6.555726,
                62.491177
              ],
              [
                6.5557,
                62.491266
              ],
              [
                6.556084,
                62.491289
              ],
              [
                6.556059,
                62.491378
              ],
              [
                6.556251,
                62.49139
              ],
              [
                6.556226,
                62.491479
              ],
              [
                6.556418,
                62.49149
              ],
              [
                6.556392,
                62.491579
              ],
              [
                6.556584,
                62.491591
              ],
              [
                6.556559,
                62.491679
              ],
              [
                6.556943,
                62.491703
              ],
              [
                6.556918,
                62.491792
              ],
              [
                6.55711,
                62.491803
              ],
              [
                6.557084,
                62.491892
              ],
              [
                6.557276,
                62.491904
              ],
              [
                6.557302,
                62.491815
              ],
              [
                6.557685,
                62.491838
              ],
              [
                6.557711,
                62.49175
              ],
              [
                6.557903,
                62.491761
              ],
              [
                6.557928,
                62.491673
              ],
              [
                6.55812,
                62.491684
              ],
              [
                6.558145,
                62.491595
              ],
              [
                6.558337,
                62.491607
              ],
              [
                6.558362,
                62.491518
              ],
              [
                6.558554,
                62.49153
              ],
              [
                6.55858,
                62.491441
              ],
              [
                6.559539,
                62.4915
              ],
              [
                6.559565,
                62.491411
              ],
              [
                6.560716,
                62.491481
              ],
              [
                6.560691,
                62.49157
              ],
              [
                6.561075,
                62.491593
              ],
              [
                6.56105,
                62.491682
              ],
              [
                6.561242,
                62.491694
              ],
              [
                6.561267,
                62.491605
              ],
              [
                6.561843,
                62.49164
              ],
              [
                6.561868,
                62.491551
              ],
              [
                6.56206,
                62.491563
              ],
              [
                6.562085,
                62.491474
              ],
              [
                6.562277,
                62.491486
              ],
              [
                6.562302,
                62.491397
              ],
              [
                6.562686,
                62.49142
              ],
              [
                6.562712,
                62.491331
              ],
              [
                6.562904,
                62.491343
              ],
              [
                6.562878,
                62.491432
              ],
              [
                6.563262,
                62.491455
              ],
              [
                6.563237,
                62.491544
              ],
              [
                6.563621,
                62.491567
              ],
              [
                6.563646,
                62.491479
              ],
              [
                6.563838,
                62.49149
              ],
              [
                6.563863,
                62.491402
              ],
              [
                6.564823,
                62.49146
              ],
              [
                6.564798,
                62.491549
              ],
              [
                6.56499,
                62.49156
              ],
              [
                6.564965,
                62.491649
              ],
              [
                6.56554,
                62.491684
              ],
              [
                6.565515,
                62.491773
              ],
              [
                6.566091,
                62.491808
              ],
              [
                6.566066,
                62.491897
              ],
              [
                6.566642,
                62.491932
              ],
              [
                6.566616,
                62.492021
              ],
              [
                6.567192,
                62.492056
              ],
              [
                6.567167,
                62.492144
              ],
              [
                6.567935,
                62.492191
              ],
              [
                6.56791,
                62.49228
              ],
              [
                6.568294,
                62.492303
              ],
              [
                6.568268,
                62.492392
              ],
              [
                6.568844,
                62.492427
              ],
              [
                6.568819,
                62.492516
              ],
              [
                6.569203,
                62.492539
              ],
              [
                6.569178,
                62.492628
              ],
              [
                6.570138,
                62.492686
              ],
              [
                6.570163,
                62.492598
              ],
              [
                6.570355,
                62.492609
              ],
              [
                6.57038,
                62.49252
              ],
              [
                6.570572,
                62.492532
              ],
              [
                6.570547,
                62.492621
              ],
              [
                6.570931,
                62.492644
              ],
              [
                6.570905,
                62.492733
              ],
              [
                6.571289,
                62.492756
              ],
              [
                6.571264,
                62.492845
              ],
              [
                6.571456,
                62.492857
              ],
              [
                6.571431,
                62.492946
              ],
              [
                6.571623,
                62.492957
              ],
              [
                6.571572,
                62.493135
              ],
              [
                6.571764,
                62.493147
              ],
              [
                6.571739,
                62.493235
              ],
              [
                6.572123,
                62.493259
              ],
              [
                6.572073,
                62.493436
              ],
              [
                6.572265,
                62.493448
              ],
              [
                6.572239,
                62.493537
              ],
              [
                6.572815,
                62.493572
              ],
              [
                6.57279,
                62.493661
              ],
              [
                6.573942,
                62.493731
              ],
              [
                6.573917,
                62.493819
              ],
              [
                6.576604,
                62.493983
              ],
              [
                6.576579,
                62.494071
              ],
              [
                6.577347,
                62.494118
              ],
              [
                6.577322,
                62.494207
              ],
              [
                6.577706,
                62.49423
              ],
              [
                6.577555,
                62.494763
              ],
              [
                6.57813,
                62.494798
              ],
              [
                6.578105,
                62.494887
              ],
              [
                6.578489,
                62.49491
              ],
              [
                6.578514,
                62.494821
              ],
              [
                6.579858,
                62.494903
              ],
              [
                6.579833,
                62.494992
              ],
              [
                6.580217,
                62.495015
              ],
              [
                6.580242,
                62.494926
              ],
              [
                6.581586,
                62.495008
              ],
              [
                6.581637,
                62.49483
              ],
              [
                6.581829,
                62.494842
              ],
              [
                6.581879,
                62.494664
              ],
              [
                6.583223,
                62.494746
              ],
              [
                6.583248,
                62.494657
              ],
              [
                6.58344,
                62.494669
              ],
              [
                6.58349,
                62.494491
              ],
              [
                6.583682,
                62.494503
              ],
              [
                6.583808,
                62.494059
              ],
              [
                6.584192,
                62.494082
              ],
              [
                6.584318,
                62.493638
              ],
              [
                6.585854,
                62.493731
              ],
              [
                6.585879,
                62.493643
              ],
              [
                6.586071,
                62.493654
              ],
              [
                6.586122,
                62.493477
              ],
              [
                6.586314,
                62.493488
              ],
              [
                6.586339,
                62.493399
              ],
              [
                6.586531,
                62.493411
              ],
              [
                6.586581,
                62.493234
              ],
              [
                6.586389,
                62.493222
              ],
              [
                6.58649,
                62.492867
              ],
              [
                6.586298,
                62.492855
              ],
              [
                6.586374,
                62.492589
              ],
              [
                6.585798,
                62.492554
              ],
              [
                6.585823,
                62.492465
              ],
              [
                6.584863,
                62.492407
              ],
              [
                6.584888,
                62.492318
              ],
              [
                6.584696,
                62.492306
              ],
              [
                6.584747,
                62.492129
              ],
              [
                6.584363,
                62.492105
              ],
              [
                6.584388,
                62.492017
              ],
              [
                6.584196,
                62.492005
              ],
              [
                6.584271,
                62.491739
              ],
              [
                6.584079,
                62.491727
              ],
              [
                6.58413,
                62.491549
              ],
              [
                6.583938,
                62.491538
              ],
              [
                6.583963,
                62.491449
              ],
              [
                6.582811,
                62.491379
              ],
              [
                6.582837,
                62.49129
              ],
              [
                6.582453,
                62.491267
              ],
              [
                6.582579,
                62.490823
              ],
              [
                6.582387,
                62.490811
              ],
              [
                6.582412,
                62.490722
              ],
              [
                6.582028,
                62.490699
              ],
              [
                6.582053,
                62.49061
              ],
              [
                6.581861,
                62.490599
              ],
              [
                6.581886,
                62.49051
              ],
              [
                6.581694,
                62.490498
              ],
              [
                6.58172,
                62.490409
              ],
              [
                6.581336,
                62.490386
              ],
              [
                6.581361,
                62.490297
              ],
              [
                6.581169,
                62.490286
              ],
              [
                6.581144,
                62.490374
              ],
              [
                6.579416,
                62.49027
              ],
              [
                6.579441,
                62.490181
              ],
              [
                6.57829,
                62.490111
              ],
              [
                6.578315,
                62.490022
              ],
              [
                6.577739,
                62.489987
              ],
              [
                6.577764,
                62.489898
              ],
              [
                6.577188,
                62.489863
              ],
              [
                6.577213,
                62.489774
              ],
              [
                6.577021,
                62.489763
              ],
              [
                6.577097,
                62.489496
              ],
              [
                6.576905,
                62.489485
              ],
              [
                6.57693,
                62.489396
              ],
              [
                6.576738,
                62.489384
              ],
              [
                6.576764,
                62.489296
              ],
              [
                6.576572,
                62.489284
              ],
              [
                6.576622,
                62.489106
              ],
              [
                6.576046,
                62.489071
              ],
              [
                6.576071,
                62.488982
              ],
              [
                6.575688,
                62.488959
              ],
              [
                6.575713,
                62.48887
              ],
              [
                6.575521,
                62.488859
              ],
              [
                6.575622,
                62.488504
              ],
              [
                6.57543,
                62.488492
              ],
              [
                6.575682,
                62.487604
              ],
              [
                6.575874,
                62.487616
              ],
              [
                6.575899,
                62.487527
              ],
              [
                6.576091,
                62.487539
              ],
              [
                6.576116,
                62.48745
              ],
              [
                6.576308,
                62.487461
              ],
              [
                6.576333,
                62.487373
              ],
              [
                6.576525,
                62.487384
              ],
              [
                6.576601,
                62.487118
              ],
              [
                6.576217,
                62.487095
              ],
              [
                6.576242,
                62.487006
              ],
              [
                6.576434,
                62.487017
              ],
              [
                6.576459,
                62.486929
              ],
              [
                6.576651,
                62.48694
              ],
              [
                6.576677,
                62.486852
              ],
              [
                6.576868,
                62.486863
              ],
              [
                6.576894,
                62.486774
              ],
              [
                6.577086,
                62.486786
              ],
              [
                6.577262,
                62.486165
              ],
              [
                6.57707,
                62.486153
              ],
              [
                6.577095,
                62.486064
              ],
              [
                6.576903,
                62.486052
              ],
              [
                6.576929,
                62.485964
              ],
              [
                6.576545,
                62.48594
              ],
              [
                6.57657,
                62.485851
              ],
              [
                6.576186,
                62.485828
              ],
              [
                6.576388,
                62.485118
              ],
              [
                6.576196,
                62.485106
              ],
              [
                6.576271,
                62.48484
              ],
              [
                6.575888,
                62.484816
              ],
              [
                6.575913,
                62.484728
              ],
              [
                6.575337,
                62.484693
              ],
              [
                6.575362,
                62.484604
              ],
              [
                6.574787,
                62.484569
              ],
              [
                6.574812,
                62.48448
              ],
              [
                6.574236,
                62.484445
              ],
              [
                6.574261,
                62.484356
              ],
              [
                6.574453,
                62.484368
              ],
              [
                6.574478,
                62.484279
              ],
              [
                6.57467,
                62.484291
              ],
              [
                6.574695,
                62.484202
              ],
              [
                6.575079,
                62.484225
              ],
              [
                6.57513,
                62.484048
              ],
              [
                6.574938,
                62.484036
              ],
              [
                6.574963,
                62.483947
              ],
              [
                6.574771,
                62.483936
              ],
              [
                6.574822,
                62.483758
              ],
              [
                6.57463,
                62.483746
              ],
              [
                6.574655,
                62.483658
              ],
              [
                6.574463,
                62.483646
              ],
              [
                6.574589,
                62.483202
              ],
              [
                6.574397,
                62.48319
              ],
              [
                6.574422,
                62.483102
              ],
              [
                6.574038,
                62.483078
              ],
              [
                6.574165,
                62.482634
              ],
              [
                6.573973,
                62.482623
              ],
              [
                6.573998,
                62.482534
              ],
              [
                6.573806,
                62.482522
              ],
              [
                6.573831,
                62.482433
              ],
              [
                6.573447,
                62.48241
              ],
              [
                6.573473,
                62.482321
              ],
              [
                6.573281,
                62.48231
              ],
              [
                6.573331,
                62.482132
              ],
              [
                6.573139,
                62.48212
              ],
              [
                6.573164,
                62.482032
              ],
              [
                6.573356,
                62.482043
              ],
              [
                6.573482,
                62.481599
              ],
              [
                6.57329,
                62.481588
              ],
              [
                6.573316,
                62.481499
              ],
              [
                6.57274,
                62.481464
              ],
              [
                6.572841,
                62.481109
              ],
              [
                6.573033,
                62.48112
              ],
              [
                6.573058,
                62.481032
              ],
              [
                6.57325,
                62.481043
              ],
              [
                6.5733,
                62.480866
              ],
              [
                6.573108,
                62.480854
              ],
              [
                6.57326,
                62.480321
              ],
              [
                6.574027,
                62.480368
              ],
              [
                6.574052,
                62.480279
              ],
              [
                6.574244,
                62.480291
              ],
              [
                6.57432,
                62.480024
              ],
              [
                6.574128,
                62.480013
              ],
              [
                6.574178,
                62.479835
              ],
              [
                6.573987,
                62.479824
              ],
              [
                6.574012,
                62.479735
              ],
              [
                6.573628,
                62.479711
              ],
              [
                6.573653,
                62.479623
              ],
              [
                6.573461,
                62.479611
              ],
              [
                6.573486,
                62.479522
              ],
              [
                6.573295,
                62.47951
              ],
              [
                6.573446,
                62.478978
              ],
              [
                6.573254,
                62.478966
              ],
              [
                6.573279,
                62.478877
              ],
              [
                6.573087,
                62.478866
              ],
              [
                6.573113,
                62.478777
              ],
              [
                6.572729,
                62.478754
              ],
              [
                6.572754,
                62.478665
              ],
              [
                6.571795,
                62.478606
              ],
              [
                6.57182,
                62.478518
              ],
              [
                6.571052,
                62.478471
              ],
              [
                6.571078,
                62.478382
              ],
              [
                6.570886,
                62.47837
              ],
              [
                6.570911,
                62.478282
              ],
              [
                6.570719,
                62.47827
              ],
              [
                6.570744,
                62.478181
              ],
              [
                6.570169,
                62.478146
              ],
              [
                6.570194,
                62.478057
              ],
              [
                6.569618,
                62.478022
              ],
              [
                6.569593,
                62.478111
              ],
              [
                6.569401,
                62.4781
              ],
              [
                6.569426,
                62.478011
              ],
              [
                6.569043,
                62.477987
              ],
              [
                6.569017,
                62.478076
              ],
              [
                6.568058,
                62.478018
              ],
              [
                6.568134,
                62.477751
              ],
              [
                6.567942,
                62.47774
              ],
              [
                6.568093,
                62.477207
              ],
              [
                6.567901,
                62.477195
              ],
              [
                6.567952,
                62.477018
              ],
              [
                6.567376,
                62.476983
              ],
              [
                6.567401,
                62.476894
              ],
              [
                6.567209,
                62.476882
              ],
              [
                6.567235,
                62.476794
              ],
              [
                6.567043,
                62.476782
              ],
              [
                6.567018,
                62.476871
              ],
              [
                6.566826,
                62.476859
              ],
              [
                6.566801,
                62.476948
              ],
              [
                6.566225,
                62.476913
              ],
              [
                6.5662,
                62.477002
              ],
              [
                6.566008,
                62.47699
              ],
              [
                6.566033,
                62.476901
              ],
              [
                6.565457,
                62.476866
              ],
              [
                6.565432,
                62.476955
              ],
              [
                6.56524,
                62.476943
              ],
              [
                6.565266,
                62.476854
              ],
              [
                6.563155,
                62.476726
              ],
              [
                6.56318,
                62.476637
              ],
              [
                6.562605,
                62.476602
              ],
              [
                6.56263,
                62.476513
              ],
              [
                6.561671,
                62.476455
              ],
              [
                6.561519,
                62.476988
              ],
              [
                6.561327,
                62.476976
              ],
              [
                6.561302,
                62.477065
              ],
              [
                6.561494,
                62.477076
              ],
              [
                6.561444,
                62.477254
              ],
              [
                6.561252,
                62.477242
              ],
              [
                6.561226,
                62.477331
              ],
              [
                6.561035,
                62.477319
              ],
              [
                6.561009,
                62.477408
              ],
              [
                6.560818,
                62.477397
              ],
              [
                6.56059,
                62.478196
              ],
              [
                6.560782,
                62.478207
              ],
              [
                6.560757,
                62.478296
              ],
              [
                6.560949,
                62.478308
              ],
              [
                6.560898,
                62.478485
              ],
              [
                6.560706,
                62.478474
              ],
              [
                6.560681,
                62.478562
              ],
              [
                6.560106,
                62.478527
              ],
              [
                6.560156,
                62.47835
              ],
              [
                6.559964,
                62.478338
              ],
              [
                6.560318,
                62.477095
              ],
              [
                6.56051,
                62.477107
              ],
              [
                6.560661,
                62.476574
              ],
              [
                6.560853,
                62.476586
              ],
              [
                6.560878,
                62.476497
              ],
              [
                6.561262,
                62.47652
              ],
              [
                6.561287,
                62.476432
              ],
              [
                6.560136,
                62.476361
              ],
              [
                6.560161,
                62.476273
              ],
              [
                6.558243,
                62.476156
              ],
              [
                6.558268,
                62.476067
              ],
              [
                6.557884,
                62.476044
              ],
              [
                6.557909,
                62.475955
              ],
              [
                6.557142,
                62.475908
              ],
              [
                6.557167,
                62.475819
              ],
              [
                6.5564,
                62.475773
              ],
              [
                6.556425,
                62.475684
              ],
              [
                6.556233,
                62.475672
              ],
              [
                6.556258,
                62.475583
              ],
              [
                6.556067,
                62.475572
              ],
              [
                6.556092,
                62.475483
              ],
              [
                6.555708,
                62.475459
              ],
              [
                6.555733,
                62.475371
              ],
              [
                6.55535,
                62.475347
              ],
              [
                6.555375,
                62.475259
              ],
              [
                6.554991,
                62.475235
              ],
              [
                6.554966,
                62.475324
              ],
              [
                6.554774,
                62.475312
              ],
              [
                6.554749,
                62.475401
              ],
              [
                6.554365,
                62.475378
              ],
              [
                6.55434,
                62.475466
              ],
              [
                6.554148,
                62.475455
              ],
              [
                6.554123,
                62.475544
              ],
              [
                6.553547,
                62.475508
              ],
              [
                6.553522,
                62.475597
              ],
              [
                6.552755,
                62.47555
              ],
              [
                6.55278,
                62.475462
              ],
              [
                6.552013,
                62.475415
              ],
              [
                6.552038,
                62.475326
              ],
              [
                6.549928,
                62.475197
              ],
              [
                6.549978,
                62.47502
              ],
              [
                6.549786,
                62.475008
              ],
              [
                6.549862,
                62.474742
              ],
              [
                6.549478,
                62.474718
              ]
            ]
          ],
          [
            [
              [
                6.550054,
                62.474754
              ],
              [
                6.550079,
                62.474665
              ],
              [
                6.549887,
                62.474653
              ],
              [
                6.549862,
                62.474742
              ],
              [
                6.550054,
                62.474754
              ]
            ]
          ]
        ]
      }
    }
  ]
}