{
"type": "FeatureCollection",
"name": "rivers",
"crs": { "type": "name", "properties": { "name": "urn:ogc:def:crs:EPSG::25833" } },
"features": [
{ "type": "Feature", "properties": { "_id": 107 }, "geometry": { "type": "LineString", "coordinates": [ [ 62685.0, 6957675.0 ], [ 62695.0, 6957665.0 ], [ 62705.0, 6957665.0 ], [ 62715.0, 6957665.0 ], [ 62725.0, 6957665.0 ], [ 62735.0, 6957655.0 ], [ 62745.0, 6957645.0 ], [ 62755.0, 6957645.0 ], [ 62765.0, 6957645.0 ], [ 62775.0, 6957645.0 ], [ 62785.0, 6957635.0 ], [ 62795.0, 6957635.0 ], [ 62805.0, 6957635.0 ], [ 62815.0, 6957625.0 ], [ 62825.0, 6957625.0 ], [ 62835.0, 6957625.0 ], [ 62845.0, 6957625.0 ], [ 62855.0, 6957625.0 ], [ 62865.0, 6957625.0 ], [ 62875.0, 6957625.0 ], [ 62885.0, 6957615.0 ], [ 62895.0, 6957605.0 ], [ 62905.0, 6957595.0 ], [ 62915.0, 6957585.0 ], [ 62925.0, 6957575.0 ], [ 62935.0, 6957575.0 ], [ 62945.0, 6957565.0 ], [ 62945.0, 6957555.0 ], [ 62955.0, 6957545.0 ], [ 62955.0, 6957535.0 ], [ 62955.0, 6957525.0 ], [ 62955.0, 6957515.0 ], [ 62965.0, 6957505.0 ], [ 62965.0, 6957495.0 ], [ 62965.0, 6957485.0 ], [ 62965.0, 6957475.0 ], [ 62965.0, 6957465.0 ], [ 62965.0, 6957455.0 ], [ 62965.0, 6957445.0 ], [ 62965.0, 6957435.0 ], [ 62965.0, 6957425.0 ], [ 62955.0, 6957415.0 ], [ 62955.0, 6957405.0 ], [ 62955.0, 6957395.0 ], [ 62955.0, 6957385.0 ], [ 62955.0, 6957375.0 ], [ 62955.0, 6957365.0 ], [ 62965.0, 6957355.0 ], [ 62975.0, 6957355.0 ], [ 62985.0, 6957345.0 ], [ 62995.0, 6957345.0 ], [ 63005.0, 6957335.0 ], [ 63005.0, 6957325.0 ], [ 63005.0, 6957315.0 ], [ 63005.0, 6957305.0 ], [ 63015.0, 6957295.0 ], [ 63015.0, 6957285.0 ], [ 63015.0, 6957275.0 ], [ 63015.0, 6957265.0 ], [ 63015.0, 6957255.0 ], [ 63025.0, 6957245.0 ], [ 63025.0, 6957235.0 ], [ 63025.0, 6957225.0 ], [ 63035.0, 6957215.0 ], [ 63035.0, 6957205.0 ], [ 63045.0, 6957195.0 ], [ 63045.0, 6957185.0 ], [ 63045.0, 6957175.0 ], [ 63045.0, 6957165.0 ], [ 63045.0, 6957155.0 ], [ 63035.0, 6957145.0 ], [ 63035.0, 6957135.0 ], [ 63025.0, 6957125.0 ], [ 63015.0, 6957125.0 ], [ 63005.0, 6957115.0 ], [ 62995.0, 6957115.0 ], [ 62985.0, 6957105.0 ], [ 62975.0, 6957085.0 ] ] } },
{ "type": "Feature", "properties": { "_id": 116 }, "geometry": { "type": "LineString", "coordinates": [ [ 64555.0, 6957545.0 ], [ 64555.0, 6957535.0 ], [ 64555.0, 6957525.0 ], [ 64565.0, 6957515.0 ], [ 64565.0, 6957505.0 ], [ 64565.0, 6957495.0 ], [ 64565.0, 6957485.0 ], [ 64565.0, 6957475.0 ], [ 64565.0, 6957465.0 ], [ 64565.0, 6957455.0 ], [ 64565.0, 6957445.0 ], [ 64565.0, 6957435.0 ], [ 64565.0, 6957425.0 ], [ 64565.0, 6957415.0 ], [ 64565.0, 6957405.0 ], [ 64555.0, 6957395.0 ], [ 64545.0, 6957385.0 ], [ 64535.0, 6957375.0 ], [ 64525.0, 6957365.0 ], [ 64515.0, 6957355.0 ], [ 64515.0, 6957345.0 ], [ 64515.0, 6957335.0 ], [ 64505.0, 6957325.0 ], [ 64505.0, 6957315.0 ], [ 64505.0, 6957305.0 ], [ 64495.0, 6957295.0 ], [ 64495.0, 6957285.0 ], [ 64485.0, 6957275.0 ], [ 64485.0, 6957265.0 ], [ 64475.0, 6957255.0 ], [ 64485.0, 6957245.0 ], [ 64475.0, 6957235.0 ], [ 64475.0, 6957225.0 ], [ 64475.0, 6957215.0 ], [ 64475.0, 6957205.0 ], [ 64475.0, 6957195.0 ], [ 64485.0, 6957185.0 ], [ 64485.0, 6957175.0 ], [ 64485.0, 6957165.0 ], [ 64485.0, 6957155.0 ], [ 64485.0, 6957145.0 ], [ 64475.0, 6957135.0 ], [ 64465.0, 6957125.0 ], [ 64465.0, 6957115.0 ], [ 64455.0, 6957105.0 ], [ 64455.0, 6957095.0 ], [ 64455.0, 6957085.0 ], [ 64455.0, 6957075.0 ], [ 64455.0, 6957065.0 ], [ 64445.0, 6957055.0 ], [ 64445.0, 6957045.0 ], [ 64435.0, 6957035.0 ], [ 64425.0, 6957025.0 ], [ 64415.0, 6957015.0 ], [ 64405.0, 6957015.0 ], [ 64395.0, 6957015.0 ], [ 64385.0, 6957005.0 ], [ 64375.0, 6957005.0 ], [ 64365.0, 6956995.0 ], [ 64365.0, 6956985.0 ], [ 64365.0, 6956975.0 ], [ 64365.0, 6956965.0 ], [ 64365.0, 6956955.0 ], [ 64365.0, 6956945.0 ], [ 64365.0, 6956935.0 ], [ 64365.0, 6956925.0 ], [ 64365.0, 6956915.0 ], [ 64365.0, 6956905.0 ], [ 64365.0, 6956895.0 ], [ 64355.0, 6956885.0 ], [ 64355.0, 6956875.0 ], [ 64355.0, 6956865.0 ], [ 64355.0, 6956855.0 ], [ 64345.0, 6956845.0 ], [ 64345.0, 6956835.0 ], [ 64345.0, 6956825.0 ], [ 64355.0, 6956815.0 ], [ 64355.0, 6956805.0 ], [ 64365.0, 6956795.0 ], [ 64365.0, 6956785.0 ], [ 64365.0, 6956775.0 ], [ 64365.0, 6956765.0 ], [ 64365.0, 6956755.0 ], [ 64365.0, 6956745.0 ], [ 64365.0, 6956735.0 ], [ 64375.0, 6956725.0 ], [ 64365.0, 6956715.0 ], [ 64355.0, 6956705.0 ], [ 64355.0, 6956695.0 ], [ 64355.0, 6956685.0 ], [ 64355.0, 6956675.0 ], [ 64355.0, 6956665.0 ], [ 64345.0, 6956655.0 ], [ 64335.0, 6956635.0 ] ] } },
{ "type": "Feature", "properties": { "_id": 123 }, "geometry": { "type": "LineString", "coordinates": [ [ 67015.0, 6957365.0 ], [ 67005.0, 6957365.0 ], [ 66995.0, 6957375.0 ], [ 66985.0, 6957375.0 ], [ 66975.0, 6957375.0 ], [ 66965.0, 6957365.0 ], [ 66955.0, 6957365.0 ], [ 66945.0, 6957355.0 ], [ 66935.0, 6957355.0 ], [ 66925.0, 6957345.0 ], [ 66915.0, 6957345.0 ], [ 66905.0, 6957335.0 ], [ 66895.0, 6957325.0 ], [ 66885.0, 6957325.0 ], [ 66875.0, 6957325.0 ], [ 66865.0, 6957315.0 ], [ 66855.0, 6957315.0 ], [ 66845.0, 6957315.0 ], [ 66835.0, 6957305.0 ], [ 66825.0, 6957305.0 ], [ 66815.0, 6957305.0 ], [ 66805.0, 6957295.0 ], [ 66795.0, 6957285.0 ], [ 66785.0, 6957275.0 ], [ 66775.0, 6957265.0 ], [ 66765.0, 6957255.0 ], [ 66755.0, 6957255.0 ], [ 66745.0, 6957245.0 ], [ 66735.0, 6957245.0 ], [ 66725.0, 6957245.0 ], [ 66715.0, 6957245.0 ], [ 66705.0, 6957235.0 ], [ 66695.0, 6957235.0 ], [ 66685.0, 6957235.0 ], [ 66675.0, 6957225.0 ], [ 66665.0, 6957215.0 ], [ 66655.0, 6957205.0 ], [ 66645.0, 6957195.0 ], [ 66635.0, 6957195.0 ], [ 66625.0, 6957185.0 ], [ 66615.0, 6957175.0 ], [ 66605.0, 6957175.0 ], [ 66595.0, 6957165.0 ], [ 66585.0, 6957155.0 ], [ 66575.0, 6957155.0 ], [ 66565.0, 6957155.0 ], [ 66555.0, 6957145.0 ], [ 66545.0, 6957145.0 ], [ 66535.0, 6957135.0 ], [ 66525.0, 6957135.0 ], [ 66515.0, 6957125.0 ], [ 66505.0, 6957125.0 ], [ 66495.0, 6957125.0 ], [ 66485.0, 6957115.0 ], [ 66475.0, 6957115.0 ], [ 66465.0, 6957105.0 ], [ 66455.0, 6957105.0 ], [ 66445.0, 6957105.0 ], [ 66435.0, 6957095.0 ], [ 66425.0, 6957095.0 ], [ 66415.0, 6957085.0 ], [ 66405.0, 6957085.0 ], [ 66395.0, 6957075.0 ], [ 66405.0, 6957065.0 ], [ 66395.0, 6957055.0 ], [ 66385.0, 6957045.0 ], [ 66375.0, 6957035.0 ], [ 66365.0, 6957025.0 ], [ 66355.0, 6957015.0 ], [ 66345.0, 6957005.0 ], [ 66335.0, 6956995.0 ], [ 66325.0, 6956985.0 ], [ 66315.0, 6956985.0 ], [ 66305.0, 6956985.0 ], [ 66295.0, 6956975.0 ], [ 66285.0, 6956965.0 ], [ 66275.0, 6956955.0 ], [ 66265.0, 6956955.0 ], [ 66255.0, 6956945.0 ], [ 66245.0, 6956945.0 ], [ 66235.0, 6956935.0 ], [ 66225.0, 6956925.0 ], [ 66215.0, 6956915.0 ], [ 66205.0, 6956905.0 ], [ 66195.0, 6956895.0 ], [ 66185.0, 6956885.0 ], [ 66175.0, 6956885.0 ], [ 66165.0, 6956885.0 ], [ 66155.0, 6956885.0 ], [ 66145.0, 6956875.0 ], [ 66135.0, 6956875.0 ], [ 66125.0, 6956865.0 ], [ 66125.0, 6956855.0 ], [ 66125.0, 6956845.0 ], [ 66135.0, 6956835.0 ], [ 66125.0, 6956825.0 ], [ 66115.0, 6956815.0 ], [ 66105.0, 6956805.0 ], [ 66095.0, 6956805.0 ], [ 66085.0, 6956795.0 ], [ 66075.0, 6956795.0 ], [ 66065.0, 6956785.0 ], [ 66055.0, 6956785.0 ], [ 66045.0, 6956785.0 ], [ 66035.0, 6956785.0 ], [ 66025.0, 6956785.0 ], [ 66015.0, 6956785.0 ], [ 66005.0, 6956795.0 ], [ 65995.0, 6956795.0 ], [ 65985.0, 6956785.0 ], [ 65975.0, 6956775.0 ], [ 65975.0, 6956765.0 ], [ 65975.0, 6956755.0 ], [ 65975.0, 6956745.0 ], [ 65965.0, 6956735.0 ], [ 65975.0, 6956725.0 ], [ 65975.0, 6956715.0 ], [ 65985.0, 6956705.0 ], [ 65975.0, 6956695.0 ], [ 65975.0, 6956685.0 ], [ 65975.0, 6956675.0 ], [ 65965.0, 6956665.0 ], [ 65955.0, 6956655.0 ], [ 65955.0, 6956645.0 ], [ 65955.0, 6956635.0 ], [ 65955.0, 6956625.0 ], [ 65955.0, 6956615.0 ], [ 65945.0, 6956605.0 ], [ 65935.0, 6956595.0 ], [ 65925.0, 6956585.0 ], [ 65915.0, 6956575.0 ], [ 65905.0, 6956565.0 ], [ 65895.0, 6956555.0 ], [ 65885.0, 6956545.0 ], [ 65875.0, 6956535.0 ], [ 65865.0, 6956525.0 ], [ 65855.0, 6956515.0 ], [ 65845.0, 6956505.0 ], [ 65835.0, 6956495.0 ], [ 65725.0, 6956405.0 ] ] } },
{ "type": "Feature", "properties": { "_id": 126 }, "geometry": { "type": "LineString", "coordinates": [ [ 62345.0, 6957225.0 ], [ 62335.0, 6957225.0 ], [ 62325.0, 6957225.0 ], [ 62315.0, 6957225.0 ], [ 62305.0, 6957225.0 ], [ 62295.0, 6957225.0 ], [ 62285.0, 6957225.0 ], [ 62275.0, 6957215.0 ], [ 62265.0, 6957215.0 ], [ 62255.0, 6957215.0 ], [ 62245.0, 6957215.0 ], [ 62235.0, 6957215.0 ], [ 62225.0, 6957205.0 ], [ 62215.0, 6957195.0 ], [ 62205.0, 6957195.0 ], [ 62195.0, 6957195.0 ], [ 62185.0, 6957195.0 ], [ 62175.0, 6957195.0 ], [ 62165.0, 6957195.0 ], [ 62155.0, 6957195.0 ], [ 62145.0, 6957185.0 ], [ 62135.0, 6957175.0 ], [ 62125.0, 6957165.0 ], [ 62115.0, 6957155.0 ], [ 62105.0, 6957145.0 ], [ 62095.0, 6957145.0 ], [ 62085.0, 6957145.0 ], [ 62075.0, 6957145.0 ], [ 62065.0, 6957135.0 ], [ 62055.0, 6957125.0 ], [ 62045.0, 6957115.0 ], [ 62035.0, 6957105.0 ], [ 62035.0, 6957095.0 ], [ 62025.0, 6957085.0 ], [ 62015.0, 6957075.0 ], [ 62015.0, 6957065.0 ], [ 62005.0, 6957055.0 ], [ 61995.0, 6957045.0 ], [ 61995.0, 6957035.0 ], [ 61995.0, 6957025.0 ], [ 61985.0, 6957015.0 ], [ 61975.0, 6957005.0 ], [ 61965.0, 6956995.0 ], [ 61955.0, 6956985.0 ], [ 61945.0, 6956975.0 ], [ 61935.0, 6956965.0 ], [ 61925.0, 6956955.0 ], [ 61915.0, 6956945.0 ], [ 61905.0, 6956935.0 ], [ 61895.0, 6956925.0 ], [ 61885.0, 6956915.0 ], [ 61875.0, 6956905.0 ], [ 61865.0, 6956895.0 ], [ 61855.0, 6956895.0 ], [ 61845.0, 6956895.0 ], [ 61835.0, 6956885.0 ], [ 61825.0, 6956875.0 ], [ 61815.0, 6956865.0 ], [ 61805.0, 6956855.0 ], [ 61795.0, 6956845.0 ], [ 61785.0, 6956835.0 ], [ 61775.0, 6956825.0 ], [ 61765.0, 6956815.0 ], [ 61755.0, 6956805.0 ], [ 61745.0, 6956805.0 ], [ 61735.0, 6956795.0 ], [ 61725.0, 6956785.0 ], [ 61715.0, 6956785.0 ], [ 61705.0, 6956775.0 ], [ 61695.0, 6956765.0 ], [ 61685.0, 6956755.0 ], [ 61675.0, 6956745.0 ], [ 61665.0, 6956735.0 ], [ 61655.0, 6956725.0 ], [ 61645.0, 6956715.0 ], [ 61635.0, 6956705.0 ], [ 61625.0, 6956695.0 ], [ 61615.0, 6956685.0 ], [ 61605.0, 6956675.0 ], [ 61595.0, 6956665.0 ], [ 61585.0, 6956655.0 ], [ 61575.0, 6956655.0 ], [ 61565.0, 6956645.0 ], [ 61555.0, 6956645.0 ], [ 61545.0, 6956645.0 ], [ 61535.0, 6956635.0 ], [ 61525.0, 6956625.0 ], [ 61515.0, 6956615.0 ], [ 61505.0, 6956605.0 ], [ 61495.0, 6956595.0 ], [ 61485.0, 6956585.0 ], [ 61475.0, 6956575.0 ], [ 61465.0, 6956565.0 ], [ 61455.0, 6956555.0 ], [ 61445.0, 6956545.0 ], [ 61435.0, 6956535.0 ], [ 61425.0, 6956525.0 ], [ 61415.0, 6956515.0 ], [ 61405.0, 6956505.0 ], [ 61395.0, 6956495.0 ], [ 61385.0, 6956485.0 ], [ 61375.0, 6956475.0 ], [ 61365.0, 6956465.0 ], [ 61355.0, 6956455.0 ], [ 61345.0, 6956445.0 ], [ 61335.0, 6956435.0 ], [ 61325.0, 6956425.0 ], [ 61315.0, 6956415.0 ], [ 61305.0, 6956405.0 ], [ 61295.0, 6956385.0 ] ] } },
{ "type": "Feature", "properties": { "_id": 132 }, "geometry": { "type": "LineString", "coordinates": [ [ 63525.0, 6957155.0 ], [ 63515.0, 6957145.0 ], [ 63505.0, 6957135.0 ], [ 63495.0, 6957125.0 ], [ 63485.0, 6957115.0 ], [ 63475.0, 6957105.0 ], [ 63465.0, 6957105.0 ], [ 63455.0, 6957105.0 ], [ 63445.0, 6957095.0 ], [ 63435.0, 6957085.0 ], [ 63425.0, 6957085.0 ], [ 63415.0, 6957085.0 ], [ 63405.0, 6957085.0 ], [ 63395.0, 6957085.0 ], [ 63385.0, 6957085.0 ], [ 63375.0, 6957085.0 ], [ 63365.0, 6957075.0 ], [ 63355.0, 6957075.0 ], [ 63345.0, 6957075.0 ], [ 63335.0, 6957085.0 ], [ 63325.0, 6957085.0 ], [ 63315.0, 6957085.0 ], [ 63305.0, 6957085.0 ], [ 63295.0, 6957085.0 ], [ 63285.0, 6957075.0 ], [ 63275.0, 6957075.0 ], [ 63265.0, 6957075.0 ], [ 63255.0, 6957075.0 ], [ 63245.0, 6957075.0 ], [ 63235.0, 6957065.0 ] ] } },
{ "type": "Feature", "properties": { "_id": 133 }, "geometry": { "type": "LineString", "coordinates": [ [ 58675.0, 6957105.0 ], [ 58665.0, 6957105.0 ], [ 58655.0, 6957105.0 ], [ 58645.0, 6957105.0 ], [ 58635.0, 6957105.0 ], [ 58625.0, 6957105.0 ], [ 58615.0, 6957115.0 ], [ 58605.0, 6957115.0 ], [ 58595.0, 6957115.0 ], [ 58585.0, 6957115.0 ], [ 58575.0, 6957105.0 ], [ 58565.0, 6957095.0 ], [ 58565.0, 6957085.0 ], [ 58555.0, 6957075.0 ], [ 58545.0, 6957065.0 ], [ 58535.0, 6957055.0 ], [ 58535.0, 6957045.0 ], [ 58535.0, 6957035.0 ], [ 58535.0, 6957025.0 ], [ 58535.0, 6957015.0 ], [ 58535.0, 6957005.0 ], [ 58535.0, 6956995.0 ], [ 58525.0, 6956985.0 ], [ 58525.0, 6956975.0 ], [ 58525.0, 6956965.0 ], [ 58515.0, 6956955.0 ], [ 58515.0, 6956945.0 ], [ 58515.0, 6956935.0 ], [ 58515.0, 6956925.0 ], [ 58515.0, 6956915.0 ], [ 58515.0, 6956905.0 ], [ 58515.0, 6956895.0 ], [ 58515.0, 6956885.0 ], [ 58515.0, 6956875.0 ], [ 58515.0, 6956865.0 ], [ 58525.0, 6956855.0 ], [ 58535.0, 6956845.0 ], [ 58535.0, 6956835.0 ], [ 58535.0, 6956825.0 ], [ 58535.0, 6956815.0 ], [ 58535.0, 6956805.0 ], [ 58545.0, 6956795.0 ], [ 58545.0, 6956785.0 ], [ 58555.0, 6956775.0 ], [ 58565.0, 6956775.0 ], [ 58575.0, 6956765.0 ], [ 58585.0, 6956755.0 ], [ 58575.0, 6956745.0 ], [ 58565.0, 6956735.0 ], [ 58555.0, 6956725.0 ], [ 58545.0, 6956715.0 ], [ 58535.0, 6956705.0 ], [ 58525.0, 6956695.0 ], [ 58515.0, 6956685.0 ], [ 58505.0, 6956675.0 ], [ 58495.0, 6956665.0 ], [ 58485.0, 6956655.0 ], [ 58475.0, 6956655.0 ], [ 58465.0, 6956645.0 ], [ 58455.0, 6956645.0 ], [ 58445.0, 6956635.0 ], [ 58435.0, 6956625.0 ], [ 58425.0, 6956615.0 ], [ 58415.0, 6956615.0 ], [ 58405.0, 6956605.0 ], [ 58395.0, 6956605.0 ], [ 58385.0, 6956595.0 ], [ 58375.0, 6956595.0 ], [ 58365.0, 6956585.0 ], [ 58355.0, 6956575.0 ], [ 58345.0, 6956575.0 ], [ 58335.0, 6956565.0 ], [ 58325.0, 6956565.0 ], [ 58315.0, 6956555.0 ], [ 58305.0, 6956545.0 ], [ 58295.0, 6956535.0 ], [ 58285.0, 6956525.0 ], [ 58275.0, 6956515.0 ], [ 58265.0, 6956505.0 ], [ 58255.0, 6956495.0 ], [ 58245.0, 6956495.0 ], [ 58235.0, 6956485.0 ], [ 58225.0, 6956475.0 ], [ 58215.0, 6956465.0 ], [ 58205.0, 6956465.0 ], [ 58195.0, 6956455.0 ], [ 58185.0, 6956455.0 ], [ 58175.0, 6956445.0 ], [ 58165.0, 6956445.0 ], [ 58155.0, 6956435.0 ], [ 58145.0, 6956435.0 ], [ 58135.0, 6956425.0 ], [ 58125.0, 6956415.0 ], [ 58115.0, 6956405.0 ], [ 58105.0, 6956395.0 ], [ 58095.0, 6956385.0 ], [ 58085.0, 6956375.0 ], [ 58075.0, 6956375.0 ], [ 58065.0, 6956365.0 ], [ 58055.0, 6956355.0 ], [ 58045.0, 6956345.0 ], [ 58035.0, 6956335.0 ], [ 58025.0, 6956335.0 ], [ 58015.0, 6956325.0 ], [ 58005.0, 6956315.0 ], [ 57995.0, 6956305.0 ], [ 57985.0, 6956295.0 ], [ 57975.0, 6956285.0 ], [ 57965.0, 6956285.0 ], [ 57955.0, 6956275.0 ], [ 57945.0, 6956275.0 ], [ 57935.0, 6956265.0 ], [ 57925.0, 6956255.0 ], [ 57915.0, 6956255.0 ], [ 57905.0, 6956245.0 ], [ 57895.0, 6956245.0 ], [ 57885.0, 6956235.0 ], [ 57875.0, 6956235.0 ], [ 57865.0, 6956225.0 ], [ 57855.0, 6956215.0 ], [ 57845.0, 6956205.0 ], [ 57835.0, 6956195.0 ], [ 57825.0, 6956185.0 ], [ 57815.0, 6956175.0 ], [ 57805.0, 6956175.0 ], [ 57795.0, 6956165.0 ], [ 57785.0, 6956165.0 ], [ 57775.0, 6956155.0 ], [ 57765.0, 6956155.0 ], [ 57755.0, 6956155.0 ], [ 57745.0, 6956145.0 ], [ 57735.0, 6956145.0 ], [ 57725.0, 6956135.0 ], [ 57715.0, 6956125.0 ], [ 57705.0, 6956125.0 ], [ 57695.0, 6956115.0 ], [ 57685.0, 6956105.0 ], [ 57675.0, 6956095.0 ], [ 57665.0, 6956095.0 ], [ 57655.0, 6956085.0 ], [ 57645.0, 6956075.0 ], [ 57635.0, 6956065.0 ], [ 57625.0, 6956065.0 ], [ 57615.0, 6956055.0 ], [ 57605.0, 6956045.0 ], [ 57595.0, 6956045.0 ], [ 57585.0, 6956045.0 ], [ 57575.0, 6956035.0 ], [ 57565.0, 6956035.0 ], [ 57555.0, 6956025.0 ], [ 57545.0, 6956015.0 ], [ 57535.0, 6956015.0 ], [ 57525.0, 6956005.0 ], [ 57515.0, 6955995.0 ], [ 57505.0, 6955985.0 ], [ 57495.0, 6955975.0 ], [ 57485.0, 6955965.0 ], [ 57475.0, 6955965.0 ], [ 57465.0, 6955955.0 ], [ 57455.0, 6955955.0 ], [ 57445.0, 6955945.0 ], [ 57435.0, 6955935.0 ], [ 57425.0, 6955935.0 ], [ 57415.0, 6955925.0 ], [ 57405.0, 6955925.0 ], [ 57395.0, 6955915.0 ], [ 57385.0, 6955915.0 ], [ 57375.0, 6955905.0 ], [ 57365.0, 6955895.0 ], [ 57355.0, 6955885.0 ], [ 57345.0, 6955875.0 ], [ 57335.0, 6955865.0 ], [ 57325.0, 6955855.0 ], [ 57315.0, 6955855.0 ], [ 57305.0, 6955835.0 ] ] } },
{ "type": "Feature", "properties": { "_id": 134 }, "geometry": { "type": "LineString", "coordinates": [ [ 62975.0, 6957085.0 ], [ 62955.0, 6957085.0 ], [ 62945.0, 6957075.0 ], [ 62935.0, 6957065.0 ], [ 62925.0, 6957055.0 ], [ 62925.0, 6957045.0 ], [ 62925.0, 6957035.0 ], [ 62915.0, 6957025.0 ], [ 62915.0, 6957015.0 ], [ 62915.0, 6957005.0 ], [ 62915.0, 6956995.0 ], [ 62915.0, 6956985.0 ], [ 62925.0, 6956975.0 ], [ 62925.0, 6956965.0 ], [ 62925.0, 6956955.0 ], [ 62925.0, 6956945.0 ], [ 62915.0, 6956935.0 ], [ 62915.0, 6956925.0 ], [ 62905.0, 6956915.0 ], [ 62895.0, 6956905.0 ], [ 62885.0, 6956895.0 ], [ 62875.0, 6956885.0 ], [ 62865.0, 6956875.0 ], [ 62855.0, 6956865.0 ], [ 62845.0, 6956855.0 ], [ 62835.0, 6956845.0 ], [ 62825.0, 6956835.0 ], [ 62815.0, 6956825.0 ], [ 62805.0, 6956825.0 ], [ 62795.0, 6956815.0 ], [ 62785.0, 6956815.0 ], [ 62775.0, 6956815.0 ], [ 62765.0, 6956815.0 ], [ 62755.0, 6956815.0 ], [ 62745.0, 6956815.0 ], [ 62735.0, 6956815.0 ], [ 62725.0, 6956805.0 ], [ 62715.0, 6956805.0 ], [ 62705.0, 6956805.0 ], [ 62695.0, 6956805.0 ], [ 62685.0, 6956795.0 ], [ 62675.0, 6956785.0 ], [ 62665.0, 6956775.0 ], [ 62655.0, 6956765.0 ], [ 62645.0, 6956765.0 ], [ 62635.0, 6956765.0 ], [ 62625.0, 6956765.0 ], [ 62615.0, 6956765.0 ], [ 62605.0, 6956765.0 ], [ 62595.0, 6956765.0 ], [ 62585.0, 6956765.0 ], [ 62575.0, 6956765.0 ], [ 62565.0, 6956765.0 ], [ 62555.0, 6956765.0 ], [ 62545.0, 6956755.0 ], [ 62535.0, 6956755.0 ], [ 62525.0, 6956755.0 ], [ 62515.0, 6956745.0 ], [ 62505.0, 6956735.0 ], [ 62495.0, 6956725.0 ], [ 62485.0, 6956715.0 ], [ 62475.0, 6956705.0 ], [ 62465.0, 6956695.0 ], [ 62455.0, 6956685.0 ], [ 62445.0, 6956675.0 ], [ 62435.0, 6956665.0 ], [ 62425.0, 6956655.0 ], [ 62415.0, 6956645.0 ], [ 62405.0, 6956635.0 ], [ 62395.0, 6956625.0 ], [ 62385.0, 6956615.0 ], [ 62375.0, 6956605.0 ], [ 62365.0, 6956595.0 ], [ 62355.0, 6956585.0 ], [ 62345.0, 6956575.0 ], [ 62335.0, 6956565.0 ], [ 62325.0, 6956555.0 ], [ 62315.0, 6956545.0 ], [ 62305.0, 6956535.0 ], [ 62295.0, 6956525.0 ], [ 62285.0, 6956515.0 ], [ 62275.0, 6956505.0 ], [ 62265.0, 6956495.0 ], [ 62255.0, 6956485.0 ] ] } },
{ "type": "Feature", "properties": { "_id": 135 }, "geometry": { "type": "LineString", "coordinates": [ [ 62975.0, 6957085.0 ], [ 62995.0, 6957085.0 ], [ 63005.0, 6957085.0 ], [ 63015.0, 6957085.0 ], [ 63025.0, 6957075.0 ], [ 63035.0, 6957075.0 ], [ 63045.0, 6957065.0 ], [ 63055.0, 6957065.0 ], [ 63065.0, 6957065.0 ], [ 63075.0, 6957065.0 ], [ 63085.0, 6957065.0 ], [ 63095.0, 6957065.0 ], [ 63105.0, 6957065.0 ], [ 63115.0, 6957065.0 ], [ 63125.0, 6957065.0 ], [ 63135.0, 6957065.0 ], [ 63145.0, 6957065.0 ], [ 63155.0, 6957065.0 ], [ 63165.0, 6957065.0 ], [ 63175.0, 6957065.0 ], [ 63185.0, 6957065.0 ], [ 63195.0, 6957065.0 ], [ 63205.0, 6957065.0 ], [ 63215.0, 6957065.0 ], [ 63235.0, 6957065.0 ] ] } },
{ "type": "Feature", "properties": { "_id": 136 }, "geometry": { "type": "LineString", "coordinates": [ [ 63235.0, 6957065.0 ], [ 63245.0, 6957045.0 ], [ 63255.0, 6957045.0 ], [ 63265.0, 6957045.0 ], [ 63275.0, 6957035.0 ], [ 63285.0, 6957025.0 ], [ 63285.0, 6957015.0 ], [ 63295.0, 6957005.0 ], [ 63305.0, 6957005.0 ], [ 63315.0, 6957005.0 ], [ 63325.0, 6957005.0 ], [ 63335.0, 6956995.0 ], [ 63345.0, 6956995.0 ], [ 63355.0, 6956985.0 ], [ 63365.0, 6956975.0 ], [ 63375.0, 6956965.0 ], [ 63385.0, 6956965.0 ], [ 63395.0, 6956965.0 ], [ 63405.0, 6956965.0 ], [ 63415.0, 6956975.0 ], [ 63415.0, 6956985.0 ], [ 63415.0, 6956995.0 ], [ 63415.0, 6957005.0 ], [ 63425.0, 6957015.0 ], [ 63435.0, 6957005.0 ], [ 63445.0, 6956995.0 ], [ 63455.0, 6956985.0 ], [ 63465.0, 6956975.0 ], [ 63475.0, 6956975.0 ], [ 63485.0, 6956975.0 ], [ 63495.0, 6956975.0 ], [ 63505.0, 6956975.0 ], [ 63515.0, 6956975.0 ] ] } },
{ "type": "Feature", "properties": { "_id": 140 }, "geometry": { "type": "LineString", "coordinates": [ [ 58095.0, 6956995.0 ], [ 58085.0, 6956985.0 ], [ 58085.0, 6956975.0 ], [ 58075.0, 6956965.0 ], [ 58065.0, 6956955.0 ], [ 58055.0, 6956945.0 ], [ 58055.0, 6956935.0 ], [ 58055.0, 6956925.0 ], [ 58055.0, 6956915.0 ], [ 58065.0, 6956905.0 ], [ 58065.0, 6956895.0 ], [ 58065.0, 6956885.0 ], [ 58065.0, 6956875.0 ], [ 58065.0, 6956865.0 ], [ 58075.0, 6956855.0 ], [ 58075.0, 6956845.0 ], [ 58075.0, 6956835.0 ], [ 58075.0, 6956825.0 ], [ 58075.0, 6956815.0 ], [ 58085.0, 6956805.0 ], [ 58085.0, 6956795.0 ], [ 58095.0, 6956785.0 ], [ 58105.0, 6956775.0 ], [ 58105.0, 6956765.0 ], [ 58105.0, 6956755.0 ], [ 58115.0, 6956735.0 ] ] } },
{ "type": "Feature", "properties": { "_id": 141 }, "geometry": { "type": "LineString", "coordinates": [ [ 59245.0, 6956995.0 ], [ 59245.0, 6956985.0 ], [ 59245.0, 6956975.0 ], [ 59235.0, 6956965.0 ], [ 59235.0, 6956955.0 ], [ 59235.0, 6956945.0 ], [ 59235.0, 6956935.0 ], [ 59235.0, 6956925.0 ], [ 59225.0, 6956915.0 ], [ 59225.0, 6956905.0 ], [ 59215.0, 6956895.0 ], [ 59215.0, 6956885.0 ], [ 59215.0, 6956875.0 ], [ 59205.0, 6956865.0 ], [ 59195.0, 6956855.0 ], [ 59185.0, 6956845.0 ], [ 59175.0, 6956835.0 ], [ 59165.0, 6956825.0 ], [ 59155.0, 6956835.0 ], [ 59145.0, 6956825.0 ], [ 59135.0, 6956825.0 ], [ 59125.0, 6956835.0 ], [ 59115.0, 6956835.0 ], [ 59105.0, 6956825.0 ], [ 59095.0, 6956815.0 ], [ 59085.0, 6956805.0 ], [ 59085.0, 6956795.0 ], [ 59095.0, 6956785.0 ], [ 59095.0, 6956775.0 ], [ 59095.0, 6956765.0 ], [ 59095.0, 6956755.0 ], [ 59105.0, 6956745.0 ], [ 59095.0, 6956735.0 ], [ 59095.0, 6956725.0 ], [ 59105.0, 6956715.0 ], [ 59105.0, 6956705.0 ], [ 59105.0, 6956695.0 ], [ 59095.0, 6956685.0 ], [ 59085.0, 6956685.0 ], [ 59075.0, 6956675.0 ], [ 59065.0, 6956665.0 ], [ 59055.0, 6956655.0 ], [ 59045.0, 6956645.0 ], [ 59035.0, 6956635.0 ], [ 59025.0, 6956625.0 ], [ 59015.0, 6956615.0 ], [ 59005.0, 6956605.0 ], [ 58995.0, 6956595.0 ], [ 58985.0, 6956585.0 ], [ 58975.0, 6956575.0 ], [ 58965.0, 6956565.0 ], [ 58955.0, 6956555.0 ], [ 58945.0, 6956545.0 ], [ 58935.0, 6956535.0 ], [ 58925.0, 6956525.0 ], [ 58915.0, 6956515.0 ], [ 58905.0, 6956505.0 ], [ 58895.0, 6956495.0 ], [ 58885.0, 6956485.0 ], [ 58875.0, 6956475.0 ], [ 58865.0, 6956465.0 ], [ 58855.0, 6956455.0 ], [ 58845.0, 6956445.0 ], [ 58835.0, 6956435.0 ], [ 58825.0, 6956425.0 ], [ 58815.0, 6956415.0 ], [ 58805.0, 6956405.0 ], [ 58795.0, 6956395.0 ], [ 58785.0, 6956385.0 ], [ 58775.0, 6956375.0 ], [ 58765.0, 6956365.0 ], [ 58755.0, 6956355.0 ], [ 58745.0, 6956345.0 ], [ 58735.0, 6956335.0 ], [ 58725.0, 6956325.0 ], [ 58715.0, 6956315.0 ], [ 58705.0, 6956305.0 ], [ 58695.0, 6956305.0 ], [ 58685.0, 6956295.0 ], [ 58675.0, 6956295.0 ], [ 58665.0, 6956285.0 ], [ 58655.0, 6956275.0 ], [ 58645.0, 6956275.0 ], [ 58635.0, 6956265.0 ], [ 58625.0, 6956265.0 ], [ 58615.0, 6956255.0 ], [ 58605.0, 6956245.0 ], [ 58595.0, 6956235.0 ], [ 58585.0, 6956225.0 ], [ 58575.0, 6956215.0 ], [ 58565.0, 6956205.0 ], [ 58555.0, 6956195.0 ], [ 58545.0, 6956195.0 ], [ 58535.0, 6956185.0 ], [ 58525.0, 6956175.0 ], [ 58515.0, 6956165.0 ], [ 58505.0, 6956165.0 ], [ 58495.0, 6956155.0 ], [ 58485.0, 6956155.0 ], [ 58475.0, 6956145.0 ], [ 58465.0, 6956145.0 ], [ 58455.0, 6956135.0 ], [ 58445.0, 6956135.0 ], [ 58435.0, 6956125.0 ], [ 58425.0, 6956115.0 ], [ 58415.0, 6956105.0 ], [ 58405.0, 6956095.0 ], [ 58395.0, 6956085.0 ], [ 58385.0, 6956075.0 ], [ 58375.0, 6956075.0 ], [ 58365.0, 6956055.0 ] ] } },
{ "type": "Feature", "properties": { "_id": 142 }, "geometry": { "type": "LineString", "coordinates": [ [ 65845.0, 6956985.0 ], [ 65845.0, 6956975.0 ], [ 65845.0, 6956965.0 ], [ 65835.0, 6956955.0 ], [ 65825.0, 6956945.0 ], [ 65815.0, 6956945.0 ], [ 65805.0, 6956935.0 ], [ 65795.0, 6956925.0 ], [ 65785.0, 6956915.0 ], [ 65785.0, 6956905.0 ], [ 65795.0, 6956895.0 ], [ 65805.0, 6956885.0 ], [ 65815.0, 6956875.0 ], [ 65815.0, 6956865.0 ], [ 65805.0, 6956855.0 ], [ 65795.0, 6956855.0 ], [ 65785.0, 6956845.0 ], [ 65795.0, 6956835.0 ], [ 65785.0, 6956825.0 ], [ 65775.0, 6956815.0 ], [ 65765.0, 6956805.0 ], [ 65755.0, 6956795.0 ], [ 65745.0, 6956795.0 ], [ 65735.0, 6956795.0 ], [ 65725.0, 6956795.0 ], [ 65715.0, 6956795.0 ], [ 65705.0, 6956785.0 ], [ 65695.0, 6956795.0 ], [ 65685.0, 6956805.0 ], [ 65675.0, 6956815.0 ], [ 65665.0, 6956805.0 ], [ 65655.0, 6956795.0 ], [ 65645.0, 6956785.0 ], [ 65635.0, 6956785.0 ], [ 65625.0, 6956785.0 ], [ 65615.0, 6956775.0 ], [ 65605.0, 6956765.0 ], [ 65595.0, 6956755.0 ], [ 65585.0, 6956755.0 ], [ 65575.0, 6956755.0 ], [ 65565.0, 6956755.0 ], [ 65555.0, 6956745.0 ], [ 65545.0, 6956745.0 ], [ 65535.0, 6956745.0 ], [ 65525.0, 6956735.0 ], [ 65515.0, 6956735.0 ], [ 65505.0, 6956735.0 ], [ 65495.0, 6956735.0 ], [ 65485.0, 6956725.0 ], [ 65475.0, 6956725.0 ], [ 65465.0, 6956715.0 ], [ 65455.0, 6956715.0 ], [ 65445.0, 6956715.0 ], [ 65435.0, 6956705.0 ], [ 65435.0, 6956695.0 ], [ 65425.0, 6956685.0 ], [ 65415.0, 6956685.0 ], [ 65405.0, 6956685.0 ], [ 65395.0, 6956675.0 ], [ 65385.0, 6956675.0 ], [ 65375.0, 6956685.0 ], [ 65365.0, 6956685.0 ], [ 65355.0, 6956685.0 ], [ 65345.0, 6956675.0 ], [ 65335.0, 6956665.0 ], [ 65325.0, 6956665.0 ], [ 65315.0, 6956655.0 ], [ 65305.0, 6956645.0 ], [ 65295.0, 6956645.0 ], [ 65285.0, 6956645.0 ], [ 65275.0, 6956645.0 ], [ 65265.0, 6956645.0 ], [ 65255.0, 6956645.0 ], [ 65245.0, 6956635.0 ], [ 65235.0, 6956625.0 ], [ 65225.0, 6956625.0 ], [ 65215.0, 6956615.0 ], [ 65205.0, 6956605.0 ], [ 65195.0, 6956605.0 ], [ 65185.0, 6956595.0 ], [ 65175.0, 6956585.0 ], [ 65165.0, 6956575.0 ], [ 65155.0, 6956565.0 ], [ 65145.0, 6956565.0 ], [ 65135.0, 6956555.0 ], [ 65125.0, 6956545.0 ], [ 65115.0, 6956535.0 ], [ 65105.0, 6956525.0 ], [ 65095.0, 6956515.0 ], [ 65085.0, 6956505.0 ], [ 65075.0, 6956505.0 ], [ 65065.0, 6956495.0 ], [ 65055.0, 6956495.0 ], [ 65045.0, 6956485.0 ], [ 65035.0, 6956475.0 ], [ 65025.0, 6956465.0 ], [ 65015.0, 6956455.0 ], [ 65005.0, 6956445.0 ], [ 64995.0, 6956435.0 ], [ 64985.0, 6956425.0 ], [ 64975.0, 6956415.0 ], [ 64965.0, 6956405.0 ], [ 64955.0, 6956395.0 ], [ 64945.0, 6956385.0 ], [ 64935.0, 6956385.0 ], [ 64925.0, 6956375.0 ], [ 64915.0, 6956355.0 ] ] } },
{ "type": "Feature", "properties": { "_id": 145 }, "geometry": { "type": "LineString", "coordinates": [ [ 59915.0, 6956915.0 ], [ 59905.0, 6956905.0 ], [ 59895.0, 6956895.0 ], [ 59885.0, 6956895.0 ], [ 59875.0, 6956905.0 ], [ 59865.0, 6956905.0 ], [ 59855.0, 6956915.0 ], [ 59845.0, 6956915.0 ], [ 59835.0, 6956925.0 ], [ 59825.0, 6956925.0 ], [ 59815.0, 6956925.0 ], [ 59805.0, 6956925.0 ], [ 59795.0, 6956925.0 ], [ 59785.0, 6956925.0 ], [ 59775.0, 6956925.0 ], [ 59765.0, 6956925.0 ], [ 59755.0, 6956925.0 ], [ 59745.0, 6956925.0 ], [ 59735.0, 6956925.0 ], [ 59725.0, 6956915.0 ], [ 59715.0, 6956915.0 ], [ 59705.0, 6956915.0 ], [ 59695.0, 6956915.0 ], [ 59685.0, 6956925.0 ], [ 59675.0, 6956925.0 ], [ 59665.0, 6956925.0 ], [ 59655.0, 6956935.0 ], [ 59645.0, 6956925.0 ], [ 59635.0, 6956925.0 ], [ 59625.0, 6956915.0 ], [ 59615.0, 6956905.0 ], [ 59605.0, 6956895.0 ], [ 59595.0, 6956895.0 ], [ 59585.0, 6956895.0 ], [ 59575.0, 6956885.0 ], [ 59565.0, 6956885.0 ], [ 59555.0, 6956875.0 ], [ 59545.0, 6956865.0 ], [ 59535.0, 6956865.0 ], [ 59525.0, 6956865.0 ], [ 59515.0, 6956855.0 ], [ 59505.0, 6956845.0 ], [ 59505.0, 6956835.0 ], [ 59495.0, 6956825.0 ], [ 59485.0, 6956815.0 ], [ 59485.0, 6956805.0 ], [ 59485.0, 6956795.0 ], [ 59485.0, 6956785.0 ], [ 59485.0, 6956775.0 ], [ 59485.0, 6956765.0 ], [ 59485.0, 6956755.0 ], [ 59485.0, 6956745.0 ], [ 59485.0, 6956735.0 ], [ 59475.0, 6956725.0 ], [ 59465.0, 6956715.0 ], [ 59455.0, 6956705.0 ], [ 59445.0, 6956695.0 ], [ 59435.0, 6956685.0 ], [ 59425.0, 6956675.0 ], [ 59425.0, 6956665.0 ], [ 59425.0, 6956655.0 ], [ 59415.0, 6956645.0 ], [ 59405.0, 6956635.0 ], [ 59395.0, 6956625.0 ], [ 59385.0, 6956615.0 ], [ 59375.0, 6956605.0 ], [ 59365.0, 6956595.0 ], [ 59355.0, 6956585.0 ], [ 59345.0, 6956575.0 ], [ 59335.0, 6956565.0 ], [ 59325.0, 6956555.0 ], [ 59315.0, 6956545.0 ], [ 59305.0, 6956535.0 ], [ 59295.0, 6956525.0 ], [ 59285.0, 6956515.0 ], [ 59275.0, 6956505.0 ], [ 59265.0, 6956495.0 ], [ 59255.0, 6956485.0 ], [ 59245.0, 6956475.0 ], [ 59235.0, 6956465.0 ], [ 59225.0, 6956455.0 ], [ 59215.0, 6956445.0 ], [ 59205.0, 6956435.0 ], [ 59195.0, 6956425.0 ], [ 59185.0, 6956415.0 ], [ 59175.0, 6956405.0 ], [ 59165.0, 6956395.0 ], [ 59155.0, 6956385.0 ], [ 59145.0, 6956375.0 ], [ 59135.0, 6956365.0 ], [ 59125.0, 6956355.0 ], [ 59115.0, 6956345.0 ], [ 59105.0, 6956335.0 ], [ 59095.0, 6956325.0 ], [ 59085.0, 6956315.0 ], [ 59075.0, 6956305.0 ], [ 59065.0, 6956295.0 ], [ 59055.0, 6956285.0 ], [ 59045.0, 6956275.0 ], [ 59035.0, 6956265.0 ], [ 59025.0, 6956255.0 ], [ 59015.0, 6956245.0 ], [ 59005.0, 6956235.0 ], [ 58995.0, 6956225.0 ], [ 58985.0, 6956215.0 ], [ 58975.0, 6956205.0 ], [ 58965.0, 6956195.0 ], [ 58955.0, 6956185.0 ], [ 58945.0, 6956175.0 ], [ 58935.0, 6956155.0 ] ] } },
{ "type": "Feature", "properties": { "_id": 146 }, "geometry": { "type": "LineString", "coordinates": [ [ 65215.0, 6956915.0 ], [ 65205.0, 6956905.0 ], [ 65195.0, 6956895.0 ], [ 65185.0, 6956885.0 ], [ 65185.0, 6956875.0 ], [ 65175.0, 6956865.0 ], [ 65165.0, 6956855.0 ], [ 65155.0, 6956855.0 ], [ 65145.0, 6956855.0 ], [ 65135.0, 6956845.0 ], [ 65125.0, 6956835.0 ], [ 65115.0, 6956825.0 ], [ 65105.0, 6956825.0 ], [ 65095.0, 6956825.0 ], [ 65085.0, 6956825.0 ], [ 65075.0, 6956825.0 ], [ 65065.0, 6956825.0 ], [ 65055.0, 6956825.0 ], [ 65045.0, 6956815.0 ], [ 65035.0, 6956805.0 ], [ 65025.0, 6956795.0 ], [ 65015.0, 6956795.0 ], [ 65005.0, 6956785.0 ], [ 64995.0, 6956775.0 ], [ 64985.0, 6956765.0 ], [ 64975.0, 6956755.0 ], [ 64965.0, 6956755.0 ], [ 64955.0, 6956755.0 ], [ 64945.0, 6956745.0 ], [ 64935.0, 6956735.0 ], [ 64925.0, 6956725.0 ], [ 64915.0, 6956725.0 ], [ 64905.0, 6956725.0 ], [ 64895.0, 6956725.0 ], [ 64885.0, 6956725.0 ], [ 64875.0, 6956715.0 ], [ 64885.0, 6956705.0 ], [ 64885.0, 6956695.0 ], [ 64885.0, 6956685.0 ], [ 64885.0, 6956675.0 ], [ 64895.0, 6956665.0 ], [ 64895.0, 6956655.0 ], [ 64905.0, 6956645.0 ], [ 64905.0, 6956635.0 ], [ 64895.0, 6956625.0 ], [ 64895.0, 6956615.0 ], [ 64895.0, 6956605.0 ], [ 64895.0, 6956595.0 ], [ 64895.0, 6956585.0 ], [ 64895.0, 6956575.0 ], [ 64885.0, 6956565.0 ], [ 64875.0, 6956555.0 ], [ 64865.0, 6956545.0 ], [ 64855.0, 6956535.0 ], [ 64845.0, 6956525.0 ], [ 64835.0, 6956515.0 ], [ 64825.0, 6956505.0 ], [ 64815.0, 6956505.0 ], [ 64805.0, 6956495.0 ], [ 64795.0, 6956485.0 ], [ 64785.0, 6956485.0 ], [ 64775.0, 6956475.0 ], [ 64765.0, 6956475.0 ], [ 64755.0, 6956465.0 ], [ 64745.0, 6956455.0 ], [ 64735.0, 6956455.0 ], [ 64725.0, 6956445.0 ], [ 64715.0, 6956435.0 ], [ 64705.0, 6956425.0 ], [ 64695.0, 6956425.0 ], [ 64685.0, 6956415.0 ], [ 64675.0, 6956415.0 ], [ 64665.0, 6956405.0 ], [ 64655.0, 6956405.0 ], [ 64645.0, 6956395.0 ], [ 64635.0, 6956385.0 ], [ 64625.0, 6956385.0 ], [ 64615.0, 6956375.0 ], [ 64605.0, 6956365.0 ], [ 64595.0, 6956355.0 ], [ 64585.0, 6956345.0 ], [ 64575.0, 6956335.0 ], [ 64565.0, 6956325.0 ], [ 64555.0, 6956315.0 ], [ 64545.0, 6956305.0 ], [ 64535.0, 6956305.0 ], [ 64525.0, 6956305.0 ], [ 64515.0, 6956305.0 ], [ 64505.0, 6956305.0 ], [ 64495.0, 6956305.0 ], [ 64485.0, 6956305.0 ], [ 64475.0, 6956305.0 ], [ 64465.0, 6956305.0 ], [ 64455.0, 6956295.0 ], [ 64445.0, 6956285.0 ], [ 64435.0, 6956275.0 ], [ 64425.0, 6956265.0 ], [ 64415.0, 6956255.0 ], [ 64405.0, 6956245.0 ], [ 64395.0, 6956235.0 ], [ 64385.0, 6956235.0 ], [ 64375.0, 6956235.0 ], [ 64365.0, 6956235.0 ], [ 64355.0, 6956235.0 ], [ 64345.0, 6956235.0 ], [ 64335.0, 6956235.0 ], [ 64325.0, 6956235.0 ], [ 64315.0, 6956235.0 ], [ 64305.0, 6956235.0 ], [ 64295.0, 6956235.0 ], [ 64285.0, 6956225.0 ], [ 64275.0, 6956215.0 ], [ 64265.0, 6956205.0 ], [ 64255.0, 6956195.0 ], [ 64245.0, 6956185.0 ], [ 64235.0, 6956175.0 ], [ 64225.0, 6956165.0 ], [ 64215.0, 6956155.0 ], [ 64205.0, 6956135.0 ] ] } },
{ "type": "Feature", "properties": { "_id": 147 }, "geometry": { "type": "LineString", "coordinates": [ [ 60745.0, 6956875.0 ], [ 60735.0, 6956865.0 ], [ 60725.0, 6956855.0 ], [ 60715.0, 6956845.0 ], [ 60705.0, 6956835.0 ], [ 60695.0, 6956825.0 ], [ 60685.0, 6956815.0 ], [ 60675.0, 6956805.0 ], [ 60665.0, 6956795.0 ], [ 60655.0, 6956785.0 ], [ 60645.0, 6956775.0 ], [ 60325.0, 6956545.0 ] ] } },
{ "type": "Feature", "properties": { "_id": 150 }, "geometry": { "type": "LineString", "coordinates": [ [ 63935.0, 6956785.0 ], [ 63925.0, 6956775.0 ], [ 63915.0, 6956765.0 ], [ 63905.0, 6956755.0 ], [ 63905.0, 6956745.0 ], [ 63915.0, 6956735.0 ], [ 63925.0, 6956735.0 ], [ 63935.0, 6956725.0 ], [ 63925.0, 6956715.0 ], [ 63915.0, 6956715.0 ], [ 63905.0, 6956715.0 ], [ 63895.0, 6956715.0 ], [ 63885.0, 6956715.0 ], [ 63875.0, 6956715.0 ], [ 63865.0, 6956715.0 ], [ 63855.0, 6956715.0 ], [ 63845.0, 6956725.0 ], [ 63835.0, 6956725.0 ], [ 63825.0, 6956725.0 ], [ 63815.0, 6956725.0 ], [ 63805.0, 6956725.0 ], [ 63795.0, 6956725.0 ], [ 63785.0, 6956725.0 ], [ 63775.0, 6956725.0 ], [ 63765.0, 6956725.0 ], [ 63755.0, 6956725.0 ], [ 63745.0, 6956725.0 ], [ 63735.0, 6956715.0 ], [ 63725.0, 6956715.0 ], [ 63715.0, 6956715.0 ], [ 63705.0, 6956715.0 ], [ 63695.0, 6956715.0 ], [ 63685.0, 6956715.0 ], [ 63675.0, 6956715.0 ], [ 63665.0, 6956715.0 ], [ 63655.0, 6956705.0 ], [ 63645.0, 6956715.0 ], [ 63635.0, 6956715.0 ], [ 63625.0, 6956715.0 ], [ 63615.0, 6956715.0 ], [ 63605.0, 6956715.0 ], [ 63595.0, 6956715.0 ], [ 63585.0, 6956715.0 ], [ 63575.0, 6956705.0 ], [ 63565.0, 6956705.0 ], [ 63555.0, 6956695.0 ], [ 63545.0, 6956695.0 ], [ 63535.0, 6956695.0 ], [ 63525.0, 6956695.0 ], [ 63515.0, 6956695.0 ], [ 63505.0, 6956695.0 ], [ 63495.0, 6956705.0 ], [ 63485.0, 6956705.0 ], [ 63475.0, 6956705.0 ], [ 63465.0, 6956695.0 ], [ 63455.0, 6956695.0 ], [ 63445.0, 6956705.0 ], [ 63435.0, 6956705.0 ], [ 63425.0, 6956705.0 ], [ 63415.0, 6956705.0 ], [ 63405.0, 6956705.0 ], [ 63395.0, 6956705.0 ], [ 63385.0, 6956695.0 ], [ 63375.0, 6956695.0 ], [ 63365.0, 6956695.0 ], [ 63355.0, 6956695.0 ], [ 63345.0, 6956685.0 ], [ 63335.0, 6956685.0 ], [ 63325.0, 6956685.0 ], [ 63315.0, 6956685.0 ], [ 63305.0, 6956685.0 ], [ 63295.0, 6956685.0 ], [ 63285.0, 6956685.0 ], [ 63275.0, 6956685.0 ], [ 63265.0, 6956685.0 ], [ 63255.0, 6956675.0 ], [ 63245.0, 6956675.0 ], [ 63235.0, 6956675.0 ], [ 63225.0, 6956665.0 ], [ 63215.0, 6956665.0 ], [ 63205.0, 6956655.0 ], [ 63195.0, 6956655.0 ], [ 63185.0, 6956645.0 ], [ 63175.0, 6956645.0 ], [ 63165.0, 6956645.0 ], [ 63155.0, 6956635.0 ], [ 63145.0, 6956625.0 ], [ 63135.0, 6956615.0 ], [ 63125.0, 6956605.0 ], [ 63115.0, 6956595.0 ], [ 63105.0, 6956585.0 ], [ 63095.0, 6956575.0 ], [ 63085.0, 6956565.0 ], [ 63075.0, 6956555.0 ], [ 63065.0, 6956545.0 ], [ 63055.0, 6956535.0 ], [ 63045.0, 6956525.0 ], [ 63035.0, 6956515.0 ], [ 63025.0, 6956505.0 ], [ 63015.0, 6956495.0 ], [ 63005.0, 6956485.0 ], [ 62995.0, 6956485.0 ], [ 62985.0, 6956485.0 ], [ 62975.0, 6956485.0 ], [ 62965.0, 6956485.0 ], [ 62955.0, 6956485.0 ], [ 62945.0, 6956485.0 ], [ 62935.0, 6956485.0 ], [ 62925.0, 6956485.0 ], [ 62915.0, 6956485.0 ], [ 62905.0, 6956485.0 ], [ 62895.0, 6956485.0 ], [ 62885.0, 6956475.0 ], [ 62875.0, 6956465.0 ], [ 62865.0, 6956455.0 ], [ 62855.0, 6956445.0 ], [ 62845.0, 6956435.0 ], [ 62835.0, 6956425.0 ], [ 62825.0, 6956415.0 ], [ 62815.0, 6956405.0 ], [ 62805.0, 6956395.0 ], [ 62795.0, 6956385.0 ], [ 62785.0, 6956375.0 ], [ 62775.0, 6956355.0 ] ] } },
{ "type": "Feature", "properties": { "_id": 151 }, "geometry": { "type": "LineString", "coordinates": [ [ 60325.0, 6956545.0 ], [ 60625.0, 6956785.0 ], [ 60325.0, 6956545.0 ] ] } },
{ "type": "Feature", "properties": { "_id": 152 }, "geometry": { "type": "LineString", "coordinates": [ [ 60325.0, 6956545.0 ], [ 60025.0, 6956295.0 ], [ 60325.0, 6956545.0 ] ] } },
{ "type": "Feature", "properties": { "_id": 153 }, "geometry": { "type": "LineString", "coordinates": [ [ 59845.0, 6956195.0 ], [ 59975.0, 6956305.0 ], [ 59985.0, 6956305.0 ], [ 59995.0, 6956305.0 ], [ 60005.0, 6956305.0 ], [ 60325.0, 6956545.0 ] ] } },
{ "type": "Feature", "properties": { "_id": 154 }, "geometry": { "type": "LineString", "coordinates": [ [ 58115.0, 6956735.0 ], [ 58095.0, 6956735.0 ], [ 58085.0, 6956725.0 ], [ 58075.0, 6956725.0 ], [ 58065.0, 6956715.0 ], [ 58055.0, 6956715.0 ] ] } },
{ "type": "Feature", "properties": { "_id": 155 }, "geometry": { "type": "LineString", "coordinates": [ [ 58115.0, 6956735.0 ], [ 58125.0, 6956725.0 ], [ 58125.0, 6956715.0 ], [ 58125.0, 6956705.0 ], [ 58125.0, 6956695.0 ], [ 58125.0, 6956685.0 ], [ 58135.0, 6956675.0 ], [ 58135.0, 6956665.0 ], [ 58145.0, 6956655.0 ], [ 58155.0, 6956645.0 ], [ 58165.0, 6956635.0 ], [ 58175.0, 6956625.0 ], [ 58185.0, 6956615.0 ], [ 58195.0, 6956605.0 ], [ 58205.0, 6956595.0 ], [ 58205.0, 6956585.0 ], [ 58195.0, 6956575.0 ], [ 58185.0, 6956565.0 ], [ 58175.0, 6956555.0 ], [ 58165.0, 6956545.0 ], [ 58155.0, 6956535.0 ], [ 58145.0, 6956525.0 ], [ 58135.0, 6956515.0 ], [ 58125.0, 6956505.0 ], [ 58115.0, 6956495.0 ], [ 58105.0, 6956485.0 ], [ 58095.0, 6956485.0 ], [ 58085.0, 6956475.0 ], [ 58075.0, 6956465.0 ], [ 58065.0, 6956455.0 ], [ 58055.0, 6956445.0 ], [ 58045.0, 6956435.0 ], [ 58035.0, 6956425.0 ], [ 58025.0, 6956425.0 ], [ 58015.0, 6956415.0 ], [ 58005.0, 6956405.0 ], [ 57995.0, 6956395.0 ], [ 57985.0, 6956385.0 ], [ 57975.0, 6956385.0 ], [ 57965.0, 6956375.0 ], [ 57955.0, 6956365.0 ], [ 57945.0, 6956355.0 ], [ 57935.0, 6956345.0 ], [ 57925.0, 6956335.0 ], [ 57915.0, 6956335.0 ], [ 57905.0, 6956325.0 ], [ 57895.0, 6956325.0 ], [ 57885.0, 6956315.0 ], [ 57875.0, 6956305.0 ], [ 57865.0, 6956305.0 ], [ 57855.0, 6956295.0 ], [ 57845.0, 6956295.0 ], [ 57835.0, 6956285.0 ], [ 57825.0, 6956285.0 ], [ 57815.0, 6956275.0 ], [ 57805.0, 6956265.0 ], [ 57795.0, 6956255.0 ], [ 57785.0, 6956245.0 ], [ 57775.0, 6956235.0 ], [ 57765.0, 6956225.0 ], [ 57755.0, 6956225.0 ], [ 57745.0, 6956215.0 ], [ 57735.0, 6956215.0 ], [ 57725.0, 6956205.0 ], [ 57715.0, 6956205.0 ], [ 57705.0, 6956205.0 ], [ 57695.0, 6956195.0 ], [ 57685.0, 6956195.0 ], [ 57675.0, 6956185.0 ], [ 57665.0, 6956175.0 ], [ 57655.0, 6956175.0 ], [ 57645.0, 6956165.0 ], [ 57635.0, 6956155.0 ], [ 57625.0, 6956145.0 ], [ 57615.0, 6956145.0 ], [ 57605.0, 6956135.0 ], [ 57595.0, 6956125.0 ], [ 57585.0, 6956115.0 ], [ 57575.0, 6956115.0 ], [ 57565.0, 6956105.0 ], [ 57555.0, 6956095.0 ], [ 57545.0, 6956095.0 ], [ 57535.0, 6956095.0 ], [ 57525.0, 6956085.0 ], [ 57515.0, 6956085.0 ], [ 57505.0, 6956075.0 ], [ 57495.0, 6956065.0 ], [ 57485.0, 6956065.0 ], [ 57475.0, 6956055.0 ], [ 57465.0, 6956045.0 ], [ 57455.0, 6956035.0 ], [ 57445.0, 6956025.0 ], [ 57435.0, 6956015.0 ], [ 57425.0, 6956015.0 ], [ 57415.0, 6956005.0 ], [ 57405.0, 6956005.0 ], [ 57395.0, 6955995.0 ], [ 57385.0, 6955985.0 ], [ 57375.0, 6955985.0 ], [ 57365.0, 6955975.0 ], [ 57355.0, 6955975.0 ], [ 57345.0, 6955965.0 ], [ 57335.0, 6955965.0 ], [ 57325.0, 6955955.0 ], [ 57315.0, 6955945.0 ], [ 57305.0, 6955935.0 ], [ 57295.0, 6955925.0 ], [ 57285.0, 6955915.0 ], [ 57275.0, 6955905.0 ], [ 57265.0, 6955905.0 ], [ 57255.0, 6955895.0 ], [ 57245.0, 6955885.0 ], [ 57235.0, 6955885.0 ], [ 57225.0, 6955875.0 ], [ 57215.0, 6955865.0 ], [ 57205.0, 6955855.0 ], [ 57195.0, 6955845.0 ], [ 57185.0, 6955835.0 ], [ 57185.0, 6955815.0 ] ] } },
{ "type": "Feature", "properties": { "_id": 157 }, "geometry": { "type": "LineString", "coordinates": [ [ 64625.0, 6956725.0 ], [ 64615.0, 6956725.0 ], [ 64605.0, 6956715.0 ], [ 64605.0, 6956705.0 ], [ 64595.0, 6956695.0 ], [ 64585.0, 6956685.0 ], [ 64575.0, 6956675.0 ], [ 64565.0, 6956675.0 ], [ 64555.0, 6956665.0 ], [ 64545.0, 6956665.0 ], [ 64535.0, 6956665.0 ], [ 64525.0, 6956665.0 ], [ 64515.0, 6956665.0 ], [ 64505.0, 6956655.0 ], [ 64495.0, 6956665.0 ], [ 64485.0, 6956655.0 ], [ 64475.0, 6956655.0 ], [ 64465.0, 6956655.0 ], [ 64455.0, 6956655.0 ], [ 64445.0, 6956645.0 ], [ 64435.0, 6956645.0 ], [ 64425.0, 6956645.0 ], [ 64415.0, 6956635.0 ], [ 64405.0, 6956635.0 ], [ 64395.0, 6956635.0 ], [ 64385.0, 6956635.0 ], [ 64375.0, 6956635.0 ], [ 64365.0, 6956635.0 ], [ 64355.0, 6956635.0 ], [ 64335.0, 6956635.0 ] ] } },
{ "type": "Feature", "properties": { "_id": 159 }, "geometry": { "type": "LineString", "coordinates": [ [ 64065.0, 6956695.0 ], [ 64075.0, 6956685.0 ], [ 64065.0, 6956675.0 ], [ 64055.0, 6956675.0 ], [ 64045.0, 6956665.0 ], [ 64035.0, 6956665.0 ], [ 64025.0, 6956665.0 ], [ 64015.0, 6956665.0 ], [ 64005.0, 6956655.0 ], [ 63995.0, 6956645.0 ], [ 63995.0, 6956635.0 ], [ 63995.0, 6956625.0 ], [ 63995.0, 6956615.0 ], [ 64005.0, 6956605.0 ], [ 64005.0, 6956595.0 ], [ 64005.0, 6956585.0 ], [ 64005.0, 6956575.0 ], [ 63995.0, 6956565.0 ], [ 63985.0, 6956555.0 ], [ 63935.0, 6956505.0 ] ] } },
{ "type": "Feature", "properties": { "_id": 161 }, "geometry": { "type": "LineString", "coordinates": [ [ 60355.0, 6956675.0 ], [ 60345.0, 6956665.0 ], [ 60335.0, 6956655.0 ], [ 60325.0, 6956645.0 ], [ 60315.0, 6956635.0 ], [ 60305.0, 6956625.0 ], [ 60295.0, 6956625.0 ], [ 60285.0, 6956615.0 ], [ 60275.0, 6956605.0 ], [ 60265.0, 6956595.0 ], [ 60255.0, 6956585.0 ], [ 60245.0, 6956585.0 ], [ 60235.0, 6956575.0 ], [ 60225.0, 6956565.0 ], [ 60215.0, 6956555.0 ], [ 60205.0, 6956555.0 ], [ 60195.0, 6956545.0 ], [ 60185.0, 6956545.0 ], [ 60175.0, 6956535.0 ], [ 60165.0, 6956525.0 ], [ 60155.0, 6956515.0 ], [ 60145.0, 6956515.0 ], [ 60135.0, 6956505.0 ], [ 60125.0, 6956505.0 ], [ 60115.0, 6956495.0 ], [ 60105.0, 6956485.0 ], [ 60095.0, 6956485.0 ], [ 60085.0, 6956475.0 ], [ 60075.0, 6956465.0 ], [ 60065.0, 6956455.0 ], [ 60055.0, 6956445.0 ], [ 60045.0, 6956435.0 ], [ 60035.0, 6956425.0 ], [ 60025.0, 6956415.0 ], [ 60015.0, 6956405.0 ], [ 60005.0, 6956395.0 ], [ 59995.0, 6956385.0 ], [ 59985.0, 6956375.0 ], [ 59975.0, 6956365.0 ], [ 59965.0, 6956355.0 ], [ 59955.0, 6956355.0 ], [ 59945.0, 6956355.0 ], [ 59935.0, 6956355.0 ], [ 59925.0, 6956355.0 ], [ 59915.0, 6956355.0 ], [ 59905.0, 6956355.0 ], [ 59895.0, 6956355.0 ], [ 59885.0, 6956345.0 ], [ 59875.0, 6956335.0 ], [ 59865.0, 6956325.0 ], [ 59855.0, 6956315.0 ], [ 59845.0, 6956305.0 ], [ 59835.0, 6956295.0 ], [ 59825.0, 6956285.0 ], [ 59815.0, 6956275.0 ], [ 59805.0, 6956265.0 ], [ 59795.0, 6956255.0 ], [ 59785.0, 6956245.0 ], [ 59775.0, 6956235.0 ], [ 59765.0, 6956225.0 ], [ 59755.0, 6956215.0 ], [ 59745.0, 6956205.0 ], [ 59735.0, 6956195.0 ], [ 59725.0, 6956185.0 ], [ 59715.0, 6956175.0 ], [ 59705.0, 6956165.0 ], [ 59695.0, 6956155.0 ], [ 59685.0, 6956145.0 ], [ 59675.0, 6956135.0 ], [ 59665.0, 6956125.0 ], [ 59655.0, 6956115.0 ], [ 59645.0, 6956105.0 ], [ 59635.0, 6956085.0 ] ] } },
{ "type": "Feature", "properties": { "_id": 162 }, "geometry": { "type": "LineString", "coordinates": [ [ 64335.0, 6956635.0 ], [ 64315.0, 6956635.0 ], [ 64305.0, 6956635.0 ], [ 64295.0, 6956645.0 ], [ 64285.0, 6956635.0 ], [ 64275.0, 6956635.0 ], [ 64265.0, 6956645.0 ], [ 64255.0, 6956645.0 ], [ 64245.0, 6956635.0 ], [ 64235.0, 6956625.0 ], [ 64235.0, 6956615.0 ], [ 64225.0, 6956605.0 ], [ 64215.0, 6956595.0 ], [ 64205.0, 6956585.0 ], [ 64195.0, 6956585.0 ], [ 64185.0, 6956575.0 ], [ 64175.0, 6956575.0 ], [ 64165.0, 6956575.0 ], [ 64155.0, 6956575.0 ], [ 64145.0, 6956575.0 ], [ 64135.0, 6956565.0 ], [ 64125.0, 6956565.0 ], [ 64115.0, 6956565.0 ], [ 64105.0, 6956565.0 ], [ 64095.0, 6956555.0 ], [ 64085.0, 6956555.0 ], [ 64075.0, 6956545.0 ], [ 64065.0, 6956545.0 ], [ 64055.0, 6956545.0 ], [ 64045.0, 6956535.0 ], [ 64035.0, 6956535.0 ], [ 64025.0, 6956535.0 ], [ 64015.0, 6956535.0 ], [ 64005.0, 6956535.0 ], [ 63995.0, 6956535.0 ], [ 63935.0, 6956505.0 ] ] } },
{ "type": "Feature", "properties": { "_id": 163 }, "geometry": { "type": "LineString", "coordinates": [ [ 66475.0, 6956645.0 ], [ 66465.0, 6956635.0 ], [ 66455.0, 6956635.0 ], [ 66445.0, 6956625.0 ], [ 66435.0, 6956625.0 ], [ 66425.0, 6956615.0 ], [ 66415.0, 6956615.0 ], [ 66405.0, 6956615.0 ], [ 66395.0, 6956605.0 ], [ 66385.0, 6956595.0 ], [ 66375.0, 6956595.0 ], [ 66365.0, 6956585.0 ], [ 66355.0, 6956585.0 ], [ 66345.0, 6956585.0 ], [ 66335.0, 6956575.0 ], [ 66325.0, 6956565.0 ], [ 66315.0, 6956565.0 ], [ 66305.0, 6956565.0 ], [ 66295.0, 6956565.0 ], [ 66285.0, 6956555.0 ], [ 66275.0, 6956555.0 ], [ 66265.0, 6956555.0 ], [ 66255.0, 6956545.0 ], [ 66245.0, 6956545.0 ], [ 66235.0, 6956545.0 ], [ 66225.0, 6956545.0 ], [ 66215.0, 6956535.0 ], [ 66205.0, 6956535.0 ], [ 66195.0, 6956535.0 ], [ 66185.0, 6956525.0 ], [ 66175.0, 6956515.0 ], [ 66165.0, 6956505.0 ], [ 66155.0, 6956495.0 ], [ 66145.0, 6956485.0 ], [ 66135.0, 6956475.0 ], [ 66125.0, 6956465.0 ], [ 66115.0, 6956455.0 ], [ 66105.0, 6956455.0 ], [ 66095.0, 6956455.0 ], [ 66085.0, 6956465.0 ], [ 66075.0, 6956475.0 ], [ 66065.0, 6956475.0 ], [ 66045.0, 6956475.0 ] ] } },
{ "type": "Feature", "properties": { "_id": 166 }, "geometry": { "type": "LineString", "coordinates": [ [ 63935.0, 6956505.0 ], [ 63875.0, 6956465.0 ], [ 63865.0, 6956465.0 ], [ 63855.0, 6956465.0 ], [ 63845.0, 6956465.0 ], [ 63835.0, 6956465.0 ], [ 63825.0, 6956465.0 ], [ 63815.0, 6956465.0 ], [ 63805.0, 6956465.0 ], [ 63795.0, 6956465.0 ], [ 63785.0, 6956465.0 ], [ 63775.0, 6956465.0 ], [ 63765.0, 6956465.0 ], [ 63755.0, 6956465.0 ], [ 63745.0, 6956465.0 ], [ 63735.0, 6956465.0 ], [ 63725.0, 6956465.0 ], [ 63715.0, 6956455.0 ], [ 63705.0, 6956455.0 ], [ 63695.0, 6956455.0 ], [ 63685.0, 6956445.0 ], [ 63675.0, 6956435.0 ], [ 63665.0, 6956435.0 ], [ 63655.0, 6956435.0 ], [ 63645.0, 6956435.0 ], [ 63635.0, 6956435.0 ], [ 63625.0, 6956445.0 ], [ 63615.0, 6956445.0 ], [ 63605.0, 6956445.0 ], [ 63595.0, 6956455.0 ], [ 63585.0, 6956455.0 ], [ 63575.0, 6956455.0 ], [ 63565.0, 6956455.0 ], [ 63555.0, 6956465.0 ], [ 63545.0, 6956465.0 ], [ 63535.0, 6956465.0 ], [ 63525.0, 6956465.0 ], [ 63515.0, 6956465.0 ], [ 63505.0, 6956465.0 ], [ 63495.0, 6956455.0 ], [ 63485.0, 6956445.0 ], [ 63475.0, 6956435.0 ], [ 63465.0, 6956425.0 ], [ 63455.0, 6956415.0 ], [ 63445.0, 6956405.0 ], [ 63435.0, 6956405.0 ], [ 63425.0, 6956395.0 ], [ 63415.0, 6956385.0 ], [ 63405.0, 6956375.0 ], [ 63395.0, 6956365.0 ], [ 63385.0, 6956365.0 ], [ 63375.0, 6956355.0 ], [ 63365.0, 6956345.0 ], [ 63355.0, 6956335.0 ], [ 63345.0, 6956325.0 ], [ 63335.0, 6956325.0 ], [ 63325.0, 6956325.0 ], [ 63315.0, 6956325.0 ], [ 63305.0, 6956335.0 ], [ 63295.0, 6956335.0 ], [ 63285.0, 6956335.0 ], [ 63265.0, 6956335.0 ] ] } },
{ "type": "Feature", "properties": { "_id": 167 }, "geometry": { "type": "LineString", "coordinates": [ [ 63935.0, 6956505.0 ], [ 63895.0, 6956455.0 ], [ 63935.0, 6956505.0 ] ] } },
{ "type": "Feature", "properties": { "_id": 170 }, "geometry": { "type": "LineString", "coordinates": [ [ 61915.0, 6956515.0 ], [ 61895.0, 6956515.0 ], [ 61885.0, 6956515.0 ], [ 61875.0, 6956515.0 ], [ 61865.0, 6956515.0 ], [ 61855.0, 6956515.0 ], [ 61845.0, 6956515.0 ], [ 61835.0, 6956525.0 ], [ 61825.0, 6956525.0 ], [ 61815.0, 6956525.0 ], [ 61805.0, 6956525.0 ], [ 61795.0, 6956525.0 ], [ 61785.0, 6956525.0 ], [ 61775.0, 6956525.0 ], [ 61765.0, 6956525.0 ], [ 61755.0, 6956525.0 ], [ 61745.0, 6956525.0 ], [ 61735.0, 6956525.0 ], [ 61725.0, 6956515.0 ], [ 61715.0, 6956515.0 ], [ 61705.0, 6956505.0 ], [ 61695.0, 6956505.0 ], [ 61685.0, 6956505.0 ], [ 61675.0, 6956495.0 ], [ 61665.0, 6956475.0 ] ] } },
{ "type": "Feature", "properties": { "_id": 171 }, "geometry": { "type": "LineString", "coordinates": [ [ 61915.0, 6956515.0 ], [ 61935.0, 6956515.0 ], [ 61945.0, 6956515.0 ], [ 61955.0, 6956505.0 ], [ 61965.0, 6956505.0 ], [ 61975.0, 6956495.0 ], [ 61985.0, 6956495.0 ], [ 61995.0, 6956495.0 ], [ 62005.0, 6956495.0 ], [ 62015.0, 6956485.0 ], [ 62025.0, 6956485.0 ], [ 62035.0, 6956485.0 ], [ 62045.0, 6956485.0 ], [ 62055.0, 6956485.0 ], [ 62065.0, 6956485.0 ], [ 62075.0, 6956485.0 ], [ 62085.0, 6956485.0 ], [ 62095.0, 6956485.0 ], [ 62105.0, 6956485.0 ], [ 62115.0, 6956485.0 ], [ 62125.0, 6956485.0 ], [ 62135.0, 6956485.0 ], [ 62145.0, 6956485.0 ], [ 62155.0, 6956485.0 ], [ 62165.0, 6956485.0 ], [ 62175.0, 6956485.0 ], [ 62185.0, 6956485.0 ], [ 62195.0, 6956485.0 ], [ 62205.0, 6956485.0 ], [ 62215.0, 6956485.0 ], [ 62225.0, 6956485.0 ], [ 62235.0, 6956485.0 ], [ 62245.0, 6956485.0 ], [ 62255.0, 6956485.0 ] ] } },
{ "type": "Feature", "properties": { "_id": 172 }, "geometry": { "type": "LineString", "coordinates": [ [ 61915.0, 6956515.0 ], [ 61925.0, 6956495.0 ], [ 61935.0, 6956485.0 ], [ 61945.0, 6956475.0 ], [ 61955.0, 6956465.0 ], [ 61965.0, 6956455.0 ], [ 61975.0, 6956445.0 ], [ 61985.0, 6956435.0 ], [ 61995.0, 6956425.0 ], [ 62005.0, 6956415.0 ], [ 62015.0, 6956405.0 ], [ 62025.0, 6956395.0 ], [ 62035.0, 6956385.0 ], [ 62045.0, 6956375.0 ], [ 62055.0, 6956365.0 ], [ 62065.0, 6956355.0 ], [ 62075.0, 6956345.0 ], [ 62085.0, 6956335.0 ], [ 62095.0, 6956325.0 ], [ 62105.0, 6956315.0 ], [ 62115.0, 6956305.0 ], [ 62125.0, 6956295.0 ], [ 62135.0, 6956285.0 ], [ 62145.0, 6956275.0 ], [ 62155.0, 6956265.0 ], [ 62165.0, 6956255.0 ], [ 62175.0, 6956245.0 ], [ 62185.0, 6956235.0 ], [ 62195.0, 6956225.0 ], [ 62205.0, 6956215.0 ], [ 62215.0, 6956205.0 ], [ 62225.0, 6956195.0 ], [ 62235.0, 6956185.0 ], [ 62245.0, 6956175.0 ], [ 62255.0, 6956165.0 ], [ 62265.0, 6956155.0 ], [ 62275.0, 6956145.0 ], [ 62285.0, 6956135.0 ], [ 62295.0, 6956125.0 ], [ 62305.0, 6956115.0 ], [ 62305.0, 6956105.0 ], [ 62305.0, 6956095.0 ], [ 62295.0, 6956085.0 ], [ 62295.0, 6956075.0 ], [ 62305.0, 6956065.0 ], [ 62315.0, 6956055.0 ], [ 62315.0, 6956045.0 ], [ 62315.0, 6956035.0 ], [ 62315.0, 6956025.0 ], [ 62315.0, 6956015.0 ], [ 62325.0, 6956005.0 ], [ 62335.0, 6955995.0 ], [ 62345.0, 6955985.0 ], [ 62355.0, 6955995.0 ], [ 62365.0, 6955995.0 ], [ 62375.0, 6955995.0 ], [ 62385.0, 6955995.0 ], [ 62395.0, 6955985.0 ], [ 62395.0, 6955975.0 ], [ 62405.0, 6955965.0 ], [ 62415.0, 6955955.0 ], [ 62415.0, 6955945.0 ], [ 62425.0, 6955935.0 ], [ 62435.0, 6955935.0 ], [ 62445.0, 6955925.0 ], [ 62455.0, 6955915.0 ], [ 62465.0, 6955915.0 ], [ 62475.0, 6955905.0 ], [ 62485.0, 6955905.0 ], [ 62495.0, 6955895.0 ], [ 62505.0, 6955895.0 ], [ 62515.0, 6955895.0 ], [ 62525.0, 6955895.0 ], [ 62535.0, 6955885.0 ], [ 62545.0, 6955885.0 ], [ 62555.0, 6955885.0 ], [ 62565.0, 6955885.0 ], [ 62575.0, 6955885.0 ], [ 62585.0, 6955875.0 ], [ 62595.0, 6955875.0 ], [ 62605.0, 6955875.0 ], [ 62615.0, 6955875.0 ], [ 62625.0, 6955885.0 ], [ 62635.0, 6955895.0 ], [ 62645.0, 6955895.0 ] ] } },
{ "type": "Feature", "properties": { "_id": 173 }, "geometry": { "type": "LineString", "coordinates": [ [ 61665.0, 6956475.0 ], [ 61645.0, 6956465.0 ], [ 61635.0, 6956465.0 ], [ 61625.0, 6956465.0 ], [ 61615.0, 6956455.0 ], [ 61605.0, 6956445.0 ], [ 61595.0, 6956445.0 ], [ 61585.0, 6956445.0 ], [ 61575.0, 6956445.0 ], [ 61565.0, 6956435.0 ], [ 61555.0, 6956435.0 ], [ 61545.0, 6956435.0 ], [ 61535.0, 6956435.0 ], [ 61525.0, 6956425.0 ], [ 61515.0, 6956425.0 ], [ 61505.0, 6956425.0 ], [ 61495.0, 6956425.0 ], [ 61485.0, 6956415.0 ], [ 61475.0, 6956415.0 ], [ 61465.0, 6956415.0 ], [ 61455.0, 6956415.0 ], [ 61445.0, 6956405.0 ], [ 61435.0, 6956405.0 ], [ 61425.0, 6956405.0 ], [ 61415.0, 6956405.0 ], [ 61405.0, 6956395.0 ], [ 61395.0, 6956395.0 ], [ 61385.0, 6956395.0 ], [ 61375.0, 6956395.0 ], [ 61365.0, 6956395.0 ], [ 61355.0, 6956395.0 ], [ 61345.0, 6956395.0 ], [ 61335.0, 6956385.0 ] ] } },
{ "type": "Feature", "properties": { "_id": 174 }, "geometry": { "type": "LineString", "coordinates": [ [ 61665.0, 6956475.0 ], [ 61685.0, 6956475.0 ], [ 61695.0, 6956475.0 ], [ 61705.0, 6956465.0 ], [ 61715.0, 6956455.0 ], [ 61725.0, 6956445.0 ], [ 61735.0, 6956435.0 ], [ 61745.0, 6956425.0 ], [ 61755.0, 6956415.0 ], [ 61765.0, 6956405.0 ], [ 61775.0, 6956395.0 ], [ 61785.0, 6956385.0 ], [ 61795.0, 6956375.0 ], [ 61805.0, 6956365.0 ], [ 61815.0, 6956355.0 ], [ 61825.0, 6956345.0 ], [ 61835.0, 6956335.0 ], [ 61845.0, 6956325.0 ], [ 61855.0, 6956315.0 ], [ 61865.0, 6956305.0 ], [ 61875.0, 6956295.0 ], [ 61885.0, 6956285.0 ], [ 61895.0, 6956275.0 ], [ 61905.0, 6956265.0 ], [ 61915.0, 6956255.0 ], [ 61925.0, 6956245.0 ], [ 61935.0, 6956235.0 ], [ 61945.0, 6956225.0 ], [ 61955.0, 6956215.0 ], [ 61965.0, 6956205.0 ], [ 61975.0, 6956195.0 ], [ 61985.0, 6956185.0 ], [ 61995.0, 6956175.0 ], [ 62005.0, 6956165.0 ], [ 62015.0, 6956155.0 ], [ 62025.0, 6956145.0 ], [ 62035.0, 6956135.0 ], [ 62045.0, 6956125.0 ], [ 62055.0, 6956115.0 ], [ 62065.0, 6956105.0 ], [ 62075.0, 6956095.0 ], [ 62085.0, 6956085.0 ], [ 62095.0, 6956075.0 ], [ 62105.0, 6956065.0 ], [ 62115.0, 6956055.0 ], [ 62125.0, 6956045.0 ], [ 62125.0, 6956035.0 ], [ 62135.0, 6956025.0 ], [ 62145.0, 6956015.0 ], [ 62145.0, 6956005.0 ], [ 62145.0, 6955995.0 ], [ 62155.0, 6955985.0 ] ] } },
{ "type": "Feature", "properties": { "_id": 175 }, "geometry": { "type": "LineString", "coordinates": [ [ 62255.0, 6956485.0 ], [ 62265.0, 6956475.0 ], [ 62275.0, 6956465.0 ], [ 62285.0, 6956455.0 ], [ 62295.0, 6956445.0 ], [ 62305.0, 6956435.0 ], [ 62315.0, 6956425.0 ], [ 62325.0, 6956415.0 ], [ 62335.0, 6956405.0 ], [ 62345.0, 6956395.0 ], [ 62355.0, 6956395.0 ], [ 62365.0, 6956395.0 ], [ 62375.0, 6956395.0 ], [ 62385.0, 6956395.0 ], [ 62395.0, 6956395.0 ], [ 62405.0, 6956395.0 ], [ 62415.0, 6956395.0 ], [ 62425.0, 6956395.0 ], [ 62435.0, 6956395.0 ], [ 62445.0, 6956395.0 ], [ 62455.0, 6956395.0 ], [ 62465.0, 6956385.0 ], [ 62475.0, 6956375.0 ], [ 62485.0, 6956365.0 ], [ 62495.0, 6956355.0 ], [ 62505.0, 6956355.0 ], [ 62515.0, 6956355.0 ], [ 62525.0, 6956355.0 ], [ 62535.0, 6956355.0 ], [ 62545.0, 6956355.0 ], [ 62555.0, 6956355.0 ], [ 62565.0, 6956355.0 ], [ 62575.0, 6956355.0 ], [ 62585.0, 6956345.0 ], [ 62595.0, 6956345.0 ], [ 62605.0, 6956345.0 ], [ 62615.0, 6956345.0 ], [ 62625.0, 6956345.0 ], [ 62635.0, 6956345.0 ], [ 62645.0, 6956345.0 ], [ 62655.0, 6956345.0 ], [ 62675.0, 6956345.0 ] ] } },
{ "type": "Feature", "properties": { "_id": 176 }, "geometry": { "type": "LineString", "coordinates": [ [ 66045.0, 6956475.0 ], [ 66015.0, 6956485.0 ], [ 66005.0, 6956485.0 ], [ 65995.0, 6956485.0 ], [ 65985.0, 6956485.0 ], [ 65975.0, 6956485.0 ], [ 65965.0, 6956485.0 ], [ 65955.0, 6956485.0 ], [ 65945.0, 6956485.0 ], [ 65935.0, 6956485.0 ], [ 65925.0, 6956485.0 ], [ 65915.0, 6956485.0 ], [ 65905.0, 6956485.0 ], [ 65895.0, 6956485.0 ], [ 65885.0, 6956485.0 ], [ 65875.0, 6956485.0 ], [ 65865.0, 6956485.0 ], [ 65855.0, 6956485.0 ], [ 65845.0, 6956475.0 ], [ 65725.0, 6956405.0 ] ] } },
{ "type": "Feature", "properties": { "_id": 177 }, "geometry": { "type": "LineString", "coordinates": [ [ 65575.0, 6956315.0 ], [ 65595.0, 6956315.0 ], [ 65605.0, 6956315.0 ], [ 65615.0, 6956315.0 ], [ 65725.0, 6956405.0 ] ] } },
{ "type": "Feature", "properties": { "_id": 178 }, "geometry": { "type": "LineString", "coordinates": [ [ 66045.0, 6956475.0 ], [ 66055.0, 6956455.0 ], [ 66065.0, 6956445.0 ], [ 66075.0, 6956435.0 ], [ 66085.0, 6956435.0 ], [ 66095.0, 6956435.0 ], [ 66105.0, 6956435.0 ], [ 66115.0, 6956435.0 ], [ 66125.0, 6956425.0 ] ] } },
{ "type": "Feature", "properties": { "_id": 180 }, "geometry": { "type": "LineString", "coordinates": [ [ 61295.0, 6956385.0 ], [ 61275.0, 6956385.0 ], [ 61265.0, 6956375.0 ], [ 61255.0, 6956375.0 ], [ 61245.0, 6956375.0 ], [ 61235.0, 6956375.0 ], [ 61225.0, 6956375.0 ], [ 61215.0, 6956365.0 ], [ 61205.0, 6956365.0 ], [ 61195.0, 6956365.0 ], [ 61185.0, 6956355.0 ], [ 61175.0, 6956355.0 ], [ 61165.0, 6956355.0 ], [ 61155.0, 6956345.0 ], [ 61145.0, 6956345.0 ], [ 61135.0, 6956345.0 ], [ 61125.0, 6956345.0 ], [ 61115.0, 6956345.0 ], [ 61105.0, 6956345.0 ], [ 61095.0, 6956345.0 ], [ 61335.0, 6956085.0 ] ] } },
{ "type": "Feature", "properties": { "_id": 181 }, "geometry": { "type": "LineString", "coordinates": [ [ 61295.0, 6956385.0 ], [ 61315.0, 6956385.0 ], [ 61325.0, 6956385.0 ], [ 61335.0, 6956385.0 ] ] } },
{ "type": "Feature", "properties": { "_id": 182 }, "geometry": { "type": "LineString", "coordinates": [ [ 61335.0, 6956385.0 ], [ 61345.0, 6956375.0 ], [ 61355.0, 6956365.0 ], [ 61365.0, 6956355.0 ], [ 61375.0, 6956345.0 ], [ 61385.0, 6956335.0 ], [ 61395.0, 6956325.0 ], [ 61405.0, 6956315.0 ], [ 61415.0, 6956305.0 ], [ 61425.0, 6956295.0 ], [ 61435.0, 6956285.0 ], [ 61445.0, 6956275.0 ], [ 61455.0, 6956265.0 ], [ 61465.0, 6956255.0 ], [ 61475.0, 6956245.0 ], [ 61485.0, 6956235.0 ], [ 61495.0, 6956225.0 ], [ 61505.0, 6956215.0 ], [ 61515.0, 6956205.0 ], [ 61525.0, 6956195.0 ], [ 61535.0, 6956185.0 ], [ 61545.0, 6956175.0 ], [ 61555.0, 6956165.0 ], [ 61565.0, 6956155.0 ], [ 61575.0, 6956145.0 ], [ 61585.0, 6956135.0 ], [ 61595.0, 6956125.0 ], [ 61605.0, 6956115.0 ], [ 61615.0, 6956105.0 ], [ 61625.0, 6956095.0 ], [ 61635.0, 6956085.0 ], [ 61645.0, 6956075.0 ], [ 61655.0, 6956065.0 ], [ 61665.0, 6956055.0 ], [ 61675.0, 6956045.0 ], [ 61685.0, 6956035.0 ], [ 61695.0, 6956025.0 ], [ 61705.0, 6956015.0 ], [ 61715.0, 6956005.0 ], [ 61725.0, 6955995.0 ], [ 61735.0, 6955985.0 ], [ 61745.0, 6955975.0 ], [ 61755.0, 6955965.0 ], [ 61765.0, 6955955.0 ], [ 61775.0, 6955945.0 ], [ 61785.0, 6955935.0 ], [ 61795.0, 6955925.0 ], [ 61805.0, 6955915.0 ], [ 61815.0, 6955905.0 ], [ 61825.0, 6955895.0 ], [ 61835.0, 6955885.0 ], [ 61845.0, 6955885.0 ], [ 61855.0, 6955875.0 ], [ 61865.0, 6955865.0 ], [ 61865.0, 6955855.0 ], [ 61875.0, 6955845.0 ], [ 61875.0, 6955835.0 ], [ 61875.0, 6955825.0 ], [ 61875.0, 6955815.0 ], [ 61875.0, 6955805.0 ], [ 61875.0, 6955795.0 ], [ 61885.0, 6955785.0 ], [ 61895.0, 6955775.0 ], [ 61905.0, 6955765.0 ], [ 61915.0, 6955755.0 ], [ 61925.0, 6955745.0 ], [ 61935.0, 6955735.0 ], [ 61945.0, 6955725.0 ], [ 61955.0, 6955715.0 ], [ 61965.0, 6955715.0 ], [ 61975.0, 6955705.0 ], [ 61985.0, 6955695.0 ], [ 61995.0, 6955685.0 ], [ 62005.0, 6955675.0 ], [ 62015.0, 6955665.0 ] ] } },
{ "type": "Feature", "properties": { "_id": 183 }, "geometry": { "type": "LineString", "coordinates": [ [ 62775.0, 6956355.0 ], [ 62755.0, 6956355.0 ], [ 62745.0, 6956355.0 ], [ 62735.0, 6956355.0 ], [ 62725.0, 6956355.0 ], [ 62715.0, 6956355.0 ], [ 62705.0, 6956345.0 ], [ 62695.0, 6956345.0 ], [ 62675.0, 6956345.0 ] ] } },
{ "type": "Feature", "properties": { "_id": 184 }, "geometry": { "type": "LineString", "coordinates": [ [ 62775.0, 6956355.0 ], [ 62795.0, 6956355.0 ], [ 62805.0, 6956355.0 ], [ 62815.0, 6956355.0 ], [ 62825.0, 6956355.0 ], [ 62835.0, 6956355.0 ], [ 62845.0, 6956355.0 ], [ 62855.0, 6956355.0 ], [ 62865.0, 6956355.0 ], [ 62875.0, 6956355.0 ], [ 62885.0, 6956355.0 ], [ 62895.0, 6956355.0 ], [ 62905.0, 6956355.0 ], [ 62915.0, 6956355.0 ], [ 62925.0, 6956355.0 ], [ 62935.0, 6956355.0 ], [ 62945.0, 6956355.0 ], [ 62955.0, 6956355.0 ], [ 62965.0, 6956355.0 ], [ 62975.0, 6956355.0 ], [ 62985.0, 6956355.0 ], [ 62995.0, 6956355.0 ], [ 63005.0, 6956355.0 ], [ 63015.0, 6956355.0 ], [ 63025.0, 6956355.0 ], [ 63035.0, 6956355.0 ], [ 63045.0, 6956355.0 ], [ 63055.0, 6956355.0 ], [ 63065.0, 6956355.0 ], [ 63075.0, 6956355.0 ], [ 63085.0, 6956355.0 ], [ 63095.0, 6956355.0 ], [ 63105.0, 6956355.0 ], [ 63115.0, 6956355.0 ], [ 63125.0, 6956355.0 ], [ 63135.0, 6956345.0 ], [ 63145.0, 6956345.0 ], [ 63155.0, 6956345.0 ], [ 63165.0, 6956345.0 ], [ 63175.0, 6956345.0 ], [ 63185.0, 6956345.0 ], [ 63195.0, 6956345.0 ], [ 63205.0, 6956345.0 ], [ 63215.0, 6956345.0 ], [ 63225.0, 6956345.0 ], [ 63235.0, 6956345.0 ], [ 63245.0, 6956335.0 ], [ 63265.0, 6956335.0 ] ] } },
{ "type": "Feature", "properties": { "_id": 185 }, "geometry": { "type": "LineString", "coordinates": [ [ 64915.0, 6956355.0 ], [ 64895.0, 6956355.0 ], [ 64885.0, 6956355.0 ], [ 64875.0, 6956345.0 ], [ 64865.0, 6956345.0 ], [ 64855.0, 6956345.0 ], [ 64845.0, 6956345.0 ], [ 64835.0, 6956335.0 ], [ 64825.0, 6956335.0 ], [ 64815.0, 6956335.0 ], [ 64805.0, 6956325.0 ], [ 64795.0, 6956325.0 ], [ 64785.0, 6956325.0 ], [ 64775.0, 6956325.0 ], [ 64765.0, 6956325.0 ], [ 64755.0, 6956315.0 ], [ 64745.0, 6956315.0 ], [ 64735.0, 6956315.0 ], [ 64725.0, 6956315.0 ], [ 64715.0, 6956315.0 ], [ 64705.0, 6956315.0 ], [ 64695.0, 6956315.0 ], [ 64685.0, 6956305.0 ], [ 64675.0, 6956295.0 ], [ 64665.0, 6956295.0 ], [ 64655.0, 6956295.0 ], [ 64645.0, 6956295.0 ], [ 64635.0, 6956295.0 ], [ 64625.0, 6956295.0 ], [ 64615.0, 6956295.0 ], [ 64605.0, 6956295.0 ], [ 64595.0, 6956295.0 ], [ 64585.0, 6956295.0 ], [ 64575.0, 6956295.0 ], [ 64565.0, 6956285.0 ], [ 64555.0, 6956285.0 ], [ 64545.0, 6956285.0 ], [ 64535.0, 6956285.0 ], [ 64525.0, 6956285.0 ], [ 64515.0, 6956285.0 ], [ 64505.0, 6956285.0 ], [ 64495.0, 6956285.0 ], [ 64485.0, 6956285.0 ], [ 64475.0, 6956275.0 ], [ 64465.0, 6956265.0 ], [ 64455.0, 6956255.0 ], [ 64445.0, 6956245.0 ], [ 64435.0, 6956235.0 ], [ 64425.0, 6956225.0 ], [ 64415.0, 6956215.0 ], [ 64405.0, 6956215.0 ], [ 64395.0, 6956215.0 ], [ 64385.0, 6956215.0 ], [ 64375.0, 6956215.0 ], [ 64365.0, 6956215.0 ], [ 64355.0, 6956215.0 ], [ 64345.0, 6956215.0 ], [ 64335.0, 6956215.0 ], [ 64325.0, 6956215.0 ], [ 64315.0, 6956215.0 ], [ 64305.0, 6956205.0 ], [ 64295.0, 6956195.0 ], [ 64285.0, 6956185.0 ], [ 64275.0, 6956175.0 ], [ 64265.0, 6956165.0 ], [ 64255.0, 6956155.0 ], [ 64245.0, 6956145.0 ], [ 64235.0, 6956135.0 ] ] } },
{ "type": "Feature", "properties": { "_id": 186 }, "geometry": { "type": "LineString", "coordinates": [ [ 64915.0, 6956355.0 ], [ 64935.0, 6956355.0 ], [ 64945.0, 6956355.0 ], [ 64955.0, 6956355.0 ], [ 64965.0, 6956365.0 ], [ 64975.0, 6956365.0 ], [ 64985.0, 6956365.0 ], [ 64995.0, 6956365.0 ], [ 65005.0, 6956365.0 ], [ 65015.0, 6956365.0 ], [ 65025.0, 6956365.0 ], [ 65035.0, 6956365.0 ], [ 65045.0, 6956365.0 ], [ 65055.0, 6956365.0 ], [ 65065.0, 6956365.0 ], [ 65075.0, 6956365.0 ], [ 65085.0, 6956365.0 ], [ 65095.0, 6956365.0 ], [ 65105.0, 6956365.0 ], [ 65115.0, 6956365.0 ], [ 65125.0, 6956365.0 ], [ 65135.0, 6956365.0 ], [ 65145.0, 6956365.0 ], [ 65155.0, 6956365.0 ], [ 65165.0, 6956365.0 ], [ 65175.0, 6956355.0 ], [ 65185.0, 6956355.0 ], [ 65195.0, 6956355.0 ], [ 65205.0, 6956355.0 ], [ 65215.0, 6956355.0 ], [ 65225.0, 6956355.0 ], [ 65235.0, 6956355.0 ], [ 65245.0, 6956355.0 ], [ 65255.0, 6956355.0 ], [ 65265.0, 6956355.0 ], [ 65275.0, 6956355.0 ], [ 65285.0, 6956355.0 ], [ 65295.0, 6956355.0 ], [ 65305.0, 6956355.0 ], [ 65315.0, 6956355.0 ], [ 65325.0, 6956355.0 ], [ 65335.0, 6956345.0 ], [ 65345.0, 6956345.0 ], [ 65355.0, 6956345.0 ], [ 65365.0, 6956345.0 ], [ 65375.0, 6956345.0 ], [ 65385.0, 6956345.0 ], [ 65395.0, 6956345.0 ], [ 65405.0, 6956345.0 ], [ 65415.0, 6956345.0 ], [ 65425.0, 6956345.0 ], [ 65435.0, 6956345.0 ], [ 65445.0, 6956345.0 ], [ 65455.0, 6956345.0 ], [ 65465.0, 6956345.0 ], [ 65475.0, 6956345.0 ], [ 65485.0, 6956335.0 ], [ 65495.0, 6956335.0 ], [ 65505.0, 6956335.0 ], [ 65515.0, 6956335.0 ], [ 65525.0, 6956325.0 ], [ 65535.0, 6956325.0 ], [ 65545.0, 6956325.0 ], [ 65555.0, 6956325.0 ], [ 65575.0, 6956315.0 ] ] } },
{ "type": "Feature", "properties": { "_id": 187 }, "geometry": { "type": "LineString", "coordinates": [ [ 62675.0, 6956345.0 ], [ 62685.0, 6956325.0 ], [ 62695.0, 6956315.0 ], [ 62705.0, 6956305.0 ], [ 62715.0, 6956295.0 ], [ 62725.0, 6956285.0 ], [ 62735.0, 6956275.0 ], [ 62745.0, 6956265.0 ], [ 62755.0, 6956255.0 ], [ 62765.0, 6956245.0 ], [ 62775.0, 6956235.0 ], [ 62785.0, 6956225.0 ], [ 62795.0, 6956215.0 ], [ 62805.0, 6956205.0 ], [ 62815.0, 6956195.0 ], [ 62825.0, 6956185.0 ], [ 62835.0, 6956175.0 ], [ 62845.0, 6956165.0 ], [ 62855.0, 6956155.0 ], [ 62865.0, 6956145.0 ], [ 62875.0, 6956135.0 ], [ 62885.0, 6956125.0 ], [ 62885.0, 6956115.0 ], [ 62895.0, 6956105.0 ], [ 62895.0, 6956095.0 ], [ 62905.0, 6956085.0 ], [ 62905.0, 6956075.0 ], [ 62905.0, 6956065.0 ], [ 62895.0, 6956055.0 ], [ 62895.0, 6956045.0 ], [ 62895.0, 6956035.0 ], [ 62895.0, 6956025.0 ], [ 62895.0, 6956015.0 ], [ 62885.0, 6956005.0 ], [ 62885.0, 6955995.0 ], [ 62885.0, 6955985.0 ], [ 62885.0, 6955975.0 ], [ 62875.0, 6955965.0 ], [ 62875.0, 6955955.0 ], [ 62865.0, 6955945.0 ], [ 62855.0, 6955935.0 ], [ 62845.0, 6955925.0 ], [ 62845.0, 6955915.0 ], [ 62845.0, 6955905.0 ], [ 62845.0, 6955895.0 ], [ 62845.0, 6955885.0 ], [ 62845.0, 6955875.0 ], [ 62855.0, 6955865.0 ], [ 62855.0, 6955855.0 ], [ 62865.0, 6955845.0 ], [ 62875.0, 6955835.0 ], [ 62875.0, 6955825.0 ], [ 62885.0, 6955815.0 ], [ 62895.0, 6955805.0 ], [ 62905.0, 6955795.0 ], [ 62915.0, 6955785.0 ] ] } },
{ "type": "Feature", "properties": { "_id": 188 }, "geometry": { "type": "LineString", "coordinates": [ [ 61035.0, 6956335.0 ], [ 61015.0, 6956335.0 ], [ 61005.0, 6956325.0 ], [ 60995.0, 6956325.0 ], [ 60985.0, 6956325.0 ], [ 60975.0, 6956325.0 ], [ 60965.0, 6956325.0 ], [ 60955.0, 6956325.0 ], [ 60945.0, 6956315.0 ], [ 60935.0, 6956315.0 ], [ 60915.0, 6956315.0 ] ] } },
{ "type": "Feature", "properties": { "_id": 189 }, "geometry": { "type": "LineString", "coordinates": [ [ 61035.0, 6956335.0 ], [ 61055.0, 6956335.0 ], [ 61335.0, 6956085.0 ] ] } },
{ "type": "Feature", "properties": { "_id": 190 }, "geometry": { "type": "LineString", "coordinates": [ [ 61035.0, 6956335.0 ], [ 61045.0, 6956315.0 ], [ 61055.0, 6956305.0 ], [ 61065.0, 6956295.0 ], [ 61075.0, 6956285.0 ], [ 61085.0, 6956275.0 ], [ 61095.0, 6956265.0 ], [ 61105.0, 6956255.0 ], [ 61115.0, 6956245.0 ], [ 61125.0, 6956235.0 ], [ 61135.0, 6956225.0 ], [ 61145.0, 6956215.0 ], [ 61155.0, 6956205.0 ], [ 61165.0, 6956195.0 ], [ 61175.0, 6956185.0 ], [ 61185.0, 6956175.0 ], [ 61195.0, 6956165.0 ], [ 61205.0, 6956155.0 ], [ 61215.0, 6956145.0 ], [ 61225.0, 6956135.0 ], [ 61235.0, 6956125.0 ], [ 61245.0, 6956115.0 ], [ 61255.0, 6956105.0 ], [ 61265.0, 6956095.0 ], [ 61275.0, 6956085.0 ], [ 61285.0, 6956075.0 ], [ 61295.0, 6956065.0 ], [ 61305.0, 6956055.0 ], [ 61315.0, 6956045.0 ], [ 61325.0, 6956035.0 ], [ 61335.0, 6956025.0 ], [ 61345.0, 6956015.0 ], [ 61355.0, 6956005.0 ], [ 61365.0, 6955995.0 ], [ 61375.0, 6955985.0 ], [ 61385.0, 6955975.0 ], [ 61395.0, 6955965.0 ], [ 61405.0, 6955955.0 ], [ 61415.0, 6955955.0 ], [ 61425.0, 6955945.0 ], [ 61435.0, 6955935.0 ], [ 61445.0, 6955925.0 ], [ 61455.0, 6955925.0 ], [ 61465.0, 6955915.0 ], [ 61475.0, 6955905.0 ], [ 61485.0, 6955895.0 ], [ 61495.0, 6955885.0 ], [ 61505.0, 6955875.0 ], [ 61515.0, 6955865.0 ], [ 61525.0, 6955855.0 ], [ 61535.0, 6955855.0 ], [ 61545.0, 6955845.0 ], [ 61555.0, 6955845.0 ], [ 61565.0, 6955835.0 ], [ 61575.0, 6955825.0 ], [ 61585.0, 6955825.0 ], [ 61595.0, 6955815.0 ], [ 61605.0, 6955805.0 ], [ 61615.0, 6955795.0 ], [ 61615.0, 6955785.0 ] ] } },
{ "type": "Feature", "properties": { "_id": 191 }, "geometry": { "type": "LineString", "coordinates": [ [ 61335.0, 6956085.0 ], [ 61595.0, 6955845.0 ], [ 61335.0, 6956085.0 ] ] } },
{ "type": "Feature", "properties": { "_id": 192 }, "geometry": { "type": "LineString", "coordinates": [ [ 61335.0, 6956085.0 ], [ 61615.0, 6955855.0 ], [ 61625.0, 6955845.0 ], [ 61635.0, 6955835.0 ], [ 61645.0, 6955825.0 ], [ 61655.0, 6955815.0 ], [ 61665.0, 6955805.0 ], [ 61675.0, 6955795.0 ], [ 61685.0, 6955795.0 ], [ 61695.0, 6955785.0 ], [ 61705.0, 6955775.0 ], [ 61715.0, 6955765.0 ], [ 61725.0, 6955755.0 ], [ 61735.0, 6955745.0 ], [ 61735.0, 6955735.0 ], [ 61735.0, 6955725.0 ], [ 61735.0, 6955715.0 ], [ 61745.0, 6955705.0 ], [ 61745.0, 6955695.0 ], [ 61755.0, 6955685.0 ], [ 61765.0, 6955675.0 ], [ 61765.0, 6955665.0 ], [ 61765.0, 6955655.0 ], [ 61765.0, 6955645.0 ], [ 61765.0, 6955635.0 ], [ 61765.0, 6955625.0 ], [ 61765.0, 6955615.0 ], [ 61765.0, 6955605.0 ], [ 61775.0, 6955595.0 ], [ 61775.0, 6955585.0 ], [ 61775.0, 6955575.0 ], [ 61775.0, 6955565.0 ], [ 61775.0, 6955555.0 ], [ 61775.0, 6955545.0 ], [ 61785.0, 6955535.0 ], [ 61795.0, 6955525.0 ], [ 61805.0, 6955515.0 ], [ 61815.0, 6955505.0 ], [ 61825.0, 6955495.0 ], [ 61835.0, 6955485.0 ], [ 61835.0, 6955475.0 ], [ 61845.0, 6955465.0 ], [ 61855.0, 6955455.0 ], [ 61865.0, 6955445.0 ], [ 61875.0, 6955435.0 ], [ 61875.0, 6955425.0 ], [ 61875.0, 6955415.0 ], [ 61885.0, 6955405.0 ], [ 61895.0, 6955395.0 ], [ 61905.0, 6955385.0 ], [ 61905.0, 6955375.0 ], [ 61915.0, 6955365.0 ], [ 61915.0, 6955355.0 ], [ 61925.0, 6955345.0 ], [ 61935.0, 6955335.0 ], [ 61935.0, 6955325.0 ], [ 61945.0, 6955315.0 ], [ 61955.0, 6955315.0 ], [ 61965.0, 6955305.0 ], [ 61975.0, 6955305.0 ], [ 61985.0, 6955295.0 ], [ 61995.0, 6955285.0 ] ] } },
{ "type": "Feature", "properties": { "_id": 193 }, "geometry": { "type": "LineString", "coordinates": [ [ 63265.0, 6956335.0 ], [ 63275.0, 6956315.0 ], [ 63285.0, 6956305.0 ], [ 63295.0, 6956295.0 ], [ 63305.0, 6956285.0 ], [ 63315.0, 6956275.0 ], [ 63325.0, 6956275.0 ], [ 63335.0, 6956265.0 ], [ 63345.0, 6956255.0 ], [ 63355.0, 6956245.0 ], [ 63365.0, 6956245.0 ], [ 63375.0, 6956235.0 ], [ 63385.0, 6956235.0 ], [ 63395.0, 6956225.0 ], [ 63405.0, 6956215.0 ], [ 63415.0, 6956205.0 ], [ 63425.0, 6956195.0 ], [ 63435.0, 6956185.0 ], [ 63445.0, 6956175.0 ], [ 63455.0, 6956165.0 ], [ 63465.0, 6956155.0 ], [ 63475.0, 6956145.0 ], [ 63485.0, 6956135.0 ], [ 63495.0, 6956125.0 ], [ 63505.0, 6956125.0 ], [ 63515.0, 6956125.0 ], [ 63525.0, 6956125.0 ], [ 63545.0, 6956125.0 ] ] } },
{ "type": "Feature", "properties": { "_id": 194 }, "geometry": { "type": "LineString", "coordinates": [ [ 60915.0, 6956315.0 ], [ 60895.0, 6956305.0 ], [ 60885.0, 6956305.0 ], [ 60875.0, 6956305.0 ], [ 60865.0, 6956305.0 ], [ 60855.0, 6956305.0 ], [ 60845.0, 6956305.0 ], [ 60835.0, 6956295.0 ], [ 60825.0, 6956295.0 ], [ 60815.0, 6956295.0 ], [ 60805.0, 6956295.0 ], [ 60795.0, 6956285.0 ], [ 60785.0, 6956285.0 ], [ 60775.0, 6956275.0 ], [ 60765.0, 6956275.0 ], [ 60755.0, 6956275.0 ], [ 60745.0, 6956265.0 ], [ 60735.0, 6956255.0 ], [ 60725.0, 6956245.0 ], [ 60715.0, 6956235.0 ], [ 60705.0, 6956235.0 ], [ 60695.0, 6956235.0 ], [ 60685.0, 6956235.0 ], [ 60675.0, 6956225.0 ], [ 60665.0, 6956225.0 ], [ 60655.0, 6956225.0 ], [ 60645.0, 6956225.0 ], [ 60635.0, 6956225.0 ], [ 60625.0, 6956225.0 ], [ 60615.0, 6956225.0 ], [ 60605.0, 6956215.0 ], [ 60595.0, 6956215.0 ], [ 60585.0, 6956215.0 ], [ 60575.0, 6956215.0 ], [ 60565.0, 6956215.0 ], [ 60555.0, 6956215.0 ], [ 60545.0, 6956215.0 ], [ 60535.0, 6956205.0 ], [ 60525.0, 6956205.0 ], [ 60515.0, 6956205.0 ], [ 60505.0, 6956205.0 ], [ 60495.0, 6956205.0 ], [ 60485.0, 6956205.0 ], [ 60475.0, 6956205.0 ], [ 60465.0, 6956205.0 ], [ 60455.0, 6956205.0 ], [ 60445.0, 6956195.0 ], [ 60435.0, 6956195.0 ], [ 60425.0, 6956195.0 ], [ 60415.0, 6956195.0 ], [ 60405.0, 6956195.0 ], [ 60395.0, 6956195.0 ], [ 60385.0, 6956195.0 ], [ 60375.0, 6956185.0 ], [ 60365.0, 6956185.0 ], [ 60355.0, 6956185.0 ], [ 60345.0, 6956175.0 ], [ 60335.0, 6956175.0 ], [ 60325.0, 6956175.0 ], [ 60315.0, 6956175.0 ], [ 60305.0, 6956175.0 ], [ 60295.0, 6956175.0 ], [ 60285.0, 6956175.0 ], [ 60275.0, 6956175.0 ], [ 60265.0, 6956175.0 ], [ 60255.0, 6956175.0 ], [ 60245.0, 6956175.0 ], [ 60235.0, 6956175.0 ], [ 60225.0, 6956175.0 ], [ 60215.0, 6956175.0 ], [ 60205.0, 6956175.0 ], [ 60195.0, 6956175.0 ], [ 60185.0, 6956175.0 ], [ 60175.0, 6956175.0 ], [ 60165.0, 6956175.0 ], [ 60155.0, 6956175.0 ], [ 60145.0, 6956175.0 ], [ 60135.0, 6956175.0 ], [ 60125.0, 6956175.0 ], [ 60115.0, 6956175.0 ], [ 60105.0, 6956175.0 ], [ 60095.0, 6956175.0 ], [ 60085.0, 6956175.0 ], [ 60075.0, 6956175.0 ], [ 60065.0, 6956165.0 ], [ 60055.0, 6956155.0 ], [ 60045.0, 6956145.0 ], [ 60035.0, 6956125.0 ] ] } },
{ "type": "Feature", "properties": { "_id": 195 }, "geometry": { "type": "LineString", "coordinates": [ [ 60915.0, 6956315.0 ], [ 60925.0, 6956295.0 ], [ 60935.0, 6956285.0 ], [ 60945.0, 6956275.0 ], [ 60955.0, 6956265.0 ], [ 60965.0, 6956255.0 ], [ 60975.0, 6956245.0 ], [ 60985.0, 6956235.0 ], [ 60995.0, 6956225.0 ], [ 61005.0, 6956215.0 ], [ 61015.0, 6956205.0 ], [ 61025.0, 6956195.0 ], [ 61035.0, 6956185.0 ], [ 61045.0, 6956175.0 ], [ 61055.0, 6956165.0 ], [ 61065.0, 6956155.0 ], [ 61075.0, 6956145.0 ], [ 61085.0, 6956135.0 ], [ 61095.0, 6956125.0 ], [ 61105.0, 6956115.0 ], [ 61115.0, 6956105.0 ], [ 61125.0, 6956095.0 ], [ 61135.0, 6956085.0 ], [ 61145.0, 6956075.0 ], [ 61155.0, 6956065.0 ], [ 61165.0, 6956055.0 ], [ 61175.0, 6956045.0 ], [ 61185.0, 6956035.0 ], [ 61195.0, 6956025.0 ], [ 61205.0, 6956015.0 ], [ 61215.0, 6956005.0 ], [ 61225.0, 6955995.0 ], [ 61235.0, 6955985.0 ], [ 61245.0, 6955975.0 ], [ 61255.0, 6955965.0 ], [ 61265.0, 6955955.0 ], [ 61275.0, 6955945.0 ], [ 61285.0, 6955935.0 ], [ 61295.0, 6955925.0 ], [ 61305.0, 6955915.0 ], [ 61315.0, 6955905.0 ], [ 61325.0, 6955895.0 ], [ 61335.0, 6955885.0 ] ] } },
{ "type": "Feature", "properties": { "_id": 196 }, "geometry": { "type": "LineString", "coordinates": [ [ 65575.0, 6956315.0 ], [ 65585.0, 6956295.0 ], [ 65595.0, 6956295.0 ], [ 65605.0, 6956285.0 ], [ 65615.0, 6956285.0 ], [ 65625.0, 6956275.0 ], [ 65635.0, 6956265.0 ], [ 65645.0, 6956255.0 ], [ 65655.0, 6956255.0 ], [ 65665.0, 6956245.0 ], [ 65675.0, 6956245.0 ], [ 65685.0, 6956235.0 ], [ 65695.0, 6956235.0 ], [ 65705.0, 6956225.0 ], [ 65715.0, 6956215.0 ], [ 65725.0, 6956205.0 ], [ 65735.0, 6956205.0 ], [ 65745.0, 6956195.0 ], [ 65755.0, 6956185.0 ], [ 65765.0, 6956175.0 ], [ 65775.0, 6956165.0 ], [ 65785.0, 6956155.0 ], [ 65795.0, 6956145.0 ], [ 65805.0, 6956145.0 ], [ 65815.0, 6956145.0 ], [ 65825.0, 6956145.0 ], [ 65835.0, 6956145.0 ], [ 65845.0, 6956145.0 ], [ 65855.0, 6956145.0 ], [ 65865.0, 6956145.0 ], [ 65875.0, 6956145.0 ], [ 65885.0, 6956145.0 ], [ 65895.0, 6956145.0 ], [ 65905.0, 6956135.0 ], [ 65915.0, 6956135.0 ], [ 65925.0, 6956125.0 ], [ 65935.0, 6956125.0 ], [ 65945.0, 6956115.0 ], [ 65955.0, 6956115.0 ], [ 65965.0, 6956125.0 ], [ 65975.0, 6956135.0 ] ] } },
{ "type": "Feature", "properties": { "_id": 197 }, "geometry": { "type": "LineString", "coordinates": [ [ 59975.0, 6956105.0 ], [ 59955.0, 6956105.0 ], [ 59945.0, 6956105.0 ], [ 59935.0, 6956105.0 ], [ 59925.0, 6956095.0 ], [ 59915.0, 6956095.0 ], [ 59905.0, 6956095.0 ], [ 59895.0, 6956095.0 ], [ 59885.0, 6956095.0 ], [ 59875.0, 6956095.0 ], [ 59865.0, 6956095.0 ], [ 59855.0, 6956095.0 ], [ 59845.0, 6956095.0 ], [ 59835.0, 6956085.0 ], [ 59825.0, 6956085.0 ], [ 59815.0, 6956085.0 ], [ 59805.0, 6956085.0 ], [ 59795.0, 6956085.0 ], [ 59785.0, 6956085.0 ], [ 59775.0, 6956085.0 ], [ 59845.0, 6956195.0 ] ] } },
{ "type": "Feature", "properties": { "_id": 198 }, "geometry": { "type": "LineString", "coordinates": [ [ 59635.0, 6956085.0 ], [ 59655.0, 6956085.0 ], [ 59665.0, 6956085.0 ], [ 59675.0, 6956085.0 ], [ 59685.0, 6956085.0 ], [ 59695.0, 6956085.0 ], [ 59705.0, 6956085.0 ], [ 59715.0, 6956085.0 ], [ 59845.0, 6956195.0 ] ] } },
{ "type": "Feature", "properties": { "_id": 199 }, "geometry": { "type": "LineString", "coordinates": [ [ 57655.0, 6956285.0 ], [ 57645.0, 6956275.0 ], [ 57635.0, 6956265.0 ], [ 57625.0, 6956255.0 ], [ 57615.0, 6956245.0 ], [ 57605.0, 6956235.0 ], [ 57595.0, 6956235.0 ], [ 57585.0, 6956225.0 ], [ 57575.0, 6956215.0 ], [ 57565.0, 6956205.0 ], [ 57555.0, 6956205.0 ], [ 57545.0, 6956195.0 ], [ 57535.0, 6956185.0 ], [ 57525.0, 6956175.0 ], [ 57515.0, 6956175.0 ], [ 57505.0, 6956165.0 ], [ 57495.0, 6956155.0 ], [ 57485.0, 6956155.0 ], [ 57475.0, 6956155.0 ], [ 57465.0, 6956145.0 ], [ 57455.0, 6956145.0 ], [ 57445.0, 6956135.0 ], [ 57435.0, 6956125.0 ], [ 57425.0, 6956125.0 ], [ 57415.0, 6956115.0 ], [ 57405.0, 6956105.0 ], [ 57395.0, 6956095.0 ], [ 57385.0, 6956085.0 ], [ 57375.0, 6956075.0 ], [ 57365.0, 6956075.0 ], [ 57355.0, 6956065.0 ], [ 57345.0, 6956065.0 ], [ 57335.0, 6956055.0 ], [ 57325.0, 6956045.0 ], [ 57315.0, 6956045.0 ], [ 57305.0, 6956035.0 ], [ 57295.0, 6956035.0 ], [ 57285.0, 6956025.0 ], [ 57275.0, 6956025.0 ], [ 57265.0, 6956015.0 ], [ 57255.0, 6956005.0 ], [ 57245.0, 6955995.0 ], [ 57235.0, 6955985.0 ], [ 57225.0, 6955975.0 ], [ 57215.0, 6955965.0 ], [ 57205.0, 6955965.0 ], [ 57195.0, 6955955.0 ], [ 57185.0, 6955945.0 ], [ 57175.0, 6955945.0 ], [ 57165.0, 6955935.0 ], [ 57155.0, 6955925.0 ], [ 57145.0, 6955915.0 ], [ 57135.0, 6955905.0 ], [ 57125.0, 6955895.0 ], [ 57115.0, 6955885.0 ], [ 57105.0, 6955875.0 ], [ 57095.0, 6955865.0 ], [ 57085.0, 6955855.0 ], [ 57075.0, 6955845.0 ], [ 57065.0, 6955845.0 ], [ 57055.0, 6955835.0 ], [ 57045.0, 6955835.0 ], [ 57035.0, 6955825.0 ], [ 57025.0, 6955825.0 ], [ 57015.0, 6955815.0 ], [ 57005.0, 6955805.0 ], [ 56995.0, 6955805.0 ], [ 56985.0, 6955805.0 ], [ 56975.0, 6955805.0 ], [ 56965.0, 6955815.0 ], [ 56955.0, 6955815.0 ], [ 56945.0, 6955815.0 ], [ 56935.0, 6955835.0 ] ] } },
{ "type": "Feature", "properties": { "_id": 201 }, "geometry": { "type": "LineString", "coordinates": [ [ 59285.0, 6956235.0 ], [ 59275.0, 6956225.0 ], [ 59265.0, 6956215.0 ], [ 59255.0, 6956205.0 ], [ 59245.0, 6956195.0 ], [ 59235.0, 6956185.0 ], [ 59225.0, 6956175.0 ], [ 59215.0, 6956165.0 ], [ 59205.0, 6956155.0 ], [ 59195.0, 6956145.0 ] ] } },
{ "type": "Feature", "properties": { "_id": 205 }, "geometry": { "type": "LineString", "coordinates": [ [ 58935.0, 6956155.0 ], [ 58915.0, 6956155.0 ], [ 58905.0, 6956155.0 ], [ 58895.0, 6956155.0 ], [ 58885.0, 6956155.0 ], [ 58875.0, 6956155.0 ], [ 58865.0, 6956155.0 ], [ 58855.0, 6956155.0 ], [ 58845.0, 6956155.0 ], [ 58835.0, 6956155.0 ], [ 58825.0, 6956155.0 ], [ 58815.0, 6956155.0 ], [ 58805.0, 6956155.0 ], [ 58795.0, 6956155.0 ], [ 58785.0, 6956155.0 ], [ 58775.0, 6956155.0 ], [ 58765.0, 6956145.0 ] ] } },
{ "type": "Feature", "properties": { "_id": 206 }, "geometry": { "type": "LineString", "coordinates": [ [ 58935.0, 6956155.0 ], [ 58955.0, 6956155.0 ], [ 58965.0, 6956155.0 ], [ 58975.0, 6956155.0 ], [ 58985.0, 6956155.0 ], [ 58995.0, 6956155.0 ], [ 59005.0, 6956155.0 ], [ 59015.0, 6956155.0 ], [ 59025.0, 6956145.0 ], [ 59035.0, 6956145.0 ], [ 59045.0, 6956145.0 ], [ 59055.0, 6956145.0 ], [ 59065.0, 6956145.0 ], [ 59075.0, 6956145.0 ], [ 59085.0, 6956145.0 ], [ 59095.0, 6956145.0 ], [ 59105.0, 6956145.0 ], [ 59115.0, 6956145.0 ], [ 59125.0, 6956145.0 ], [ 59135.0, 6956145.0 ], [ 59145.0, 6956145.0 ], [ 59155.0, 6956145.0 ], [ 59165.0, 6956145.0 ], [ 59175.0, 6956145.0 ], [ 59195.0, 6956145.0 ] ] } },
{ "type": "Feature", "properties": { "_id": 207 }, "geometry": { "type": "LineString", "coordinates": [ [ 56525.0, 6956155.0 ], [ 56525.0, 6956145.0 ], [ 56525.0, 6956135.0 ], [ 56525.0, 6956125.0 ], [ 56515.0, 6956115.0 ], [ 56505.0, 6956105.0 ], [ 56515.0, 6956095.0 ], [ 56515.0, 6956085.0 ], [ 56515.0, 6956075.0 ], [ 56525.0, 6956065.0 ], [ 56535.0, 6956055.0 ], [ 56545.0, 6956045.0 ], [ 56545.0, 6956035.0 ], [ 56545.0, 6956025.0 ], [ 56545.0, 6956015.0 ], [ 56545.0, 6956005.0 ], [ 56555.0, 6955995.0 ], [ 56565.0, 6955985.0 ], [ 56565.0, 6955975.0 ], [ 56565.0, 6955965.0 ], [ 56565.0, 6955955.0 ], [ 56565.0, 6955945.0 ], [ 56565.0, 6955935.0 ], [ 56565.0, 6955925.0 ], [ 56565.0, 6955915.0 ], [ 56575.0, 6955905.0 ], [ 56585.0, 6955905.0 ], [ 56595.0, 6955905.0 ], [ 56605.0, 6955905.0 ], [ 56615.0, 6955905.0 ], [ 56625.0, 6955895.0 ], [ 56625.0, 6955885.0 ], [ 56615.0, 6955875.0 ], [ 56605.0, 6955865.0 ], [ 56605.0, 6955855.0 ], [ 56595.0, 6955845.0 ], [ 56585.0, 6955835.0 ], [ 56585.0, 6955825.0 ], [ 56585.0, 6955815.0 ], [ 56585.0, 6955805.0 ], [ 56585.0, 6955795.0 ], [ 56585.0, 6955785.0 ], [ 56585.0, 6955775.0 ], [ 56575.0, 6955765.0 ], [ 56575.0, 6955755.0 ], [ 56585.0, 6955745.0 ], [ 56595.0, 6955735.0 ], [ 56605.0, 6955735.0 ], [ 56615.0, 6955725.0 ], [ 56625.0, 6955715.0 ], [ 56635.0, 6955725.0 ], [ 56645.0, 6955725.0 ], [ 56655.0, 6955725.0 ], [ 56665.0, 6955735.0 ], [ 56675.0, 6955735.0 ], [ 56685.0, 6955725.0 ], [ 56695.0, 6955715.0 ], [ 56685.0, 6955705.0 ], [ 56695.0, 6955695.0 ], [ 56695.0, 6955685.0 ], [ 56705.0, 6955665.0 ] ] } },
{ "type": "Feature", "properties": { "_id": 208 }, "geometry": { "type": "LineString", "coordinates": [ [ 56695.0, 6956145.0 ], [ 56705.0, 6956145.0 ], [ 56715.0, 6956135.0 ], [ 56725.0, 6956145.0 ], [ 56735.0, 6956135.0 ], [ 56735.0, 6956125.0 ], [ 56745.0, 6956115.0 ], [ 56755.0, 6956105.0 ], [ 56765.0, 6956105.0 ], [ 56775.0, 6956095.0 ], [ 56785.0, 6956085.0 ], [ 56795.0, 6956075.0 ], [ 56805.0, 6956065.0 ], [ 56815.0, 6956055.0 ], [ 56825.0, 6956045.0 ], [ 56835.0, 6956035.0 ], [ 56835.0, 6956025.0 ], [ 56845.0, 6956015.0 ], [ 56855.0, 6956005.0 ], [ 56865.0, 6955995.0 ], [ 56865.0, 6955985.0 ], [ 56875.0, 6955975.0 ], [ 56885.0, 6955965.0 ], [ 56895.0, 6955955.0 ], [ 56905.0, 6955945.0 ], [ 56915.0, 6955935.0 ], [ 56925.0, 6955925.0 ], [ 56935.0, 6955915.0 ], [ 56945.0, 6955905.0 ], [ 56955.0, 6955895.0 ], [ 56965.0, 6955885.0 ] ] } },
{ "type": "Feature", "properties": { "_id": 209 }, "geometry": { "type": "LineString", "coordinates": [ [ 57165.0, 6956145.0 ], [ 57175.0, 6956145.0 ], [ 57185.0, 6956135.0 ], [ 57195.0, 6956135.0 ], [ 57205.0, 6956125.0 ], [ 57215.0, 6956115.0 ], [ 57225.0, 6956115.0 ], [ 57235.0, 6956105.0 ], [ 57245.0, 6956095.0 ], [ 57255.0, 6956085.0 ], [ 57255.0, 6956075.0 ], [ 57245.0, 6956065.0 ], [ 57235.0, 6956065.0 ], [ 57225.0, 6956055.0 ], [ 57215.0, 6956045.0 ], [ 57205.0, 6956035.0 ], [ 57195.0, 6956025.0 ], [ 57185.0, 6956015.0 ], [ 57175.0, 6956005.0 ], [ 57165.0, 6956005.0 ], [ 57155.0, 6955995.0 ], [ 57145.0, 6955985.0 ], [ 57135.0, 6955985.0 ], [ 57125.0, 6955975.0 ], [ 57115.0, 6955965.0 ], [ 57105.0, 6955955.0 ], [ 57095.0, 6955945.0 ], [ 57085.0, 6955935.0 ], [ 57075.0, 6955925.0 ], [ 57065.0, 6955915.0 ], [ 57055.0, 6955905.0 ], [ 57045.0, 6955895.0 ], [ 57035.0, 6955885.0 ], [ 57025.0, 6955885.0 ], [ 57015.0, 6955875.0 ], [ 57005.0, 6955875.0 ], [ 56995.0, 6955865.0 ], [ 56985.0, 6955865.0 ], [ 56975.0, 6955855.0 ], [ 56965.0, 6955845.0 ], [ 56955.0, 6955835.0 ], [ 56935.0, 6955835.0 ] ] } },
{ "type": "Feature", "properties": { "_id": 210 }, "geometry": { "type": "LineString", "coordinates": [ [ 58765.0, 6956145.0 ], [ 58755.0, 6956145.0 ], [ 58745.0, 6956145.0 ], [ 58735.0, 6956145.0 ], [ 58725.0, 6956145.0 ], [ 58715.0, 6956135.0 ], [ 58705.0, 6956135.0 ], [ 58695.0, 6956135.0 ], [ 58685.0, 6956125.0 ], [ 58675.0, 6956125.0 ], [ 58665.0, 6956125.0 ], [ 58655.0, 6956125.0 ], [ 58645.0, 6956125.0 ], [ 58635.0, 6956115.0 ], [ 58625.0, 6956115.0 ], [ 58615.0, 6956115.0 ], [ 58605.0, 6956115.0 ], [ 58595.0, 6956105.0 ], [ 58585.0, 6956105.0 ], [ 58575.0, 6956105.0 ], [ 58565.0, 6956105.0 ], [ 58555.0, 6956095.0 ], [ 58545.0, 6956095.0 ], [ 58535.0, 6956085.0 ], [ 58525.0, 6956085.0 ], [ 58515.0, 6956075.0 ], [ 58505.0, 6956075.0 ], [ 58495.0, 6956065.0 ], [ 58485.0, 6956065.0 ], [ 58475.0, 6956065.0 ], [ 58465.0, 6956065.0 ], [ 58455.0, 6956065.0 ], [ 58445.0, 6956055.0 ], [ 58435.0, 6956055.0 ], [ 58425.0, 6956055.0 ], [ 58415.0, 6956055.0 ], [ 58405.0, 6956055.0 ], [ 58395.0, 6956055.0 ], [ 58385.0, 6956055.0 ], [ 58365.0, 6956055.0 ] ] } },
{ "type": "Feature", "properties": { "_id": 211 }, "geometry": { "type": "LineString", "coordinates": [ [ 58765.0, 6956145.0 ], [ 58775.0, 6956135.0 ], [ 58785.0, 6956125.0 ], [ 58795.0, 6956115.0 ], [ 58805.0, 6956105.0 ], [ 58815.0, 6956095.0 ], [ 58825.0, 6956085.0 ], [ 58835.0, 6956075.0 ], [ 58845.0, 6956065.0 ], [ 58855.0, 6956055.0 ], [ 58865.0, 6956045.0 ], [ 58875.0, 6956035.0 ], [ 58885.0, 6956025.0 ], [ 58895.0, 6956015.0 ], [ 58905.0, 6956015.0 ], [ 58915.0, 6956005.0 ], [ 58925.0, 6955995.0 ], [ 58935.0, 6955995.0 ], [ 58945.0, 6955985.0 ], [ 58955.0, 6955975.0 ], [ 58965.0, 6955965.0 ], [ 58975.0, 6955955.0 ], [ 58985.0, 6955945.0 ], [ 58995.0, 6955935.0 ], [ 59005.0, 6955925.0 ], [ 59015.0, 6955915.0 ], [ 59025.0, 6955905.0 ], [ 59035.0, 6955895.0 ], [ 59045.0, 6955885.0 ], [ 59055.0, 6955875.0 ], [ 59065.0, 6955865.0 ], [ 59075.0, 6955855.0 ], [ 59085.0, 6955845.0 ], [ 59095.0, 6955835.0 ], [ 59105.0, 6955825.0 ], [ 59115.0, 6955815.0 ], [ 59125.0, 6955805.0 ], [ 59135.0, 6955795.0 ], [ 59145.0, 6955785.0 ], [ 59155.0, 6955775.0 ], [ 59165.0, 6955765.0 ], [ 59175.0, 6955755.0 ], [ 59185.0, 6955745.0 ], [ 59195.0, 6955735.0 ], [ 59205.0, 6955725.0 ], [ 59215.0, 6955715.0 ], [ 59225.0, 6955705.0 ], [ 59235.0, 6955695.0 ], [ 59245.0, 6955685.0 ], [ 59255.0, 6955675.0 ], [ 59265.0, 6955665.0 ], [ 59275.0, 6955655.0 ], [ 59285.0, 6955645.0 ], [ 59295.0, 6955635.0 ], [ 59295.0, 6955625.0 ], [ 59295.0, 6955615.0 ], [ 59295.0, 6955605.0 ], [ 59305.0, 6955595.0 ], [ 59305.0, 6955585.0 ], [ 59305.0, 6955575.0 ], [ 59295.0, 6955565.0 ], [ 59295.0, 6955555.0 ], [ 59285.0, 6955545.0 ], [ 59285.0, 6955535.0 ], [ 59285.0, 6955525.0 ], [ 59285.0, 6955515.0 ], [ 59285.0, 6955505.0 ], [ 59285.0, 6955495.0 ], [ 59285.0, 6955485.0 ], [ 59285.0, 6955475.0 ], [ 59285.0, 6955465.0 ], [ 59295.0, 6955455.0 ], [ 59295.0, 6955445.0 ], [ 59295.0, 6955435.0 ], [ 59305.0, 6955425.0 ], [ 59305.0, 6955415.0 ], [ 59315.0, 6955405.0 ], [ 59315.0, 6955395.0 ], [ 59315.0, 6955385.0 ], [ 59315.0, 6955375.0 ] ] } },
{ "type": "Feature", "properties": { "_id": 212 }, "geometry": { "type": "LineString", "coordinates": [ [ 59195.0, 6956145.0 ], [ 59205.0, 6956125.0 ], [ 59215.0, 6956115.0 ], [ 59225.0, 6956105.0 ], [ 59235.0, 6956105.0 ], [ 59245.0, 6956095.0 ], [ 59255.0, 6956095.0 ], [ 59265.0, 6956095.0 ], [ 59275.0, 6956095.0 ], [ 59285.0, 6956085.0 ], [ 59295.0, 6956085.0 ], [ 59305.0, 6956085.0 ], [ 59315.0, 6956085.0 ], [ 59325.0, 6956085.0 ], [ 59335.0, 6956085.0 ], [ 59345.0, 6956085.0 ], [ 59355.0, 6956085.0 ], [ 59365.0, 6956085.0 ], [ 59375.0, 6956085.0 ], [ 59385.0, 6956085.0 ], [ 59395.0, 6956085.0 ], [ 59405.0, 6956085.0 ], [ 59415.0, 6956085.0 ], [ 59425.0, 6956085.0 ], [ 59435.0, 6956085.0 ], [ 59445.0, 6956085.0 ], [ 59465.0, 6956085.0 ] ] } },
{ "type": "Feature", "properties": { "_id": 213 }, "geometry": { "type": "LineString", "coordinates": [ [ 63545.0, 6956125.0 ], [ 63555.0, 6956145.0 ], [ 63565.0, 6956155.0 ], [ 63575.0, 6956165.0 ], [ 63585.0, 6956175.0 ], [ 63595.0, 6956185.0 ], [ 63605.0, 6956185.0 ], [ 63615.0, 6956195.0 ], [ 63625.0, 6956195.0 ], [ 63635.0, 6956195.0 ], [ 63645.0, 6956195.0 ], [ 63655.0, 6956195.0 ], [ 63665.0, 6956195.0 ], [ 63675.0, 6956195.0 ], [ 63685.0, 6956195.0 ], [ 63695.0, 6956195.0 ], [ 63705.0, 6956195.0 ], [ 63715.0, 6956205.0 ], [ 63725.0, 6956205.0 ], [ 63735.0, 6956205.0 ], [ 63745.0, 6956195.0 ], [ 63755.0, 6956195.0 ], [ 63765.0, 6956195.0 ], [ 63775.0, 6956195.0 ], [ 63785.0, 6956195.0 ], [ 63795.0, 6956195.0 ], [ 63805.0, 6956195.0 ], [ 63815.0, 6956195.0 ], [ 63825.0, 6956195.0 ], [ 63835.0, 6956185.0 ], [ 63845.0, 6956175.0 ], [ 63855.0, 6956165.0 ], [ 63865.0, 6956165.0 ], [ 63875.0, 6956165.0 ], [ 63885.0, 6956165.0 ], [ 63895.0, 6956165.0 ], [ 63905.0, 6956165.0 ], [ 63915.0, 6956165.0 ], [ 63925.0, 6956165.0 ], [ 63935.0, 6956165.0 ], [ 63945.0, 6956165.0 ], [ 63955.0, 6956165.0 ], [ 63965.0, 6956165.0 ], [ 63975.0, 6956165.0 ], [ 63985.0, 6956165.0 ], [ 63995.0, 6956155.0 ], [ 64005.0, 6956155.0 ], [ 64015.0, 6956155.0 ], [ 64025.0, 6956155.0 ], [ 64035.0, 6956155.0 ], [ 64045.0, 6956155.0 ], [ 64055.0, 6956145.0 ], [ 64065.0, 6956145.0 ], [ 64075.0, 6956145.0 ], [ 64085.0, 6956145.0 ], [ 64095.0, 6956145.0 ], [ 64105.0, 6956145.0 ], [ 64115.0, 6956145.0 ], [ 64125.0, 6956145.0 ], [ 64135.0, 6956145.0 ], [ 64145.0, 6956135.0 ], [ 64155.0, 6956135.0 ], [ 64165.0, 6956135.0 ], [ 64175.0, 6956135.0 ], [ 64185.0, 6956135.0 ], [ 64205.0, 6956135.0 ] ] } },
{ "type": "Feature", "properties": { "_id": 214 }, "geometry": { "type": "LineString", "coordinates": [ [ 64205.0, 6956135.0 ], [ 64225.0, 6956135.0 ], [ 64235.0, 6956135.0 ] ] } },
{ "type": "Feature", "properties": { "_id": 215 }, "geometry": { "type": "LineString", "coordinates": [ [ 60035.0, 6956125.0 ], [ 60045.0, 6956125.0 ], [ 60035.0, 6956125.0 ] ] } },
{ "type": "Feature", "properties": { "_id": 216 }, "geometry": { "type": "LineString", "coordinates": [ [ 60035.0, 6956125.0 ], [ 60015.0, 6956125.0 ], [ 60005.0, 6956115.0 ], [ 59995.0, 6956115.0 ], [ 59975.0, 6956105.0 ] ] } },
{ "type": "Feature", "properties": { "_id": 217 }, "geometry": { "type": "LineString", "coordinates": [ [ 63545.0, 6956125.0 ], [ 63565.0, 6956125.0 ], [ 63575.0, 6956125.0 ], [ 63585.0, 6956125.0 ], [ 63595.0, 6956125.0 ], [ 63605.0, 6956125.0 ], [ 63615.0, 6956125.0 ] ] } },
{ "type": "Feature", "properties": { "_id": 218 }, "geometry": { "type": "LineString", "coordinates": [ [ 64235.0, 6956135.0 ], [ 64245.0, 6956125.0 ], [ 64255.0, 6956115.0 ], [ 64265.0, 6956115.0 ], [ 64275.0, 6956115.0 ], [ 64285.0, 6956115.0 ], [ 64295.0, 6956115.0 ], [ 64305.0, 6956115.0 ], [ 64315.0, 6956115.0 ], [ 64325.0, 6956115.0 ], [ 64335.0, 6956115.0 ], [ 64345.0, 6956115.0 ], [ 64355.0, 6956115.0 ], [ 64365.0, 6956115.0 ], [ 64375.0, 6956115.0 ], [ 64385.0, 6956115.0 ], [ 64395.0, 6956115.0 ], [ 64405.0, 6956125.0 ], [ 64415.0, 6956125.0 ], [ 64425.0, 6956115.0 ], [ 64435.0, 6956105.0 ], [ 64445.0, 6956095.0 ], [ 64455.0, 6956085.0 ], [ 64465.0, 6956075.0 ], [ 64475.0, 6956065.0 ], [ 64485.0, 6956055.0 ], [ 64495.0, 6956045.0 ], [ 64505.0, 6956035.0 ], [ 64515.0, 6956025.0 ], [ 64525.0, 6956015.0 ], [ 64535.0, 6956005.0 ], [ 64545.0, 6955995.0 ], [ 64555.0, 6955985.0 ], [ 64565.0, 6955975.0 ], [ 64575.0, 6955975.0 ], [ 64585.0, 6955965.0 ], [ 64595.0, 6955955.0 ], [ 64605.0, 6955955.0 ], [ 64615.0, 6955945.0 ], [ 64625.0, 6955935.0 ], [ 64635.0, 6955925.0 ], [ 64645.0, 6955915.0 ], [ 64655.0, 6955915.0 ], [ 64665.0, 6955915.0 ], [ 64675.0, 6955915.0 ], [ 64685.0, 6955905.0 ], [ 64695.0, 6955895.0 ], [ 64705.0, 6955895.0 ], [ 64715.0, 6955895.0 ], [ 64725.0, 6955885.0 ], [ 64735.0, 6955885.0 ], [ 64745.0, 6955885.0 ], [ 64755.0, 6955875.0 ], [ 64765.0, 6955875.0 ], [ 64775.0, 6955865.0 ], [ 64785.0, 6955855.0 ], [ 64795.0, 6955845.0 ], [ 64795.0, 6955835.0 ], [ 64805.0, 6955825.0 ], [ 64815.0, 6955825.0 ], [ 64825.0, 6955815.0 ], [ 64835.0, 6955805.0 ], [ 64835.0, 6955795.0 ], [ 64845.0, 6955785.0 ], [ 64855.0, 6955775.0 ], [ 64855.0, 6955765.0 ], [ 64855.0, 6955755.0 ], [ 64855.0, 6955745.0 ], [ 64855.0, 6955735.0 ], [ 64855.0, 6955725.0 ], [ 64855.0, 6955715.0 ], [ 64855.0, 6955705.0 ], [ 64855.0, 6955695.0 ], [ 64855.0, 6955685.0 ], [ 64855.0, 6955675.0 ], [ 64865.0, 6955665.0 ] ] } },
{ "type": "Feature", "properties": { "_id": 219 }, "geometry": { "type": "LineString", "coordinates": [ [ 59975.0, 6956105.0 ], [ 59985.0, 6956085.0 ], [ 59995.0, 6956075.0 ], [ 60005.0, 6956065.0 ], [ 60015.0, 6956055.0 ], [ 60025.0, 6956045.0 ], [ 60035.0, 6956035.0 ], [ 60045.0, 6956025.0 ], [ 60055.0, 6956015.0 ], [ 60065.0, 6956005.0 ], [ 60075.0, 6955995.0 ], [ 60085.0, 6955985.0 ], [ 60095.0, 6955975.0 ], [ 60105.0, 6955965.0 ], [ 60115.0, 6955955.0 ], [ 60125.0, 6955945.0 ], [ 60135.0, 6955935.0 ], [ 60145.0, 6955925.0 ], [ 60155.0, 6955915.0 ], [ 60165.0, 6955905.0 ], [ 60175.0, 6955895.0 ], [ 60185.0, 6955885.0 ], [ 60195.0, 6955875.0 ], [ 60205.0, 6955865.0 ], [ 60215.0, 6955855.0 ], [ 60225.0, 6955845.0 ], [ 60235.0, 6955835.0 ], [ 60245.0, 6955825.0 ], [ 60255.0, 6955815.0 ], [ 60265.0, 6955805.0 ], [ 60275.0, 6955795.0 ], [ 60285.0, 6955785.0 ], [ 60295.0, 6955775.0 ], [ 60305.0, 6955765.0 ], [ 60315.0, 6955755.0 ], [ 60325.0, 6955745.0 ], [ 60325.0, 6955735.0 ], [ 60335.0, 6955725.0 ], [ 60345.0, 6955715.0 ], [ 60355.0, 6955705.0 ], [ 60365.0, 6955695.0 ], [ 60375.0, 6955695.0 ], [ 60385.0, 6955685.0 ], [ 60385.0, 6955675.0 ], [ 60395.0, 6955665.0 ], [ 60395.0, 6955655.0 ], [ 60395.0, 6955645.0 ], [ 60405.0, 6955635.0 ], [ 60405.0, 6955625.0 ], [ 60405.0, 6955615.0 ], [ 60405.0, 6955605.0 ], [ 60405.0, 6955595.0 ], [ 60405.0, 6955585.0 ], [ 60405.0, 6955575.0 ], [ 60415.0, 6955565.0 ], [ 60415.0, 6955555.0 ], [ 60425.0, 6955545.0 ], [ 60435.0, 6955535.0 ], [ 60445.0, 6955535.0 ], [ 60455.0, 6955525.0 ], [ 60465.0, 6955515.0 ], [ 60475.0, 6955505.0 ], [ 60485.0, 6955495.0 ], [ 60495.0, 6955495.0 ], [ 60505.0, 6955485.0 ], [ 60515.0, 6955475.0 ], [ 60525.0, 6955465.0 ], [ 60535.0, 6955455.0 ], [ 60545.0, 6955445.0 ], [ 60545.0, 6955435.0 ], [ 60555.0, 6955425.0 ], [ 60555.0, 6955415.0 ], [ 60565.0, 6955405.0 ], [ 60575.0, 6955395.0 ], [ 60575.0, 6955385.0 ], [ 60585.0, 6955375.0 ], [ 60595.0, 6955365.0 ], [ 60605.0, 6955365.0 ], [ 60615.0, 6955355.0 ], [ 60625.0, 6955345.0 ], [ 60635.0, 6955345.0 ], [ 60645.0, 6955335.0 ], [ 60655.0, 6955325.0 ], [ 60665.0, 6955315.0 ], [ 60675.0, 6955305.0 ], [ 60685.0, 6955295.0 ], [ 60685.0, 6955285.0 ], [ 60685.0, 6955275.0 ], [ 60695.0, 6955265.0 ], [ 60705.0, 6955255.0 ], [ 60715.0, 6955245.0 ], [ 60725.0, 6955235.0 ], [ 60735.0, 6955235.0 ], [ 60745.0, 6955225.0 ], [ 60755.0, 6955225.0 ], [ 60765.0, 6955225.0 ], [ 60775.0, 6955215.0 ], [ 60785.0, 6955215.0 ], [ 60795.0, 6955205.0 ], [ 60805.0, 6955195.0 ], [ 60815.0, 6955185.0 ], [ 60815.0, 6955175.0 ], [ 60815.0, 6955165.0 ], [ 60825.0, 6955155.0 ], [ 60835.0, 6955145.0 ], [ 60845.0, 6955145.0 ], [ 60855.0, 6955135.0 ], [ 60855.0, 6955125.0 ], [ 60865.0, 6955115.0 ], [ 60875.0, 6955105.0 ], [ 60875.0, 6955095.0 ], [ 60885.0, 6955085.0 ], [ 60895.0, 6955075.0 ], [ 60905.0, 6955075.0 ], [ 60915.0, 6955085.0 ], [ 60925.0, 6955085.0 ], [ 60935.0, 6955075.0 ], [ 60945.0, 6955065.0 ], [ 60955.0, 6955055.0 ], [ 60965.0, 6955045.0 ], [ 60975.0, 6955035.0 ], [ 60985.0, 6955025.0 ], [ 60985.0, 6955015.0 ], [ 60985.0, 6955005.0 ], [ 60995.0, 6954995.0 ], [ 61005.0, 6954985.0 ], [ 61005.0, 6954975.0 ], [ 61005.0, 6954965.0 ], [ 61005.0, 6954955.0 ], [ 61005.0, 6954945.0 ], [ 61005.0, 6954935.0 ], [ 61005.0, 6954925.0 ], [ 60995.0, 6954915.0 ], [ 60995.0, 6954905.0 ], [ 60995.0, 6954895.0 ], [ 60995.0, 6954885.0 ], [ 60995.0, 6954875.0 ], [ 60995.0, 6954865.0 ], [ 60985.0, 6954855.0 ], [ 60975.0, 6954845.0 ], [ 60965.0, 6954835.0 ], [ 60955.0, 6954825.0 ], [ 60955.0, 6954815.0 ], [ 60955.0, 6954805.0 ], [ 60945.0, 6954795.0 ], [ 60945.0, 6954785.0 ], [ 60935.0, 6954775.0 ], [ 60935.0, 6954765.0 ], [ 60925.0, 6954755.0 ], [ 60915.0, 6954745.0 ], [ 60915.0, 6954735.0 ], [ 60915.0, 6954725.0 ], [ 60915.0, 6954715.0 ], [ 60915.0, 6954705.0 ], [ 60905.0, 6954695.0 ], [ 60895.0, 6954685.0 ] ] } },
{ "type": "Feature", "properties": { "_id": 220 }, "geometry": { "type": "LineString", "coordinates": [ [ 59465.0, 6956085.0 ], [ 59485.0, 6956085.0 ], [ 59495.0, 6956085.0 ], [ 59505.0, 6956085.0 ], [ 59515.0, 6956085.0 ], [ 59525.0, 6956085.0 ], [ 59535.0, 6956085.0 ], [ 59545.0, 6956085.0 ], [ 59555.0, 6956085.0 ], [ 59565.0, 6956085.0 ], [ 59575.0, 6956085.0 ], [ 59585.0, 6956085.0 ], [ 59595.0, 6956085.0 ], [ 59605.0, 6956085.0 ], [ 59615.0, 6956085.0 ], [ 59635.0, 6956085.0 ] ] } },
{ "type": "Feature", "properties": { "_id": 221 }, "geometry": { "type": "LineString", "coordinates": [ [ 59465.0, 6956085.0 ], [ 59475.0, 6956065.0 ], [ 59485.0, 6956055.0 ], [ 59495.0, 6956045.0 ], [ 59505.0, 6956035.0 ], [ 59515.0, 6956025.0 ], [ 59525.0, 6956015.0 ], [ 59535.0, 6956005.0 ], [ 59545.0, 6955995.0 ], [ 59555.0, 6955985.0 ], [ 59565.0, 6955975.0 ], [ 59575.0, 6955965.0 ], [ 59585.0, 6955955.0 ], [ 59595.0, 6955945.0 ], [ 59605.0, 6955935.0 ], [ 59615.0, 6955925.0 ], [ 59625.0, 6955915.0 ], [ 59635.0, 6955905.0 ], [ 59645.0, 6955895.0 ], [ 59655.0, 6955885.0 ], [ 59665.0, 6955875.0 ], [ 59675.0, 6955865.0 ], [ 59685.0, 6955855.0 ], [ 59695.0, 6955845.0 ], [ 59705.0, 6955835.0 ], [ 59715.0, 6955825.0 ], [ 59725.0, 6955815.0 ], [ 59735.0, 6955805.0 ], [ 59745.0, 6955795.0 ], [ 59755.0, 6955785.0 ], [ 59765.0, 6955775.0 ], [ 59775.0, 6955765.0 ], [ 59785.0, 6955755.0 ], [ 59795.0, 6955745.0 ], [ 59805.0, 6955735.0 ], [ 59815.0, 6955725.0 ], [ 59825.0, 6955715.0 ], [ 59835.0, 6955705.0 ], [ 59835.0, 6955695.0 ], [ 59835.0, 6955685.0 ], [ 59835.0, 6955675.0 ], [ 59835.0, 6955665.0 ], [ 59835.0, 6955655.0 ], [ 59835.0, 6955645.0 ], [ 59835.0, 6955635.0 ], [ 59835.0, 6955625.0 ], [ 59835.0, 6955615.0 ], [ 59835.0, 6955605.0 ], [ 59835.0, 6955595.0 ], [ 59835.0, 6955585.0 ], [ 59835.0, 6955575.0 ], [ 59835.0, 6955565.0 ], [ 59835.0, 6955555.0 ], [ 59835.0, 6955545.0 ], [ 59835.0, 6955535.0 ], [ 59835.0, 6955525.0 ], [ 59835.0, 6955515.0 ], [ 59835.0, 6955505.0 ], [ 59835.0, 6955495.0 ], [ 59835.0, 6955485.0 ], [ 59835.0, 6955475.0 ], [ 59835.0, 6955465.0 ], [ 59835.0, 6955455.0 ], [ 59835.0, 6955445.0 ], [ 59835.0, 6955435.0 ] ] } },
{ "type": "Feature", "properties": { "_id": 224 }, "geometry": { "type": "LineString", "coordinates": [ [ 58365.0, 6956055.0 ], [ 58345.0, 6956055.0 ], [ 58335.0, 6956055.0 ], [ 58325.0, 6956055.0 ], [ 58315.0, 6956055.0 ], [ 58305.0, 6956055.0 ], [ 58295.0, 6956045.0 ] ] } },
{ "type": "Feature", "properties": { "_id": 225 }, "geometry": { "type": "LineString", "coordinates": [ [ 55335.0, 6956055.0 ], [ 55335.0, 6956045.0 ], [ 55335.0, 6956035.0 ], [ 55345.0, 6956025.0 ], [ 55345.0, 6956015.0 ], [ 55345.0, 6956005.0 ], [ 55345.0, 6955995.0 ], [ 55345.0, 6955985.0 ], [ 55355.0, 6955975.0 ], [ 55365.0, 6955975.0 ], [ 55375.0, 6955965.0 ], [ 55375.0, 6955955.0 ], [ 55385.0, 6955945.0 ], [ 55395.0, 6955935.0 ], [ 55405.0, 6955925.0 ], [ 55415.0, 6955915.0 ], [ 55425.0, 6955905.0 ], [ 55435.0, 6955895.0 ], [ 55445.0, 6955885.0 ], [ 55445.0, 6955875.0 ], [ 55445.0, 6955865.0 ], [ 55455.0, 6955855.0 ], [ 55455.0, 6955845.0 ], [ 55465.0, 6955835.0 ], [ 55475.0, 6955825.0 ], [ 55485.0, 6955815.0 ], [ 55495.0, 6955805.0 ], [ 55505.0, 6955795.0 ], [ 55515.0, 6955795.0 ], [ 55525.0, 6955785.0 ], [ 55535.0, 6955775.0 ], [ 55545.0, 6955775.0 ], [ 55555.0, 6955785.0 ], [ 55565.0, 6955775.0 ], [ 55565.0, 6955765.0 ], [ 55555.0, 6955755.0 ], [ 55555.0, 6955745.0 ], [ 55565.0, 6955735.0 ], [ 55575.0, 6955725.0 ], [ 55585.0, 6955715.0 ], [ 55595.0, 6955705.0 ], [ 55595.0, 6955695.0 ], [ 55595.0, 6955685.0 ], [ 55595.0, 6955675.0 ], [ 55605.0, 6955665.0 ] ] } },
{ "type": "Feature", "properties": { "_id": 226 }, "geometry": { "type": "LineString", "coordinates": [ [ 58295.0, 6956045.0 ], [ 58275.0, 6956045.0 ], [ 58265.0, 6956045.0 ], [ 58255.0, 6956045.0 ], [ 58245.0, 6956045.0 ], [ 58235.0, 6956045.0 ], [ 58225.0, 6956035.0 ], [ 58215.0, 6956035.0 ], [ 58205.0, 6956035.0 ], [ 58195.0, 6956035.0 ], [ 58185.0, 6956035.0 ], [ 58175.0, 6956025.0 ], [ 58165.0, 6956025.0 ], [ 58155.0, 6956025.0 ], [ 58145.0, 6956015.0 ], [ 58135.0, 6956015.0 ], [ 58125.0, 6956015.0 ], [ 58115.0, 6956015.0 ], [ 58105.0, 6956015.0 ], [ 58095.0, 6956015.0 ], [ 58085.0, 6956005.0 ], [ 58075.0, 6956005.0 ], [ 58065.0, 6956005.0 ], [ 58055.0, 6955995.0 ], [ 58045.0, 6955985.0 ], [ 58035.0, 6955985.0 ], [ 58025.0, 6955985.0 ], [ 58015.0, 6955975.0 ], [ 58005.0, 6955975.0 ], [ 57995.0, 6955965.0 ], [ 57985.0, 6955965.0 ], [ 57975.0, 6955955.0 ], [ 57965.0, 6955955.0 ], [ 57955.0, 6955955.0 ], [ 57945.0, 6955945.0 ], [ 57935.0, 6955945.0 ], [ 57925.0, 6955935.0 ], [ 57915.0, 6955925.0 ], [ 57905.0, 6955925.0 ], [ 57895.0, 6955915.0 ], [ 57885.0, 6955915.0 ], [ 57875.0, 6955915.0 ], [ 57865.0, 6955915.0 ], [ 57855.0, 6955915.0 ], [ 57845.0, 6955915.0 ], [ 57835.0, 6955915.0 ], [ 57825.0, 6955915.0 ], [ 57815.0, 6955915.0 ], [ 57805.0, 6955915.0 ], [ 57795.0, 6955905.0 ], [ 57785.0, 6955905.0 ], [ 57775.0, 6955905.0 ], [ 57765.0, 6955905.0 ], [ 57755.0, 6955905.0 ], [ 57745.0, 6955905.0 ], [ 57735.0, 6955905.0 ], [ 57725.0, 6955905.0 ], [ 57715.0, 6955895.0 ], [ 57705.0, 6955895.0 ], [ 57695.0, 6955885.0 ], [ 57685.0, 6955875.0 ], [ 57675.0, 6955875.0 ], [ 57665.0, 6955865.0 ], [ 57655.0, 6955865.0 ], [ 57645.0, 6955865.0 ], [ 57635.0, 6955865.0 ], [ 57625.0, 6955865.0 ], [ 57615.0, 6955865.0 ], [ 57605.0, 6955865.0 ], [ 57595.0, 6955865.0 ], [ 57585.0, 6955865.0 ], [ 57575.0, 6955865.0 ], [ 57565.0, 6955865.0 ], [ 57555.0, 6955865.0 ], [ 57545.0, 6955865.0 ], [ 57535.0, 6955855.0 ], [ 57525.0, 6955855.0 ], [ 57515.0, 6955855.0 ], [ 57505.0, 6955855.0 ], [ 57495.0, 6955845.0 ], [ 57485.0, 6955845.0 ], [ 57475.0, 6955845.0 ], [ 57465.0, 6955845.0 ], [ 57455.0, 6955845.0 ], [ 57445.0, 6955835.0 ] ] } },
{ "type": "Feature", "properties": { "_id": 227 }, "geometry": { "type": "LineString", "coordinates": [ [ 58295.0, 6956045.0 ], [ 58305.0, 6956025.0 ], [ 58315.0, 6956015.0 ], [ 58325.0, 6956005.0 ], [ 58335.0, 6955995.0 ], [ 58345.0, 6955985.0 ], [ 58355.0, 6955975.0 ], [ 58365.0, 6955965.0 ], [ 58375.0, 6955955.0 ], [ 58385.0, 6955945.0 ], [ 58395.0, 6955935.0 ], [ 58405.0, 6955925.0 ], [ 58415.0, 6955915.0 ], [ 58425.0, 6955905.0 ], [ 58435.0, 6955895.0 ], [ 58445.0, 6955885.0 ], [ 58455.0, 6955875.0 ], [ 58465.0, 6955865.0 ], [ 58475.0, 6955855.0 ], [ 58485.0, 6955845.0 ], [ 58495.0, 6955835.0 ], [ 58505.0, 6955825.0 ], [ 58515.0, 6955815.0 ], [ 58525.0, 6955805.0 ], [ 58535.0, 6955795.0 ], [ 58545.0, 6955785.0 ], [ 58555.0, 6955775.0 ], [ 58565.0, 6955765.0 ], [ 58575.0, 6955755.0 ], [ 58585.0, 6955745.0 ], [ 58595.0, 6955735.0 ], [ 58605.0, 6955725.0 ], [ 58615.0, 6955725.0 ], [ 58625.0, 6955715.0 ], [ 58635.0, 6955705.0 ], [ 58645.0, 6955705.0 ], [ 58655.0, 6955695.0 ], [ 58665.0, 6955685.0 ], [ 58675.0, 6955675.0 ], [ 58685.0, 6955675.0 ], [ 58695.0, 6955665.0 ], [ 58705.0, 6955655.0 ], [ 58715.0, 6955645.0 ], [ 58725.0, 6955645.0 ], [ 58735.0, 6955635.0 ], [ 58745.0, 6955625.0 ], [ 58755.0, 6955615.0 ], [ 58765.0, 6955615.0 ], [ 58775.0, 6955605.0 ], [ 58785.0, 6955595.0 ], [ 58795.0, 6955585.0 ], [ 58805.0, 6955585.0 ], [ 58815.0, 6955575.0 ], [ 58815.0, 6955565.0 ], [ 58815.0, 6955555.0 ], [ 58815.0, 6955545.0 ], [ 58815.0, 6955535.0 ], [ 58815.0, 6955525.0 ], [ 58815.0, 6955515.0 ], [ 58815.0, 6955505.0 ], [ 58815.0, 6955495.0 ], [ 58805.0, 6955485.0 ], [ 58805.0, 6955475.0 ], [ 58805.0, 6955465.0 ], [ 58805.0, 6955455.0 ], [ 58805.0, 6955445.0 ], [ 58805.0, 6955435.0 ], [ 58805.0, 6955425.0 ], [ 58805.0, 6955415.0 ], [ 58805.0, 6955405.0 ], [ 58805.0, 6955395.0 ], [ 58805.0, 6955385.0 ], [ 58805.0, 6955375.0 ], [ 58805.0, 6955365.0 ], [ 58795.0, 6955355.0 ], [ 58795.0, 6955345.0 ], [ 58795.0, 6955335.0 ], [ 58795.0, 6955325.0 ], [ 58795.0, 6955315.0 ], [ 58795.0, 6955305.0 ], [ 58785.0, 6955295.0 ], [ 58785.0, 6955285.0 ], [ 58785.0, 6955275.0 ], [ 58785.0, 6955265.0 ], [ 58785.0, 6955255.0 ], [ 58785.0, 6955245.0 ], [ 58785.0, 6955235.0 ], [ 58785.0, 6955225.0 ], [ 58785.0, 6955215.0 ], [ 58785.0, 6955205.0 ], [ 58795.0, 6955195.0 ], [ 58795.0, 6955185.0 ], [ 58805.0, 6955175.0 ], [ 58805.0, 6955165.0 ], [ 58805.0, 6955155.0 ], [ 58805.0, 6955145.0 ], [ 58805.0, 6955135.0 ], [ 58805.0, 6955125.0 ], [ 58805.0, 6955115.0 ], [ 58805.0, 6955105.0 ], [ 58805.0, 6955095.0 ], [ 58815.0, 6955085.0 ], [ 58815.0, 6955075.0 ], [ 58825.0, 6955065.0 ], [ 58835.0, 6955055.0 ], [ 58835.0, 6955045.0 ], [ 58845.0, 6955035.0 ], [ 58855.0, 6955025.0 ], [ 58865.0, 6955015.0 ], [ 58875.0, 6955005.0 ], [ 58885.0, 6954995.0 ], [ 58895.0, 6954995.0 ], [ 58905.0, 6954985.0 ], [ 58915.0, 6954975.0 ], [ 58925.0, 6954975.0 ], [ 58935.0, 6954965.0 ], [ 58945.0, 6954955.0 ], [ 58945.0, 6954945.0 ] ] } },
{ "type": "Feature", "properties": { "_id": 228 }, "geometry": { "type": "LineString", "coordinates": [ [ 54815.0, 6955965.0 ], [ 54825.0, 6955965.0 ], [ 54835.0, 6955965.0 ], [ 54845.0, 6955965.0 ], [ 54855.0, 6955965.0 ], [ 54865.0, 6955965.0 ], [ 54875.0, 6955965.0 ], [ 54885.0, 6955965.0 ], [ 54895.0, 6955955.0 ], [ 54895.0, 6955945.0 ], [ 54905.0, 6955935.0 ], [ 54915.0, 6955935.0 ], [ 54925.0, 6955935.0 ], [ 54935.0, 6955935.0 ], [ 54945.0, 6955925.0 ], [ 54945.0, 6955915.0 ], [ 54945.0, 6955905.0 ], [ 54945.0, 6955895.0 ], [ 54945.0, 6955885.0 ], [ 54945.0, 6955875.0 ], [ 54955.0, 6955865.0 ], [ 54965.0, 6955865.0 ], [ 54975.0, 6955865.0 ], [ 54985.0, 6955865.0 ], [ 54995.0, 6955865.0 ], [ 55005.0, 6955865.0 ], [ 55015.0, 6955865.0 ], [ 55025.0, 6955855.0 ], [ 55035.0, 6955845.0 ], [ 55045.0, 6955835.0 ], [ 55055.0, 6955845.0 ], [ 55065.0, 6955835.0 ], [ 55065.0, 6955825.0 ], [ 55065.0, 6955815.0 ], [ 55065.0, 6955805.0 ], [ 55055.0, 6955795.0 ], [ 55055.0, 6955785.0 ], [ 55065.0, 6955775.0 ], [ 55075.0, 6955765.0 ], [ 55075.0, 6955755.0 ], [ 55075.0, 6955745.0 ], [ 55075.0, 6955735.0 ], [ 55085.0, 6955725.0 ], [ 55085.0, 6955715.0 ], [ 55085.0, 6955705.0 ], [ 55085.0, 6955695.0 ], [ 55085.0, 6955685.0 ], [ 55085.0, 6955675.0 ], [ 55095.0, 6955665.0 ], [ 55095.0, 6955655.0 ], [ 55095.0, 6955645.0 ], [ 55095.0, 6955635.0 ], [ 55095.0, 6955625.0 ], [ 55095.0, 6955615.0 ], [ 55095.0, 6955605.0 ], [ 55105.0, 6955595.0 ], [ 55105.0, 6955585.0 ], [ 55105.0, 6955575.0 ], [ 55105.0, 6955565.0 ], [ 55105.0, 6955555.0 ], [ 55105.0, 6955545.0 ], [ 55105.0, 6955535.0 ], [ 55105.0, 6955525.0 ], [ 55095.0, 6955515.0 ], [ 55105.0, 6955505.0 ], [ 55105.0, 6955495.0 ], [ 55105.0, 6955485.0 ], [ 55115.0, 6955475.0 ], [ 55115.0, 6955465.0 ], [ 55115.0, 6955455.0 ], [ 55115.0, 6955445.0 ], [ 55115.0, 6955435.0 ], [ 55115.0, 6955425.0 ], [ 55115.0, 6955415.0 ], [ 55115.0, 6955405.0 ], [ 55115.0, 6955395.0 ], [ 55125.0, 6955385.0 ], [ 55135.0, 6955375.0 ], [ 55135.0, 6955365.0 ], [ 55145.0, 6955355.0 ], [ 55155.0, 6955345.0 ], [ 55155.0, 6955335.0 ], [ 55145.0, 6955325.0 ], [ 55145.0, 6955315.0 ], [ 55145.0, 6955295.0 ] ] } },
{ "type": "Feature", "properties": { "_id": 229 }, "geometry": { "type": "LineString", "coordinates": [ [ 57025.0, 6955935.0 ], [ 57015.0, 6955925.0 ], [ 57005.0, 6955915.0 ], [ 56995.0, 6955905.0 ], [ 56985.0, 6955895.0 ], [ 56965.0, 6955885.0 ] ] } },
{ "type": "Feature", "properties": { "_id": 230 }, "geometry": { "type": "LineString", "coordinates": [ [ 56965.0, 6955885.0 ], [ 56955.0, 6955865.0 ], [ 56945.0, 6955855.0 ], [ 56935.0, 6955835.0 ] ] } },
{ "type": "Feature", "properties": { "_id": 231 }, "geometry": { "type": "LineString", "coordinates": [ [ 56935.0, 6955835.0 ], [ 56915.0, 6955825.0 ], [ 56905.0, 6955805.0 ] ] } },
{ "type": "Feature", "properties": { "_id": 232 }, "geometry": { "type": "LineString", "coordinates": [ [ 57305.0, 6955835.0 ], [ 57285.0, 6955835.0 ], [ 57275.0, 6955825.0 ], [ 57265.0, 6955825.0 ], [ 57255.0, 6955825.0 ], [ 57245.0, 6955825.0 ], [ 57235.0, 6955825.0 ], [ 57225.0, 6955825.0 ], [ 57185.0, 6955815.0 ] ] } },
{ "type": "Feature", "properties": { "_id": 233 }, "geometry": { "type": "LineString", "coordinates": [ [ 57305.0, 6955835.0 ], [ 57325.0, 6955835.0 ], [ 57335.0, 6955835.0 ], [ 57345.0, 6955835.0 ], [ 57355.0, 6955835.0 ], [ 57365.0, 6955835.0 ], [ 57375.0, 6955835.0 ], [ 57385.0, 6955835.0 ], [ 57395.0, 6955835.0 ], [ 57405.0, 6955835.0 ], [ 57415.0, 6955835.0 ], [ 57425.0, 6955835.0 ], [ 57435.0, 6955835.0 ], [ 57445.0, 6955835.0 ] ] } },
{ "type": "Feature", "properties": { "_id": 234 }, "geometry": { "type": "LineString", "coordinates": [ [ 57445.0, 6955835.0 ], [ 57455.0, 6955825.0 ], [ 57465.0, 6955815.0 ], [ 57475.0, 6955805.0 ], [ 57485.0, 6955795.0 ], [ 57495.0, 6955785.0 ], [ 57505.0, 6955775.0 ], [ 57515.0, 6955765.0 ], [ 57525.0, 6955755.0 ], [ 57535.0, 6955745.0 ], [ 57545.0, 6955735.0 ], [ 57555.0, 6955725.0 ], [ 57565.0, 6955715.0 ], [ 57575.0, 6955705.0 ], [ 57585.0, 6955695.0 ], [ 57595.0, 6955695.0 ], [ 57605.0, 6955685.0 ], [ 57615.0, 6955675.0 ], [ 57625.0, 6955665.0 ], [ 57635.0, 6955655.0 ], [ 57645.0, 6955645.0 ], [ 57655.0, 6955635.0 ], [ 57665.0, 6955625.0 ], [ 57675.0, 6955615.0 ], [ 57685.0, 6955605.0 ], [ 57695.0, 6955595.0 ], [ 57705.0, 6955585.0 ], [ 57715.0, 6955585.0 ], [ 57725.0, 6955575.0 ], [ 57735.0, 6955575.0 ], [ 57745.0, 6955565.0 ], [ 57755.0, 6955565.0 ], [ 57765.0, 6955555.0 ], [ 57775.0, 6955555.0 ], [ 57785.0, 6955545.0 ], [ 57795.0, 6955535.0 ], [ 57805.0, 6955525.0 ], [ 57815.0, 6955515.0 ], [ 57825.0, 6955505.0 ], [ 57835.0, 6955495.0 ], [ 57845.0, 6955485.0 ], [ 57855.0, 6955485.0 ], [ 57865.0, 6955475.0 ], [ 57875.0, 6955475.0 ], [ 57885.0, 6955465.0 ], [ 57895.0, 6955465.0 ], [ 57905.0, 6955455.0 ], [ 57915.0, 6955445.0 ] ] } },
{ "type": "Feature", "properties": { "_id": 235 }, "geometry": { "type": "LineString", "coordinates": [ [ 57185.0, 6955815.0 ], [ 57155.0, 6955815.0 ], [ 57145.0, 6955815.0 ], [ 57135.0, 6955805.0 ], [ 57125.0, 6955805.0 ], [ 57115.0, 6955805.0 ], [ 57105.0, 6955805.0 ], [ 57095.0, 6955795.0 ], [ 57085.0, 6955795.0 ], [ 57075.0, 6955795.0 ], [ 57065.0, 6955785.0 ], [ 57055.0, 6955785.0 ], [ 57045.0, 6955785.0 ], [ 57035.0, 6955785.0 ], [ 57025.0, 6955785.0 ], [ 57015.0, 6955785.0 ], [ 57005.0, 6955785.0 ], [ 56995.0, 6955785.0 ], [ 56985.0, 6955785.0 ], [ 56975.0, 6955785.0 ], [ 56965.0, 6955785.0 ], [ 56955.0, 6955785.0 ], [ 56945.0, 6955795.0 ], [ 56935.0, 6955795.0 ], [ 56925.0, 6955795.0 ], [ 56905.0, 6955805.0 ] ] } },
{ "type": "Feature", "properties": { "_id": 236 }, "geometry": { "type": "LineString", "coordinates": [ [ 57185.0, 6955815.0 ], [ 57215.0, 6955795.0 ], [ 57225.0, 6955785.0 ], [ 57235.0, 6955775.0 ], [ 57245.0, 6955765.0 ], [ 57255.0, 6955755.0 ], [ 57265.0, 6955745.0 ], [ 57275.0, 6955735.0 ], [ 57285.0, 6955725.0 ], [ 57295.0, 6955715.0 ], [ 57305.0, 6955705.0 ], [ 57315.0, 6955695.0 ], [ 57325.0, 6955685.0 ], [ 57335.0, 6955675.0 ], [ 57345.0, 6955665.0 ], [ 57355.0, 6955655.0 ], [ 57365.0, 6955655.0 ], [ 57375.0, 6955645.0 ], [ 57385.0, 6955635.0 ], [ 57395.0, 6955625.0 ], [ 57405.0, 6955615.0 ], [ 57415.0, 6955605.0 ], [ 57425.0, 6955595.0 ], [ 57435.0, 6955585.0 ], [ 57445.0, 6955585.0 ], [ 57455.0, 6955575.0 ] ] } },
{ "type": "Feature", "properties": { "_id": 237 }, "geometry": { "type": "LineString", "coordinates": [ [ 56905.0, 6955805.0 ], [ 56885.0, 6955795.0 ], [ 56875.0, 6955785.0 ], [ 56865.0, 6955775.0 ], [ 56855.0, 6955765.0 ], [ 56845.0, 6955755.0 ], [ 56835.0, 6955745.0 ], [ 56825.0, 6955725.0 ] ] } },
{ "type": "Feature", "properties": { "_id": 239 }, "geometry": { "type": "LineString", "coordinates": [ [ 56825.0, 6955725.0 ], [ 56805.0, 6955715.0 ], [ 56795.0, 6955715.0 ], [ 56785.0, 6955705.0 ], [ 56775.0, 6955695.0 ], [ 56765.0, 6955685.0 ], [ 56755.0, 6955675.0 ], [ 56745.0, 6955665.0 ], [ 56735.0, 6955655.0 ], [ 56725.0, 6955665.0 ], [ 56705.0, 6955665.0 ] ] } },
{ "type": "Feature", "properties": { "_id": 240 }, "geometry": { "type": "LineString", "coordinates": [ [ 56825.0, 6955725.0 ], [ 56845.0, 6955715.0 ], [ 56855.0, 6955715.0 ], [ 56865.0, 6955715.0 ], [ 56875.0, 6955705.0 ], [ 56885.0, 6955705.0 ], [ 56895.0, 6955705.0 ], [ 56905.0, 6955705.0 ], [ 56915.0, 6955705.0 ], [ 56925.0, 6955705.0 ], [ 56935.0, 6955705.0 ], [ 56945.0, 6955705.0 ], [ 56955.0, 6955705.0 ], [ 56965.0, 6955695.0 ], [ 56975.0, 6955685.0 ], [ 56985.0, 6955685.0 ], [ 56995.0, 6955675.0 ], [ 57005.0, 6955675.0 ], [ 57015.0, 6955665.0 ], [ 57025.0, 6955655.0 ], [ 57035.0, 6955645.0 ], [ 57045.0, 6955635.0 ], [ 57055.0, 6955625.0 ], [ 57065.0, 6955615.0 ], [ 57075.0, 6955605.0 ], [ 57085.0, 6955595.0 ], [ 57095.0, 6955585.0 ], [ 57105.0, 6955585.0 ], [ 57115.0, 6955575.0 ], [ 57125.0, 6955565.0 ], [ 57135.0, 6955555.0 ], [ 57145.0, 6955545.0 ], [ 57145.0, 6955535.0 ], [ 57145.0, 6955525.0 ], [ 57135.0, 6955515.0 ], [ 57125.0, 6955505.0 ], [ 57125.0, 6955495.0 ], [ 57125.0, 6955485.0 ], [ 57125.0, 6955475.0 ], [ 57115.0, 6955465.0 ], [ 57095.0, 6955435.0 ] ] } },
{ "type": "Feature", "properties": { "_id": 242 }, "geometry": { "type": "LineString", "coordinates": [ [ 56705.0, 6955665.0 ], [ 56685.0, 6955655.0 ], [ 56675.0, 6955645.0 ], [ 56665.0, 6955645.0 ], [ 56655.0, 6955655.0 ], [ 56645.0, 6955655.0 ], [ 56635.0, 6955645.0 ], [ 56625.0, 6955645.0 ], [ 56615.0, 6955645.0 ], [ 56605.0, 6955645.0 ], [ 56595.0, 6955635.0 ], [ 56595.0, 6955625.0 ], [ 56585.0, 6955615.0 ], [ 56575.0, 6955625.0 ], [ 56565.0, 6955625.0 ], [ 56555.0, 6955625.0 ], [ 56545.0, 6955625.0 ], [ 56535.0, 6955625.0 ], [ 56525.0, 6955625.0 ], [ 56515.0, 6955625.0 ], [ 56505.0, 6955635.0 ], [ 56495.0, 6955635.0 ], [ 56475.0, 6955635.0 ] ] } },
{ "type": "Feature", "properties": { "_id": 243 }, "geometry": { "type": "LineString", "coordinates": [ [ 55605.0, 6955665.0 ], [ 55615.0, 6955675.0 ], [ 55625.0, 6955685.0 ], [ 55635.0, 6955695.0 ], [ 55645.0, 6955705.0 ], [ 55655.0, 6955715.0 ], [ 55665.0, 6955725.0 ], [ 55675.0, 6955735.0 ], [ 55685.0, 6955735.0 ], [ 55695.0, 6955735.0 ], [ 55705.0, 6955735.0 ], [ 55715.0, 6955735.0 ], [ 55725.0, 6955735.0 ], [ 55735.0, 6955735.0 ], [ 55745.0, 6955725.0 ], [ 55755.0, 6955715.0 ], [ 55765.0, 6955715.0 ], [ 55775.0, 6955705.0 ], [ 55785.0, 6955695.0 ], [ 55795.0, 6955685.0 ], [ 55805.0, 6955675.0 ], [ 55815.0, 6955665.0 ], [ 55835.0, 6955655.0 ] ] } },
{ "type": "Feature", "properties": { "_id": 244 }, "geometry": { "type": "LineString", "coordinates": [ [ 55605.0, 6955665.0 ], [ 55605.0, 6955655.0 ], [ 55595.0, 6955645.0 ], [ 55585.0, 6955635.0 ], [ 55575.0, 6955625.0 ], [ 55565.0, 6955615.0 ], [ 55555.0, 6955605.0 ], [ 55545.0, 6955595.0 ], [ 55535.0, 6955585.0 ], [ 55525.0, 6955575.0 ], [ 55525.0, 6955565.0 ], [ 55515.0, 6955555.0 ], [ 55505.0, 6955555.0 ], [ 55495.0, 6955545.0 ], [ 55485.0, 6955535.0 ], [ 55475.0, 6955535.0 ], [ 55465.0, 6955525.0 ], [ 55455.0, 6955525.0 ], [ 55445.0, 6955515.0 ], [ 55435.0, 6955505.0 ], [ 55435.0, 6955495.0 ], [ 55425.0, 6955485.0 ], [ 55415.0, 6955475.0 ], [ 55415.0, 6955465.0 ], [ 55405.0, 6955455.0 ], [ 55395.0, 6955445.0 ], [ 55385.0, 6955445.0 ], [ 55375.0, 6955445.0 ], [ 55365.0, 6955445.0 ], [ 55355.0, 6955445.0 ], [ 55345.0, 6955445.0 ], [ 55335.0, 6955435.0 ], [ 55335.0, 6955425.0 ], [ 55325.0, 6955415.0 ], [ 55315.0, 6955405.0 ], [ 55305.0, 6955395.0 ], [ 55295.0, 6955395.0 ], [ 55285.0, 6955395.0 ], [ 55275.0, 6955405.0 ], [ 55265.0, 6955405.0 ], [ 55255.0, 6955405.0 ], [ 55245.0, 6955395.0 ], [ 55235.0, 6955385.0 ], [ 55225.0, 6955375.0 ], [ 55235.0, 6955365.0 ], [ 55245.0, 6955355.0 ], [ 55245.0, 6955345.0 ], [ 55255.0, 6955335.0 ], [ 55255.0, 6955325.0 ], [ 55255.0, 6955315.0 ], [ 55255.0, 6955305.0 ], [ 55245.0, 6955295.0 ], [ 55235.0, 6955285.0 ], [ 55225.0, 6955275.0 ], [ 55215.0, 6955285.0 ], [ 55205.0, 6955285.0 ], [ 55195.0, 6955285.0 ], [ 55185.0, 6955295.0 ], [ 55175.0, 6955295.0 ], [ 55165.0, 6955295.0 ], [ 55145.0, 6955295.0 ] ] } },
{ "type": "Feature", "properties": { "_id": 245 }, "geometry": { "type": "LineString", "coordinates": [ [ 55835.0, 6955655.0 ], [ 55855.0, 6955655.0 ], [ 55865.0, 6955655.0 ], [ 55875.0, 6955665.0 ], [ 55885.0, 6955675.0 ], [ 55895.0, 6955675.0 ], [ 55905.0, 6955675.0 ], [ 55915.0, 6955675.0 ], [ 55925.0, 6955665.0 ], [ 55935.0, 6955665.0 ], [ 55945.0, 6955655.0 ], [ 55955.0, 6955655.0 ], [ 55965.0, 6955655.0 ], [ 55975.0, 6955655.0 ], [ 55985.0, 6955645.0 ], [ 55995.0, 6955645.0 ], [ 56005.0, 6955635.0 ], [ 56015.0, 6955635.0 ], [ 56025.0, 6955625.0 ], [ 56035.0, 6955615.0 ], [ 56045.0, 6955615.0 ], [ 56055.0, 6955605.0 ], [ 56065.0, 6955605.0 ], [ 56075.0, 6955605.0 ], [ 56085.0, 6955605.0 ], [ 56095.0, 6955605.0 ], [ 56105.0, 6955615.0 ], [ 56115.0, 6955615.0 ], [ 56125.0, 6955615.0 ], [ 56135.0, 6955625.0 ], [ 56145.0, 6955625.0 ], [ 56155.0, 6955635.0 ], [ 56165.0, 6955635.0 ], [ 56175.0, 6955635.0 ], [ 56185.0, 6955635.0 ], [ 56195.0, 6955635.0 ], [ 56205.0, 6955635.0 ], [ 56215.0, 6955635.0 ], [ 56225.0, 6955635.0 ], [ 56235.0, 6955645.0 ], [ 56245.0, 6955655.0 ], [ 56255.0, 6955655.0 ], [ 56265.0, 6955655.0 ], [ 56275.0, 6955655.0 ], [ 56285.0, 6955655.0 ], [ 56295.0, 6955655.0 ], [ 56305.0, 6955655.0 ], [ 56315.0, 6955655.0 ], [ 56325.0, 6955655.0 ], [ 56335.0, 6955655.0 ], [ 56345.0, 6955655.0 ], [ 56355.0, 6955645.0 ], [ 56365.0, 6955645.0 ], [ 56375.0, 6955645.0 ], [ 56385.0, 6955645.0 ], [ 56395.0, 6955645.0 ], [ 56405.0, 6955645.0 ], [ 56415.0, 6955645.0 ], [ 56425.0, 6955645.0 ], [ 56435.0, 6955635.0 ], [ 56445.0, 6955635.0 ], [ 56455.0, 6955635.0 ], [ 56475.0, 6955635.0 ] ] } },
{ "type": "Feature", "properties": { "_id": 246 }, "geometry": { "type": "LineString", "coordinates": [ [ 55835.0, 6955655.0 ], [ 55845.0, 6955635.0 ], [ 55855.0, 6955625.0 ], [ 55865.0, 6955615.0 ], [ 55875.0, 6955605.0 ], [ 55885.0, 6955595.0 ], [ 55875.0, 6955585.0 ], [ 55875.0, 6955575.0 ], [ 55865.0, 6955565.0 ], [ 55855.0, 6955555.0 ], [ 55855.0, 6955545.0 ], [ 55845.0, 6955535.0 ], [ 55835.0, 6955525.0 ], [ 55825.0, 6955515.0 ], [ 55825.0, 6955505.0 ], [ 55825.0, 6955495.0 ], [ 55825.0, 6955485.0 ], [ 55835.0, 6955475.0 ], [ 55835.0, 6955465.0 ], [ 55835.0, 6955455.0 ], [ 55825.0, 6955445.0 ], [ 55815.0, 6955435.0 ], [ 55805.0, 6955425.0 ], [ 55805.0, 6955415.0 ], [ 55805.0, 6955405.0 ], [ 55805.0, 6955395.0 ], [ 55805.0, 6955385.0 ], [ 55815.0, 6955375.0 ], [ 55825.0, 6955365.0 ], [ 55825.0, 6955355.0 ], [ 55825.0, 6955345.0 ], [ 55825.0, 6955335.0 ], [ 55825.0, 6955325.0 ], [ 55825.0, 6955315.0 ], [ 55825.0, 6955305.0 ], [ 55825.0, 6955285.0 ] ] } },
{ "type": "Feature", "properties": { "_id": 247 }, "geometry": { "type": "LineString", "coordinates": [ [ 56475.0, 6955635.0 ], [ 56475.0, 6955615.0 ], [ 56475.0, 6955605.0 ], [ 56465.0, 6955595.0 ], [ 56465.0, 6955585.0 ], [ 56475.0, 6955575.0 ], [ 56475.0, 6955565.0 ], [ 56485.0, 6955555.0 ], [ 56495.0, 6955545.0 ], [ 56505.0, 6955535.0 ], [ 56515.0, 6955525.0 ], [ 56525.0, 6955515.0 ], [ 56525.0, 6955505.0 ], [ 56515.0, 6955495.0 ], [ 56515.0, 6955485.0 ], [ 56515.0, 6955475.0 ], [ 56515.0, 6955465.0 ], [ 56515.0, 6955455.0 ], [ 56515.0, 6955445.0 ], [ 56515.0, 6955435.0 ], [ 56525.0, 6955425.0 ], [ 56525.0, 6955415.0 ], [ 56525.0, 6955405.0 ], [ 56525.0, 6955395.0 ], [ 56535.0, 6955385.0 ], [ 56545.0, 6955375.0 ], [ 56555.0, 6955365.0 ], [ 56555.0, 6955355.0 ], [ 56555.0, 6955345.0 ], [ 56555.0, 6955335.0 ], [ 56555.0, 6955325.0 ], [ 56555.0, 6955315.0 ], [ 56555.0, 6955305.0 ], [ 56565.0, 6955295.0 ], [ 56565.0, 6955285.0 ], [ 56565.0, 6955275.0 ], [ 56565.0, 6955265.0 ], [ 56565.0, 6955255.0 ], [ 56565.0, 6955245.0 ] ] } },
{ "type": "Feature", "properties": { "_id": 249 }, "geometry": { "type": "LineString", "coordinates": [ [ 54025.0, 6955585.0 ], [ 54025.0, 6955575.0 ], [ 54035.0, 6955565.0 ], [ 54025.0, 6955555.0 ], [ 54025.0, 6955545.0 ], [ 54025.0, 6955535.0 ], [ 54035.0, 6955525.0 ], [ 54035.0, 6955515.0 ], [ 54035.0, 6955505.0 ], [ 54045.0, 6955495.0 ], [ 54055.0, 6955485.0 ], [ 54055.0, 6955475.0 ], [ 54055.0, 6955465.0 ], [ 54055.0, 6955455.0 ], [ 54055.0, 6955445.0 ], [ 54065.0, 6955435.0 ], [ 54075.0, 6955425.0 ], [ 54075.0, 6955415.0 ], [ 54085.0, 6955405.0 ], [ 54095.0, 6955395.0 ], [ 54085.0, 6955385.0 ], [ 54075.0, 6955375.0 ], [ 54065.0, 6955365.0 ], [ 54055.0, 6955355.0 ], [ 54045.0, 6955345.0 ], [ 54035.0, 6955335.0 ], [ 54025.0, 6955325.0 ], [ 54015.0, 6955315.0 ], [ 54005.0, 6955305.0 ], [ 53995.0, 6955295.0 ], [ 53985.0, 6955285.0 ], [ 53975.0, 6955275.0 ], [ 53965.0, 6955265.0 ], [ 53955.0, 6955255.0 ], [ 53945.0, 6955245.0 ], [ 53935.0, 6955235.0 ], [ 53925.0, 6955225.0 ], [ 53915.0, 6955215.0 ], [ 53905.0, 6955205.0 ], [ 53895.0, 6955195.0 ], [ 53885.0, 6955185.0 ], [ 53875.0, 6955175.0 ], [ 53865.0, 6955165.0 ], [ 53855.0, 6955155.0 ], [ 53845.0, 6955145.0 ], [ 53835.0, 6955135.0 ], [ 53825.0, 6955125.0 ], [ 53815.0, 6955115.0 ], [ 53805.0, 6955105.0 ], [ 53795.0, 6955095.0 ], [ 53785.0, 6955085.0 ], [ 53775.0, 6955075.0 ], [ 53765.0, 6955065.0 ], [ 53755.0, 6955055.0 ], [ 53745.0, 6955045.0 ], [ 53735.0, 6955035.0 ], [ 53725.0, 6955025.0 ], [ 53715.0, 6955015.0 ], [ 53705.0, 6955005.0 ], [ 53695.0, 6954995.0 ], [ 53685.0, 6954985.0 ], [ 53675.0, 6954975.0 ], [ 53665.0, 6954975.0 ] ] } },
{ "type": "Feature", "properties": { "_id": 251 }, "geometry": { "type": "LineString", "coordinates": [ [ 57095.0, 6955435.0 ], [ 57135.0, 6955435.0 ], [ 57145.0, 6955425.0 ], [ 57155.0, 6955415.0 ], [ 57155.0, 6955405.0 ], [ 57155.0, 6955395.0 ], [ 57155.0, 6955385.0 ], [ 57165.0, 6955375.0 ], [ 57175.0, 6955365.0 ], [ 57185.0, 6955355.0 ], [ 57185.0, 6955345.0 ], [ 57185.0, 6955335.0 ], [ 57195.0, 6955325.0 ], [ 57205.0, 6955315.0 ], [ 57215.0, 6955305.0 ], [ 57225.0, 6955305.0 ], [ 57235.0, 6955295.0 ], [ 57245.0, 6955285.0 ], [ 57255.0, 6955275.0 ], [ 57265.0, 6955265.0 ], [ 57265.0, 6955255.0 ], [ 57275.0, 6955245.0 ], [ 57285.0, 6955235.0 ], [ 57295.0, 6955225.0 ], [ 57295.0, 6955215.0 ], [ 57305.0, 6955205.0 ], [ 57315.0, 6955195.0 ], [ 57325.0, 6955185.0 ], [ 57335.0, 6955175.0 ], [ 57345.0, 6955165.0 ], [ 57355.0, 6955155.0 ], [ 57355.0, 6955145.0 ], [ 57365.0, 6955135.0 ], [ 57375.0, 6955125.0 ], [ 57385.0, 6955115.0 ], [ 57395.0, 6955105.0 ], [ 57405.0, 6955095.0 ], [ 57405.0, 6955085.0 ], [ 57415.0, 6955075.0 ], [ 57415.0, 6955065.0 ], [ 57415.0, 6955055.0 ], [ 57425.0, 6955045.0 ], [ 57435.0, 6955035.0 ], [ 57445.0, 6955025.0 ], [ 57455.0, 6955015.0 ], [ 57465.0, 6955005.0 ], [ 57475.0, 6954995.0 ], [ 57485.0, 6954985.0 ], [ 57495.0, 6954985.0 ], [ 57505.0, 6954985.0 ], [ 57515.0, 6954985.0 ], [ 57525.0, 6954985.0 ], [ 57535.0, 6954985.0 ], [ 57545.0, 6954975.0 ], [ 57555.0, 6954965.0 ], [ 57565.0, 6954955.0 ], [ 57575.0, 6954945.0 ], [ 57585.0, 6954935.0 ], [ 57585.0, 6954925.0 ], [ 57595.0, 6954915.0 ], [ 57605.0, 6954905.0 ], [ 57605.0, 6954895.0 ], [ 57615.0, 6954885.0 ], [ 57625.0, 6954875.0 ], [ 57625.0, 6954865.0 ], [ 57635.0, 6954855.0 ], [ 57635.0, 6954845.0 ], [ 57645.0, 6954835.0 ], [ 57645.0, 6954825.0 ], [ 57645.0, 6954815.0 ], [ 57645.0, 6954805.0 ], [ 57655.0, 6954795.0 ], [ 57665.0, 6954785.0 ], [ 57665.0, 6954775.0 ], [ 57675.0, 6954765.0 ], [ 57675.0, 6954755.0 ], [ 57675.0, 6954745.0 ], [ 57685.0, 6954735.0 ], [ 57695.0, 6954715.0 ] ] } },
{ "type": "Feature", "properties": { "_id": 252 }, "geometry": { "type": "LineString", "coordinates": [ [ 57095.0, 6955435.0 ], [ 57055.0, 6955435.0 ], [ 57045.0, 6955425.0 ], [ 57035.0, 6955415.0 ], [ 57025.0, 6955425.0 ], [ 57015.0, 6955425.0 ], [ 57005.0, 6955425.0 ], [ 56995.0, 6955415.0 ], [ 56985.0, 6955415.0 ], [ 56975.0, 6955415.0 ], [ 56965.0, 6955415.0 ], [ 56955.0, 6955415.0 ], [ 56945.0, 6955415.0 ], [ 56935.0, 6955425.0 ], [ 56925.0, 6955425.0 ], [ 56915.0, 6955425.0 ], [ 56905.0, 6955415.0 ], [ 56895.0, 6955405.0 ], [ 56885.0, 6955405.0 ] ] } },
{ "type": "Feature", "properties": { "_id": 253 }, "geometry": { "type": "LineString", "coordinates": [ [ 57095.0, 6955435.0 ], [ 57105.0, 6955415.0 ], [ 57095.0, 6955405.0 ], [ 57085.0, 6955405.0 ], [ 57095.0, 6955435.0 ] ] } },
{ "type": "Feature", "properties": { "_id": 254 }, "geometry": { "type": "LineString", "coordinates": [ [ 57095.0, 6955435.0 ], [ 57065.0, 6955405.0 ], [ 57065.0, 6955395.0 ], [ 57075.0, 6955385.0 ], [ 57075.0, 6955375.0 ], [ 57075.0, 6955365.0 ], [ 57085.0, 6955355.0 ], [ 57095.0, 6955345.0 ], [ 57105.0, 6955345.0 ], [ 57115.0, 6955335.0 ], [ 57105.0, 6955325.0 ], [ 57105.0, 6955315.0 ], [ 57105.0, 6955305.0 ], [ 57115.0, 6955295.0 ], [ 57105.0, 6955285.0 ], [ 57115.0, 6955275.0 ], [ 57115.0, 6955265.0 ], [ 57125.0, 6955255.0 ], [ 57135.0, 6955245.0 ], [ 57145.0, 6955235.0 ], [ 57135.0, 6955215.0 ] ] } },
{ "type": "Feature", "properties": { "_id": 256 }, "geometry": { "type": "LineString", "coordinates": [ [ 54765.0, 6955305.0 ], [ 54755.0, 6955295.0 ], [ 54755.0, 6955285.0 ], [ 54755.0, 6955275.0 ], [ 54745.0, 6955265.0 ], [ 54745.0, 6955255.0 ], [ 54745.0, 6955245.0 ], [ 54745.0, 6955235.0 ], [ 54755.0, 6955225.0 ], [ 54765.0, 6955215.0 ], [ 54775.0, 6955215.0 ], [ 54785.0, 6955205.0 ], [ 54785.0, 6955195.0 ], [ 54795.0, 6955185.0 ], [ 54805.0, 6955185.0 ], [ 54815.0, 6955175.0 ], [ 54815.0, 6955165.0 ], [ 54805.0, 6955155.0 ], [ 54805.0, 6955145.0 ], [ 54795.0, 6955135.0 ], [ 54785.0, 6955125.0 ], [ 54775.0, 6955115.0 ], [ 54765.0, 6955105.0 ], [ 54755.0, 6955095.0 ], [ 54745.0, 6955085.0 ], [ 54735.0, 6955075.0 ], [ 54725.0, 6955065.0 ] ] } },
{ "type": "Feature", "properties": { "_id": 257 }, "geometry": { "type": "LineString", "coordinates": [ [ 55145.0, 6955295.0 ], [ 55125.0, 6955285.0 ], [ 55115.0, 6955285.0 ], [ 55105.0, 6955275.0 ], [ 55095.0, 6955265.0 ], [ 55085.0, 6955255.0 ], [ 55085.0, 6955245.0 ], [ 55075.0, 6955235.0 ], [ 55075.0, 6955225.0 ], [ 55075.0, 6955215.0 ], [ 55065.0, 6955205.0 ], [ 55065.0, 6955195.0 ], [ 55055.0, 6955185.0 ], [ 55055.0, 6955175.0 ], [ 55045.0, 6955165.0 ], [ 55035.0, 6955155.0 ], [ 55025.0, 6955155.0 ], [ 55015.0, 6955145.0 ], [ 55005.0, 6955135.0 ], [ 54995.0, 6955125.0 ], [ 54985.0, 6955115.0 ], [ 54975.0, 6955105.0 ], [ 54965.0, 6955095.0 ], [ 54955.0, 6955095.0 ], [ 54945.0, 6955085.0 ], [ 54935.0, 6955075.0 ], [ 54925.0, 6955065.0 ], [ 54915.0, 6955055.0 ], [ 54905.0, 6955045.0 ], [ 54895.0, 6955035.0 ], [ 54885.0, 6955025.0 ], [ 54875.0, 6955015.0 ] ] } },
{ "type": "Feature", "properties": { "_id": 259 }, "geometry": { "type": "LineString", "coordinates": [ [ 55825.0, 6955285.0 ], [ 55845.0, 6955285.0 ], [ 55855.0, 6955285.0 ], [ 55865.0, 6955285.0 ], [ 55875.0, 6955275.0 ], [ 55885.0, 6955285.0 ], [ 55895.0, 6955295.0 ], [ 55905.0, 6955305.0 ], [ 55915.0, 6955305.0 ], [ 55925.0, 6955305.0 ], [ 55935.0, 6955305.0 ], [ 55945.0, 6955305.0 ], [ 55955.0, 6955315.0 ], [ 55965.0, 6955315.0 ], [ 55975.0, 6955305.0 ], [ 55985.0, 6955295.0 ], [ 55995.0, 6955295.0 ], [ 56005.0, 6955295.0 ], [ 56015.0, 6955285.0 ], [ 56025.0, 6955285.0 ], [ 56035.0, 6955285.0 ], [ 56045.0, 6955275.0 ], [ 56055.0, 6955275.0 ], [ 56065.0, 6955275.0 ], [ 56075.0, 6955285.0 ], [ 56085.0, 6955285.0 ], [ 56095.0, 6955275.0 ], [ 56105.0, 6955265.0 ], [ 56105.0, 6955255.0 ], [ 56105.0, 6955245.0 ], [ 56105.0, 6955235.0 ], [ 56105.0, 6955225.0 ], [ 56115.0, 6955215.0 ], [ 56125.0, 6955215.0 ], [ 56135.0, 6955215.0 ], [ 56145.0, 6955215.0 ], [ 56155.0, 6955205.0 ], [ 56165.0, 6955205.0 ], [ 56175.0, 6955205.0 ], [ 56185.0, 6955195.0 ], [ 56195.0, 6955195.0 ], [ 56205.0, 6955195.0 ], [ 56215.0, 6955195.0 ], [ 56225.0, 6955185.0 ], [ 56215.0, 6955175.0 ], [ 56225.0, 6955165.0 ], [ 56225.0, 6955155.0 ], [ 56225.0, 6955145.0 ], [ 56225.0, 6955135.0 ], [ 56235.0, 6955125.0 ], [ 56235.0, 6955115.0 ], [ 56235.0, 6955105.0 ], [ 56245.0, 6955095.0 ], [ 56255.0, 6955085.0 ], [ 56255.0, 6955075.0 ], [ 56265.0, 6955065.0 ], [ 56275.0, 6955055.0 ], [ 56275.0, 6955045.0 ], [ 56275.0, 6955035.0 ], [ 56285.0, 6955025.0 ], [ 56285.0, 6955015.0 ], [ 56295.0, 6955005.0 ], [ 56295.0, 6954995.0 ], [ 56295.0, 6954985.0 ], [ 56305.0, 6954975.0 ], [ 56305.0, 6954965.0 ], [ 56305.0, 6954955.0 ], [ 56305.0, 6954945.0 ], [ 56315.0, 6954935.0 ], [ 56315.0, 6954925.0 ], [ 56315.0, 6954915.0 ], [ 56315.0, 6954905.0 ], [ 56315.0, 6954895.0 ], [ 56315.0, 6954885.0 ], [ 56315.0, 6954875.0 ], [ 56325.0, 6954865.0 ], [ 56335.0, 6954855.0 ] ] } },
{ "type": "Feature", "properties": { "_id": 260 }, "geometry": { "type": "LineString", "coordinates": [ [ 55825.0, 6955285.0 ], [ 55825.0, 6955265.0 ], [ 55825.0, 6955255.0 ], [ 55825.0, 6955245.0 ], [ 55825.0, 6955235.0 ], [ 55825.0, 6955225.0 ], [ 55835.0, 6955215.0 ], [ 55835.0, 6955205.0 ] ] } },
{ "type": "Feature", "properties": { "_id": 261 }, "geometry": { "type": "LineString", "coordinates": [ [ 56565.0, 6955245.0 ], [ 56555.0, 6955235.0 ], [ 56545.0, 6955225.0 ], [ 56555.0, 6955215.0 ], [ 56555.0, 6955205.0 ], [ 56555.0, 6955195.0 ], [ 56555.0, 6955185.0 ], [ 56545.0, 6955175.0 ], [ 56545.0, 6955165.0 ], [ 56545.0, 6955155.0 ], [ 56545.0, 6955145.0 ], [ 56545.0, 6955135.0 ], [ 56545.0, 6955125.0 ], [ 56545.0, 6955115.0 ], [ 56545.0, 6955105.0 ], [ 56545.0, 6955095.0 ], [ 56545.0, 6955085.0 ], [ 56555.0, 6955075.0 ], [ 56555.0, 6955065.0 ], [ 56555.0, 6955055.0 ], [ 56565.0, 6955045.0 ], [ 56565.0, 6955035.0 ], [ 56575.0, 6955025.0 ], [ 56575.0, 6955015.0 ], [ 56575.0, 6955005.0 ], [ 56575.0, 6954995.0 ], [ 56575.0, 6954985.0 ], [ 56575.0, 6954975.0 ], [ 56575.0, 6954965.0 ], [ 56575.0, 6954955.0 ], [ 56575.0, 6954945.0 ], [ 56575.0, 6954935.0 ], [ 56585.0, 6954925.0 ], [ 56585.0, 6954915.0 ], [ 56585.0, 6954905.0 ], [ 56585.0, 6954895.0 ], [ 56595.0, 6954885.0 ], [ 56595.0, 6954875.0 ], [ 56595.0, 6954865.0 ], [ 56595.0, 6954855.0 ], [ 56585.0, 6954845.0 ], [ 56585.0, 6954835.0 ], [ 56585.0, 6954825.0 ], [ 56575.0, 6954815.0 ], [ 56575.0, 6954805.0 ], [ 56575.0, 6954795.0 ], [ 56575.0, 6954785.0 ], [ 56575.0, 6954775.0 ], [ 56565.0, 6954765.0 ], [ 56555.0, 6954755.0 ], [ 56555.0, 6954745.0 ], [ 56555.0, 6954735.0 ], [ 56555.0, 6954725.0 ], [ 56555.0, 6954715.0 ], [ 56555.0, 6954705.0 ] ] } },
{ "type": "Feature", "properties": { "_id": 262 }, "geometry": { "type": "LineString", "coordinates": [ [ 56565.0, 6955245.0 ], [ 56575.0, 6955235.0 ], [ 56575.0, 6955225.0 ], [ 56585.0, 6955215.0 ], [ 56595.0, 6955215.0 ], [ 56605.0, 6955205.0 ], [ 56615.0, 6955205.0 ], [ 56625.0, 6955195.0 ], [ 56635.0, 6955185.0 ], [ 56635.0, 6955175.0 ], [ 56635.0, 6955165.0 ], [ 56645.0, 6955155.0 ], [ 56655.0, 6955145.0 ], [ 56655.0, 6955135.0 ], [ 56655.0, 6955125.0 ], [ 56665.0, 6955115.0 ], [ 56675.0, 6955115.0 ], [ 56685.0, 6955105.0 ], [ 56685.0, 6955095.0 ], [ 56685.0, 6955085.0 ], [ 56685.0, 6955075.0 ] ] } },
{ "type": "Feature", "properties": { "_id": 263 }, "geometry": { "type": "LineString", "coordinates": [ [ 57135.0, 6955215.0 ], [ 57155.0, 6955205.0 ], [ 57165.0, 6955195.0 ], [ 57175.0, 6955185.0 ], [ 57185.0, 6955175.0 ], [ 57195.0, 6955165.0 ], [ 57205.0, 6955155.0 ], [ 57225.0, 6955135.0 ] ] } },
{ "type": "Feature", "properties": { "_id": 264 }, "geometry": { "type": "LineString", "coordinates": [ [ 57135.0, 6955215.0 ], [ 57125.0, 6955195.0 ], [ 57115.0, 6955185.0 ], [ 57105.0, 6955185.0 ], [ 57095.0, 6955185.0 ], [ 57085.0, 6955175.0 ], [ 57075.0, 6955175.0 ], [ 57065.0, 6955165.0 ], [ 57065.0, 6955155.0 ], [ 57065.0, 6955145.0 ], [ 57065.0, 6955135.0 ], [ 57065.0, 6955125.0 ], [ 57065.0, 6955115.0 ], [ 57055.0, 6955105.0 ], [ 57055.0, 6955095.0 ], [ 57045.0, 6955085.0 ], [ 57035.0, 6955075.0 ], [ 57045.0, 6955065.0 ], [ 57045.0, 6955055.0 ], [ 57045.0, 6955045.0 ], [ 57055.0, 6955035.0 ], [ 57055.0, 6955025.0 ], [ 57055.0, 6955015.0 ], [ 57065.0, 6955005.0 ], [ 57065.0, 6954995.0 ], [ 57065.0, 6954985.0 ], [ 57055.0, 6954975.0 ], [ 57045.0, 6954965.0 ], [ 57045.0, 6954955.0 ] ] } },
{ "type": "Feature", "properties": { "_id": 268 }, "geometry": { "type": "LineString", "coordinates": [ [ 57225.0, 6955135.0 ], [ 57225.0, 6955155.0 ], [ 57225.0, 6955135.0 ] ] } },
{ "type": "Feature", "properties": { "_id": 269 }, "geometry": { "type": "LineString", "coordinates": [ [ 57225.0, 6955135.0 ], [ 57245.0, 6955125.0 ], [ 57255.0, 6955125.0 ] ] } },
{ "type": "Feature", "properties": { "_id": 270 }, "geometry": { "type": "LineString", "coordinates": [ [ 57225.0, 6955135.0 ], [ 57225.0, 6955115.0 ], [ 57225.0, 6955105.0 ], [ 57225.0, 6955095.0 ], [ 57235.0, 6955085.0 ] ] } },
{ "type": "Feature", "properties": { "_id": 272 }, "geometry": { "type": "LineString", "coordinates": [ [ 54725.0, 6955065.0 ], [ 54715.0, 6955065.0 ], [ 54705.0, 6955065.0 ], [ 54695.0, 6955065.0 ], [ 54685.0, 6955065.0 ], [ 54675.0, 6955065.0 ], [ 54665.0, 6955065.0 ], [ 54655.0, 6955065.0 ], [ 54645.0, 6955075.0 ], [ 54635.0, 6955075.0 ], [ 54625.0, 6955075.0 ], [ 54615.0, 6955075.0 ], [ 54605.0, 6955075.0 ], [ 54595.0, 6955075.0 ], [ 54585.0, 6955075.0 ], [ 54575.0, 6955065.0 ], [ 54565.0, 6955065.0 ], [ 54555.0, 6955065.0 ], [ 54545.0, 6955065.0 ], [ 54535.0, 6955065.0 ], [ 54525.0, 6955065.0 ], [ 54515.0, 6955075.0 ], [ 54505.0, 6955075.0 ], [ 54495.0, 6955075.0 ], [ 54485.0, 6955075.0 ], [ 54475.0, 6955085.0 ], [ 54465.0, 6955085.0 ], [ 54455.0, 6955085.0 ], [ 54445.0, 6955095.0 ], [ 54435.0, 6955105.0 ], [ 54425.0, 6955105.0 ], [ 54415.0, 6955105.0 ], [ 54405.0, 6955105.0 ], [ 54395.0, 6955105.0 ], [ 54385.0, 6955105.0 ], [ 54375.0, 6955105.0 ], [ 54365.0, 6955105.0 ], [ 54355.0, 6955115.0 ], [ 54345.0, 6955115.0 ], [ 54335.0, 6955115.0 ], [ 54325.0, 6955115.0 ], [ 54315.0, 6955115.0 ], [ 54305.0, 6955115.0 ], [ 54295.0, 6955115.0 ], [ 54285.0, 6955115.0 ], [ 54275.0, 6955115.0 ], [ 54265.0, 6955115.0 ], [ 54255.0, 6955115.0 ], [ 54245.0, 6955115.0 ], [ 54235.0, 6955115.0 ], [ 54225.0, 6955115.0 ], [ 54215.0, 6955115.0 ], [ 54205.0, 6955115.0 ], [ 54195.0, 6955115.0 ], [ 54185.0, 6955115.0 ], [ 54175.0, 6955115.0 ], [ 54165.0, 6955105.0 ], [ 54155.0, 6955105.0 ], [ 54145.0, 6955105.0 ], [ 54135.0, 6955105.0 ], [ 54125.0, 6955105.0 ], [ 54115.0, 6955105.0 ], [ 54105.0, 6955105.0 ], [ 54095.0, 6955105.0 ], [ 54085.0, 6955105.0 ], [ 54075.0, 6955115.0 ], [ 54065.0, 6955115.0 ], [ 54055.0, 6955115.0 ], [ 54045.0, 6955115.0 ], [ 54035.0, 6955115.0 ], [ 54025.0, 6955115.0 ], [ 54015.0, 6955125.0 ], [ 54005.0, 6955125.0 ], [ 53995.0, 6955125.0 ], [ 53985.0, 6955125.0 ], [ 53975.0, 6955125.0 ], [ 53965.0, 6955125.0 ], [ 53955.0, 6955125.0 ], [ 53945.0, 6955125.0 ], [ 53935.0, 6955125.0 ], [ 53925.0, 6955125.0 ], [ 53915.0, 6955125.0 ], [ 53905.0, 6955125.0 ], [ 53895.0, 6955125.0 ], [ 53885.0, 6955125.0 ], [ 53875.0, 6955125.0 ], [ 53865.0, 6955125.0 ], [ 53855.0, 6955125.0 ], [ 53845.0, 6955115.0 ], [ 53835.0, 6955105.0 ], [ 53825.0, 6955095.0 ], [ 53815.0, 6955085.0 ], [ 53805.0, 6955075.0 ], [ 53795.0, 6955065.0 ], [ 53785.0, 6955055.0 ], [ 53775.0, 6955045.0 ], [ 53765.0, 6955035.0 ], [ 53755.0, 6955025.0 ], [ 53745.0, 6955015.0 ], [ 53735.0, 6955005.0 ], [ 53725.0, 6954995.0 ], [ 53715.0, 6954985.0 ], [ 53705.0, 6954975.0 ], [ 53695.0, 6954965.0 ], [ 53685.0, 6954955.0 ], [ 53675.0, 6954945.0 ], [ 53665.0, 6954945.0 ] ] } },
{ "type": "Feature", "properties": { "_id": 273 }, "geometry": { "type": "LineString", "coordinates": [ [ 54725.0, 6955065.0 ], [ 54735.0, 6955055.0 ], [ 54745.0, 6955045.0 ], [ 54755.0, 6955045.0 ], [ 54765.0, 6955045.0 ], [ 54775.0, 6955045.0 ], [ 54785.0, 6955045.0 ], [ 54795.0, 6955045.0 ], [ 54805.0, 6955045.0 ], [ 54815.0, 6955035.0 ], [ 54825.0, 6955035.0 ], [ 54835.0, 6955025.0 ], [ 54845.0, 6955015.0 ], [ 54855.0, 6955015.0 ], [ 54865.0, 6955015.0 ], [ 54875.0, 6955015.0 ] ] } },
{ "type": "Feature", "properties": { "_id": 278 }, "geometry": { "type": "LineString", "coordinates": [ [ 54875.0, 6955015.0 ], [ 54885.0, 6955005.0 ], [ 54895.0, 6955005.0 ], [ 54905.0, 6955005.0 ], [ 54915.0, 6955005.0 ], [ 54925.0, 6955005.0 ], [ 54935.0, 6955005.0 ], [ 54945.0, 6955005.0 ], [ 54955.0, 6955005.0 ], [ 54965.0, 6954995.0 ], [ 54975.0, 6954995.0 ], [ 54985.0, 6954995.0 ], [ 54995.0, 6954995.0 ], [ 55005.0, 6954995.0 ], [ 55015.0, 6955005.0 ], [ 55025.0, 6955015.0 ], [ 55035.0, 6955025.0 ], [ 55045.0, 6955025.0 ], [ 55055.0, 6955025.0 ], [ 55065.0, 6955035.0 ], [ 55075.0, 6955045.0 ], [ 55085.0, 6955055.0 ], [ 55095.0, 6955055.0 ], [ 55105.0, 6955055.0 ], [ 55115.0, 6955055.0 ], [ 55125.0, 6955065.0 ], [ 55125.0, 6955075.0 ], [ 55135.0, 6955085.0 ], [ 55145.0, 6955095.0 ], [ 55155.0, 6955095.0 ], [ 55165.0, 6955095.0 ], [ 55175.0, 6955095.0 ], [ 55185.0, 6955095.0 ], [ 55195.0, 6955105.0 ], [ 55205.0, 6955105.0 ], [ 55215.0, 6955115.0 ], [ 55225.0, 6955115.0 ], [ 55235.0, 6955115.0 ], [ 55245.0, 6955115.0 ], [ 55255.0, 6955115.0 ], [ 55265.0, 6955115.0 ], [ 55275.0, 6955115.0 ], [ 55285.0, 6955115.0 ], [ 55295.0, 6955105.0 ], [ 55295.0, 6955095.0 ], [ 55295.0, 6955085.0 ], [ 55305.0, 6955075.0 ], [ 55315.0, 6955075.0 ], [ 55325.0, 6955075.0 ], [ 55335.0, 6955065.0 ], [ 55345.0, 6955055.0 ], [ 55355.0, 6955045.0 ], [ 55365.0, 6955035.0 ], [ 55375.0, 6955035.0 ], [ 55385.0, 6955035.0 ], [ 55395.0, 6955035.0 ], [ 55405.0, 6955035.0 ], [ 55415.0, 6955025.0 ], [ 55425.0, 6955025.0 ], [ 55435.0, 6955015.0 ], [ 55445.0, 6955005.0 ], [ 55455.0, 6955005.0 ], [ 55465.0, 6955005.0 ], [ 55475.0, 6955005.0 ], [ 55485.0, 6955005.0 ], [ 55495.0, 6954995.0 ], [ 55505.0, 6954985.0 ], [ 55515.0, 6954975.0 ], [ 55525.0, 6954965.0 ], [ 55535.0, 6954965.0 ], [ 55545.0, 6954955.0 ], [ 55555.0, 6954955.0 ], [ 55565.0, 6954955.0 ] ] } },
{ "type": "Feature", "properties": { "_id": 295 }, "geometry": { "type": "LineString", "coordinates": [ [ 57695.0, 6954715.0 ], [ 57715.0, 6954715.0 ], [ 57725.0, 6954715.0 ], [ 57735.0, 6954705.0 ] ] } },
{ "type": "Feature", "properties": { "_id": 296 }, "geometry": { "type": "LineString", "coordinates": [ [ 57695.0, 6954715.0 ], [ 57695.0, 6954695.0 ], [ 57695.0, 6954685.0 ], [ 57695.0, 6954675.0 ], [ 57705.0, 6954665.0 ], [ 57705.0, 6954655.0 ], [ 57695.0, 6954645.0 ], [ 57685.0, 6954645.0 ], [ 57665.0, 6954625.0 ] ] } },
{ "type": "Feature", "properties": { "_id": 304 }, "geometry": { "type": "LineString", "coordinates": [ [ 57665.0, 6954625.0 ], [ 57645.0, 6954615.0 ], [ 57635.0, 6954605.0 ], [ 57625.0, 6954595.0 ], [ 57625.0, 6954585.0 ], [ 57625.0, 6954575.0 ], [ 57615.0, 6954565.0 ], [ 57605.0, 6954555.0 ], [ 57605.0, 6954545.0 ], [ 57605.0, 6954535.0 ], [ 57605.0, 6954525.0 ], [ 57605.0, 6954515.0 ], [ 57605.0, 6954505.0 ], [ 57595.0, 6954495.0 ], [ 57585.0, 6954485.0 ], [ 57575.0, 6954475.0 ], [ 57575.0, 6954465.0 ], [ 57575.0, 6954455.0 ], [ 57565.0, 6954445.0 ] ] } },
{ "type": "Feature", "properties": { "_id": 305 }, "geometry": { "type": "LineString", "coordinates": [ [ 57665.0, 6954625.0 ], [ 57665.0, 6954595.0 ], [ 57665.0, 6954585.0 ], [ 57665.0, 6954575.0 ], [ 57665.0, 6954565.0 ], [ 57665.0, 6954555.0 ], [ 57665.0, 6954545.0 ], [ 57675.0, 6954535.0 ], [ 57675.0, 6954525.0 ], [ 57685.0, 6954515.0 ], [ 57695.0, 6954505.0 ], [ 57705.0, 6954505.0 ], [ 57715.0, 6954495.0 ], [ 57725.0, 6954485.0 ], [ 57735.0, 6954485.0 ], [ 57745.0, 6954485.0 ], [ 57755.0, 6954485.0 ], [ 57765.0, 6954475.0 ], [ 57775.0, 6954465.0 ], [ 57785.0, 6954455.0 ], [ 57795.0, 6954455.0 ], [ 57805.0, 6954455.0 ], [ 57815.0, 6954455.0 ], [ 57825.0, 6954455.0 ] ] } }
]
}
