{
"type": "FeatureCollection",
"name": "river_buffered",
"crs": { "type": "name", "properties": { "name": "urn:ogc:def:crs:EPSG::32632" } },
"features": [
{ "type": "Feature", "properties": { "id": "0", "_id": 1, "width": 89.03, "depth": 10.68, "manning_n": 0.8463 }, "geometry": { "type": "Polygon", "coordinates": [ [ [ 366159.037301491654944, 6927656.878364364616573 ], [ 366158.859351123566739, 6927658.867765083909035 ], [ 366158.68385301658418, 6927663.202379626221955 ], [ 366158.931112127844244, 6927667.533493311144412 ], [ 366159.598780166707002, 6927671.819972310215235 ], [ 366160.680516098393127, 6927676.021106703206897 ], [ 366162.166046366852242, 6927680.096997113898396 ], [ 366164.041262465238106, 6927684.008933642879128 ], [ 366166.288354928838089, 6927687.71976350620389 ], [ 366168.885982476349454, 6927691.19424389116466 ], [ 366177.8970478187548, 6927702.096095895394683 ], [ 366177.950432782934513, 6927702.160559087991714 ], [ 366184.166348533297423, 6927709.652028142474592 ], [ 366184.026658828777727, 6927711.128499689511955 ], [ 366183.082769034896046, 6927720.947105757892132 ], [ 366183.055527389922645, 6927721.240684811025858 ], [ 366182.174604157858994, 6927731.088649716228247 ], [ 366181.242706920194905, 6927740.938739106059074 ], [ 366181.04524623544421, 6927745.327483891509473 ], [ 366181.281344675691798, 6927749.714319772087038 ], [ 366181.948702709982172, 6927754.056520225480199 ], [ 366183.040820462396368, 6927758.311793463304639 ], [ 366184.547061019518878, 6927762.438694346696138 ], [ 366186.452754030469805, 6927766.39702804479748 ], [ 366188.739338592102285, 6927770.148241522721946 ], [ 366191.384544026863296, 6927773.65579903870821 ], [ 366197.559768522158265, 6927781.05440011434257 ], [ 366197.405187766125891, 6927782.782445735298097 ], [ 366197.22989675210556, 6927787.143648577854037 ], [ 366197.48255288368091, 6927791.501054004766047 ], [ 366198.160727143113036, 6927795.812770234420896 ], [ 366199.257899612013716, 6927800.037344739772379 ], [ 366200.763522153603844, 6927804.134162765927613 ], [ 366202.663119821518194, 6927808.063837800174952 ], [ 366204.93843002099311, 6927811.788590230979025 ], [ 366207.567578084359411, 6927815.27261055726558 ], [ 366216.505203815817367, 6927825.981098934076726 ], [ 366225.447639546007849, 6927836.800625846721232 ], [ 366228.712643556704279, 6927840.341926745139062 ], [ 366232.341159139294177, 6927843.509723756462336 ], [ 366236.290702418424189, 6927846.266927254386246 ], [ 366255.198385888012126, 6927857.998320986516774 ], [ 366259.018961856374517, 6927860.116562764160335 ], [ 366263.028764708840754, 6927861.850122698582709 ], [ 366267.189177851949353, 6927863.182305659167469 ], [ 366271.460134232765995, 6927864.100281995721161 ], [ 366275.800502206606325, 6927864.595211094245315 ], [ 366280.168481657281518, 6927864.662326517514884 ], [ 366284.522006554820109, 6927864.300981907173991 ], [ 366288.819150074676145, 6927863.514657207764685 ], [ 366293.018528375541791, 6927862.310925158672035 ], [ 366297.079699148889631, 6927860.70137835573405 ], [ 366300.963551100052428, 6927858.701517614535987 ], [ 366304.632680611626711, 6927856.330602687783539 ], [ 366308.051751960709225, 6927853.611466783098876 ], [ 366311.187837621080689, 6927850.570296663790941 ], [ 366314.01073537353659, 6927847.236380462534726 ], [ 366316.493259169510566, 6927843.64182561263442 ], [ 366318.611500947794411, 6927839.821249644272029 ], [ 366320.34506088210037, 6927835.811446792446077 ], [ 366321.677243842626922, 6927831.651033649221063 ], [ 366322.595220179238822, 6927827.380077267996967 ], [ 366323.090149277879391, 6927823.039709294214845 ], [ 366323.15726470091613, 6927818.67172984406352 ], [ 366322.795920090051368, 6927814.318204945884645 ], [ 366322.009595391456969, 6927810.021061426028609 ], [ 366320.805863341782242, 6927805.821683125570416 ], [ 366319.196316538727842, 6927801.760512351989746 ], [ 366317.196455797879025, 6927797.876660401001573 ], [ 366314.825540871417616, 6927794.20753088966012 ], [ 366312.106404966150876, 6927790.788459540344775 ], [ 366309.065234847192187, 6927787.652373880147934 ], [ 366305.731318645412102, 6927784.829476127400994 ], [ 366302.136763796210289, 6927782.346952331252396 ], [ 366289.426041218277533, 6927774.460502813570201 ], [ 366287.758989422814921, 6927772.443523065187037 ], [ 366287.893964791670442, 6927771.016893541440368 ], [ 366288.091549674805719, 6927766.654872050508857 ], [ 366287.860826489282772, 6927762.294477791525424 ], [ 366287.204015190538485, 6927757.977665287442505 ], [ 366286.127435437287204, 6927753.745969727635384 ], [ 366284.641445785586257, 6927749.640107329934835 ], [ 366282.760344021604396, 6927745.699583578854799 ], [ 366280.502229592180811, 6927741.962313118390739 ], [ 366277.888829457224347, 6927738.464254940859973 ], [ 366271.582806651189458, 6927730.834706509485841 ], [ 366271.718319779145531, 6927729.319786163046956 ], [ 366272.651315627386793, 6927719.614501969888806 ], [ 366272.657691204512957, 6927719.547652104869485 ], [ 366273.600330696441233, 6927709.584280837327242 ], [ 366273.621187121840194, 6927709.357659442350268 ], [ 366274.512272864812985, 6927699.396359293721616 ], [ 366274.687794881989248, 6927695.061761382967234 ], [ 366274.440562710864469, 6927690.730661836452782 ], [ 366273.772924369259272, 6927686.44419405143708 ], [ 366272.691220564185642, 6927682.243067547678947 ], [ 366271.205724472471047, 6927678.167181339114904 ], [ 366269.330544174532406, 6927674.255245005711913 ], [ 366267.083488666568883, 6927670.544411059468985 ], [ 366264.48589872487355, 6927667.069922101683915 ], [ 366255.474946458067279, 6927656.168022586964071 ], [ 366255.42132603994105, 6927656.103274532593787 ], [ 366249.216819181165192, 6927648.625555560924113 ], [ 366249.346166861418169, 6927647.280003589577973 ], [ 366249.550294995191507, 6927642.909756376408041 ], [ 366249.324440654367208, 6927638.540578098967671 ], [ 366248.67078543419484, 6927634.214671967551112 ], [ 366247.595643187407404, 6927629.9738232139498 ], [ 366246.109399037028197, 6927625.858995474874973 ], [ 366244.226409063383471, 6927621.909935110248625 ], [ 366241.964861634129193, 6927618.164787285961211 ], [ 366239.346601717639714, 6927614.659727512858808 ], [ 366230.335438363079447, 6927603.757894028909504 ], [ 366227.39038670057198, 6927600.531375832855701 ], [ 366224.143262180092279, 6927597.60905974637717 ], [ 366220.625336385681294, 6927595.01908927038312 ], [ 366216.870488865941297, 6927592.786407236941159 ], [ 366212.914880855125375, 6927590.932515593245625 ], [ 366208.796607020660304, 6927589.475268330425024 ], [ 366204.555328590853605, 6927588.428699535317719 ], [ 366200.231891395524144, 6927587.80288823787123 ], [ 366195.867932498280425, 6927587.603861344046891 ], [ 366191.505479208892211, 6927587.833535590209067 ], [ 366187.186544337309897, 6927588.489699088968337 ], [ 366182.952721587265842, 6927589.566032625734806 ], [ 366178.844784986402374, 6927591.05217052064836 ], [ 366174.902296209649649, 6927592.933800454251468 ], [ 366171.163223579234909, 6927595.192801301367581 ], [ 366167.663576408580411, 6927597.807417648844421 ], [ 366164.437058212934062, 6927600.752469310536981 ], [ 366161.514742126397323, 6927603.999593831598759 ], [ 366158.924771650403272, 6927607.517519625835121 ], [ 366156.692089616379235, 6927611.272367145866156 ], [ 366154.838197972858325, 6927615.227975156158209 ], [ 366153.380950709804893, 6927619.346248990856111 ], [ 366152.334381914988626, 6927623.587527420371771 ], [ 366151.708570618007798, 6927627.910964615643024 ], [ 366151.509543723717798, 6927632.274923513643444 ], [ 366151.739217969996389, 6927636.637376802973449 ], [ 366152.39538146823179, 6927640.956311673857272 ], [ 366153.471715005289298, 6927645.190134423784912 ], [ 366154.957852900726721, 6927649.298071024939418 ], [ 366156.839482834329829, 6927653.240559801459312 ], [ 366159.037301491654944, 6927656.878364364616573 ] ] ] } },
{ "type": "Feature", "properties": { "id": "1", "_id": 2, "width": 94.01, "depth": 28.83, "manning_n": 0.0311 }, "geometry": { "type": "Polygon", "coordinates": [ [ [ 366253.328115654934663, 6927707.060178300365806 ], [ 366252.667358657519799, 6927707.666966293007135 ], [ 366249.602015697106253, 6927711.091308834031224 ], [ 366246.885739965364337, 6927714.798638796433806 ], [ 366244.544498954957817, 6927718.753514247946441 ], [ 366242.600674840738066, 6927722.918126729317009 ], [ 366241.072850507218391, 6927727.25266270339489 ], [ 366239.975631896872073, 6927731.715684171766043 ], [ 366239.319508377811871, 6927736.264524818398058 ], [ 366238.376719890686218, 6927746.227878562174737 ], [ 366237.433936043700669, 6927756.19127163477242 ], [ 366237.411903116910253, 6927756.430641542188823 ], [ 366236.534560298488941, 6927766.236918785609305 ], [ 366235.602220962522551, 6927775.93401840608567 ], [ 366235.595480585878249, 6927776.004683962091804 ], [ 366234.652725189866032, 6927785.968039322644472 ], [ 366234.647392816026695, 6927786.024760138243437 ], [ 366231.866266621393152, 6927815.801415567286313 ], [ 366231.663173121458385, 6927820.409794587641954 ], [ 366231.912757705315016, 6927825.015889646485448 ], [ 366232.612616737023927, 6927829.57534153200686 ], [ 366233.75601019145688, 6927834.044240229763091 ], [ 366235.331926564627793, 6927838.379547801800072 ], [ 366237.325188920367509, 6927842.539512867107987 ], [ 366239.716601052612532, 6927846.484072687104344 ], [ 366242.48313235520618, 6927850.175238994881511 ], [ 366245.598139619396534, 6927853.577463841065764 ], [ 366249.031623622344341, 6927856.657981940545142 ], [ 366252.750518036191352, 6927859.387126219458878 ], [ 366256.719007874839008, 6927861.738613528199494 ], [ 366260.898874411650468, 6927863.689797756262124 ], [ 366265.24986324692145, 6927865.221887934952974 ], [ 366269.73007197980769, 6927866.320129197090864 ], [ 366274.296353750920389, 6927866.973944880068302 ], [ 366278.904732770752162, 6927867.177038379944861 ], [ 366283.510827830061316, 6927866.927453795447946 ], [ 366288.070279715524521, 6927866.227594763971865 ], [ 366292.539178412989713, 6927865.08420130982995 ], [ 366296.874485985084902, 6927863.508284936659038 ], [ 366301.034451049985364, 6927861.515022580511868 ], [ 366304.979010869981721, 6927859.123610448092222 ], [ 366308.670177177758887, 6927856.357079145498574 ], [ 366312.072402023943141, 6927853.242071881890297 ], [ 366315.152920123480726, 6927849.80858787894249 ], [ 366317.882064402976539, 6927846.089693464338779 ], [ 366320.233551711193286, 6927842.121203626506031 ], [ 366322.1847359398962, 6927837.941337089054286 ], [ 366323.71682611835422, 6927833.590348253957927 ], [ 366324.815067380550317, 6927829.110139520838857 ], [ 366325.468883062829264, 6927824.543857750482857 ], [ 366328.247360263078008, 6927794.795564282685518 ], [ 366329.184088769601658, 6927784.895903112366796 ], [ 366330.127925460226834, 6927775.079221501015127 ], [ 366330.156687803391833, 6927774.769301868975163 ], [ 366331.037188313028309, 6927764.927730332128704 ], [ 366331.136097476177383, 6927763.882452695630491 ], [ 366333.462395855982322, 6927761.285192373208702 ], [ 366336.175170812406577, 6927757.586312348023057 ], [ 366338.514499717974104, 6927753.640630952082574 ], [ 366339.981997170660179, 6927750.503514260984957 ], [ 366343.438760856923182, 6927749.61831128410995 ], [ 366347.787377715343609, 6927748.034948490560055 ], [ 366351.959215988521464, 6927746.031633303500712 ], [ 366355.91383594594663, 6927743.627784865908325 ], [ 366359.612903463770635, 6927740.846704892814159 ], [ 366366.280614055169281, 6927735.299509960226715 ], [ 366366.732984932838008, 6927735.342183958739042 ], [ 366376.686406960187014, 6927736.281150152906775 ], [ 366381.30965233349707, 6927736.488457068800926 ], [ 366385.930875838210341, 6927736.240128136239946 ], [ 366390.505281903082505, 6927735.538570516742766 ], [ 366394.988528779125772, 6927734.390584720298648 ], [ 366399.337158363836352, 6927732.807298683561385 ], [ 366403.509017459873576, 6927730.804059900343418 ], [ 366407.463666384806857, 6927728.400286654010415 ], [ 366411.162770970724523, 6927725.619279786013067 ], [ 366422.007758598891087, 6927716.59712636936456 ], [ 366428.675705142202787, 6927711.049985921010375 ], [ 366429.112033180776052, 6927711.091154545545578 ], [ 366438.997742117964663, 6927712.030835608951747 ], [ 366448.983641486382112, 6927712.973090497776866 ], [ 366453.591825592739042, 6927713.180559536442161 ], [ 366458.198155554942787, 6927712.935348527505994 ], [ 366462.758269897429273, 6927712.239818985573947 ], [ 366467.228252226253971, 6927711.100669241510332 ], [ 366471.565054168109782, 6927709.528869929723442 ], [ 366475.726909949502442, 6927707.539558336138725 ], [ 366479.67373862414388, 6927705.151892620138824 ], [ 366483.36753007437801, 6927702.388867306523025 ], [ 366486.772711069264915, 6927699.277091840282083 ], [ 366489.856487854383886, 6927695.846534320153296 ], [ 366492.589161973563023, 6927692.13023289013654 ], [ 366494.944416281185113, 6927688.16397756524384 ], [ 366496.899568390683271, 6927683.985965550877154 ], [ 366498.435789118579123, 6927679.636433388106525 ], [ 366499.538283819390927, 6927675.157269448973238 ], [ 366500.196434866462369, 6927670.591610530391335 ], [ 366500.403903905476909, 6927665.983426423743367 ], [ 366500.158692896133289, 6927661.377096462063491 ], [ 366499.463163354492281, 6927656.816982119344175 ], [ 366498.32401361031225, 6927652.346999790519476 ], [ 366496.752214298292529, 6927648.010197849012911 ], [ 366494.762902705057058, 6927643.848342067562044 ], [ 366492.375236988707911, 6927639.901513393037021 ], [ 366489.612211675383151, 6927636.207721942104399 ], [ 366486.500436209200416, 6927632.802540947683156 ], [ 366483.069878689013422, 6927629.718764162622392 ], [ 366479.353577259054873, 6927626.98609004355967 ], [ 366475.387321933580097, 6927624.630835736170411 ], [ 366471.209309919679072, 6927622.675683625973761 ], [ 366466.859777756908443, 6927621.139462898485363 ], [ 366462.380613817658741, 6927620.036968197673559 ], [ 366457.814954899251461, 6927619.378817150369287 ], [ 366447.877552200807258, 6927618.441149549558759 ], [ 366437.991702822328079, 6927617.501455136574805 ], [ 366428.02167398086749, 6927616.560758180916309 ], [ 366418.135810008447152, 6927615.621122509241104 ], [ 366413.521652344148606, 6927615.410518831573427 ], [ 366408.909101958619431, 6927615.653796041384339 ], [ 366404.342697977146599, 6927616.34860503487289 ], [ 366399.866533931985032, 6927617.488236686214805 ], [ 366395.52383199200267, 6927619.061686627566814 ], [ 366391.356525606068317, 6927621.053761512041092 ], [ 366387.404854590829927, 6927623.445225718431175 ], [ 366383.706976571585983, 6927626.212987090460956 ], [ 366372.810198006918654, 6927635.237228244543076 ], [ 366372.729794212791603, 6927635.303965994156897 ], [ 366366.061405281245243, 6927640.851474470458925 ], [ 366365.624690330936573, 6927640.810277852229774 ], [ 366355.738871475798078, 6927639.870827971026301 ], [ 366351.124686315481085, 6927639.660308334045112 ], [ 366346.512116937490646, 6927639.90367419924587 ], [ 366341.945703106350265, 6927640.598575583659112 ], [ 366337.469538900826592, 6927641.73830240033567 ], [ 366333.126846933562774, 6927643.311849250458181 ], [ 366328.959560986317229, 6927645.304021693766117 ], [ 366325.00792109023314, 6927647.69558297097683 ], [ 366321.310084960889071, 6927650.463439754210413 ], [ 366313.085850595030934, 6927657.274703407660127 ], [ 366310.19198068062542, 6927657.718578193336725 ], [ 366305.708700171962846, 6927658.866665579378605 ], [ 366301.36004905635491, 6927660.450061372481287 ], [ 366297.188181792385876, 6927662.453416631557047 ], [ 366293.233539151609875, 6927664.857311460189521 ], [ 366289.534456198220141, 6927667.638443255797029 ], [ 366278.689622808829881, 6927676.660927144810557 ], [ 366267.844680905574933, 6927685.683586373925209 ], [ 366264.465778753568884, 6927688.785880909301341 ], [ 366261.405348130443599, 6927692.20274724252522 ], [ 366258.692534109810367, 6927695.901645892299712 ], [ 366256.353171345253941, 6927699.847351532429457 ], [ 366254.409538041625638, 6927704.002288441173732 ], [ 366253.328115654934663, 6927707.060178300365806 ] ] ] } },
{ "type": "Feature", "properties": { "id": "2", "_id": 3, "width": 39.54, "depth": 41.7, "manning_n": 0.3486 }, "geometry": { "type": "Polygon", "coordinates": [ [ [ 366288.68861496669706, 6927860.034576621837914 ], [ 366288.502750172046944, 6927860.242214674130082 ], [ 366287.360340612882283, 6927861.801479202695191 ], [ 366286.375663728453219, 6927863.464854356832802 ], [ 366285.558132656209636, 6927865.216438901610672 ], [ 366284.915562683076132, 6927867.039488352835178 ], [ 366284.454096534405835, 6927868.916575049050152 ], [ 366284.178145651414525, 6927870.829754753038287 ], [ 366283.23678243428003, 6927880.778259394690394 ], [ 366282.290980511461385, 6927890.615423396229744 ], [ 366282.283449751732405, 6927890.695457552559674 ], [ 366280.449514168489259, 6927910.620089169591665 ], [ 366280.366700126382057, 6927912.5584567617625 ], [ 366280.47427810478257, 6927914.49560778029263 ], [ 366280.771212069084868, 6927916.412886400707066 ], [ 366281.254642382788006, 6927918.291828183457255 ], [ 366281.919913347752299, 6927920.114337890408933 ], [ 366282.760618040862028, 6927921.862863757647574 ], [ 366283.768660016357899, 6927923.520566524006426 ], [ 366284.934331278956961, 6927925.071481607854366 ], [ 366286.246405777230393, 6927926.50067284796387 ], [ 366287.692247516533826, 6927927.794376350939274 ], [ 366289.257932250387967, 6927928.940133045427501 ], [ 366290.928381579054985, 6927929.926908668130636 ], [ 366292.687508162285667, 6927930.745200029574335 ], [ 366294.518370649486315, 6927931.387126537971199 ], [ 366296.403336833987851, 6927931.846506089903414 ], [ 366298.324253461090848, 6927932.118914607912302 ], [ 366300.262621053494513, 6927932.201728649437428 ], [ 366302.199772071733605, 6927932.094150671735406 ], [ 366304.117050692555495, 6927931.797216706909239 ], [ 366305.995992474723607, 6927931.313786393031478 ], [ 366307.818502181733493, 6927930.648515428416431 ], [ 366309.567028048797511, 6927929.807810734957457 ], [ 366311.224730816029478, 6927928.799768759869039 ], [ 366312.77564589958638, 6927927.634097496978939 ], [ 366314.204837139404844, 6927926.322022998705506 ], [ 366315.498540642496664, 6927924.87618125975132 ], [ 366316.644297336984891, 6927923.310496525838971 ], [ 366317.631072959571611, 6927921.64004719723016 ], [ 366318.449364321539178, 6927919.880920614115894 ], [ 366319.091290829761419, 6927918.050058126449585 ], [ 366319.550670381053351, 6927916.165091942064464 ], [ 366319.823078899236862, 6927914.244175314903259 ], [ 366321.653330460365396, 6927894.359568431042135 ], [ 366322.596712725935504, 6927884.54757097363472 ], [ 366322.599544491327833, 6927884.517883117310703 ], [ 366322.774047097016592, 6927882.6737065538764 ], [ 366327.349040959437843, 6927878.867277853190899 ], [ 366328.772741475433577, 6927877.559822779148817 ], [ 366330.061956427700352, 6927876.11958434805274 ], [ 366331.204361553885974, 6927874.56033053342253 ], [ 366332.189036021591164, 6927872.896967036649585 ], [ 366333.006566826137714, 6927871.145394795574248 ], [ 366333.649138774140738, 6927869.322357982397079 ], [ 366334.110609193041455, 6927867.445283934473991 ], [ 366334.386566652159672, 6927865.532116557471454 ], [ 366335.32938005134929, 6927855.5687708677724 ], [ 366335.417115485295653, 6927853.619686654768884 ], [ 366335.312307153362781, 6927851.671445913612843 ], [ 366335.015975813614205, 6927849.743023108690977 ], [ 366334.531007520563435, 6927847.853199697099626 ], [ 366333.862125517451204, 6927846.020381200127304 ], [ 366333.015844234963879, 6927844.262417957186699 ], [ 366332.000405845523346, 6927842.596431266516447 ], [ 366330.825699990149587, 6927841.03864664491266 ], [ 366321.819886887271423, 6927830.247865374200046 ], [ 366320.512403465923853, 6927828.828256702981889 ], [ 366319.072731197811663, 6927827.54289860650897 ], [ 366317.514590062492061, 6927826.404040459543467 ], [ 366315.852829039387871, 6927825.422535503283143 ], [ 366314.103284598677419, 6927824.607737413607538 ], [ 366312.28262978035491, 6927823.967411161400378 ], [ 366310.408215301635209, 6927823.507659012451768 ], [ 366308.497904205520172, 6927823.232862373813987 ], [ 366306.705402500927448, 6927823.063798642717302 ], [ 366293.906501372344792, 6927807.577875120565295 ], [ 366292.598619266762398, 6927806.144846339710057 ], [ 366291.156573587912135, 6927804.846912847831845 ], [ 366289.594252023962326, 6927803.696574454195797 ], [ 366287.926700585579965, 6927802.704909546300769 ], [ 366286.169978704769164, 6927801.881468399427831 ], [ 366284.341004573507234, 6927801.234181202016771 ], [ 366282.457392212527338, 6927800.76928168348968 ], [ 366280.537281838536728, 6927800.491247080266476 ], [ 366278.599165164108854, 6927800.402755017392337 ], [ 366276.661707312217914, 6927800.504657722078264 ], [ 366274.743567061203066, 6927800.795973815955222 ], [ 366272.863217150210403, 6927801.27389776520431 ], [ 366271.038766376790591, 6927801.93382690101862 ], [ 366269.28778519917978, 6927802.769405744969845 ], [ 366267.6271365233697, 6927803.772587215527892 ], [ 366266.072813303850126, 6927804.933710129000247 ], [ 366264.639784522994887, 6927806.241592234000564 ], [ 366263.341851031233091, 6927807.683637913316488 ], [ 366262.191512637713458, 6927809.245959477499127 ], [ 366261.199847729876637, 6927810.913510915823281 ], [ 366260.376406583061907, 6927812.670232796110213 ], [ 366259.729119385476224, 6927814.499206927604973 ], [ 366259.264219866774511, 6927816.382819288410246 ], [ 366258.986185263434891, 6927818.302929662168026 ], [ 366258.897693200677168, 6927820.241046336479485 ], [ 366258.999595905479509, 6927822.178504188545048 ], [ 366259.290911999007221, 6927824.096644439734519 ], [ 366259.768835948081687, 6927825.976994350552559 ], [ 366260.428765083837789, 6927827.801445124670863 ], [ 366261.264343927905429, 6927829.55242630187422 ], [ 366262.267525399220176, 6927831.213074977509677 ], [ 366263.428648311877623, 6927832.767398197203875 ], [ 366281.449454786255956, 6927854.571522478945553 ], [ 366282.758521382987965, 6927856.005727482028306 ], [ 366284.201970814669039, 6927857.304593559354544 ], [ 366285.765877971658483, 6927858.455590410158038 ], [ 366287.435155675979331, 6927859.447614246979356 ], [ 366288.68861496669706, 6927860.034576621837914 ] ] ] } },
{ "type": "Feature", "properties": { "id": "3", "_id": 4, "width": 60.51, "depth": 21.13, "manning_n": 0.5135 }, "geometry": { "type": "Polygon", "coordinates": [ [ [ 366317.139021790062543, 6927944.432070167735219 ], [ 366317.482691682875156, 6927944.46262950822711 ], [ 366327.431110286037438, 6927945.29010306764394 ], [ 366330.342680009838659, 6927945.391526080667973 ], [ 366333.250506252225023, 6927945.212441105395555 ], [ 366336.127626821107697, 6927944.754508668556809 ], [ 366338.94736423616996, 6927944.021974850445986 ], [ 366341.683573090063874, 6927943.021631913259625 ], [ 366344.310882475925609, 6927941.762755321338773 ], [ 366346.804931233928073, 6927940.257017735391855 ], [ 366349.142593834432773, 6927938.518380783498287 ], [ 366359.991242622723803, 6927929.607301063835621 ], [ 366362.19033033028245, 6927927.612437952309847 ], [ 366364.183298051881138, 6927925.411632362753153 ], [ 366365.950952418905217, 6927923.026079257950187 ], [ 366367.476269953476731, 6927920.478752816095948 ], [ 366368.744561013998464, 6927917.794185184873641 ], [ 366369.743611264100764, 6927914.998230217956007 ], [ 366370.463799303863198, 6927912.117814489640296 ], [ 366370.898189328727312, 6927909.18067797832191 ], [ 366371.042597925290465, 6927906.215106913819909 ], [ 366370.895634359796531, 6927903.24966136738658 ], [ 366370.458713971776888, 6927900.312900199554861 ], [ 366369.736044543387834, 6927897.433106027543545 ], [ 366368.734585776226595, 6927894.63801284134388 ], [ 366367.463982265733648, 6927891.954538917168975 ], [ 366365.93647061829688, 6927889.408527576364577 ], [ 366364.166761606116779, 6927887.024498299695551 ], [ 366362.171898494299967, 6927884.825410592369735 ], [ 366359.971092905267142, 6927882.832442871294916 ], [ 366357.585539799823891, 6927881.064788503572345 ], [ 366355.038213358435314, 6927879.539470969699323 ], [ 366352.353645727329422, 6927878.271179908886552 ], [ 366349.557690760237165, 6927877.272129658609629 ], [ 366346.677275031979661, 6927876.551941619254649 ], [ 366343.740138520603068, 6927876.117551594041288 ], [ 366340.774567456333898, 6927875.97314299736172 ], [ 366337.80912190960953, 6927876.120106562972069 ], [ 366334.872360742127057, 6927876.557026950642467 ], [ 366331.992566569359042, 6927877.27969637978822 ], [ 366329.197473383450415, 6927878.281155146658421 ], [ 366326.513999459741171, 6927879.551758657209575 ], [ 366323.967988118994981, 6927881.079270304180682 ], [ 366321.583958842325956, 6927882.848979316651821 ], [ 366320.248538520594593, 6927883.945893520489335 ], [ 366302.987808084872086, 6927882.3118084250018 ], [ 366300.021769270941149, 6927882.177349008619785 ], [ 366297.056833417213056, 6927882.334259694442153 ], [ 366294.121554476674646, 6927882.781029345467687 ], [ 366291.244200790126342, 6927883.513355326838791 ], [ 366288.452482846507337, 6927884.524184938520193 ], [ 366285.773286415729672, 6927885.803783338516951 ], [ 366283.232413624005858, 6927887.339827295392752 ], [ 366280.854334465286229, 6927889.117523864842951 ], [ 366278.661951141897589, 6927891.119752858765423 ], [ 366276.676377503725234, 6927893.327231716364622 ], [ 366274.916735710285138, 6927895.718701209872961 ], [ 366273.399972073966637, 6927898.27113018091768 ], [ 366272.140693857800215, 6927900.959937343373895 ], [ 366271.151028599357232, 6927903.759228013455868 ], [ 366270.440507316030562, 6927906.642043492756784 ], [ 366270.01597271632636, 6927909.580620691180229 ], [ 366269.881513300351799, 6927912.54665950499475 ], [ 366270.038423985883128, 6927915.511595359072089 ], [ 366270.485193637257908, 6927918.44687429908663 ], [ 366271.217519618454389, 6927921.324227985925972 ], [ 366272.228349229961168, 6927924.115945929661393 ], [ 366273.507947630016133, 6927926.795142360031605 ], [ 366275.043991586542688, 6927929.336015151813626 ], [ 366276.821688156574965, 6927931.714094310998917 ], [ 366278.823917150381021, 6927933.906477633863688 ], [ 366281.031396008096635, 6927935.89205127209425 ], [ 366283.422865501779597, 6927937.651693065650761 ], [ 366285.975294472707901, 6927939.168456702493131 ], [ 366288.664101634698454, 6927940.427734917961061 ], [ 366291.46339230495505, 6927941.417400176636875 ], [ 366294.346207783964928, 6927942.127921460196376 ], [ 366297.284784982854035, 6927942.552456059493124 ], [ 366317.139021790062543, 6927944.432070167735219 ] ] ] } },
{ "type": "Feature", "properties": { "id": "4", "_id": 5, "width": 88.2, "depth": 30.5, "manning_n": 0.3953 }, "geometry": { "type": "Polygon", "coordinates": [ [ [ 369833.751855083217379, 6928428.45632906537503 ], [ 369833.539501529478002, 6928424.133773176930845 ], [ 369832.904485949024092, 6928419.852845864370465 ], [ 369831.85292388900416, 6928415.654774798080325 ], [ 369830.394942466984503, 6928411.579989697784185 ], [ 369828.54458284098655, 6928407.667732971720397 ], [ 369826.31966498575639, 6928403.955681789666414 ], [ 369823.741616076556966, 6928400.479585234075785 ], [ 369820.835264133580495, 6928397.272920015268028 ], [ 369817.628598914830945, 6928394.366568071767688 ], [ 369814.152502359414939, 6928391.788519162684679 ], [ 369810.44045117724454, 6928389.563601307570934 ], [ 369806.528194450540468, 6928387.713241681456566 ], [ 369802.453409350186121, 6928386.255260259844363 ], [ 369798.255338284128811, 6928385.203698199242353 ], [ 369793.974410971801262, 6928384.56868261937052 ], [ 369789.651855083240662, 6928384.356329065747559 ], [ 369785.329299194680061, 6928384.56868261937052 ], [ 369781.048371882352512, 6928385.203698199242353 ], [ 369776.850300816295203, 6928386.255260259844363 ], [ 369772.775515715940855, 6928387.713241681456566 ], [ 369768.863258989236783, 6928389.563601307570934 ], [ 369765.151207807066385, 6928391.788519162684679 ], [ 369761.675111251650378, 6928394.366568071767688 ], [ 369758.468446032900829, 6928397.272920015268028 ], [ 369755.562094089924358, 6928400.479585234075785 ], [ 369752.984045180724934, 6928403.955681789666414 ], [ 369750.759127325494774, 6928407.667732971720397 ], [ 369748.908767699496821, 6928411.579989697784185 ], [ 369747.450786277477164, 6928415.654774798080325 ], [ 369746.399224217457231, 6928419.852845864370465 ], [ 369745.764208637003321, 6928424.133773176930845 ], [ 369745.551855083263945, 6928428.45632906537503 ], [ 369745.764208637003321, 6928432.778884953819215 ], [ 369746.399224217457231, 6928437.059812266379595 ], [ 369747.450786277477164, 6928441.257883332669735 ], [ 369748.908767699496821, 6928445.332668432965875 ], [ 369750.759127325494774, 6928449.244925159029663 ], [ 369752.984045180724934, 6928452.956976341083646 ], [ 369755.562094089924358, 6928456.433072896674275 ], [ 369758.468446032900829, 6928459.639738115482032 ], [ 369761.675111251650378, 6928462.546090058982372 ], [ 369765.151207807066385, 6928465.124138968065381 ], [ 369768.863258989236783, 6928467.349056823179126 ], [ 369772.775515715940855, 6928469.199416449293494 ], [ 369776.850300816295203, 6928470.657397870905697 ], [ 369781.048371882352512, 6928471.708959931507707 ], [ 369785.329299194680061, 6928472.34397551137954 ], [ 369789.651855083240662, 6928472.556329065002501 ], [ 369793.974410971801262, 6928472.34397551137954 ], [ 369798.255338284128811, 6928471.708959931507707 ], [ 369802.453409350186121, 6928470.657397870905697 ], [ 369806.528194450540468, 6928469.199416449293494 ], [ 369810.44045117724454, 6928467.349056823179126 ], [ 369814.152502359414939, 6928465.124138968065381 ], [ 369817.628598914830945, 6928462.546090058982372 ], [ 369820.835264133580495, 6928459.639738115482032 ], [ 369823.741616076556966, 6928456.433072896674275 ], [ 369826.31966498575639, 6928452.956976341083646 ], [ 369828.54458284098655, 6928449.244925159029663 ], [ 369830.394942466984503, 6928445.332668432965875 ], [ 369831.85292388900416, 6928441.257883332669735 ], [ 369832.904485949024092, 6928437.059812266379595 ], [ 369833.539501529478002, 6928432.778884953819215 ], [ 369833.751855083217379, 6928428.45632906537503 ] ] ] } },
{ "type": "Feature", "properties": { "id": "5", "_id": 6, "width": 79.67, "depth": 28.87, "manning_n": 0.7125 }, "geometry": { "type": "Polygon", "coordinates": [ [ [ 367294.28166905924445, 6928858.420248587615788 ], [ 367293.502436604758259, 6928860.666658408939838 ], [ 367292.589476243127137, 6928864.467778901569545 ], [ 367292.053486996039283, 6928868.340081724338233 ], [ 367291.899630732834339, 6928872.246274484321475 ], [ 367292.129389173467644, 6928876.148738409392536 ], [ 367292.740549618494697, 6928880.009890638291836 ], [ 367293.727226258837618, 6928883.792546164244413 ], [ 367295.079916859045625, 6928887.460275948047638 ], [ 367296.785594269109424, 6928890.977757745422423 ], [ 367298.827831883274484, 6928894.311116284690797 ], [ 367301.186961836821865, 6928897.428249501623213 ], [ 367303.840264418686274, 6928900.299137697555125 ], [ 367306.76218687457731, 6928902.896132650785148 ], [ 367309.924589494010434, 6928905.1942238798365 ], [ 367313.297016610915307, 6928907.171279509551823 ], [ 367316.846989908604883, 6928908.808259415440261 ], [ 367320.540321203705389, 6928910.089398584328592 ], [ 367324.341441696800757, 6928911.002358945086598 ], [ 367328.213744519627653, 6928911.538348192349076 ], [ 367332.119937279203441, 6928911.692204455845058 ], [ 367336.022401203925256, 6928911.462446015328169 ], [ 367339.883553432882763, 6928910.851285570301116 ], [ 367343.66620895935921, 6928909.864608929492533 ], [ 367347.333938742871396, 6928908.511918329633772 ], [ 367350.851420540595427, 6928906.806240919046104 ], [ 367354.184779080038425, 6928904.764003305695951 ], [ 367357.301912296155933, 6928902.404873351566494 ], [ 367358.70076850510668, 6928901.23392356839031 ], [ 367361.550239330157638, 6928898.602442051284015 ], [ 367364.13028257607948, 6928895.706314324401319 ], [ 367366.416437714593485, 6928892.572997608222067 ], [ 367368.387030472338665, 6928889.232197833247483 ], [ 367370.023378317535389, 6928885.71558800432831 ], [ 367371.309967582754325, 6928882.056507925502956 ], [ 367372.234600544848945, 6928878.28964811284095 ], [ 367372.788511067512445, 6928874.450720907188952 ], [ 367373.733788116835058, 6928864.487685386091471 ], [ 367373.752499347960111, 6928864.284965060651302 ], [ 367374.634455474268179, 6928854.455333392135799 ], [ 367375.571530866669491, 6928844.734911624342203 ], [ 367375.595965033513494, 6928844.472357283346355 ], [ 367376.480622783012222, 6928834.612794066779315 ], [ 367377.416314648871776, 6928824.751129634678364 ], [ 367378.361629819322843, 6928814.788129117339849 ], [ 367378.375128126586787, 6928814.643044522963464 ], [ 367379.266726860660128, 6928804.86599659267813 ], [ 367380.20517656049924, 6928794.975526427850127 ], [ 367380.38304783438798, 6928791.073130034841597 ], [ 367380.177832824527286, 6928787.172075998038054 ], [ 367379.591505060147028, 6928783.309880306944251 ], [ 367378.629703188256826, 6928779.523685256950557 ], [ 367377.30167674733093, 6928775.849902250804007 ], [ 367375.620197215757798, 6928772.323861640878022 ], [ 367373.601435189601034, 6928768.979472955688834 ], [ 367372.726255048357416, 6928767.806922760792077 ], [ 367373.053788330813404, 6928764.156658087857068 ], [ 367373.989508546423167, 6928754.294995431788266 ], [ 367374.008221608703025, 6928754.092268724925816 ], [ 367374.890236634120811, 6928744.262642460875213 ], [ 367375.827372377621941, 6928734.542226139456034 ], [ 367375.833092299173586, 6928734.482424360699952 ], [ 367376.778455878258683, 6928724.51939136814326 ], [ 367376.797169599100016, 6928724.316662957891822 ], [ 367377.681894569599535, 6928714.457104899920523 ], [ 367378.61481486185221, 6928704.625381960533559 ], [ 367379.561753575224429, 6928694.803626326844096 ], [ 367379.586191269452684, 6928694.541060789488256 ], [ 367380.470940216036979, 6928684.681504753418267 ], [ 367381.40672555443598, 6928674.819847580045462 ], [ 367381.425440372666344, 6928674.617116331122816 ], [ 367382.319306588848121, 6928664.65613941475749 ], [ 367382.477270321163815, 6928660.754311886616051 ], [ 367382.252438764786348, 6928656.855765828862786 ], [ 367381.646972522663418, 6928652.997965779155493 ], [ 367380.666690049460158, 6928649.217984711751342 ], [ 367379.321011736872606, 6928645.55214777123183 ], [ 367377.622869384649675, 6928642.03568318951875 ], [ 367375.588581927819178, 6928638.702383752912283 ], [ 367374.850836907571647, 6928637.723873253911734 ], [ 367375.190981564286631, 6928634.139316094107926 ], [ 367375.209696678561158, 6928633.936582437716424 ], [ 367376.091778625210281, 6928624.106962379999459 ], [ 367377.028982849151362, 6928614.386552250944078 ], [ 367377.053422071156092, 6928614.123980656266212 ], [ 367377.94730786717264, 6928604.163003091700375 ], [ 367378.10547645954648, 6928600.285027088597417 ], [ 367377.885504306876101, 6928596.410065484233201 ], [ 367377.289479599799961, 6928592.574903201311827 ], [ 367376.323060387454461, 6928588.815947351045907 ], [ 367374.995420865772758, 6928585.168881614692509 ], [ 367373.319164286891464, 6928581.66832750570029 ], [ 367371.310203316796105, 6928578.347515706904233 ], [ 367370.473614372021984, 6928577.227470329962671 ], [ 367370.813139451609459, 6928573.706029858440161 ], [ 367370.83757906104438, 6928573.443455154076219 ], [ 367371.722366498899646, 6928563.583901363424957 ], [ 367372.658189217559993, 6928553.722277412191033 ], [ 367373.603643271315377, 6928543.759247331880033 ], [ 367373.617144585528877, 6928543.614151485264301 ], [ 367374.508873272279743, 6928533.83711071126163 ], [ 367375.447457380010746, 6928523.946647707372904 ], [ 367375.466174325498287, 6928523.743907669559121 ], [ 367375.774460280430503, 6928520.308705504052341 ], [ 367376.664900415868033, 6928519.50094997882843 ], [ 367379.298802073637489, 6928516.589907681569457 ], [ 367381.633376859361306, 6928513.433744540438056 ], [ 367383.645950883743353, 6928510.063113886862993 ], [ 367385.316977597598452, 6928506.510752007365227 ], [ 367386.630227632296737, 6928502.811160199344158 ], [ 367386.832119407190476, 6928501.995023449882865 ], [ 367388.609803347033449, 6928500.363188329152763 ], [ 367391.207888354430906, 6928497.462052458897233 ], [ 367393.510269194317516, 6928494.321084851399064 ], [ 367395.494940087373834, 6928490.970306361094117 ], [ 367397.142931873851921, 6928487.441743181087077 ], [ 367398.438493317691609, 6928483.769120740704238 ], [ 367399.369241654698271, 6928479.987541364505887 ], [ 367399.926280944375321, 6928476.133148769848049 ], [ 367400.871859044360463, 6928466.170126281678677 ], [ 367401.817442335421219, 6928456.207137176766992 ], [ 367401.830945903551765, 6928456.062037863768637 ], [ 367402.722803212469444, 6928446.285008317790926 ], [ 367403.661518376437016, 6928436.394556907005608 ], [ 367403.6802384640323, 6928436.191812022589147 ], [ 367404.56519511755323, 6928426.332273469306529 ], [ 367405.498350512702018, 6928416.500572886317968 ], [ 367405.849999086756725, 6928412.854151657782495 ], [ 367406.888577949779574, 6928411.904181884601712 ], [ 367409.513538631901611, 6928408.978113758377731 ], [ 367411.837324185529724, 6928405.807575325481594 ], [ 367413.837305924098473, 6928402.423440827056766 ], [ 367415.494008315727115, 6928398.858664474450052 ], [ 367416.791298632801045, 6928395.14795954246074 ], [ 367416.916981850168668, 6928394.628991684876382 ], [ 367426.691890686459374, 6928386.500169142149389 ], [ 367429.55568980780663, 6928383.871984242461622 ], [ 367432.149709589662962, 6928380.9772022748366 ], [ 367434.449251521145925, 6928377.843385403975844 ], [ 367436.432420910976361, 6928374.500371727161109 ], [ 367438.080335354374256, 6928370.979991170577705 ], [ 367439.377304518769961, 6928367.315762430429459 ], [ 367439.510072411852889, 6928366.779217817820609 ], [ 367449.298547898186371, 6928358.639297554269433 ], [ 367460.161503226379864, 6928349.646633915603161 ], [ 367460.229372790490743, 6928349.590322831645608 ], [ 367469.933099213230889, 6928341.521030800417066 ], [ 367470.482764789659996, 6928341.491669646464288 ], [ 367474.360182539094239, 6928340.898213131353259 ], [ 367478.160434675286524, 6928339.926285797730088 ], [ 367481.846672319399659, 6928338.585311871953309 ], [ 367485.383152126451023, 6928336.888294012285769 ], [ 367488.735582867637277, 6928334.851687234826386 ], [ 367491.871457933040801, 6928332.495239354670048 ], [ 367501.575376568711363, 6928324.425985191017389 ], [ 367502.12514525273582, 6928324.396623856388032 ], [ 367506.00255453173304, 6928323.803208431228995 ], [ 367509.802802636113483, 6928322.831324215978384 ], [ 367513.489041000430007, 6928321.490394947119057 ], [ 367517.025526538491249, 6928319.793422754853964 ], [ 367520.377968221029732, 6928317.756862088106573 ], [ 367523.513859574042726, 6928315.400460168719292 ], [ 367534.32566352293361, 6928306.410168742761016 ], [ 367545.189016659278423, 6928297.417786670848727 ], [ 367548.089792612590827, 6928294.764815274626017 ], [ 367550.714962679776363, 6928291.838855520822108 ], [ 367553.038962566060945, 6928288.668400839902461 ], [ 367555.039160816522781, 6928285.284325586631894 ], [ 367556.696079204673879, 6928281.719584387727082 ], [ 367557.993582413997501, 6928278.008891220204532 ], [ 367558.919035166269168, 6928274.188381363637745 ], [ 367559.463425265508704, 6928270.295259508304298 ], [ 367560.358037330559455, 6928260.334340550936759 ], [ 367560.516256971866824, 6928256.428322095423937 ], [ 367560.290857983287424, 6928252.525603950954974 ], [ 367559.684011080360506, 6928248.66377142444253 ], [ 367558.701560530462302, 6928244.880016075447202 ], [ 367557.352967869490385, 6928241.210777536034584 ], [ 367555.651220781961456, 6928237.691392579115927 ], [ 367553.612708022585139, 6928234.355754805728793 ], [ 367551.257061583630275, 6928231.235988231375813 ], [ 367548.606967628002167, 6928228.362137912772596 ], [ 367545.687948009173851, 6928225.761880600824952 ], [ 367542.528114481829107, 6928223.460258193314075 ], [ 367539.1578979701153, 6928221.479436574503779 ], [ 367535.609755501442123, 6928219.838492136448622 ], [ 367531.917857627326157, 6928218.553228073753417 ], [ 367528.117759342596401, 6928217.636022180318832 ], [ 367524.246057670970913, 6928217.09570765029639 ], [ 367520.340039216098376, 6928216.937488009221852 ], [ 367516.437321070930921, 6928217.162886997684836 ], [ 367512.5754885445931, 6928217.769733901135623 ], [ 367508.791733195539564, 6928218.752184450626373 ], [ 367505.122494656068739, 6928220.100777111947536 ], [ 367501.603109699150082, 6928221.802524199709296 ], [ 367498.267471925879363, 6928223.841036958619952 ], [ 367495.14770535135176, 6928226.196683397516608 ], [ 367492.273855033214204, 6928228.846777353435755 ], [ 367489.67359772103373, 6928231.765796972438693 ], [ 367487.371975314046722, 6928234.925630499608815 ], [ 367485.391153694363311, 6928238.295847010798752 ], [ 367483.750209256948438, 6928241.843989479355514 ], [ 367482.867805053130724, 6928244.378679662942886 ], [ 367480.135658974118996, 6928244.796825546771288 ], [ 367476.335378319898155, 6928245.768731211312115 ], [ 367472.649110914964695, 6928247.1096884412691 ], [ 367469.112600798835047, 6928248.806694590486586 ], [ 367465.760139883204829, 6928250.84329457115382 ], [ 367462.624235439579934, 6928253.199740409851074 ], [ 367452.919930775999092, 6928261.269239483401179 ], [ 367452.369979407056235, 6928261.298616669140756 ], [ 367448.492526605725288, 6928261.892087738029659 ], [ 367444.692241919226944, 6928262.864036520943046 ], [ 367441.005975234147627, 6928264.205038408748806 ], [ 367437.469470848853234, 6928265.902090225368738 ], [ 367434.117020874691661, 6928267.938736317679286 ], [ 367430.981132718618028, 6928270.295228119008243 ], [ 367420.135503111523576, 6928279.314003337174654 ], [ 367409.323694167193025, 6928288.304739467799664 ], [ 367398.460596305842046, 6928297.297521099448204 ], [ 367398.39244229963515, 6928297.35406871791929 ], [ 367387.546989728347398, 6928306.372952125035226 ], [ 367376.701454141759314, 6928315.391989609226584 ], [ 367373.837615210155491, 6928318.020178913138807 ], [ 367371.243558587215375, 6928320.914971251040697 ], [ 367368.943983545526862, 6928324.048803899437189 ], [ 367366.960785455536097, 6928327.391838116571307 ], [ 367365.312847309105564, 6928330.912243250757456 ], [ 367364.015859925420955, 6928334.576499815098941 ], [ 367363.884262683801353, 6928335.108310787007213 ], [ 367354.0768381630769, 6928343.227513343095779 ], [ 367351.176223757327534, 6928345.880621682852507 ], [ 367348.551225978997536, 6928348.806700023822486 ], [ 367346.227407096594106, 6928351.977254169993103 ], [ 367344.227396493952256, 6928355.361409216187894 ], [ 367342.570670304819942, 6928358.92621021065861 ], [ 367341.273361754254438, 6928362.636943064630032 ], [ 367341.118169939203653, 6928363.277753633446991 ], [ 367339.385224314639345, 6928364.862849342636764 ], [ 367336.760251059604343, 6928367.788936489261687 ], [ 367334.436456666269805, 6928370.95949640776962 ], [ 367332.436470166954678, 6928374.343654291704297 ], [ 367330.779767363506835, 6928377.908455323427916 ], [ 367329.482481172541156, 6928381.619185591116548 ], [ 367328.557244523719419, 6928385.439710126258433 ], [ 367328.013067340652924, 6928389.332824788056314 ], [ 367327.130770860239863, 6928399.162457324564457 ], [ 367326.193366037914529, 6928408.882880199700594 ], [ 367326.187637699535117, 6928408.942753261886537 ], [ 367325.242018350691069, 6928418.90577373187989 ], [ 367325.22329206118593, 6928419.108583959750831 ], [ 367324.33833247423172, 6928428.968155195936561 ], [ 367323.40234872844303, 6928438.829827952198684 ], [ 367323.38883897633059, 6928438.974992421455681 ], [ 367322.496978693990968, 6928448.752054563723505 ], [ 367322.14911346253939, 6928452.41728167142719 ], [ 367321.084369734104257, 6928453.394669814966619 ], [ 367318.486272070382256, 6928456.295824811793864 ], [ 367316.183882293582428, 6928459.436814003624022 ], [ 367314.19920652511064, 6928462.787615980021656 ], [ 367312.551214192295447, 6928466.316203949041665 ], [ 367311.255656719848048, 6928469.988851852715015 ], [ 367311.104244731774088, 6928470.604040271602571 ], [ 367309.444292780710384, 6928472.109853043220937 ], [ 367306.810378402355127, 6928475.020914400927722 ], [ 367304.475794632104225, 6928478.177099091000855 ], [ 367302.463215708266944, 6928481.547753219492733 ], [ 367300.792188453313429, 6928485.100139894522727 ], [ 367299.478942428599112, 6928488.799757179804146 ], [ 367298.536232307495084, 6928492.61067318636924 ], [ 367297.973213997960556, 6928496.495875054970384 ], [ 367297.027726836095098, 6928506.458905419334769 ], [ 367297.00900368951261, 6928506.661710801534355 ], [ 367296.124173380667344, 6928516.521293905563653 ], [ 367295.188320238084998, 6928526.382978977635503 ], [ 367295.17481274070451, 6928526.528139980509877 ], [ 367294.283081082277931, 6928536.305213335901499 ], [ 367293.344510203169193, 6928546.195709721185267 ], [ 367292.399061161268037, 6928556.158775086514652 ], [ 367292.380339112889487, 6928556.361577623523772 ], [ 367291.498235107574146, 6928566.191228811629117 ], [ 367290.561023788701277, 6928575.911670885980129 ], [ 367290.555296915292274, 6928575.971541187725961 ], [ 367289.609875764290337, 6928585.934574785642326 ], [ 367289.431971572397742, 6928589.837139151059091 ], [ 367289.637186875101179, 6928593.738362703472376 ], [ 367290.223547969129868, 6928597.600724570453167 ], [ 367291.185415398213081, 6928601.387077640742064 ], [ 367292.513538191618863, 6928605.061005834490061 ], [ 367294.195142837415915, 6928608.587174341082573 ], [ 367296.214056134340353, 6928611.931669464334846 ], [ 367297.110435348004103, 6928613.132563346996903 ], [ 367296.776868272863794, 6928616.59222421143204 ], [ 367296.752423305646516, 6928616.854859828948975 ], [ 367295.867652158718556, 6928626.714447416365147 ], [ 367294.931859851058107, 6928636.576136994175613 ], [ 367293.986456136452034, 6928646.539202865213156 ], [ 367293.808650565042626, 6928650.465618981048465 ], [ 367294.018650402489584, 6928654.390444888733327 ], [ 367294.61441122170072, 6928658.275470935739577 ], [ 367295.59013306745328, 6928662.082874936051667 ], [ 367296.936316921608523, 6928665.775590382516384 ], [ 367298.639857179310638, 6928669.317667305469513 ], [ 367300.684169237094466, 6928672.674622257240117 ], [ 367301.481931447808165, 6928673.733440122567117 ], [ 367301.147604972997215, 6928677.256698014214635 ], [ 367301.128884393081535, 6928677.459493469446898 ], [ 367300.246818667510524, 6928687.289147951640189 ], [ 367299.309647530259099, 6928697.009593179449439 ], [ 367299.303921104117762, 6928697.069461395032704 ], [ 367298.358541036373936, 6928707.032493581064045 ], [ 367298.339821114786901, 6928707.235287338495255 ], [ 367297.455093212483916, 6928717.094878069125116 ], [ 367296.522182929154951, 6928726.926667802967131 ], [ 367295.575273812748492, 6928736.748458183370531 ], [ 367295.55083151726285, 6928737.011084805242717 ], [ 367294.666127588890959, 6928746.870677577331662 ], [ 367293.730404328205623, 6928756.732372326776385 ], [ 367293.711685504706111, 6928756.935163239948452 ], [ 367292.82968343939865, 6928766.764823774807155 ], [ 367291.892576770100277, 6928776.485275168903172 ], [ 367291.70883796090493, 6928780.394906081259251 ], [ 367291.90965889202198, 6928784.303696785122156 ], [ 367292.493100870633498, 6928788.173912447877228 ], [ 367293.453531442093663, 6928791.968190631829202 ], [ 367294.781678764673416, 6928795.649901987984776 ], [ 367296.464721118565649, 6928799.183503868989646 ], [ 367298.486410684708972, 6928802.534883453510702 ], [ 367299.370661480759736, 6928803.719819257035851 ], [ 367299.040967280743644, 6928807.33516310248524 ], [ 367298.102530809061136, 6928817.225666657090187 ], [ 367297.157217701198533, 6928827.188733552582562 ], [ 367297.13849983230466, 6928827.391520358622074 ], [ 367296.25652491056826, 6928837.221183300018311 ], [ 367295.319446435198188, 6928846.941637048497796 ], [ 367295.295006523898337, 6928847.204255413264036 ], [ 367294.41036176023772, 6928857.063852648250759 ], [ 367294.28166905924445, 6928858.420248587615788 ] ] ] } },
{ "type": "Feature", "properties": { "id": "6", "_id": 7, "width": 36.06, "depth": 25.07, "manning_n": 0.0082 }, "geometry": { "type": "Polygon", "coordinates": [ [ [ 368840.899109702848364, 6929174.55235097464174 ], [ 368851.736248218105175, 6929165.545593599788845 ], [ 368862.618572518753354, 6929156.542110798880458 ], [ 368862.649300818447955, 6929156.516630410216749 ], [ 368867.728746166743804, 6929152.295176562853158 ], [ 368870.212180105329026, 6929152.531424107030034 ], [ 368871.986128676275257, 6929152.612334137782454 ], [ 368873.759432414488401, 6929152.51834574714303 ], [ 368875.514889426878653, 6929152.250370668247342 ], [ 368877.235470942163374, 6929151.811008386313915 ], [ 368878.904486497980542, 6929151.204520925879478 ], [ 368880.505745846487116, 6929150.436791503801942 ], [ 368882.023716007359326, 6929149.515267464332283 ], [ 368883.443671945191454, 6929148.448888028971851 ], [ 368894.290039628453087, 6929139.434763996861875 ], [ 368895.59696306148544, 6929138.235133830457926 ], [ 368896.779668054601643, 6929136.912874289788306 ], [ 368897.826704647100996, 6929135.480786384083331 ], [ 368898.727936306328047, 6929133.952734391205013 ], [ 368899.47463806119049, 6929132.343511633574963 ], [ 368900.059580969682429, 6929130.668697259388864 ], [ 368900.47710210387595, 6929128.944505420513451 ], [ 368900.72315937327221, 6929127.187628299929202 ], [ 368900.946549740387127, 6929124.710346590727568 ], [ 368906.055355500022415, 6929120.483739664778113 ], [ 368907.368468467320781, 6929119.283466339111328 ], [ 368908.556902408250608, 6929117.959628551267087 ], [ 368909.609086970856879, 6929116.525114916265011 ], [ 368910.51477829948999, 6929114.993891569785774 ], [ 368911.265158767113462, 6929113.380866190418601 ], [ 368911.852922821592074, 6929111.701742866076529 ], [ 368912.27234811137896, 6929109.972869201563299 ], [ 368912.519351196824573, 6929108.211077160201967 ], [ 368913.412231498688925, 6929098.310006042011082 ], [ 368913.645279928459786, 6929095.903938981704414 ], [ 368918.78504389571026, 6929091.632548824883997 ], [ 368920.083897774689831, 6929090.441124819219112 ], [ 368921.260216707189102, 6929089.128575267270207 ], [ 368922.3027596467291, 6929087.70744305010885 ], [ 368923.201563926471863, 6929086.19130867999047 ], [ 368923.948040463437792, 6929084.594660522416234 ], [ 368924.535055837302934, 6929082.932756341062486 ], [ 368924.957000457798131, 6929081.221477492712438 ], [ 368925.209842170937918, 6929079.477177166379988 ], [ 368926.159676618175581, 6929069.514637375250459 ], [ 368926.168187018309254, 6929069.422893770039082 ], [ 368927.062349926680326, 6929059.508281315676868 ], [ 368928.007826962333638, 6929049.591618034988642 ], [ 368928.01396591833327, 6929049.525958767160773 ], [ 368928.913657787954435, 6929039.709645381197333 ], [ 368929.860394173476379, 6929029.779945967718959 ], [ 368929.868904970702715, 6929029.688201334327459 ], [ 368930.092320268508047, 6929027.211028454825282 ], [ 368935.201341922336724, 6929022.984451130963862 ], [ 368936.514500242657959, 6929021.784193117171526 ], [ 368937.70297912316164, 6929020.460364569909871 ], [ 368938.755207473412156, 6929019.025854349136353 ], [ 368939.660940744972322, 6929017.494628920219839 ], [ 368940.411360673024319, 6929015.881596370600164 ], [ 368940.999161131097935, 6929014.202461267821491 ], [ 368941.418619264324661, 6929012.473571754992008 ], [ 368941.665651207149494, 6929010.71176038775593 ], [ 368941.883086759771686, 6929008.301011620089412 ], [ 368946.914877332106698, 6929004.191441643983126 ], [ 368947.03325945144752, 6929004.093914106488228 ], [ 368952.203230418614112, 6928999.797656347975135 ], [ 368954.791937335394323, 6929000.015097665600479 ], [ 368956.541671005601529, 6929000.076761643402278 ], [ 368958.28913594095502, 6928999.968425763770938 ], [ 368960.017854313075077, 6928999.691111586987972 ], [ 368961.711525065707974, 6928999.24743406381458 ], [ 368963.354177626199089, 6928998.641576878726482 ], [ 368964.930322501109913, 6928997.879253 ], [ 368966.425097335246392, 6928996.96765080653131 ], [ 368967.824407057312783, 6928995.915366308763623 ], [ 368978.627801958180498, 6928986.937855942174792 ], [ 368989.435409526282456, 6928978.071451012976468 ], [ 368989.522947274090257, 6928977.999174065887928 ], [ 369000.354763558425475, 6928968.998215298168361 ], [ 369005.568572806660086, 6928964.685234596021473 ], [ 369008.180694987124298, 6928964.904683010652661 ], [ 369009.916214935248718, 6928964.966557652689517 ], [ 369011.649637211696245, 6928964.86117656622082 ], [ 369013.364880418230314, 6928964.589517396874726 ], [ 369015.046031808597036, 6928964.154100396670401 ], [ 369016.677494914969429, 6928963.558965038508177 ], [ 369018.24413424031809, 6928962.809632544405758 ], [ 369019.731415674265008, 6928961.913054662756622 ], [ 369021.125541329616681, 6928960.877549173310399 ], [ 369031.977293488685973, 6928951.975231570191681 ], [ 369032.064832273463253, 6928951.902956224046648 ], [ 369042.912242963269819, 6928942.889345087110996 ], [ 369053.744272054871544, 6928933.888600112870336 ], [ 369064.627919543068856, 6928924.885792177170515 ], [ 369064.658649768098257, 6928924.860315198078752 ], [ 369075.506257073371671, 6928915.846795989200473 ], [ 369076.813324095448479, 6928914.647245246917009 ], [ 369077.996175963780843, 6928913.325047213584185 ], [ 369079.043360623531044, 6928911.893003054894507 ], [ 369079.944739513390232, 6928910.364977440796793 ], [ 369080.691585724416655, 6928908.755764303728938 ], [ 369081.2766684917151, 6928907.080943615175784 ], [ 369081.694323200674262, 6928905.356730540283024 ], [ 369081.940506230224855, 6928903.599818448536098 ], [ 369082.164038386254106, 6928901.122792694717646 ], [ 369087.273472054104786, 6928896.896433261223137 ], [ 369088.586728634254541, 6928895.696239992976189 ], [ 369089.77530955633847, 6928894.372464288957417 ], [ 369090.827642361051403, 6928892.937994911335409 ], [ 369091.733481150760781, 6928891.406798382289708 ], [ 369092.484006347134709, 6928889.793782989494503 ], [ 369093.07191056193551, 6928888.114653644151986 ], [ 369093.491469744360074, 6928886.385758963413537 ], [ 369093.738598912488669, 6928884.623932098969817 ], [ 369093.962140449963044, 6928882.146927863359451 ], [ 369099.071623250609264, 6928877.92058380600065 ], [ 369099.102353810332716, 6928877.895107465796173 ], [ 369109.950212308729533, 6928868.881703408434987 ], [ 369111.255007504136302, 6928867.6844975752756 ], [ 369112.436067815520801, 6928866.365070104598999 ], [ 369113.482000510033686, 6928864.936148445121944 ], [ 369114.382716321502812, 6928863.411516248248518 ], [ 369115.129526773584075, 6928861.805880405940115 ], [ 369115.715227990411222, 6928860.134729187935591 ], [ 369116.134170186356641, 6928858.414182837121189 ], [ 369116.382312165223993, 6928856.660838071256876 ], [ 369116.600781403365545, 6928854.278919819742441 ], [ 369121.722183773294091, 6928850.042812386527658 ], [ 369121.752914552809671, 6928850.017336441203952 ], [ 369126.833932089852169, 6928845.795652786269784 ], [ 369129.318787012714893, 6928846.032212159596384 ], [ 369131.092606127669569, 6928846.113247617147863 ], [ 369132.865794020297471, 6928846.019408951513469 ], [ 369134.621152315812651, 6928845.751606314443052 ], [ 369136.341655570722651, 6928845.312437158077955 ], [ 369138.010616405226756, 6928844.706161040812731 ], [ 369139.611847355787177, 6928843.938658310100436 ], [ 369141.129817879816983, 6928843.017373073846102 ], [ 369142.549804988084361, 6928841.95124099496752 ], [ 369153.397894395689946, 6928832.937985079362988 ], [ 369158.568750704056583, 6928828.641762035898864 ], [ 369161.158228422515094, 6928828.85942053142935 ], [ 369162.893692493147682, 6928828.921370694413781 ], [ 369164.627066727553029, 6928828.816075269132853 ], [ 369166.342271157656796, 6928828.54451104812324 ], [ 369168.023394370859023, 6928828.109197247773409 ], [ 369169.654841115348972, 6928827.514172135852277 ], [ 369171.221476972394157, 6928826.764955575577915 ], [ 369172.70876875333488, 6928825.868497812189162 ], [ 369174.102919319528155, 6928824.833115003071725 ], [ 369184.955528676335234, 6928815.931305904872715 ], [ 369185.012275456858333, 6928815.884565730579197 ], [ 369195.912112883932423, 6928806.869421515613794 ], [ 369195.94284430105472, 6928806.843946532346308 ], [ 369206.791196230624337, 6928797.830863659270108 ], [ 369217.639542819699273, 6928788.817870229482651 ], [ 369228.487948364345357, 6928779.804912817664444 ], [ 369229.787020377989393, 6928778.61362147051841 ], [ 369230.963564174249768, 6928777.301177998073399 ], [ 369232.006335650745314, 6928775.880125283263624 ], [ 369232.905369152780622, 6928774.364044173620641 ], [ 369233.652072714001406, 6928772.767423691228032 ], [ 369234.239310168777592, 6928771.105522568337619 ], [ 369234.661469351965934, 6928769.394223414361477 ], [ 369234.914515733718872, 6928767.649880930781364 ], [ 369235.86544141441118, 6928757.68744283914566 ], [ 369235.873962583485991, 6928757.595692170783877 ], [ 369236.097613633901346, 6928755.118835533969104 ], [ 369241.207498663803563, 6928750.892693602479994 ], [ 369241.23823051591171, 6928750.867219413630664 ], [ 369252.086847716826014, 6928741.854324999265373 ], [ 369262.935549308662303, 6928732.841445474885404 ], [ 369268.017148592567537, 6928728.619796476326883 ], [ 369270.502534336119425, 6928728.856505760923028 ], [ 369272.276303621882107, 6928728.937611673027277 ], [ 369274.049449099693447, 6928728.843852604739368 ], [ 369275.804773707815912, 6928728.576137891039252 ], [ 369277.525253222556785, 6928728.137063993141055 ], [ 369279.19420136930421, 6928727.530889322981238 ], [ 369280.795431656646542, 6928726.763492935337126 ], [ 369282.31341436272487, 6928725.8423175169155 ], [ 369283.733427152561489, 6928724.77629719581455 ], [ 369288.815147022134624, 6928720.554611657746136 ], [ 369291.300566038058605, 6928720.791339324787259 ], [ 369301.249784441024531, 6928721.738998713903129 ], [ 369303.023550521058496, 6928721.820120754651725 ], [ 369304.796694407938048, 6928721.726378295570612 ], [ 369306.552019103197381, 6928721.458680506795645 ], [ 369308.272500429593492, 6928721.019623679108918 ], [ 369309.941452141210902, 6928720.413466046564281 ], [ 369311.542687757057138, 6928719.646086482331157 ], [ 369313.060677546774969, 6928718.724927489645779 ], [ 369314.480699147330597, 6928717.658923012204468 ], [ 369319.562481924134772, 6928713.437272679060698 ], [ 369322.047926649393048, 6928713.67402558773756 ], [ 369323.821689210075419, 6928713.755158399231732 ], [ 369325.594830669811927, 6928713.661427303217351 ], [ 369327.350154112325981, 6928713.393741355277598 ], [ 369329.070635430398397, 6928712.954696723259985 ], [ 369330.739588435157202, 6928712.348551507107913 ], [ 369332.340826688043308, 6928711.581184442155063 ], [ 369333.858820486115292, 6928710.660037882626057 ], [ 369335.278847477631643, 6928709.594045623205602 ], [ 369346.127891971962526, 6928700.58142467867583 ], [ 369356.961514640715905, 6928691.581699976697564 ], [ 369367.84677827853011, 6928682.579901383258402 ], [ 369369.160209504887462, 6928681.379826853051782 ], [ 369370.348972335690632, 6928680.056148872710764 ], [ 369371.401491905271541, 6928678.62175596319139 ], [ 369372.307519935071468, 6928677.090614665299654 ], [ 369373.058234520081896, 6928675.47763355076313 ], [ 369373.646326026879251, 6928673.798518056049943 ], [ 369374.066068266809452, 6928672.069617562927306 ], [ 369374.313374251360074, 6928670.307766202837229 ], [ 369375.209073700825684, 6928660.393297778442502 ], [ 369375.449113825219683, 6928657.879769270308316 ], [ 369380.578002522466704, 6928653.619203388690948 ], [ 369385.660062293580268, 6928649.397578089497983 ], [ 369388.145800392318051, 6928649.634404896758497 ], [ 369389.919535807566717, 6928649.715570296160877 ], [ 369391.692653592268471, 6928649.62187682185322 ], [ 369393.447957556054462, 6928649.354233141057193 ], [ 369395.168424272036646, 6928648.915234934538603 ], [ 369396.837368174572475, 6928648.30913973134011 ], [ 369398.438603380694985, 6928647.541825610212982 ], [ 369399.956600665231235, 6928646.620734198018909 ], [ 369401.376638067595195, 6928645.554798495955765 ], [ 369412.226073555881158, 6928636.542397430166602 ], [ 369413.522868533036672, 6928635.353600976988673 ], [ 369414.697634451731574, 6928634.04408226441592 ], [ 369415.73918701976072, 6928632.626308492384851 ], [ 369416.6376101950882, 6928631.113777494989336 ], [ 369417.384350591048133, 6928629.520889236591756 ], [ 369417.972298908163793, 6928627.862808721140027 ], [ 369418.395857617841102, 6928626.155321608297527 ], [ 369418.650994253577664, 6928624.414683932438493 ], [ 369418.890184709569439, 6928621.949749703519046 ], [ 369424.031431382987648, 6928617.679079151712358 ], [ 369434.880957690009382, 6928608.666806749999523 ], [ 369436.180161922646221, 6928607.475602368824184 ], [ 369437.356842979206704, 6928606.163230011239648 ], [ 369438.399754952057265, 6928604.742232427932322 ], [ 369439.298930406279396, 6928603.226190535351634 ], [ 369440.045775641745422, 6928601.629593620076776 ], [ 369440.633152825641446, 6928599.967700856737792 ], [ 369441.055448211089242, 6928598.256395471282303 ], [ 369441.308625789475627, 6928596.512032942846417 ], [ 369441.553100429475307, 6928593.952697466127574 ], [ 369446.682154621987138, 6928589.692251452244818 ], [ 369449.094634719134774, 6928587.688345099799335 ], [ 369451.099758753669448, 6928590.096054759807885 ], [ 369452.290933490439784, 6928591.392112188972533 ], [ 369453.602816692844499, 6928592.565834718756378 ], [ 369455.022903526434675, 6928593.606034458614886 ], [ 369456.537657762877643, 6928594.502796253189445 ], [ 369458.132640806958079, 6928595.24757219478488 ], [ 369459.792649324459489, 6928595.83326309826225 ], [ 369461.501860160380602, 6928596.254286176525056 ], [ 369463.243981164414436, 6928596.506628246977925 ], [ 369473.193546432361472, 6928597.454809742979705 ], [ 369474.967259476077743, 6928597.53601836040616 ], [ 369476.740359354647808, 6928597.442372102290392 ], [ 369478.495650446042418, 6928597.174779155291617 ], [ 369480.21610983874416, 6928596.735834649764001 ], [ 369481.88505242113024, 6928596.129795494489372 ], [ 369483.486292694404256, 6928595.362539091147482 ], [ 369485.004301740555093, 6928594.441506335511804 ], [ 369486.424357822863385, 6928593.375629454851151 ], [ 369497.274149708391633, 6928584.363544316962361 ], [ 369508.108601525891572, 6928575.36428586114198 ], [ 369518.99465500889346, 6928566.362990003079176 ], [ 369519.025389275280759, 6928566.33751958142966 ], [ 369529.875399400363676, 6928557.325508430600166 ], [ 369540.725380021089222, 6928548.31360677536577 ], [ 369551.575467903574463, 6928539.301701026037335 ], [ 369552.872345394513104, 6928538.112962501123548 ], [ 369554.047197503095958, 6928536.803491986356676 ], [ 369555.088838841009419, 6928535.385756528005004 ], [ 369555.987352276686579, 6928533.873253929428756 ], [ 369556.734183353197295, 6928532.28038423974067 ], [ 369557.322221732523758, 6928530.622312657535076 ], [ 369557.745868890720885, 6928528.914825148880482 ], [ 369558.001091419602744, 6928527.174178152345121 ], [ 369558.957470864115749, 6928517.32319160271436 ], [ 369558.968611208256334, 6928517.204354294575751 ], [ 369559.192509465501644, 6928514.727779999375343 ], [ 369564.303218518267386, 6928510.502105535008013 ], [ 369564.33395322272554, 6928510.476635905914009 ], [ 369575.184273084683809, 6928501.46477597951889 ], [ 369576.491662866785191, 6928500.26543653011322 ], [ 369577.674849726201501, 6928498.943410807289183 ], [ 369578.722377138154116, 6928497.511499679647386 ], [ 369579.624102136993315, 6928495.983568011783063 ], [ 369580.371293528180104, 6928494.374410411342978 ], [ 369580.956716430257075, 6928492.699607981368899 ], [ 369581.374702328757849, 6928490.975377444177866 ], [ 369581.621203962888103, 6928489.218414125964046 ], [ 369582.517612185096368, 6928479.304012295790017 ], [ 369583.465343335294165, 6928469.38756984192878 ], [ 369583.471498192229774, 6928469.32190138567239 ], [ 369584.373415642185137, 6928459.505797364749014 ], [ 369585.322409303858876, 6928449.576316953636706 ], [ 369585.330942297994625, 6928449.484559461474419 ], [ 369586.227382615034003, 6928439.570159706287086 ], [ 369587.175146469089668, 6928429.653719396330416 ], [ 369587.256829009391367, 6928427.876547993160784 ], [ 369587.162971246871166, 6928426.099977995269001 ], [ 369586.894486987148412, 6928424.341306213289499 ], [ 369586.453990211768541, 6928422.617655197158456 ], [ 369585.84576962783467, 6928420.945806533098221 ], [ 369585.07574691332411, 6928419.342037455178797 ], [ 369584.15141906280769, 6928417.821962371468544 ], [ 369583.081785396614578, 6928416.400380838662386 ], [ 369578.861941578215919, 6928411.333157818764448 ], [ 369579.08663656032877, 6928408.848075482994318 ], [ 369580.034396135306451, 6928398.931633669883013 ], [ 369580.042929362505674, 6928398.839874831959605 ], [ 369580.938155929441564, 6928388.939023503102362 ], [ 369581.888909231696744, 6928379.147462771274149 ], [ 369581.900051726261154, 6928379.028620881028473 ], [ 369582.800670184777118, 6928369.068316451273859 ], [ 369582.873446992598474, 6928367.313067172653973 ], [ 369582.775058281724341, 6928365.559067128226161 ], [ 369582.506438117823564, 6928363.822968139313161 ], [ 369582.070136680267751, 6928362.121252078562975 ], [ 369581.47029605176067, 6928360.470074404031038 ], [ 369580.712610894872341, 6928358.885110777802765 ], [ 369579.804274389112834, 6928357.381408251821995 ], [ 369578.753909941471647, 6928355.97324241604656 ], [ 369569.755906142410822, 6928345.062459643930197 ], [ 369569.700619258510415, 6928344.995747189037502 ], [ 369560.717885169025976, 6928334.209500596858561 ], [ 369551.679156067431904, 6928323.313971908763051 ], [ 369551.657155522785615, 6928323.287503309547901 ], [ 369547.471801929234061, 6928318.261918732896447 ], [ 369547.709060108172707, 6928315.779345108196139 ], [ 369547.717593073728494, 6928315.687583973631263 ], [ 369548.618144020147156, 6928305.727269930765033 ], [ 369548.690908679738641, 6928303.971993397921324 ], [ 369548.59250262263231, 6928302.217967555858195 ], [ 369548.32386010751361, 6928300.481844979338348 ], [ 369547.887531603628304, 6928298.780108265578747 ], [ 369547.287659576628357, 6928297.128913560882211 ], [ 369546.529939160507638, 6928295.543937164358795 ], [ 369545.621564088389277, 6928294.040226710028946 ], [ 369544.571158396196552, 6928292.63205829448998 ], [ 369540.331492513592821, 6928287.491327767260373 ], [ 369540.565183823928237, 6928285.084423809312284 ], [ 369540.649539155652747, 6928283.308207767084241 ], [ 369540.558517133933492, 6928281.532320877537131 ], [ 369540.293003129248973, 6928279.774037178605795 ], [ 369539.855579794093501, 6928278.050459481775761 ], [ 369539.250501941714901, 6928276.378353012725711 ], [ 369538.483655159419868, 6928274.773982336744666 ], [ 369537.562498559535015, 6928273.252953155897558 ], [ 369536.495992224838119, 6928271.830060507170856 ], [ 369532.230809954169672, 6928266.688856897875667 ], [ 369532.469970977515914, 6928264.186327490955591 ], [ 369532.551640439312905, 6928262.40908544883132 ], [ 369532.45775579783367, 6928260.632446809671819 ], [ 369532.189231192402076, 6928258.873710412532091 ], [ 369531.748681202880107, 6928257.150000783614814 ], [ 369531.140395391965285, 6928255.478101399727166 ], [ 369530.370296538399998, 6928253.874291269108653 ], [ 369529.445882967847865, 6928252.354186427779496 ], [ 369528.376155542850029, 6928250.932587886229157 ], [ 369519.393056721892208, 6928240.146449472755194 ], [ 369515.138774183753412, 6928235.018481840379536 ], [ 369515.377920958912, 6928232.516012823209167 ], [ 369515.384075757057872, 6928232.450339749455452 ], [ 369516.285919944115449, 6928222.634220050647855 ], [ 369517.23484212817857, 6928212.704723011702299 ], [ 369517.243375030870084, 6928212.612959068268538 ], [ 369518.143890757171903, 6928202.652636976912618 ], [ 369518.216566440358292, 6928200.8864961033687 ], [ 369518.115951079467777, 6928199.121726461686194 ], [ 369517.843011745251715, 6928197.375290243886411 ], [ 369517.400371811178047, 6928195.663973432965577 ], [ 369516.792285738571081, 6928194.004224454984069 ], [ 369516.024598184565548, 6928192.411996092647314 ], [ 369515.104687826067675, 6928190.902592145837843 ], [ 369514.041396438784432, 6928189.490520346909761 ], [ 369505.074813811050262, 6928178.724484574981034 ], [ 369496.103651482262649, 6928167.847258727997541 ], [ 369494.912216579075903, 6928166.539134251885116 ], [ 369493.598300140234642, 6928165.354089793749154 ], [ 369492.174555899342522, 6928164.303537981584668 ], [ 369490.654695291654207, 6928163.397596202790737 ], [ 369489.053355405689217, 6928162.64498917106539 ], [ 369487.38595801993506, 6928162.052964904345572 ], [ 369485.66856108274078, 6928161.627224919386208 ], [ 369483.917704065388534, 6928161.37186932656914 ], [ 369482.150248678110074, 6928161.289357338100672 ], [ 369480.383216482470743, 6928161.380483590066433 ], [ 369478.633624964393675, 6928161.644370486028492 ], [ 369476.918323646765202, 6928162.078476653434336 ], [ 369475.253831818816252, 6928162.678621409460902 ], [ 369473.656179446843453, 6928163.439025034196675 ], [ 369472.140752796491142, 6928164.352364424616098 ], [ 369470.722146254905965, 6928165.409843622706831 ], [ 369469.414021778502502, 6928166.601278525777161 ], [ 369468.228977321065031, 6928167.915194964967668 ], [ 369467.1784255085513, 6928169.338939205743372 ], [ 369466.2724837292335, 6928170.858799813315272 ], [ 369465.519876697682776, 6928172.460139699280262 ], [ 369464.927852431021165, 6928174.127537085674703 ], [ 369464.502112446527462, 6928175.844934022054076 ], [ 369464.24675685307011, 6928177.595791039988399 ], [ 369464.164244864485227, 6928179.363246426917613 ], [ 369464.255371116450988, 6928181.130278622731566 ], [ 369464.519258013286162, 6928182.87987014092505 ], [ 369464.953364179935306, 6928184.595171458087862 ], [ 369465.553508936718572, 6928186.259663286618888 ], [ 369466.313912561512552, 6928187.857315658591688 ], [ 369467.227251951757353, 6928189.372742308303714 ], [ 369468.284731149789877, 6928190.791348850354552 ], [ 369477.283410914475098, 6928201.701938642188907 ], [ 369477.3386055182782, 6928201.768534130416811 ], [ 369481.558642209158279, 6928206.835466300137341 ], [ 369481.334004456410185, 6928209.320114049129188 ], [ 369480.386327062558848, 6928219.236585635691881 ], [ 369480.380169448268134, 6928219.302288177423179 ], [ 369479.478323907824233, 6928229.118422606028616 ], [ 369478.529416689416394, 6928239.047935196198523 ], [ 369478.447738940711133, 6928240.82088647224009 ], [ 369478.540770638966933, 6928242.593278242275119 ], [ 369478.807610308926087, 6928244.347936064004898 ], [ 369479.245672279386781, 6928246.067857339046896 ], [ 369479.850711738632526, 6928247.736376063898206 ], [ 369480.616865866235457, 6928249.337324325926602 ], [ 369481.536710643908009, 6928250.855188965797424 ], [ 369482.601332794059999, 6928252.275261907838285 ], [ 369491.651369361381512, 6928263.183868510648608 ], [ 369491.673274449014571, 6928263.210221156477928 ], [ 369495.858684203820303, 6928268.235703991726041 ], [ 369495.62144496088149, 6928270.718124303035438 ], [ 369495.539761217602063, 6928272.491061800159514 ], [ 369495.632784268178511, 6928274.263440516777337 ], [ 369495.899612734734546, 6928276.018086399883032 ], [ 369496.33766109397402, 6928277.737997222691774 ], [ 369496.942684730514884, 6928279.406507337465882 ], [ 369497.708821066422388, 6928281.007449159398675 ], [ 369498.628646368568297, 6928282.525309830904007 ], [ 369499.693247683520894, 6928283.945381534285843 ], [ 369503.948231416579802, 6928289.074291938915849 ], [ 369503.717504914326128, 6928291.450659852474928 ], [ 369503.633138494333252, 6928293.220335949212313 ], [ 369503.722863454429898, 6928294.989748454652727 ], [ 369503.985813440813217, 6928296.741812518797815 ], [ 369504.41944949736353, 6928298.459610804915428 ], [ 369505.019584580964874, 6928300.126556833274662 ], [ 369505.780423990334384, 6928301.726555137895048 ], [ 369506.694621317612473, 6928303.244156676344573 ], [ 369507.753349382488523, 6928304.664708000607789 ], [ 369512.037459078303073, 6928309.859328073449433 ], [ 369511.808234163618181, 6928312.394611774012446 ], [ 369510.860523172596004, 6928322.311076279729605 ], [ 369510.778850556642283, 6928324.088284728117287 ], [ 369510.872725452005398, 6928325.864890422672033 ], [ 369511.141233848698903, 6928327.623595493845642 ], [ 369511.581761422741693, 6928329.347276363521814 ], [ 369512.190018991008401, 6928331.019150467589498 ], [ 369512.960084272024687, 6928332.622939651831985 ], [ 369513.884459548746236, 6928334.143028673715889 ], [ 369514.954144669522066, 6928335.56461723241955 ], [ 369523.936943280568812, 6928346.350758270360529 ], [ 369532.975624489830807, 6928357.246229227632284 ], [ 369532.997528755455278, 6928357.272582218982279 ], [ 369541.963503958890215, 6928368.038705152459443 ], [ 369546.219968372781295, 6928373.200000883080065 ], [ 369545.991940257314127, 6928375.721856200136244 ], [ 369545.041185550100636, 6928385.513431401923299 ], [ 369545.030040437355638, 6928385.632302247919142 ], [ 369544.133587465097662, 6928395.546717133373022 ], [ 369543.185826501867268, 6928405.463173472322524 ], [ 369543.177290648978669, 6928405.554961348883808 ], [ 369542.276704481220804, 6928415.51526734046638 ], [ 369542.204015377210453, 6928417.281309564597905 ], [ 369542.304598117305432, 6928419.045982892625034 ], [ 369542.577486051537562, 6928420.792327937670052 ], [ 369543.020056591194589, 6928422.503561457619071 ], [ 369543.628056413843296, 6928424.16323764808476 ], [ 369544.395642339251935, 6928425.755406198091805 ], [ 369545.315437485580333, 6928427.264765575528145 ], [ 369546.378602164739277, 6928428.676810088567436 ], [ 369550.563861732836813, 6928433.702504057437181 ], [ 369550.326574092323426, 6928436.185241412371397 ], [ 369550.318038273486309, 6928436.27702846005559 ], [ 369549.421596618893091, 6928446.191443008370697 ], [ 369548.473847754590679, 6928456.107898894697428 ], [ 369548.467690081219189, 6928456.173596819862723 ], [ 369547.565771277411841, 6928465.989715575240552 ], [ 369546.616792581626214, 6928475.919211534783244 ], [ 369546.608257160231005, 6928476.010997553355992 ], [ 369546.38222221203614, 6928478.510976077057421 ], [ 369541.309662646148354, 6928482.724049687385559 ], [ 369530.423234375193715, 6928491.725247265771031 ], [ 369529.109665724623483, 6928492.92524503543973 ], [ 369527.920762225345243, 6928494.24886345397681 ], [ 369526.86810075910762, 6928495.683213859796524 ], [ 369525.961931558558717, 6928497.214329344220459 ], [ 369525.211078396125231, 6928498.827300756238401 ], [ 369524.622852662869263, 6928500.506421876139939 ], [ 369524.202982174232602, 6928502.235342354513705 ], [ 369523.955555395805277, 6928503.99722692463547 ], [ 369523.060452493431512, 6928513.8981027379632 ], [ 369522.826916438876651, 6928516.303592049516737 ], [ 369517.68533539713826, 6928520.574105271138251 ], [ 369506.835202030313667, 6928529.586133795790374 ], [ 369496.000480710703414, 6928538.585446075536311 ], [ 369485.114362584194168, 6928547.586795384995639 ], [ 369485.083499520900659, 6928547.612372785806656 ], [ 369474.233607426402159, 6928556.624456167221069 ], [ 369471.820919409219641, 6928558.62848998233676 ], [ 369469.815707368019503, 6928556.220674645155668 ], [ 369468.62452300300356, 6928554.924607715569437 ], [ 369467.312628411338665, 6928553.750877654179931 ], [ 369465.892528727941681, 6928552.710672594606876 ], [ 369464.377760511357337, 6928551.813907894305885 ], [ 369462.782762711809482, 6928551.069131622090936 ], [ 369461.122739037382416, 6928550.483443072065711 ], [ 369459.413513030507602, 6928550.062425098381937 ], [ 369457.671377236198168, 6928549.81009089294821 ], [ 369447.721769092080649, 6928548.86196556687355 ], [ 369445.948044078075327, 6928548.780767634510994 ], [ 369444.174933397967834, 6928548.874426832422614 ], [ 369442.419633000623435, 6928549.142034837976098 ], [ 369440.699166107689962, 6928549.5809963401407 ], [ 369439.030218119209167, 6928550.187054209411144 ], [ 369437.428974795446265, 6928550.954330787993968 ], [ 369435.910965284507256, 6928551.875384886749089 ], [ 369434.490911517874338, 6928552.941283958032727 ], [ 369423.64116628508782, 6928561.95353380870074 ], [ 369412.791415707382839, 6928570.965873095206916 ], [ 369411.49219339719275, 6928572.157079451717436 ], [ 369410.315495610353537, 6928573.469456498511136 ], [ 369409.27256860176567, 6928574.890461230650544 ], [ 369408.373380115779582, 6928576.406512436456978 ], [ 369407.62652412004536, 6928578.003120502457023 ], [ 369407.039138668915257, 6928579.665025892667472 ], [ 369406.616837681736797, 6928581.376344995573163 ], [ 369406.363657287729438, 6928583.120721927843988 ], [ 369406.11917611543322, 6928585.68012578971684 ], [ 369400.990102648444008, 6928589.940644262358546 ], [ 369390.140507132746279, 6928598.953059148974717 ], [ 369388.843694136769045, 6928600.141857586801052 ], [ 369387.668911541753914, 6928601.451380982995033 ], [ 369386.62734398455359, 6928602.869161888025701 ], [ 369385.72890781465685, 6928604.381702174432576 ], [ 369384.982156684738584, 6928605.974601550959051 ], [ 369384.394200114707928, 6928607.632694655098021 ], [ 369383.97063580469694, 6928609.340195444412529 ], [ 369383.715496341523249, 6928611.080847484990954 ], [ 369383.532028778165113, 6928612.971539465710521 ], [ 369381.616454133181833, 6928612.789034547284245 ], [ 369379.842702018970158, 6928612.707869206555188 ], [ 369378.069567708880641, 6928612.801566024310887 ], [ 369376.314247876638547, 6928613.069216283969581 ], [ 369374.593766422767658, 6928613.508224191144109 ], [ 369372.924809369374998, 6928614.11433204356581 ], [ 369371.323563031037338, 6928614.881661528721452 ], [ 369369.805557032639626, 6928615.802770731970668 ], [ 369368.385513695888221, 6928616.868726311251521 ], [ 369357.53615907515632, 6928625.881196060217917 ], [ 369346.686799117014743, 6928634.893755232915282 ], [ 369345.38762241427321, 6928636.084989802911878 ], [ 369344.210971711727325, 6928637.397389525547624 ], [ 369343.168092628533486, 6928638.818411384709179 ], [ 369342.268952286569402, 6928640.334474230185151 ], [ 369341.522144051385112, 6928641.931088575161994 ], [ 369340.934805403172504, 6928643.592995076440275 ], [ 369340.512549721112009, 6928645.304310373030603 ], [ 369340.259412634884939, 6928647.048678889870644 ], [ 369339.308011487009935, 6928657.011071276850998 ], [ 369339.299483069800772, 6928657.102853294461966 ], [ 369339.075720424647443, 6928659.579674824140966 ], [ 369333.965523819322698, 6928663.805659801699221 ], [ 369333.93466209928738, 6928663.831239372491837 ], [ 369323.085558656253852, 6928672.843824288807809 ], [ 369318.003605954349041, 6928677.065552145242691 ], [ 369315.518083235598169, 6928676.828791807405651 ], [ 369313.744303976010997, 6928676.747659055516124 ], [ 369311.971145991003141, 6928676.841393494978547 ], [ 369310.215806680149399, 6928677.109086021780968 ], [ 369308.495310624479316, 6928677.54814035538584 ], [ 369306.826344469271135, 6928678.15429822076112 ], [ 369305.225095084577333, 6928678.921680650673807 ], [ 369303.707092573225964, 6928679.842845001257956 ], [ 369302.287059647962451, 6928680.908857137896121 ], [ 369297.205227531725541, 6928685.130548459477723 ], [ 369294.719738084299024, 6928684.893806505016983 ], [ 369284.770404097158462, 6928683.946166447363794 ], [ 369282.996621632075403, 6928683.865049824118614 ], [ 369281.223462056485005, 6928683.958800873719156 ], [ 369279.468122833117377, 6928684.226510325446725 ], [ 369277.747628589393571, 6928684.665581729263067 ], [ 369276.078665999462828, 6928685.271756632253528 ], [ 369274.477421943680383, 6928686.039155885577202 ], [ 369272.959426516317762, 6928686.9603366618976 ], [ 369271.539402402180713, 6928688.026364642195404 ], [ 369266.457633195212111, 6928692.248091167770326 ], [ 369263.972169458400458, 6928692.011374454945326 ], [ 369262.198383473616559, 6928691.930268602445722 ], [ 369260.425221470475662, 6928692.024031014181674 ], [ 369258.669880994013511, 6928692.291752307675779 ], [ 369256.949386741733178, 6928692.730835906229913 ], [ 369255.280425444594584, 6928693.337023227475584 ], [ 369253.679184025735594, 6928694.104434980079532 ], [ 369252.161192606552504, 6928695.025628189556301 ], [ 369250.741173883667216, 6928696.091668388806283 ], [ 369239.892393918533344, 6928705.104528024792671 ], [ 369229.043608615233097, 6928714.117477094754577 ], [ 369218.210234107391443, 6928723.117708071134984 ], [ 369207.325465691159479, 6928732.119980324059725 ], [ 369206.01209582015872, 6928733.320114579983056 ], [ 369204.823399564309511, 6928734.643845618702471 ], [ 369203.77095107594505, 6928736.078284475021064 ], [ 369202.864997883851174, 6928737.609464237466455 ], [ 369202.114361114799976, 6928739.222476044669747 ], [ 369201.526349603256676, 6928740.901614250615239 ], [ 369201.106688726868015, 6928742.630529344081879 ], [ 369200.85946465888992, 6928744.392387145198882 ], [ 369199.964219326269813, 6928754.306913991458714 ], [ 369199.724280355090741, 6928756.820651073008776 ], [ 369194.595768995932303, 6928761.081466570496559 ], [ 369183.747293829277623, 6928770.094566823914647 ], [ 369172.914229016751051, 6928779.094948776066303 ], [ 369162.058097346685827, 6928788.073944405652583 ], [ 369156.889516538998578, 6928792.313451988622546 ], [ 369154.233958643046208, 6928792.090239125303924 ], [ 369152.484278745250776, 6928792.028472203761339 ], [ 369150.736857043055352, 6928792.136695546098053 ], [ 369149.008170013723429, 6928792.413888713344932 ], [ 369147.314517485036049, 6928792.85743804462254 ], [ 369145.671868943609297, 6928793.463161303661764 ], [ 369144.095712958369404, 6928794.225347112864256 ], [ 369142.600911138462834, 6928795.136808805167675 ], [ 369141.20155800296925, 6928796.188952188938856 ], [ 369130.353404985740781, 6928805.20217595435679 ], [ 369125.27221753122285, 6928809.42393714748323 ], [ 369122.787284611200448, 6928809.187370348721743 ], [ 369121.013448796758894, 6928809.106334950774908 ], [ 369119.240244378393982, 6928809.200176962651312 ], [ 369117.484870214480907, 6928809.467986179515719 ], [ 369115.764352222089656, 6928809.907165038399398 ], [ 369114.095378237601835, 6928810.513453807681799 ], [ 369112.494136156048626, 6928811.28097190335393 ], [ 369110.976156919903588, 6928812.202274932526052 ], [ 369109.556163879460655, 6928813.268426890484989 ], [ 369098.723501923901495, 6928822.269000413827598 ], [ 369087.839383433572948, 6928831.271670368500054 ], [ 369086.528396059467923, 6928832.469530337490141 ], [ 369085.34160497848643, 6928833.790546359494328 ], [ 369084.290523055649828, 6928835.221903474070132 ], [ 369083.385346663999371, 6928836.749716322869062 ], [ 369082.634856770979241, 6928838.359163843095303 ], [ 369082.046333755832165, 6928840.034633048810065 ], [ 369081.625486783508677, 6928841.759870489127934 ], [ 369081.376398421358317, 6928843.518139919266105 ], [ 369081.155781153065618, 6928845.923477632924914 ], [ 369076.072632320341654, 6928850.147027776576579 ], [ 369065.188668841321487, 6928859.149773486889899 ], [ 369063.875394119997509, 6928860.349968625232577 ], [ 369062.686796406633221, 6928861.673748946748674 ], [ 369061.634448514610995, 6928863.108225429430604 ], [ 369060.728596657281741, 6928864.6394312530756 ], [ 369059.978060685447417, 6928866.252457793802023 ], [ 369059.390148212609347, 6928867.931599773466587 ], [ 369058.970583464310039, 6928869.660508181899786 ], [ 369058.723451543890405, 6928871.422349456697702 ], [ 369058.499903815740254, 6928873.899422289803624 ], [ 369053.390433178923558, 6928878.12581230327487 ], [ 369052.07716940442333, 6928879.326012829318643 ], [ 369050.888582788640633, 6928880.649797139689326 ], [ 369049.836245979066007, 6928882.084276237525046 ], [ 369048.930405029968824, 6928883.615483349189162 ], [ 369048.179879641858861, 6928885.22850990947336 ], [ 369047.591977288713679, 6928886.907650721259415 ], [ 369047.172422068833839, 6928888.63655686751008 ], [ 369046.925298972404562, 6928890.398394890129566 ], [ 369046.699651815346442, 6928892.898857593536377 ], [ 369041.628438459767494, 6928897.112642044201493 ], [ 369030.744726521486882, 6928906.115503292530775 ], [ 369030.713867512356956, 6928906.141087282449007 ], [ 369019.866378250531852, 6928915.154678699560463 ], [ 369009.062539290869609, 6928924.132084087468684 ], [ 369003.91015981399687, 6928928.358877866528928 ], [ 369001.255216219637077, 6928928.13583195861429 ], [ 368999.510480043769348, 6928928.074075259268284 ], [ 368997.76795024931198, 6928928.181351205334067 ], [ 368996.043964579526801, 6928928.456653990782797 ], [ 368994.354686910286546, 6928928.897402410395443 ], [ 368992.715955699677579, 6928929.499464062042534 ], [ 368991.143135488207918, 6928930.257194090634584 ], [ 368989.650972843286581, 6928931.163488112390041 ], [ 368988.25345809670398, 6928932.209848827682436 ], [ 368977.354625509644393, 6928941.225609164685011 ], [ 368977.323766967689153, 6928941.251193877309561 ], [ 368966.520190697861835, 6928950.228685923852026 ], [ 368955.712518625718076, 6928959.095143771730363 ], [ 368955.624852535314858, 6928959.167527369223535 ], [ 368950.454775227466598, 6928963.463808589614928 ], [ 368947.865990416437853, 6928963.246360728517175 ], [ 368946.116240010655019, 6928963.184696974232793 ], [ 368944.368758540891577, 6928963.293036321178079 ], [ 368942.640024306077976, 6928963.570357158780098 ], [ 368940.946338823297992, 6928964.014044420793653 ], [ 368939.303673109214287, 6928964.619914252310991 ], [ 368937.727517077000812, 6928965.382253456860781 ], [ 368936.232733470911626, 6928966.293873373419046 ], [ 368934.833417714282405, 6928967.346177661791444 ], [ 368924.045368780789431, 6928976.311071125790477 ], [ 368913.201868415169884, 6928985.167187632061541 ], [ 368911.871121388569009, 6928986.369174354709685 ], [ 368910.666355328110512, 6928987.697405685670674 ], [ 368909.59948762942804, 6928989.13874292653054 ], [ 368908.681071614846587, 6928990.678928550332785 ], [ 368907.920192141027655, 6928992.30272723082453 ], [ 368907.324375732860062, 6928993.994076555594802 ], [ 368906.899516132019926, 6928995.73624590691179 ], [ 368906.64981599652674, 6928997.512001963332295 ], [ 368906.426385128230322, 6928999.989221920259297 ], [ 368901.317326506250538, 6929004.215829826891422 ], [ 368900.004160991753452, 6929005.416095099411905 ], [ 368898.815676417842042, 6929006.739932253025472 ], [ 368897.763444063195493, 6929008.174452194944024 ], [ 368896.857708632654976, 6929009.705688206478953 ], [ 368896.107288513449021, 6929011.318731924518943 ], [ 368895.5194899176131, 6929012.997878494672477 ], [ 368895.100035747571383, 6929014.726779473014176 ], [ 368894.853009877260774, 6929016.48860199842602 ], [ 368893.958813531324267, 6929026.403227177448571 ], [ 368893.013318780285772, 6929036.319903898052871 ], [ 368893.007177013903856, 6929036.385592642240226 ], [ 368892.107483793399297, 6929046.201920767314732 ], [ 368891.160762380925007, 6929056.131635730154812 ], [ 368891.15224916220177, 6929056.223408898338675 ], [ 368890.258084920351394, 6929066.138036138378084 ], [ 368890.018389459990431, 6929068.652132745832205 ], [ 368884.890824569389224, 6929072.913384885527194 ], [ 368883.594354128290433, 6929074.102398172952235 ], [ 368882.419925593887456, 6929075.412095015868545 ], [ 368881.378718868421856, 6929076.830007833428681 ], [ 368880.480645656993147, 6929078.342638888396323 ], [ 368879.734255113988183, 6929079.935588780790567 ], [ 368879.14665245951619, 6929081.59369351901114 ], [ 368878.723431341873948, 6929083.301168873906136 ], [ 368878.468620589352213, 6929085.041760636493564 ], [ 368877.514446759247221, 6929094.892958625219762 ], [ 368877.503332108375616, 6929095.011808530427516 ], [ 368877.279926170827821, 6929097.489137317985296 ], [ 368872.171083443623502, 6929101.715774827636778 ], [ 368870.8579632822657, 6929102.91605541203171 ], [ 368869.669523647986352, 6929104.239901806227863 ], [ 368868.617335081158672, 6929105.674425163306296 ], [ 368867.711641593719833, 6929107.205659092403948 ], [ 368866.961260935058817, 6929108.818695641122758 ], [ 368866.373498742934316, 6929110.497830431908369 ], [ 368865.954077416565269, 6929112.226715561002493 ], [ 368865.707080403692089, 6929113.988518761470914 ], [ 368865.537960312736686, 6929115.863971645012498 ], [ 368863.678941514634062, 6929115.687124328687787 ], [ 368861.904976243735291, 6929115.606214359402657 ], [ 368860.131655979726929, 6929115.700206097215414 ], [ 368858.376183099055197, 6929115.968187757767737 ], [ 368856.655586846929509, 6929116.407559745013714 ], [ 368854.986558142176364, 6929117.014059858396649 ], [ 368853.385287664365023, 6929117.78180464822799 ], [ 368851.867308793589473, 6929118.703346483409405 ], [ 368850.447346926142927, 6929119.769745798781514 ], [ 368839.616410167131107, 6929128.77118129376322 ], [ 368828.734021486365236, 6929137.774717359803617 ], [ 368828.703164401289541, 6929137.800304781645536 ], [ 368817.86018695338862, 6929146.811917385086417 ], [ 368808.416481723077595, 6929154.653245935216546 ], [ 368807.112294476013631, 6929155.848989385180175 ], [ 368805.931590600579511, 6929157.166807708330452 ], [ 368804.885740920552053, 6929158.594009594060481 ], [ 368803.98481754004024, 6929160.116850306279957 ], [ 368803.237496843677945, 6929161.720664058811963 ], [ 368802.650975938362535, 6929163.390005246736109 ], [ 368802.230903341027442, 6929165.108797201886773 ], [ 368801.981324580323417, 6929166.860487019643188 ], [ 368801.904643236252014, 6929168.628204968757927 ], [ 368802.001597792026587, 6929170.394926957786083 ], [ 368802.271254522318486, 6929172.143638489767909 ], [ 368802.711016485351138, 6929173.857498516328633 ], [ 368803.316648533102125, 6929175.520001628436148 ], [ 368804.082318097760435, 6929177.115137011744082 ], [ 368805.00065136293415, 6929178.627542641013861 ], [ 368806.062804277287796, 6929180.042653223499656 ], [ 368807.258547727542464, 6929181.346840471029282 ], [ 368808.576366050692741, 6929182.527544346638024 ], [ 368810.0035679358989, 6929183.573394026607275 ], [ 368811.526408648758661, 6929184.474317407235503 ], [ 368813.130222400766797, 6929185.221638103015721 ], [ 368814.799563588749152, 6929185.808159008622169 ], [ 368816.5183555445401, 6929186.228231606073678 ], [ 368818.270045361947268, 6929186.477810367010534 ], [ 368820.037763310538139, 6929186.554491710849106 ], [ 368821.804485300148372, 6929186.457537154667079 ], [ 368823.553196832130197, 6929186.187880424782634 ], [ 368825.267056858516298, 6929185.74811846204102 ], [ 368826.929559970449191, 6929185.142486413940787 ], [ 368828.524695354048163, 6929184.376816849224269 ], [ 368830.03710098360898, 6929183.458483584225178 ], [ 368831.452211566152982, 6929182.396330669522285 ], [ 368840.899109702848364, 6929174.55235097464174 ] ] ] } },
{ "type": "Feature", "properties": { "id": "7", "_id": 8, "width": 97.08, "depth": 25.02, "manning_n": 0.2914 }, "geometry": { "type": "Polygon", "coordinates": [ [ [ 365071.271788666432258, 6928283.767684301361442 ], [ 365069.771537963184528, 6928285.822021037340164 ], [ 365067.351004232303239, 6928289.929622919298708 ], [ 365065.34512089274358, 6928294.254875373095274 ], [ 365063.773240212409291, 6928298.756049429997802 ], [ 365062.650527308462188, 6928303.389718872494996 ], [ 365061.987813838291913, 6928308.111179199069738 ], [ 365061.791493497963529, 6928312.874878926202655 ], [ 365062.063460337813012, 6928317.634859052486718 ], [ 365062.801090488734189, 6928322.345196463167667 ], [ 365063.997267476981506, 6928326.960446984507143 ], [ 365065.640450881852303, 6928331.436083817854524 ], [ 365067.714787675009575, 6928335.728927121497691 ], [ 365070.200265166466124, 6928339.797560602426529 ], [ 365073.072904082247987, 6928343.60273108817637 ], [ 365082.006858308042865, 6928354.30078821349889 ], [ 365090.945696759736165, 6928365.109852933324873 ], [ 365094.157878867234103, 6928368.627340873703361 ], [ 365097.699367548862938, 6928371.813042243942618 ], [ 365101.536056332755834, 6928374.636276997625828 ], [ 365105.630995808576699, 6928377.069855841808021 ], [ 365109.944749470567331, 6928379.090342081151903 ], [ 365114.435773512930609, 6928380.67827732861042 ], [ 365119.060816918965429, 6928381.818368900567293 ], [ 365123.775337992527056, 6928382.49963709153235 ], [ 365128.533933318336494, 6928382.715520916506648 ], [ 365133.290775022120215, 6928382.46394129563123 ], [ 365138.000052117917221, 6928381.747321078553796 ], [ 365142.61641169298673, 6928380.572561710141599 ], [ 365147.09539568098262, 6928378.950976764783263 ], [ 365151.393869017716497, 6928376.898182991892099 ], [ 365155.470435055147391, 6928374.433949917554855 ], [ 365159.285834233858623, 6928371.582009454257786 ], [ 365162.803322174004279, 6928368.369827346876264 ], [ 365165.989023543894291, 6928364.828338664956391 ], [ 365168.812258297868539, 6928360.991649881005287 ], [ 365171.245837141934317, 6928356.896710405126214 ], [ 365173.266323381394614, 6928352.582956743426621 ], [ 365174.854258629377, 6928348.091932700946927 ], [ 365175.994350201333873, 6928343.466889294795692 ], [ 365176.675618392182514, 6928338.752368221059442 ], [ 365176.891502216807567, 6928333.993772895075381 ], [ 365176.639922595990356, 6928329.236931191757321 ], [ 365175.923302379029337, 6928324.527654095552862 ], [ 365174.748543010326102, 6928319.911294520832598 ], [ 365173.126958064793143, 6928315.432310532778502 ], [ 365171.07416429190198, 6928311.133837196044624 ], [ 365169.436848578276113, 6928308.425235602073371 ], [ 365169.495523212419357, 6928308.017349477857351 ], [ 365170.434551630867645, 6928298.053623064421117 ], [ 365171.370145969209261, 6928288.1264229984954 ], [ 365172.310206741676666, 6928278.310519860126078 ], [ 365172.531090725329705, 6928273.545700802467763 ], [ 365172.283243780082557, 6928268.782208147458732 ], [ 365171.569059272005688, 6928264.066041179001331 ], [ 365170.395433816534933, 6928259.442742175422609 ], [ 365168.773700680059846, 6928254.956956623122096 ], [ 365166.719520338927396, 6928250.652002091519535 ], [ 365165.093163081619423, 6928247.960372320376337 ], [ 365165.127911133808084, 6928247.597539349459112 ], [ 365165.134835925127845, 6928247.524652714841068 ], [ 365166.073885047168005, 6928237.560925599187613 ], [ 365167.012938705680426, 6928227.597239105962217 ], [ 365167.035589038569015, 6928227.350152650848031 ], [ 365167.908837166149169, 6928217.548610109835863 ], [ 365168.837097188574262, 6928207.856223996728659 ], [ 365168.844022301549558, 6928207.783336542546749 ], [ 365169.783103794965427, 6928197.819618804380298 ], [ 365169.846116358123254, 6928197.151057231239974 ], [ 365171.831302240490913, 6928194.940870526246727 ], [ 365174.644785519572906, 6928191.113723482005298 ], [ 365177.07072934450116, 6928187.029909185133874 ], [ 365179.085902438149787, 6928182.728534978814423 ], [ 365180.671007138153072, 6928178.250791601836681 ], [ 365181.810864195053, 6928173.639558735303581 ], [ 365182.494558131322265, 6928168.938994379714131 ], [ 365182.553254450438544, 6928168.32616504561156 ], [ 365184.604885190376081, 6928166.036325947381556 ], [ 365187.434184458630625, 6928162.170989441685379 ], [ 365189.868720449856482, 6928158.045605198480189 ], [ 365191.884783843182959, 6928153.700349274091423 ], [ 365192.787603100470733, 6928151.112648504786193 ], [ 365192.981904508487787, 6928150.936915153637528 ], [ 365196.204847793385852, 6928147.383457394316792 ], [ 365199.061281944974326, 6928143.529211760498583 ], [ 365201.52330563927535, 6928139.411826086230576 ], [ 365203.566870108945295, 6928135.071518525481224 ], [ 365205.172014048672281, 6928130.550684709101915 ], [ 365206.323058595007751, 6928125.893483627587557 ], [ 365207.008760475786403, 6928121.145406290888786 ], [ 365207.948004098259844, 6928111.181693744845688 ], [ 365207.970659774611704, 6928110.934599471278489 ], [ 365208.847340073378291, 6928101.09659059997648 ], [ 365209.771512989536859, 6928091.292924570851028 ], [ 365210.711794499191456, 6928081.47703770454973 ], [ 365210.71872128470568, 6928081.404147751629353 ], [ 365211.657998010574374, 6928071.440436813980341 ], [ 365211.68065475783078, 6928071.193339770659804 ], [ 365212.557367016212083, 6928061.355333836749196 ], [ 365213.48157233314123, 6928051.551671201363206 ], [ 365213.536480296519585, 6928050.9784902241081 ], [ 365215.600303763116244, 6928048.671247258782387 ], [ 365218.403775900660548, 6928044.841972157359123 ], [ 365220.819902891060337, 6928040.757228076457977 ], [ 365222.825588420673739, 6928036.456062026321888 ], [ 365224.401659680414014, 6928031.979589842259884 ], [ 365225.533050642465241, 6928027.370603149756789 ], [ 365226.208946080529131, 6928022.673160314559937 ], [ 365227.148301413515583, 6928012.70945489872247 ], [ 365227.164647607423831, 6928012.532609969377518 ], [ 365227.197205424017739, 6928012.173203103244305 ], [ 365229.251848842774052, 6928009.880163507536054 ], [ 365232.081334768794477, 6928006.014840019866824 ], [ 365234.516049304162152, 6928001.889445323497057 ], [ 365236.532280401792377, 6927997.54415725171566 ], [ 365238.11039168696152, 6927993.02129521034658 ], [ 365239.235013699042611, 6927988.364908027462661 ], [ 365239.895193576812744, 6927983.620344949886203 ], [ 365240.772034971218091, 6927973.78235137835145 ], [ 365241.696370180579834, 6927963.97870234772563 ], [ 365242.636815158533864, 6927954.162828272208571 ], [ 365242.857884275785182, 6927949.397656284272671 ], [ 365242.610151445143856, 6927944.633796077221632 ], [ 365241.896009293210227, 6927939.917257450520992 ], [ 365240.722355070523918, 6927935.293593167327344 ], [ 365239.100524037377909, 6927930.807459004223347 ], [ 365237.046179987140931, 6927926.502182456664741 ], [ 365235.42233091435628, 6927923.814760517328978 ], [ 365235.4780353444512, 6927923.19988208450377 ], [ 365235.674707799276803, 6927918.464958218857646 ], [ 365235.408718902035616, 6927913.733422107063234 ], [ 365234.682604006724432, 6927909.05037382338196 ], [ 365233.503284298058134, 6927904.460451265797019 ], [ 365231.882000820012763, 6927900.007404672913253 ], [ 365229.834207328618504, 6927895.733679614029825 ], [ 365228.26996165671153, 6927893.150588585995138 ], [ 365228.323125758965034, 6927892.586721322499216 ], [ 365229.263571013347246, 6927882.770844545215368 ], [ 365229.293165029899683, 6927882.450800112448633 ], [ 365230.181047694815788, 6927872.489184176549315 ], [ 365230.370920416316949, 6927867.762740380130708 ], [ 365230.099843480449636, 6927863.040257992222905 ], [ 365229.370391206000932, 6927858.36658470518887 ], [ 365228.18949093518313, 6927853.786104691214859 ], [ 365226.568357247335371, 6927849.342317096889019 ], [ 365224.522385457821656, 6927845.077422954142094 ], [ 365222.071005414705724, 6927841.031924406997859 ], [ 365219.237496980233118, 6927837.244240080006421 ], [ 365214.029901951143984, 6927830.947652126662433 ], [ 365214.949447975377552, 6927821.194791769608855 ], [ 365215.889893500891048, 6927811.378912346437573 ], [ 365215.919488114130218, 6927811.05886122584343 ], [ 365216.807369695103262, 6927801.097242067568004 ], [ 365216.996944420039654, 6927796.337526033632457 ], [ 365216.71907253639074, 6927791.58214776031673 ], [ 365215.976430102367885, 6927786.876904141157866 ], [ 365214.776169170509093, 6927782.267109244130552 ], [ 365213.129848909797147, 6927777.797157913446426 ], [ 365211.05332428420661, 6927773.510098224505782 ], [ 365208.566593361145351, 6927769.447216904722154 ], [ 365205.693604718719143, 6927765.647641723044217 ], [ 365202.462026808061637, 6927762.1479646647349 ], [ 365198.902981491119135, 6927758.98188953474164 ], [ 365195.05074431974208, 6927756.179907365702093 ], [ 365190.942414443823509, 6927753.769002777524292 ], [ 365186.617557325866073, 6927751.77239410020411 ], [ 365182.117823704145849, 6927750.209309767000377 ], [ 365177.486548473243602, 6927749.094803133048117 ], [ 365172.768333345360588, 6927748.439607508480549 ], [ 365168.008617311366834, 6927748.250032783485949 ], [ 365163.253239038633183, 6927748.527904666960239 ], [ 365158.547995419416111, 6927749.270547101274133 ], [ 365153.938200522039551, 6927750.470808032900095 ], [ 365149.468249191239011, 6927752.117128293961287 ], [ 365145.181189501890913, 6927754.193652919493616 ], [ 365141.118308182340115, 6927756.680383842438459 ], [ 365137.318733000720385, 6927759.553372484631836 ], [ 365133.819055943051353, 6927762.78495039511472 ], [ 365130.652980812476017, 6927766.343995711766183 ], [ 365127.850998643378261, 6927770.196232883259654 ], [ 365125.440094055607915, 6927774.304562759585679 ], [ 365123.443485378404148, 6927778.629419877193868 ], [ 365121.880401044792961, 6927783.129153499379754 ], [ 365120.765894411248155, 6927787.760428730398417 ], [ 365120.110698786040302, 6927792.478643857873976 ], [ 365119.237084689375479, 6927802.280188465490937 ], [ 365118.30847068951698, 6927811.972576600499451 ], [ 365118.301534592465032, 6927812.045552340336144 ], [ 365117.36210893234238, 6927822.009259472601116 ], [ 365116.422687807062175, 6927831.973007224500179 ], [ 365116.400019080319908, 6927832.220199489966035 ], [ 365115.512169987312518, 6927842.181820188648999 ], [ 365115.322412950103171, 6927846.919702225364745 ], [ 365115.595833845727611, 6927851.653492982499301 ], [ 365116.329823538020719, 6927856.33801996614784 ], [ 365117.517377884301823, 6927860.928580781444907 ], [ 365119.147164572554175, 6927865.381369713693857 ], [ 365121.203631260781549, 6927869.653895744122565 ], [ 365123.667153986345511, 6927873.705388025380671 ], [ 365126.514224428799935, 6927877.497184936888516 ], [ 365131.651843923027627, 6927883.685331583954394 ], [ 365130.735786942357663, 6927893.401183471083641 ], [ 365129.796365840709768, 6927903.364927807822824 ], [ 365129.582458610413596, 6927908.121298010461032 ], [ 365129.835560471983626, 6927912.875743641518056 ], [ 365130.55323628167389, 6927917.582521227188408 ], [ 365131.728581136907451, 6927922.196345917880535 ], [ 365133.350286809494719, 6927926.672827183268964 ], [ 365135.402750544482842, 6927930.968895900994539 ], [ 365137.019552335434128, 6927933.642912659794092 ], [ 365136.978531126631424, 6927934.077992218546569 ], [ 365136.764621666399762, 6927938.834327522665262 ], [ 365137.017714480636641, 6927943.588738823309541 ], [ 365137.735374548356049, 6927948.295483644120395 ], [ 365138.910697219136637, 6927952.909278113394976 ], [ 365140.53237464337144, 6927957.385732638649642 ], [ 365141.597721091471612, 6927959.615663933567703 ], [ 365140.171020209614653, 6927961.558147626928985 ], [ 365137.742885895713698, 6927965.651465456932783 ], [ 365135.727287822170183, 6927969.96289810910821 ], [ 365134.143603296775836, 6927974.450996864587069 ], [ 365133.007057350419927, 6927979.072614591568708 ], [ 365132.32857636816334, 6927983.783320554532111 ], [ 365131.389204584993422, 6927993.747025175951421 ], [ 365131.372850901272614, 6927993.923949548974633 ], [ 365131.334924030990805, 6927994.342625584453344 ], [ 365129.325292715744581, 6927996.589288525283337 ], [ 365126.521809702273458, 6928000.418589939363301 ], [ 365124.105676787556149, 6928004.503362647257745 ], [ 365122.099990610906389, 6928008.804558910429478 ], [ 365120.523924211331178, 6928013.281062125228345 ], [ 365119.392543745518196, 6928017.890079870820045 ], [ 365118.716664465609938, 6928022.587552971206605 ], [ 365117.780790699936915, 6928032.514814332127571 ], [ 365116.840472603740636, 6928042.330739236436784 ], [ 365116.833537936792709, 6928042.403710197657347 ], [ 365115.894244712078944, 6928052.367420340888202 ], [ 365115.871580453589559, 6928052.614597061648965 ], [ 365114.994864643202163, 6928062.452642854303122 ], [ 365114.070667988038622, 6928072.256386594846845 ], [ 365113.130382635921706, 6928082.072313574142754 ], [ 365113.123448290629312, 6928082.145283720456064 ], [ 365112.184188169136178, 6928092.108995472081006 ], [ 365112.161524981725961, 6928092.356169424019754 ], [ 365112.135199063399341, 6928092.651595952920616 ], [ 365110.225275329255965, 6928094.761447840370238 ], [ 365107.356583764369134, 6928098.645200251601636 ], [ 365104.887928956013639, 6928102.794738481752574 ], [ 365102.843737197690643, 6928107.169004607014358 ], [ 365101.829623162338976, 6928110.05741058755666 ], [ 365101.497380873013753, 6928110.361684393137693 ], [ 365098.30085683776997, 6928113.929352832958102 ], [ 365095.471546812565066, 6928117.794715530239046 ], [ 365093.037005037476774, 6928121.920128279365599 ], [ 365091.020941161899827, 6928126.265414282679558 ], [ 365089.44298933952814, 6928130.788255429826677 ], [ 365088.318517014326062, 6928135.444604428485036 ], [ 365087.658475259202532, 6928140.189113768748939 ], [ 365087.632701242924668, 6928140.478379257023335 ], [ 365085.57759662688477, 6928142.772135510109365 ], [ 365082.748326116823591, 6928146.637504443526268 ], [ 365080.313822721480392, 6928150.762918584980071 ], [ 365078.297795535181649, 6928155.108201430179179 ], [ 365076.719878204225097, 6928159.631035222671926 ], [ 365075.595437719253823, 6928164.287373076193035 ], [ 365074.93542475940194, 6928169.031867939978838 ], [ 365074.058890674845316, 6928178.869931163266301 ], [ 365073.131441591773182, 6928188.710140589624643 ], [ 365072.195790649973787, 6928198.63745994400233 ], [ 365071.255697343556676, 6928208.453402770683169 ], [ 365071.226110620016698, 6928208.773496338166296 ], [ 365070.349608498043381, 6928218.611562478356063 ], [ 365069.422191975463647, 6928228.451774904504418 ], [ 365068.486573968024459, 6928238.379096373915672 ], [ 365067.546513421810232, 6928248.19504111725837 ], [ 365067.516928091063164, 6928248.51513109728694 ], [ 365066.629449051688425, 6928258.476770950481296 ], [ 365066.439763388829306, 6928263.20276558957994 ], [ 365066.710938334232196, 6928267.924785298295319 ], [ 365067.440399135288317, 6928272.597995428368449 ], [ 365068.621219705033582, 6928277.178024769760668 ], [ 365070.242188384640031, 6928281.62138684373349 ], [ 365071.271788666432258, 6928283.767684301361442 ] ] ] } },
{ "type": "Feature", "properties": { "id": "8", "_id": 9, "width": 34.15, "depth": 28.4, "manning_n": 0.2732 }, "geometry": { "type": "Polygon", "coordinates": [ [ [ 365634.938181331905071, 6928210.918731911107898 ], [ 365635.114213212393224, 6928210.723994789645076 ], [ 365636.114321117231157, 6928209.370589442551136 ], [ 365636.976348722877447, 6928207.925310832448304 ], [ 365637.691923030710313, 6928206.40219715796411 ], [ 365638.254093564290088, 6928204.816042643040419 ], [ 365638.657399880059529, 6928203.182253835722804 ], [ 365638.897924605640583, 6928201.516699960455298 ], [ 365639.838496105163358, 6928191.553132253699005 ], [ 365640.117105827666819, 6928188.601817918941379 ], [ 365645.545264858170412, 6928184.083259975537658 ], [ 365646.772301398043055, 6928182.956065042875707 ], [ 365647.883634624537081, 6928181.71464426536113 ], [ 365648.868682443804573, 6928180.370818427763879 ], [ 365649.718065249267966, 6928178.937383415177464 ], [ 365650.423695234174374, 6928177.427988367155194 ], [ 365650.978853403183166, 6928175.857005714438856 ], [ 365651.378253550967202, 6928174.239394324831665 ], [ 365651.61809259688016, 6928172.590557062067091 ], [ 365652.563210053951479, 6928162.738336193375289 ], [ 365652.573632988671307, 6928162.625764710828662 ], [ 365652.830040894274134, 6928159.752899119630456 ], [ 365658.243365612695925, 6928155.267059417441487 ], [ 365659.478514512709808, 6928154.136944396421313 ], [ 365660.597056117840111, 6928152.891305025666952 ], [ 365661.58823777816724, 6928151.542115757241845 ], [ 365662.442531167471316, 6928150.102346480824053 ], [ 365663.151723879738711, 6928148.585837838239968 ], [ 365663.70899837592151, 6928147.007168176583946 ], [ 365664.108997521805577, 6928145.381513400934637 ], [ 365664.347876086423639, 6928143.724501091055572 ], [ 365665.288555191655178, 6928133.760942040942609 ], [ 365665.29653725377284, 6928133.674023551866412 ], [ 365666.18566912075039, 6928123.712544683367014 ], [ 365666.252580964006484, 6928122.039782776497304 ], [ 365666.155364285164978, 6928120.368508260697126 ], [ 365665.894953590002842, 6928118.714786440134048 ], [ 365665.473852104158141, 6928117.094513892196119 ], [ 365664.896107710606884, 6928115.523265660740435 ], [ 365664.167274039064068, 6928114.016145535744727 ], [ 365663.294357081118505, 6928112.587640872225165 ], [ 365662.285747844318394, 6928111.251483322121203 ], [ 365653.304584274999797, 6928100.493926745839417 ], [ 365648.822695379669312, 6928095.072908401489258 ], [ 365649.098971802333836, 6928092.1465431638062 ], [ 365649.174423123418819, 6928090.472581651061773 ], [ 365649.085434205306228, 6928088.799285196699202 ], [ 365648.832862059760373, 6928087.14276856277138 ], [ 365648.419139094767161, 6928085.518984908238053 ], [ 365647.848249688569922, 6928083.94357215706259 ], [ 365647.125691818189807, 6928082.431702396832407 ], [ 365646.258424111001659, 6928080.9979357579723 ], [ 365645.25479882908985, 6928079.656080198474228 ], [ 365644.124481432489119, 6928078.41905852034688 ], [ 365642.878357495705131, 6928077.298783918842673 ], [ 365641.528427873447072, 6928076.306045250035822 ], [ 365640.087693125882652, 6928075.450403130613267 ], [ 365638.570028316229582, 6928074.740097861737013 ], [ 365636.990049386280589, 6928074.181970071978867 ], [ 365635.362972396775149, 6928073.781394835561514 ], [ 365633.704466988623608, 6928073.542229913175106 ], [ 365632.030505475471728, 6928073.466778592206538 ], [ 365630.357209021865856, 6928073.555767510086298 ], [ 365628.70069238729775, 6928073.808339655399323 ], [ 365627.076908732531592, 6928074.222062620334327 ], [ 365625.50149598182179, 6928074.792952026240528 ], [ 365623.989626221125945, 6928075.515509896911681 ], [ 365622.5558595827315, 6928076.382777604274452 ], [ 365621.214004023175221, 6928077.386402886360884 ], [ 365619.976982344989665, 6928078.516720282845199 ], [ 365618.85670774319442, 6928079.76284421980381 ], [ 365617.863969074562192, 6928081.112773842178285 ], [ 365617.008326955197845, 6928082.553508589044213 ], [ 365616.298021686438005, 6928084.071173398755491 ], [ 365615.739893896330614, 6928085.651152328588068 ], [ 365615.339318660553545, 6928087.27822931855917 ], [ 365615.100153737643268, 6928088.936734726652503 ], [ 365614.159499544010032, 6928098.900298414751887 ], [ 365614.084044616378378, 6928100.573362357914448 ], [ 365614.172854055184871, 6928102.245770587585866 ], [ 365614.425073491875082, 6928103.901434128172696 ], [ 365614.838276513910387, 6928105.524425091221929 ], [ 365615.408488007029518, 6928107.099129906855524 ], [ 365616.130222397332545, 6928108.610399530269206 ], [ 365616.996536423510406, 6928110.043695176951587 ], [ 365617.999095932696946, 6928111.385228193365037 ], [ 365627.011056866496801, 6928122.285544262267649 ], [ 365627.063403739302885, 6928122.34855146612972 ], [ 365631.54275821876945, 6928127.713881789706647 ], [ 365631.285643112903927, 6928130.594496903009713 ], [ 365631.013187305477913, 6928133.480315786786377 ], [ 365625.560421790229157, 6928137.998838747851551 ], [ 365624.317588489037007, 6928139.136715168133378 ], [ 365623.192961901775561, 6928140.391550774686038 ], [ 365622.197494524123613, 6928141.75112499576062 ], [ 365621.340880998235662, 6928143.202197229489684 ], [ 365620.631463698577136, 6928144.730635797604918 ], [ 365620.076151487184688, 6928146.321555566042662 ], [ 365619.680352429975756, 6928147.959462910890579 ], [ 365619.447921128536109, 6928149.628406603820622 ], [ 365618.563867775490507, 6928159.533586606383324 ], [ 365618.295287321205251, 6928162.33335920330137 ], [ 365612.85550913552288, 6928166.86158927064389 ], [ 365611.626202929823194, 6928167.99108366202563 ], [ 365610.513070354878437, 6928169.235224810428917 ], [ 365609.526751734840218, 6928170.582120094448328 ], [ 365608.676675191556569, 6928172.018894675187767 ], [ 365607.970966522581875, 6928173.531814567744732 ], [ 365607.416371527127922, 6928175.106417920440435 ], [ 365607.018191523733549, 6928176.727653255686164 ], [ 365606.780232675664593, 6928178.380023345351219 ], [ 365605.839652850816492, 6928188.343590641394258 ], [ 365605.566959040006623, 6928191.232263377867639 ], [ 365600.211318091547582, 6928195.633703701198101 ], [ 365598.968303898931481, 6928196.762074544094503 ], [ 365597.842102566850372, 6928198.0070547061041 ], [ 365596.843600453168619, 6928199.356609659269452 ], [ 365595.982449518982321, 6928200.797694012522697 ], [ 365595.266974028316326, 6928202.31637760810554 ], [ 365594.704090082319453, 6928203.897980183362961 ], [ 365594.299238765030168, 6928205.527213271707296 ], [ 365594.056333547632676, 6928207.188327986747026 ], [ 365593.977722458774224, 6928208.865267264656723 ], [ 365594.064165387884714, 6928210.54182107001543 ], [ 365594.31482673966093, 6928212.201783096417785 ], [ 365594.72728351096157, 6928213.829107420518994 ], [ 365595.297548713104334, 6928215.40806360822171 ], [ 365596.020109911565669, 6928216.923388773575425 ], [ 365596.887982511660084, 6928218.360435117036104 ], [ 365597.892777274886612, 6928219.705311515368521 ], [ 365606.904546977428254, 6928230.605571678839624 ], [ 365611.412438242114149, 6928236.058174900710583 ], [ 365611.136168205586728, 6928238.984743244946003 ], [ 365611.060771580378059, 6928240.66800067294389 ], [ 365611.151642024982721, 6928242.35049369931221 ], [ 365611.407894683128688, 6928244.015838947147131 ], [ 365611.827034279238433, 6928245.647820020094514 ], [ 365612.404979416693095, 6928247.230545403435826 ], [ 365613.136102320277132, 6928248.748603215441108 ], [ 365614.013283637352288, 6928250.187211277894676 ], [ 365615.02798176248325, 6928251.532361059449613 ], [ 365619.474493610672653, 6928256.858494840562344 ], [ 365619.202733677462675, 6928259.737248380668461 ], [ 365619.194750288152136, 6928259.824191484600306 ], [ 365618.310756696329918, 6928269.729374530725181 ], [ 365617.3710982852499, 6928279.525329977273941 ], [ 365617.36865578929428, 6928279.550996903330088 ], [ 365616.428100753924809, 6928289.514561989344656 ], [ 365615.487552708829753, 6928299.478141628205776 ], [ 365615.41211538168136, 6928301.151127143763006 ], [ 365615.500926892855205, 6928302.823456011712551 ], [ 365615.753132934565656, 6928304.479041539132595 ], [ 365616.166307452425826, 6928306.101958094164729 ], [ 365616.736475982062984, 6928307.676594297401607 ], [ 365617.458153881307226, 6928309.187803196720779 ], [ 365618.324399088392965, 6928310.621047965250909 ], [ 365619.326878900348675, 6928311.962541742250323 ], [ 365628.338354630803224, 6928322.862857226282358 ], [ 365629.485986540268641, 6928324.118097271770239 ], [ 365630.752800870744977, 6928325.252940001897514 ], [ 365632.126228847948369, 6928326.2561260079965 ], [ 365633.592643924115691, 6928327.11770211905241 ], [ 365635.137496974261012, 6928327.829120157286525 ], [ 365636.74546064651804, 6928328.383321744389832 ], [ 365638.400581433146726, 6928328.774808337911963 ], [ 365640.086437954218127, 6928328.999695778824389 ], [ 365642.867617313924711, 6928329.230475780554116 ], [ 365647.297173407103401, 6928334.588563556782901 ], [ 365648.428027718793601, 6928335.827189569361508 ], [ 365649.674944971280638, 6928336.948895073495805 ], [ 365651.025894491293002, 6928337.942857481539249 ], [ 365652.4678418674157, 6928338.799486711621284 ], [ 365653.986874710710254, 6928339.510517720133066 ], [ 365655.568336885713506, 6928340.0690902415663 ], [ 365657.196969918266404, 6928340.469814983196557 ], [ 365658.857060213864315, 6928340.708825618959963 ], [ 365668.803099363634828, 6928341.645103326067328 ], [ 365671.656089872471057, 6928341.91567808855325 ], [ 365674.416632004198618, 6928345.254961368627846 ], [ 365681.536973259586375, 6928363.456421768292785 ], [ 365682.223271641007159, 6928364.985092622227967 ], [ 365683.056101253838278, 6928366.439133503474295 ], [ 365684.027441493526567, 6928367.804541204124689 ], [ 365685.127937822602689, 6928369.068166100420058 ], [ 365686.346991859900299, 6928370.217838794924319 ], [ 365687.672863448620774, 6928371.242487309500575 ], [ 365689.092783720465377, 6928372.132243720814586 ], [ 365690.593078067176975, 6928372.878539186902344 ], [ 365692.159297833859455, 6928373.474186474457383 ], [ 365693.776359468174633, 6928373.913449175655842 ], [ 365695.42868978244951, 6928374.192096948623657 ], [ 365697.10037593258312, 6928374.307446265593171 ], [ 365698.775318667059764, 6928374.258386246860027 ], [ 365700.437387371785007, 6928374.045389369130135 ], [ 365702.070575416553766, 6928373.670506907626987 ], [ 365703.659154307679273, 6928373.137349186465144 ], [ 365705.187825162021909, 6928372.451050804927945 ], [ 365706.641866043617483, 6928371.618221191689372 ], [ 365708.007273743918631, 6928370.646880952641368 ], [ 365709.270898640330415, 6928369.546384623274207 ], [ 365710.420571334369015, 6928368.327330585569143 ], [ 365711.445219849527348, 6928367.001458996906877 ], [ 365712.334976260433905, 6928365.58153872564435 ], [ 365713.081271726463456, 6928364.081244378350675 ], [ 365713.676919014367741, 6928362.515024611726403 ], [ 365714.116181715100538, 6928360.897962978109717 ], [ 365714.394829488708638, 6928359.245632663369179 ], [ 365714.510178804863244, 6928357.573946513235569 ], [ 365714.461118786537554, 6928355.899003778584301 ], [ 365714.248121908633038, 6928354.236935074441135 ], [ 365713.873239447362721, 6928352.60374702885747 ], [ 365713.34008172590984, 6928351.015168137848377 ], [ 365705.222530581580941, 6928330.264577626250684 ], [ 365704.475365265097935, 6928328.617541410960257 ], [ 365703.558181729051284, 6928327.058773093856871 ], [ 365702.481269923679065, 6928325.605760613456368 ], [ 365693.47001551266294, 6928314.705317961983383 ], [ 365692.340214112657122, 6928313.467712519690394 ], [ 365691.094541009282693, 6928312.346812454983592 ], [ 365689.744993905071169, 6928311.353413719683886 ], [ 365688.304570964886807, 6928310.497084233909845 ], [ 365686.78714562440291, 6928309.786071737296879 ], [ 365685.207332968129776, 6928309.227224347181618 ], [ 365683.580348963907454, 6928308.825924603268504 ], [ 365681.921863910625689, 6928308.586037624627352 ], [ 365672.021459186798893, 6928307.647093157283962 ], [ 365669.106437738635577, 6928307.372681303881109 ], [ 365664.606149432016537, 6928301.929034298285842 ], [ 365663.458515609090682, 6928300.673774878494442 ], [ 365662.191696409776341, 6928299.538914216682315 ], [ 365660.81826088699745, 6928298.535712109878659 ], [ 365659.351835913257673, 6928297.674122068099678 ], [ 365657.806970978330355, 6928296.962692566215992 ], [ 365656.198993833037093, 6928296.408482222817838 ], [ 365654.543858411372639, 6928296.016989771276712 ], [ 365652.857986539427657, 6928295.792099498212337 ], [ 365650.158475064148661, 6928295.568096230737865 ], [ 365650.426951856410597, 6928292.724020465277135 ], [ 365651.366293997212779, 6928282.773303913883865 ], [ 365652.310118749563117, 6928272.933914287015796 ], [ 365652.32054066186538, 6928272.821346343494952 ], [ 365653.20567833352834, 6928262.903343837708235 ], [ 365654.142155307752546, 6928252.983241291716695 ], [ 365654.21755403408315, 6928251.299981278367341 ], [ 365654.126685161492787, 6928249.617485486902297 ], [ 365653.870433533855248, 6928247.952137371525168 ], [ 365653.451294424536172, 6928246.320153411477804 ], [ 365652.873349238419905, 6928244.737425195984542 ], [ 365652.142225768999197, 6928243.219364685937762 ], [ 365651.265043397201225, 6928241.780754131264985 ], [ 365650.250343765714206, 6928240.43560213316232 ], [ 365645.803823854716029, 6928235.10945869423449 ], [ 365646.075581462471746, 6928232.230691159144044 ], [ 365646.151022083126009, 6928230.55767080001533 ], [ 365646.062207008537371, 6928228.885307115502656 ], [ 365645.809990616398863, 6928227.22968780528754 ], [ 365645.396799161972012, 6928225.606739490292966 ], [ 365644.826607438386418, 6928224.03207450825721 ], [ 365644.104900540027302, 6928222.520840719342232 ], [ 365643.238621097349096, 6928221.087575797922909 ], [ 365642.236102490802296, 6928219.746067373082042 ], [ 365634.938181331905071, 6928210.918731911107898 ] ] ] } },
{ "type": "Feature", "properties": { "id": "9", "_id": 10, "width": 80.97, "depth": 28.58, "manning_n": 0.4851 }, "geometry": { "type": "Polygon", "coordinates": [ [ [ 365101.227445836586412, 6928304.18475765734911 ], [ 365099.52063489361899, 6928305.754099308513105 ], [ 365096.87364509771578, 6928308.716910511255264 ], [ 365094.529807562648784, 6928311.924905338324606 ], [ 365092.511694725137204, 6928315.347189047373831 ], [ 365090.838742115010973, 6928318.950803172774613 ], [ 365089.527061180444434, 6928322.70104294270277 ], [ 365088.589284125890117, 6928326.561791497282684 ], [ 365088.034442256961484, 6928330.495867717079818 ], [ 365087.867879004275892, 6928334.46538429800421 ], [ 365088.091198462876491, 6928338.432112625800073 ], [ 365088.702249944442883, 6928342.357850937172771 ], [ 365089.695148689032067, 6928346.204792226664722 ], [ 365091.060332539083902, 6928349.93588834721595 ], [ 365092.784654027724173, 6928353.515206803567708 ], [ 365094.85150699649239, 6928356.908276800997555 ], [ 365097.240986521414015, 6928360.082421221770346 ], [ 365099.93008060840657, 6928363.007071319967508 ], [ 365102.892891811497975, 6928365.654061116278172 ], [ 365106.100886639032979, 6928367.99789865128696 ], [ 365109.523170347267296, 6928370.016011488623917 ], [ 365113.126784473250154, 6928371.68896409869194 ], [ 365116.877024242945481, 6928373.000645033083856 ], [ 365120.737772797350772, 6928373.938422087579966 ], [ 365124.671849017438944, 6928374.493263957090676 ], [ 365128.641365598479751, 6928374.659827209077775 ], [ 365132.608093925926369, 6928374.436507751233876 ], [ 365136.533832237590104, 6928373.825456269085407 ], [ 365140.380773527431302, 6928372.832557524554431 ], [ 365144.111869647924323, 6928371.467373674735427 ], [ 365147.691188103752211, 6928369.743052185513079 ], [ 365151.084258101531304, 6928367.676199217326939 ], [ 365154.258402522420511, 6928365.286719691939652 ], [ 365165.098075521993451, 6928356.260333069600165 ], [ 365168.006886379036587, 6928353.587297454476357 ], [ 365170.641327718971297, 6928350.643487198278308 ], [ 365172.97631534532411, 6928347.456932195462286 ], [ 365174.188365915673785, 6928345.410685952752829 ], [ 365176.649290897359606, 6928344.513543841429055 ], [ 365180.242223377455957, 6928342.786414599046111 ], [ 365183.647875795722939, 6928340.714297123253345 ], [ 365185.378152717254125, 6928339.412243243306875 ], [ 365185.894066534528974, 6928339.384330463595688 ], [ 365189.834253025474027, 6928338.778512395918369 ], [ 365193.695755981490947, 6928337.788118517026305 ], [ 365197.441134270920884, 6928336.422751685604453 ], [ 365201.034072706883308, 6928334.695650498382747 ], [ 365204.439734159153886, 6928332.623560928739607 ], [ 365207.625097335316241, 6928330.226573955267668 ], [ 365218.430445932142902, 6928321.229159917682409 ], [ 365229.287342766532674, 6928312.229618205688894 ], [ 365232.215438856102992, 6928309.549702394753695 ], [ 365234.867025418381672, 6928306.595927832648158 ], [ 365237.216613318305463, 6928303.396688522771001 ], [ 365239.241616469284054, 6928299.98273806925863 ], [ 365240.922568948648404, 6928296.386894048191607 ], [ 365242.243312119331677, 6928292.643722540698946 ], [ 365243.191149959398899, 6928288.789205853827298 ], [ 365243.75697110616602, 6928284.860396632924676 ], [ 365244.056405333860312, 6928281.684073199518025 ], [ 365252.919410796603188, 6928274.304277457296848 ], [ 365255.83371946355328, 6928271.625889389775693 ], [ 365258.472551250248216, 6928268.67571575846523 ], [ 365260.810682497627567, 6928265.481956231407821 ], [ 365262.825763836503029, 6928262.075138824060559 ], [ 365264.498533817590214, 6928258.487828099168837 ], [ 365265.813003024610225, 6928254.754313888959587 ], [ 365266.468036158243194, 6928252.085855987854302 ], [ 365269.003929238184355, 6928250.86695911269635 ], [ 365272.409589310816955, 6928248.795013315044343 ], [ 365275.594969753350597, 6928246.398175531998277 ], [ 365286.435365400917362, 6928237.372192417271435 ], [ 365289.349729665496852, 6928234.693836850114167 ], [ 365291.988618576026056, 6928231.743688899092376 ], [ 365294.326807685662061, 6928228.549948254600167 ], [ 365296.341946858272422, 6928225.14314304664731 ], [ 365298.01477390731452, 6928221.55583803076297 ], [ 365299.329298718017526, 6928217.822323314845562 ], [ 365300.2729560926673, 6928213.978286585770547 ], [ 365300.836725858040154, 6928210.060471982695162 ], [ 365301.776219595747534, 6928200.096813497133553 ], [ 365302.715722838009242, 6928190.133142927661538 ], [ 365302.734623860451393, 6928189.927058381028473 ], [ 365303.622581630886998, 6928179.965463450178504 ], [ 365303.780728239275049, 6928175.995602640323341 ], [ 365303.548998924379703, 6928172.029356716200709 ], [ 365302.92962536617415, 6928168.104922794736922 ], [ 365301.92857247061329, 6928164.260095321573317 ], [ 365300.555480924260337, 6928160.531902084127069 ], [ 365298.823574349400587, 6928156.956247624009848 ], [ 365296.749531953013502, 6928153.567567447200418 ], [ 365294.353327897260897, 6928150.398496395908296 ], [ 365291.658038937021047, 6928147.479554357007146 ], [ 365288.689622178382706, 6928144.83885233849287 ], [ 365285.47666509746341, 6928142.501821743324399 ], [ 365282.050110227311961, 6928140.490969454869628 ], [ 365278.44295716448687, 6928138.825661079026759 ], [ 365274.689944764832035, 6928137.521934446878731 ], [ 365270.827216589415912, 6928136.592345157638192 ], [ 365266.891972822078969, 6928136.045845664106309 ], [ 365262.922112011583522, 6928135.887699055485427 ], [ 365258.955866087635513, 6928136.119428370147943 ], [ 365255.031432166695595, 6928136.738801928237081 ], [ 365251.186604692717083, 6928137.739854823797941 ], [ 365247.458411456027534, 6928139.112946370616555 ], [ 365243.882756995619275, 6928140.84485294483602 ], [ 365240.494076818518806, 6928142.918895341455936 ], [ 365237.325005767284892, 6928145.315099397674203 ], [ 365234.406063728616573, 6928148.010388357564807 ], [ 365231.765361709869467, 6928150.978805116377771 ], [ 365229.428331115166657, 6928154.191762196831405 ], [ 365227.41747882659547, 6928157.618317067623138 ], [ 365225.752170450985432, 6928161.225470130331814 ], [ 365224.448443818313535, 6928164.978482529520988 ], [ 365223.51885452872375, 6928168.84121070522815 ], [ 365222.972355035308283, 6928172.776454472914338 ], [ 365222.528302369697485, 6928177.758079647086561 ], [ 365220.591978171141818, 6928178.678497612476349 ], [ 365217.203027038834989, 6928180.716610035859048 ], [ 365214.029090482625179, 6928183.075639235787094 ], [ 365203.18426995689515, 6928191.99034885969013 ], [ 365200.230568624217995, 6928194.67288910690695 ], [ 365197.555271212127991, 6928197.633152185939252 ], [ 365195.184363577456679, 6928200.842384294606745 ], [ 365193.140874960226938, 6928204.269413330592215 ], [ 365191.444654294813517, 6928207.880951672792435 ], [ 365190.112177411967423, 6928211.641919513233006 ], [ 365189.156387004826684, 6928215.515785597264767 ], [ 365188.586566913174465, 6928219.464922060258687 ], [ 365188.276086381229106, 6928222.758071103133261 ], [ 365179.445800106041133, 6928230.07758211158216 ], [ 365176.50462618941674, 6928232.770661001093686 ], [ 365173.842674449610058, 6928235.740036499686539 ], [ 365171.485773185675498, 6928238.956897445954382 ], [ 365169.456790863012429, 6928242.390031386166811 ], [ 365167.77541422547074, 6928246.0061274189502 ], [ 365166.457957279984839, 6928249.770099405199289 ], [ 365165.517203005030751, 6928253.645426399074495 ], [ 365164.962279320810921, 6928257.594507003203034 ], [ 365164.896097797725815, 6928258.325141366571188 ], [ 365163.651788988150656, 6928258.516461341641843 ], [ 365159.790252964245155, 6928259.506877044215798 ], [ 365156.044845178141259, 6928260.872272313572466 ], [ 365152.451881785178557, 6928262.599408029578626 ], [ 365149.046200811979361, 6928264.671537570655346 ], [ 365147.31579145998694, 6928265.973690078593791 ], [ 365146.799667106184643, 6928266.001618239097297 ], [ 365142.859442221699283, 6928266.607477713376284 ], [ 365138.997906214091927, 6928267.597920797765255 ], [ 365135.252501366543584, 6928268.963343945331872 ], [ 365131.659543929446954, 6928270.690507717430592 ], [ 365128.253871990484186, 6928272.762665164656937 ], [ 365125.068507676827721, 6928275.159724202938378 ], [ 365114.228738887060899, 6928284.186071326956153 ], [ 365111.319887566729449, 6928286.85911144502461 ], [ 365108.685408785764594, 6928289.802932266145945 ], [ 365106.350387514336035, 6928292.989503328688443 ], [ 365104.337057349155657, 6928296.388482752256095 ], [ 365102.664588810002897, 6928299.967506147921085 ], [ 365101.348906801489647, 6928303.692494782619178 ], [ 365101.227445836586412, 6928304.18475765734911 ] ] ] } },
{ "type": "Feature", "properties": { "id": "10", "_id": 11, "width": 27.11, "depth": 25.46, "manning_n": 0.6974 }, "geometry": { "type": "Polygon", "coordinates": [ [ [ 365675.791960676375311, 6928589.251952856779099 ], [ 365677.11053565540351, 6928589.308115509338677 ], [ 365678.428322483843658, 6928589.235782297328115 ], [ 365679.732828845735639, 6928589.035638921894133 ], [ 365681.011688320722897, 6928588.709582696668804 ], [ 365682.252777615154628, 6928588.260704559274018 ], [ 365683.444331487873569, 6928587.69325977191329 ], [ 365684.575054282380734, 6928587.012627579271793 ], [ 365685.634227006405126, 6928586.225260219536722 ], [ 365696.478937668376602, 6928577.312007607892156 ], [ 365696.521564049413428, 6928577.276827193796635 ], [ 365707.413391048030462, 6928568.250188894569874 ], [ 365708.399909944739193, 6928567.34689314942807 ], [ 365709.292597797000781, 6928566.350765077397227 ], [ 365710.082761990313884, 6928565.271504551172256 ], [ 365710.762708241818473, 6928564.119620949029922 ], [ 365711.325815524032805, 6928562.906330824829638 ], [ 365711.766600537812337, 6928561.64344868157059 ], [ 365712.08077110623708, 6928560.343271927908063 ], [ 365712.265267969865818, 6928559.01846113242209 ], [ 365713.151239299331792, 6928549.091507847420871 ], [ 365714.087629562418442, 6928539.172647417522967 ], [ 365714.499004816112574, 6928534.88429746683687 ], [ 365721.040053781413008, 6928529.438971080817282 ], [ 365731.920509396237321, 6928520.422029969282448 ], [ 365731.943593949952628, 6928520.402856004424393 ], [ 365742.784160384268034, 6928511.378415462560952 ], [ 365743.759977278881706, 6928510.481790311634541 ], [ 365744.643577308801468, 6928509.494163732975721 ], [ 365745.426515086612199, 6928508.424975392408669 ], [ 365746.10130734735867, 6928507.284444516524673 ], [ 365746.661504473537207, 6928506.083472222089767 ], [ 365747.101752140035387, 6928504.833537318743765 ], [ 365747.417842490132898, 6928503.546586595475674 ], [ 365747.606754354317673, 6928502.234920639544725 ], [ 365748.547491550329141, 6928492.271384925581515 ], [ 365748.552062503702473, 6928492.222008116543293 ], [ 365748.936328216921538, 6928487.986665959469974 ], [ 365755.487611542048398, 6928482.557575999759138 ], [ 365755.510696279816329, 6928482.538402389734983 ], [ 365766.339874493191019, 6928473.52368073258549 ], [ 365772.890247329429258, 6928468.095447883941233 ], [ 365777.191310563357547, 6928468.503498672507703 ], [ 365778.52215008175699, 6928468.563997820019722 ], [ 365779.852500862965826, 6928468.493565090000629 ], [ 365781.16951255366439, 6928468.292880818247795 ], [ 365782.460463647788856, 6928467.963883488439023 ], [ 365783.712884368142113, 6928467.509751007892191 ], [ 365784.914677116903476, 6928466.934870012104511 ], [ 365786.054233330592979, 6928466.244793489575386 ], [ 365787.120545611367561, 6928465.446187146939337 ], [ 365798.012994428863749, 6928456.419852563180029 ], [ 365798.036079442012124, 6928456.400679375976324 ], [ 365808.87699586089002, 6928447.376492729410529 ], [ 365819.67364581732545, 6928438.389239069074392 ], [ 365830.526086488156579, 6928429.510901811532676 ], [ 365831.519755266024731, 6928428.612459678202868 ], [ 365832.419888391392305, 6928427.620322457514703 ], [ 365833.217694231774658, 6928426.544180390425026 ], [ 365833.905380588781554, 6928425.394544195383787 ], [ 365834.476230805041268, 6928424.182642409577966 ], [ 365834.924669365922455, 6928422.920311721973121 ], [ 365835.24631635582773, 6928421.619881362654269 ], [ 365835.438030237040948, 6928420.294052680023015 ], [ 365835.853328019904438, 6928415.896994202397764 ], [ 365842.397216075856704, 6928410.449911202304065 ], [ 365853.226817617716733, 6928401.435517651960254 ], [ 365864.108056598750409, 6928392.419017449952662 ], [ 365865.094664135423955, 6928391.515773204155266 ], [ 365865.987443020450883, 6928390.519685626961291 ], [ 365866.777699355094228, 6928389.440454639494419 ], [ 365867.45773760706652, 6928388.288589813746512 ], [ 365868.020935550215654, 6928387.075308035127819 ], [ 365868.461808751570061, 6928385.81242426391691 ], [ 365868.776063978963066, 6928384.512236488051713 ], [ 365868.960641008685343, 6928383.187405963428319 ], [ 365869.343263542221393, 6928378.90299310348928 ], [ 365875.829172198835295, 6928373.597138810902834 ], [ 365875.918107996403705, 6928373.523750483989716 ], [ 365886.74797163461335, 6928364.509428148157895 ], [ 365897.629424913611729, 6928355.493039940483868 ], [ 365897.652510620828252, 6928355.473867950960994 ], [ 365908.494072886824142, 6928346.449978618882596 ], [ 365919.32406513224123, 6928337.435804494656622 ], [ 365930.205695863929577, 6928328.419524694792926 ], [ 365931.184443247155286, 6928327.524273365736008 ], [ 365932.071004154044203, 6928326.537647224962711 ], [ 365932.856889137474354, 6928325.469093915075064 ], [ 365933.534572793636471, 6928324.32884558942169 ], [ 365934.097565822710749, 6928323.127820930443704 ], [ 365934.540477168862708, 6928321.877520597539842 ], [ 365934.859065642929636, 6928320.589917100034654 ], [ 365935.050280535360798, 6928319.277340150438249 ], [ 365935.462952215108089, 6928314.979009025730193 ], [ 365942.016416306199972, 6928309.52445968426764 ], [ 365952.846622385142837, 6928300.510396943427622 ], [ 365963.728467369801365, 6928291.494229182600975 ], [ 365963.751553538313601, 6928291.475057968869805 ], [ 365974.593506765842903, 6928282.451388430781662 ], [ 365985.435470674128737, 6928273.427795083262026 ], [ 365986.409617946308572, 6928272.533067555166781 ], [ 365987.291924577497412, 6928271.547656338661909 ], [ 365988.073989499476738, 6928270.480944233946502 ], [ 365988.748366116546094, 6928269.343088163994253 ], [ 365989.308633209904656, 6928268.144922465085983 ], [ 365989.749456078512594, 6928266.897855724208057 ], [ 365990.066637334763072, 6928265.613762150518596 ], [ 365990.257156870502513, 6928264.304868509061635 ], [ 365990.668226817040704, 6928260.024099281989038 ], [ 365997.251999852422159, 6928254.569280184805393 ], [ 365998.238679554953706, 6928253.666079354472458 ], [ 365999.131532774306834, 6928252.670026291161776 ], [ 365999.92186457675416, 6928251.590820927172899 ], [ 366000.601978419988882, 6928250.43897296115756 ], [ 366001.165251104976051, 6928249.22569951415062 ], [ 366001.606197274639271, 6928247.962815888226032 ], [ 366001.920522832893766, 6928246.662620510905981 ], [ 366002.105166761553846, 6928245.337775163352489 ], [ 366002.99216357874684, 6928235.410914800129831 ], [ 366003.404451393231284, 6928231.048529251478612 ], [ 366009.904651061398908, 6928225.638680719770491 ], [ 366020.758310614153743, 6928216.760975797660649 ], [ 366020.84725029655965, 6928216.68759439047426 ], [ 366031.689574938325677, 6928207.664144167676568 ], [ 366042.520397944550496, 6928198.65035108756274 ], [ 366053.402827097044792, 6928189.634482958354056 ], [ 366053.425913905084599, 6928189.615312878973782 ], [ 366064.256868638563901, 6928180.601580423302948 ], [ 366070.808858359989244, 6928175.173494637012482 ], [ 366075.111108249402605, 6928175.582016224972904 ], [ 366085.072694045084063, 6928176.520980323664844 ], [ 366095.020204111060593, 6928177.45864474400878 ], [ 366104.916193559300154, 6928178.3984121279791 ], [ 366114.877758137998171, 6928179.337465174496174 ], [ 366116.211130152223632, 6928179.397155543789268 ], [ 366117.543908617168199, 6928179.32542387675494 ], [ 366118.86317149316892, 6928179.122965653426945 ], [ 366120.156127782072872, 6928178.791743818670511 ], [ 366121.410241542733274, 6928178.334969757124782 ], [ 366122.613353434426244, 6928177.7570721488446 ], [ 366123.753798608086072, 6928177.063654039986432 ], [ 366124.820519803906791, 6928176.26143850851804 ], [ 366135.651701956463512, 6928167.247940727509558 ], [ 366146.534477014385629, 6928158.232380752451718 ], [ 366146.55756439070683, 6928158.213211465626955 ], [ 366157.400446128158364, 6928149.190147949382663 ], [ 366168.198974851635285, 6928140.204078167676926 ], [ 366179.053327815432567, 6928131.326896374113858 ], [ 366180.053296759317163, 6928130.422446522861719 ], [ 366180.958464103750885, 6928129.423127003014088 ], [ 366181.759873810864519, 6928128.338825428858399 ], [ 366182.449596456368454, 6928127.180270252749324 ], [ 366183.020807686552871, 6928125.95892462041229 ], [ 366183.467855740222149, 6928124.686872947029769 ], [ 366183.786317369784229, 6928123.376701350323856 ], [ 366183.973041605902836, 6928122.041373119689524 ], [ 366184.360571812314447, 6928117.707288952544332 ], [ 366190.904454257106408, 6928112.286400147713721 ], [ 366190.927541947399732, 6928112.267231396399438 ], [ 366201.770696531108115, 6928103.244315548799932 ], [ 366202.746742002724204, 6928102.347836527973413 ], [ 366203.630578719603363, 6928101.360328524373472 ], [ 366204.413758146227337, 6928100.29123106226325 ], [ 366205.088793923263438, 6928099.15076357126236 ], [ 366205.649233429168817, 6928097.949827703647316 ], [ 366206.08971946046222, 6928096.699903124012053 ], [ 366206.406041440903209, 6928095.412937777116895 ], [ 366206.595175669935998, 6928094.101233678869903 ], [ 366207.011014867166523, 6928089.704486946575344 ], [ 366213.511840607679915, 6928084.295025506056845 ], [ 366224.366502223187126, 6928075.417994500137866 ], [ 366225.3664981793263, 6928074.513560031540692 ], [ 366226.271693213726394, 6928073.514252486638725 ], [ 366227.073130885313731, 6928072.429959502071142 ], [ 366227.762881378992461, 6928071.271409599110484 ], [ 366228.334119967068546, 6928070.050066038034856 ], [ 366228.781194536248222, 6928068.77801338583231 ], [ 366229.099681512801908, 6928067.467837953008711 ], [ 366229.286429631349165, 6928066.132503253407776 ], [ 366229.67402738990495, 6928061.798470672219992 ], [ 366236.218105053470936, 6928056.377666072919965 ], [ 366237.204900873650331, 6928055.474541695788503 ], [ 366238.0978746766923, 6928054.478551023639739 ], [ 366238.888329912209883, 6928053.399393875151873 ], [ 366239.568568444170523, 6928052.247580014169216 ], [ 366240.131965522072278, 6928051.034326799213886 ], [ 366240.573034298373386, 6928049.771449938416481 ], [ 366240.887479264347348, 6928048.471248417161405 ], [ 366241.072238083172124, 6928047.146384722553194 ], [ 366241.459854126500431, 6928042.812369243241847 ], [ 366248.003992678539362, 6928037.391586036421359 ], [ 366248.989064422319643, 6928036.490215501748025 ], [ 366249.880675725464243, 6928035.496301790699363 ], [ 366250.670175161387306, 6928034.419488984160125 ], [ 366251.349902109184768, 6928033.270225542597473 ], [ 366251.913261085283011, 6928032.059662927873433 ], [ 366252.354785740491934, 6928030.799547392874956 ], [ 366252.670191900804639, 6928029.502106012776494 ], [ 366252.856419136980549, 6928028.179928038269281 ], [ 366253.749587092839647, 6928018.354676933959126 ], [ 366254.689758142107166, 6928008.416004152968526 ], [ 366255.105673728510737, 6928004.0193443717435 ], [ 366261.651131268241443, 6927998.573052970692515 ], [ 366272.4948137011379, 6927989.550414415076375 ], [ 366273.469111253856681, 6927988.655779051594436 ], [ 366274.35157291428186, 6927987.670441763475537 ], [ 366275.133795523783192, 6927986.603785332292318 ], [ 366275.808330440602731, 6927985.465966893360019 ], [ 366276.368754469207488, 6927984.267821216955781 ], [ 366276.809731024201028, 6927983.020757532678545 ], [ 366277.1270609475323, 6927981.736650887876749 ], [ 366277.317722494713962, 6927980.427729069255292 ], [ 366277.730888261983637, 6927976.129714409820735 ], [ 366284.285641734371893, 6927970.67581160645932 ], [ 366285.261744237563107, 6927969.779360620304942 ], [ 366286.145638770773076, 6927968.791873445734382 ], [ 366286.928875951911323, 6927967.722789732739329 ], [ 366287.603968609357253, 6927966.582329136319458 ], [ 366288.164463353401516, 6927965.381393622606993 ], [ 366288.605002266296651, 6927964.131463251076639 ], [ 366288.921374119876418, 6927962.844486437737942 ], [ 366289.110554631741252, 6927961.53276573587209 ], [ 366290.053198496811092, 6927951.569406648166478 ], [ 366290.469169991964009, 6927947.172797528095543 ], [ 366297.014810195716564, 6927941.726570387370884 ], [ 366298.069936202489771, 6927940.749426160939038 ], [ 366299.015601983352099, 6927939.665997362695634 ], [ 366299.841163399687503, 6927938.488478751853108 ], [ 366311.632386585290078, 6927919.613910471089184 ], [ 366312.280967133992817, 6927918.452514374628663 ], [ 366312.812587865861133, 6927917.233138706535101 ], [ 366313.222128982597496, 6927915.967526721768081 ], [ 366313.50564637943171, 6927914.667866955511272 ], [ 366313.660409628821071, 6927913.346675842069089 ], [ 366313.684928276052233, 6927912.016677172854543 ], [ 366313.578966193192173, 6927910.690679564140737 ], [ 366313.343543853028677, 6927909.381453095935285 ], [ 366312.980928501288872, 6927908.101606336422265 ], [ 366312.494612322188914, 6927906.863464908674359 ], [ 366311.889278806280345, 6927905.678952790796757 ], [ 366311.170757646206766, 6927904.559477482922375 ], [ 366310.345968593668658, 6927903.515820143744349 ], [ 366309.42285481793806, 6927902.558031764812768 ], [ 366308.410306409408804, 6927901.69533637072891 ], [ 366307.31807476276299, 6927900.936042190529406 ], [ 366306.1566786657786, 6927900.287461642175913 ], [ 366304.937302997801453, 6927899.755840910598636 ], [ 366303.671691013092641, 6927899.346299793571234 ], [ 366302.372031246894039, 6927899.062782396562397 ], [ 366301.050840133219026, 6927898.908019146881998 ], [ 366299.720841464761179, 6927898.883500499650836 ], [ 366298.394843855756335, 6927898.989462583325803 ], [ 366297.085617387958337, 6927899.224884923547506 ], [ 366295.805770628037862, 6927899.587500275112689 ], [ 366294.567629199882504, 6927900.073816454038024 ], [ 366293.383117082354147, 6927900.679149969480932 ], [ 366292.263641774537973, 6927901.39767112955451 ], [ 366291.219984435709193, 6927902.222460182383657 ], [ 366290.262196056544781, 6927903.145573957823217 ], [ 366289.399500662693754, 6927904.158122366294265 ], [ 366288.640206482436042, 6927905.25035401340574 ], [ 366278.00218450819375, 6927922.278958167880774 ], [ 366268.831376669812016, 6927929.909426846541464 ], [ 366267.855257647635881, 6927930.805878755636513 ], [ 366266.971347697661258, 6927931.793369298800826 ], [ 366266.188096512341872, 6927932.862458609044552 ], [ 366265.512991541763768, 6927934.002926779910922 ], [ 366264.952486417838372, 6927935.203871565870941 ], [ 366264.511939261050429, 6927936.453812593594193 ], [ 366264.195561459579039, 6927937.740801116451621 ], [ 366264.006377411133144, 6927939.052534232847393 ], [ 366263.063725222542416, 6927949.015892916359007 ], [ 366262.647749650350306, 6927953.412584127858281 ], [ 366256.102166685159318, 6927958.858856582082808 ], [ 366255.127855586120859, 6927959.753493446856737 ], [ 366254.245381390559487, 6927960.738834266550839 ], [ 366253.463147516013123, 6927961.805496070533991 ], [ 366252.788602835207712, 6927962.943321501836181 ], [ 366252.22817074356135, 6927964.141475543379784 ], [ 366251.787187991896644, 6927965.388548697344959 ], [ 366251.4698538670782, 6927966.672665627673268 ], [ 366251.279190203757025, 6927967.981598247773945 ], [ 366250.866019509790931, 6927972.279664157889783 ], [ 366244.311299048829824, 6927977.733611552976072 ], [ 366233.467578987823799, 6927986.756366488523781 ], [ 366232.491484415775631, 6927987.65283041447401 ], [ 366231.607599251845386, 6927988.640329883433878 ], [ 366230.82437282562023, 6927989.709425084292889 ], [ 366230.149292238929775, 6927990.849896209314466 ], [ 366229.588810794288293, 6927992.050841143354774 ], [ 366229.148286305950023, 6927993.300779685378075 ], [ 366228.831929882697295, 6927994.587763289920986 ], [ 366228.6427656726446, 6927995.899489284493029 ], [ 366227.700249928107951, 6928005.862859745509923 ], [ 366226.757741445384454, 6928015.826241846196353 ], [ 366226.753159124637023, 6928015.875646395608783 ], [ 366226.368179190321825, 6928020.11059963144362 ], [ 366219.815113102376927, 6928025.53877788875252 ], [ 366218.828303644200787, 6928026.441903681494296 ], [ 366217.935317219351418, 6928027.437897832132876 ], [ 366217.144850644574035, 6928028.517060331068933 ], [ 366216.464602293039206, 6928029.668881186284125 ], [ 366215.901197120081633, 6928030.882142788730562 ], [ 366215.460122142394539, 6928032.145029152743518 ], [ 366215.145672999904491, 6928033.445240996778011 ], [ 366214.960912120528519, 6928034.770115527324378 ], [ 366214.573291464301292, 6928039.10418258421123 ], [ 366208.029186015715823, 6928044.525010199286044 ], [ 366207.042384789441712, 6928045.428140037693083 ], [ 366206.149406709591858, 6928046.424137184396386 ], [ 366205.358948468056042, 6928047.503301645629108 ], [ 366204.678708318504505, 6928048.655123465694487 ], [ 366204.115311103174463, 6928049.868385079316795 ], [ 366203.674243733927142, 6928051.131270561367273 ], [ 366203.359801755170338, 6928052.431480702012777 ], [ 366203.175047509605065, 6928053.756352784112096 ], [ 366202.79190982732689, 6928058.040513777174056 ], [ 366196.304784457490314, 6928063.345737936906517 ], [ 366196.215743084729183, 6928063.419191595166922 ], [ 366185.372492349299137, 6928072.4420679314062 ], [ 366184.396433286136016, 6928073.338548448868096 ], [ 366183.512583992735017, 6928074.326059987768531 ], [ 366182.729393265384715, 6928075.395162834785879 ], [ 366182.054347695957404, 6928076.535637338645756 ], [ 366181.493900106986985, 6928077.736581597477198 ], [ 366181.053407868195791, 6928078.986515675671399 ], [ 366180.737081685278099, 6928080.273491339758039 ], [ 366180.547945349302609, 6928081.585206270217896 ], [ 366180.132101288530976, 6928085.982004425488412 ], [ 366173.598477599793114, 6928091.418829684145749 ], [ 366162.715380812413059, 6928100.434281602501869 ], [ 366161.728606588789262, 6928101.337426487356424 ], [ 366160.835656145238318, 6928102.333435300737619 ], [ 366160.045225777314045, 6928103.412608078680933 ], [ 366159.365013354923576, 6928104.56443493720144 ], [ 366158.801643353712279, 6928105.777698426507413 ], [ 366158.360602340253536, 6928107.040582774206996 ], [ 366158.046185539627913, 6928108.340788960456848 ], [ 366157.861455004836898, 6928109.665654493495822 ], [ 366157.478384059562813, 6928113.949866901151836 ], [ 366150.991452197195031, 6928119.255173778161407 ], [ 366150.902412072347943, 6928119.328629740513861 ], [ 366140.05947135691531, 6928128.351657265797257 ], [ 366129.228074367390946, 6928137.365163579583168 ], [ 366118.34525099088205, 6928146.380763582885265 ], [ 366118.322066852764692, 6928146.400013392791152 ], [ 366111.811230255989358, 6928151.818204167298973 ], [ 366107.474486981227528, 6928151.409391088411212 ], [ 366097.578457380528562, 6928150.469619891606271 ], [ 366087.616797313792631, 6928149.530618366785347 ], [ 366077.669157461903524, 6928148.592972037382424 ], [ 366067.773106638574973, 6928147.65328919608146 ], [ 366066.442347746226005, 6928147.592679952271283 ], [ 366065.112066001922358, 6928147.662987780757248 ], [ 366063.795109635044355, 6928147.863533630035818 ], [ 366062.504198174690828, 6928148.192380572669208 ], [ 366061.251799601130188, 6928148.64635251276195 ], [ 366060.05000992649002, 6928149.221064865589142 ], [ 366058.910436368198134, 6928149.910966898314655 ], [ 366057.84408524283208, 6928150.709395347163081 ], [ 366046.949935259239282, 6928159.734803383238614 ], [ 366046.926751543884166, 6928159.754053748212755 ], [ 366036.095748275634833, 6928168.767826595343649 ], [ 366025.213270625972655, 6928177.783734903670847 ], [ 366025.190087058348581, 6928177.802985508926213 ], [ 366014.347669040376786, 6928186.826428366824985 ], [ 366003.549575482495129, 6928195.81306757312268 ], [ 365992.69586724950932, 6928204.690812312997878 ], [ 365992.606830979697406, 6928204.764274104498327 ], [ 365981.764589661732316, 6928213.787825114093721 ], [ 365980.788621289946605, 6928214.684369276277721 ], [ 365979.90486673777923, 6928215.671933748759329 ], [ 365979.121773593535181, 6928216.741078652441502 ], [ 365978.446827248204499, 6928217.881584297865629 ], [ 365977.886479344510008, 6928219.082548878155649 ], [ 365977.446086107578594, 6928220.332492674700916 ], [ 365977.129857145948336, 6928221.619467787444592 ], [ 365976.940815212903544, 6928222.93117234390229 ], [ 365975.999172175535932, 6928232.894624655134976 ], [ 365975.99282716109883, 6928232.963644076138735 ], [ 365975.60554721718654, 6928237.297903060913086 ], [ 365969.062251370458398, 6928242.719185804016888 ], [ 365968.083461383008398, 6928243.614420728757977 ], [ 365967.196857956587337, 6928244.601036041043699 ], [ 365966.410931206250098, 6928245.669583912007511 ], [ 365965.733207166776992, 6928246.809831927530468 ], [ 365965.170175724022556, 6928248.010861071757972 ], [ 365964.727228467178065, 6928249.261170288547873 ], [ 365964.408607059507631, 6928250.548786615952849 ], [ 365964.217362619761843, 6928251.861379841342568 ], [ 365963.804606259218417, 6928256.159710920415819 ], [ 365957.250966480351053, 6928261.614200606010854 ], [ 365946.420497359766159, 6928270.628312014974654 ], [ 365935.538603960594628, 6928279.644519889727235 ], [ 365935.515421032323502, 6928279.663771636784077 ], [ 365924.673585904529318, 6928288.687513323500752 ], [ 365913.83176146086771, 6928297.711331193335354 ], [ 365912.857629647536669, 6928298.606077961623669 ], [ 365911.975340395467356, 6928299.591506925411522 ], [ 365911.193294628057629, 6928300.658235094510019 ], [ 365910.51893877692055, 6928301.796105366200209 ], [ 365909.958693879074417, 6928302.994283242151141 ], [ 365909.517894437187351, 6928304.241359991952777 ], [ 365909.200737626350019, 6928305.525461283512414 ], [ 365909.010243329161312, 6928306.834360244683921 ], [ 365908.599247867823578, 6928311.115232110954821 ], [ 365902.015717529749963, 6928316.570200493559241 ], [ 365901.992534843739122, 6928316.589452657848597 ], [ 365891.150913596095052, 6928325.61330599989742 ], [ 365880.320835283608176, 6928334.627636753022671 ], [ 365869.439333518908825, 6928343.644065136089921 ], [ 365869.416151052981149, 6928343.663317662663758 ], [ 365858.619018660101574, 6928352.650395887903869 ], [ 365847.76622072304599, 6928361.528622142970562 ], [ 365846.766391274519265, 6928362.433176031336188 ], [ 365845.861370586499106, 6928363.432582963258028 ], [ 365845.060112798702903, 6928364.516954957507551 ], [ 365844.37054543645354, 6928365.675563395954669 ], [ 365843.7994909764966, 6928366.896945182234049 ], [ 365843.352599346719217, 6928368.169016144238412 ], [ 365843.034292026248295, 6928369.479190602898598 ], [ 365842.847718300414272, 6928370.81450588721782 ], [ 365842.46063264348777, 6928375.148894537240267 ], [ 365835.917850291123614, 6928380.570427738130093 ], [ 365835.894668061693665, 6928380.589680686593056 ], [ 365825.053437780996319, 6928389.613753819838166 ], [ 365814.212218185013626, 6928398.637903141789138 ], [ 365813.236342918477021, 6928399.534501715563238 ], [ 365812.352684023848269, 6928400.522109176032245 ], [ 365811.569687770272139, 6928401.591285683214664 ], [ 365810.894838263804559, 6928402.731811738573015 ], [ 365810.334585912583862, 6928403.932785860262811 ], [ 365809.894285771646537, 6928405.182728787884116 ], [ 365809.578146358020604, 6928406.469693204388022 ], [ 365809.389189424167853, 6928407.781377928331494 ], [ 365808.980244969774503, 6928412.1111691147089 ], [ 365802.462977201561444, 6928417.44291917886585 ], [ 365802.373946067586076, 6928417.516390204429626 ], [ 365791.53292967233574, 6928426.540574990212917 ], [ 365780.703455832146574, 6928435.555236615240574 ], [ 365774.15293488453608, 6928440.983510345220566 ], [ 365769.851813057553954, 6928440.575453997589648 ], [ 365768.520960986323189, 6928440.514954896643758 ], [ 365767.1905977827264, 6928440.585390137508512 ], [ 365765.873574161960278, 6928440.786079347133636 ], [ 365764.582611984806135, 6928441.115083958022296 ], [ 365763.330181370140053, 6928441.569225931540132 ], [ 365762.12838023918448, 6928442.144118459895253 ], [ 365760.988817454839591, 6928442.834208335727453 ], [ 365759.922500685381237, 6928443.632829600013793 ], [ 365749.030132917512674, 6928452.659233133308589 ], [ 365749.006951276853215, 6928452.67848704662174 ], [ 365738.177724699140526, 6928461.693248964846134 ], [ 365727.297028248896822, 6928470.710150985047221 ], [ 365726.312199831998441, 6928471.61168550234288 ], [ 365725.420841758372262, 6928472.605733932927251 ], [ 365724.631602106266655, 6928473.682651882059872 ], [ 365723.952138186839875, 6928474.831990944221616 ], [ 365723.38904225215083, 6928476.042600073851645 ], [ 365722.947777536232024, 6928477.302733776159585 ], [ 365722.632625249738339, 6928478.600166060961783 ], [ 365722.446643043367658, 6928479.922309062443674 ], [ 365721.55519850453129, 6928489.747730656526983 ], [ 365721.142355450312607, 6928494.120233978144825 ], [ 365714.610351260344032, 6928499.557928012683988 ], [ 365703.729847173846792, 6928508.57490929402411 ], [ 365703.706665865087416, 6928508.594163805246353 ], [ 365692.866217537375633, 6928517.618676483631134 ], [ 365691.892201797745656, 6928518.513494232669473 ], [ 365691.010032258054707, 6928519.498980086296797 ], [ 365690.228108225855976, 6928520.565751042217016 ], [ 365689.553874551900662, 6928521.70365016721189 ], [ 365688.993750746129081, 6928522.901843301951885 ], [ 365688.553069856134243, 6928524.148922216147184 ], [ 365688.236027690465562, 6928525.433013228699565 ], [ 365688.045642869197764, 6928526.741890260949731 ], [ 365687.100535077624954, 6928536.594094337895513 ], [ 365687.098596134863328, 6928536.614468500949442 ], [ 365686.157987227023114, 6928546.578015586361289 ], [ 365686.151649915031157, 6928546.647029608488083 ], [ 365685.764795141527429, 6928550.981582134962082 ], [ 365679.243925375514664, 6928556.385774910449982 ], [ 365672.720317553554196, 6928561.747519106604159 ], [ 365638.513948835839983, 6928558.61683957464993 ], [ 365637.18490743736038, 6928558.560745160095394 ], [ 365635.85676752240397, 6928558.635189693421125 ], [ 365634.542319804313593, 6928558.839456231333315 ], [ 365633.254223133262713, 6928559.171577576547861 ], [ 365632.004882584209554, 6928559.62835521902889 ], [ 365630.80632998974761, 6928560.205390140414238 ], [ 365629.670108066406101, 6928560.897125178948045 ], [ 365628.607159252569545, 6928561.696898547932506 ], [ 365627.627720326243434, 6928562.597007991746068 ], [ 365626.74122381984489, 6928563.5887849656865 ], [ 365625.956207179231569, 6928564.662678115069866 ], [ 365625.280230543809012, 6928565.808345261961222 ], [ 365624.719803938176483, 6928567.014753004536033 ], [ 365624.280324576771818, 6928568.270282977260649 ], [ 365623.966024886234663, 6928569.562843740917742 ], [ 365623.779931744327769, 6928570.879987227730453 ], [ 365623.723837329715025, 6928572.20902862586081 ], [ 365623.798281862284057, 6928573.537168540991843 ], [ 365624.002548400487285, 6928574.851616258732975 ], [ 365624.334669745934661, 6928576.139712929725647 ], [ 365624.791447388532106, 6928577.389053478837013 ], [ 365625.368482309801038, 6928578.587606073357165 ], [ 365626.060217348102015, 6928579.723827997222543 ], [ 365626.859990716737229, 6928580.786776810884476 ], [ 365627.760100161132868, 6928581.766215736977756 ], [ 365628.751877135189716, 6928582.65271224360913 ], [ 365629.825770284514874, 6928583.437728884629905 ], [ 365630.971437430998776, 6928584.113705519586802 ], [ 365632.17784517374821, 6928584.674132125452161 ], [ 365633.433375146763865, 6928585.11361148674041 ], [ 365634.725935910013504, 6928585.427911177277565 ], [ 365636.043079396768007, 6928585.614004319533706 ], [ 365675.791960676375311, 6928589.251952856779099 ] ] ] } },
{ "type": "Feature", "properties": { "id": "11", "_id": 12, "width": 38.09, "depth": 6.37, "manning_n": 0.5363 }, "geometry": { "type": "Polygon", "coordinates": [ [ [ 365815.073906353325583, 6928268.074388768523932 ], [ 365816.016304754361045, 6928258.096671498380601 ], [ 365816.025211039115675, 6928257.999728932976723 ], [ 365816.208723997231573, 6928255.944597091525793 ], [ 365820.989827993675135, 6928251.982916821725667 ], [ 365822.368714301672298, 6928250.721256158314645 ], [ 365823.617296524986159, 6928249.330516243353486 ], [ 365824.723550134222023, 6928247.824090662412345 ], [ 365825.676821302389726, 6928246.216487117111683 ], [ 365826.467929506965447, 6928244.523187708109617 ], [ 365827.089255943603348, 6928242.760499835014343 ], [ 365827.534816898929421, 6928240.945399145595729 ], [ 365827.800321377522778, 6928239.095366050489247 ], [ 365827.883212425978854, 6928237.228217381052673 ], [ 365827.782691758242436, 6928235.361934799700975 ], [ 365827.499727443268057, 6928233.514491626992822 ], [ 365827.037044582131784, 6928231.703679751604795 ], [ 365826.39909906371031, 6928229.946938280947506 ], [ 365825.592034652130678, 6928228.26118559576571 ], [ 365824.62362381874118, 6928226.6626564161852 ], [ 365823.503192889329512, 6928225.166745452210307 ], [ 365822.241532226209529, 6928223.787859144620597 ], [ 365820.850792311306577, 6928222.539276921190321 ], [ 365819.344366730190814, 6928221.43302331212908 ], [ 365817.736763184773736, 6928220.479752143844962 ], [ 365816.043463775946293, 6928219.688643938861787 ], [ 365814.280775902676396, 6928219.067317502573133 ], [ 365812.465675212850329, 6928218.621756547130644 ], [ 365810.615642118209507, 6928218.356252068653703 ], [ 365808.748493448889349, 6928218.273361020721495 ], [ 365806.882210867188405, 6928218.373881688341498 ], [ 365805.034767694654875, 6928218.656846002675593 ], [ 365803.223955818917602, 6928219.119528864510357 ], [ 365801.467214348202106, 6928219.757474382407963 ], [ 365799.78146166325314, 6928220.564538794569671 ], [ 365798.182932483963668, 6928221.532949627377093 ], [ 365796.687021520105191, 6928222.653380556963384 ], [ 365785.793791483039968, 6928231.679641970433295 ], [ 365784.407545669702813, 6928232.948736054822803 ], [ 365783.153136482869741, 6928234.348284140229225 ], [ 365782.042780007817782, 6928235.864656702615321 ], [ 365781.087289470073301, 6928237.4830865226686 ], [ 365780.29596993047744, 6928239.187812494114041 ], [ 365779.676527667965274, 6928240.962233113124967 ], [ 365779.234995131555479, 6928242.789068154990673 ], [ 365778.97567219339544, 6928244.65052695479244 ], [ 365778.090495244832709, 6928254.563479972071946 ], [ 365777.154691563395318, 6928264.471431566402316 ], [ 365775.268802605511155, 6928284.280015680938959 ], [ 365775.183172849472612, 6928286.147040754556656 ], [ 365775.280955882743001, 6928288.013468774966896 ], [ 365775.561210001236759, 6928289.861325021833181 ], [ 365776.021236204600427, 6928291.672813628800213 ], [ 365776.656604189018253, 6928293.430488969199359 ], [ 365777.461195013427641, 6928295.117423670366406 ], [ 365778.427260028372984, 6928296.717371627688408 ], [ 365779.545495499740355, 6928298.214924467727542 ], [ 365780.805132208508439, 6928299.595659938640893 ], [ 365782.194039164693095, 6928300.846280802972615 ], [ 365783.698840435012244, 6928301.954742898233235 ], [ 365785.305043960630428, 6928302.910371127538383 ], [ 365786.997181123588234, 6928303.70396227017045 ], [ 365788.758955717901699, 6928304.327873609028757 ], [ 365790.57340089121135, 6928304.776096535846591 ], [ 365792.423042544629425, 6928305.044314419850707 ], [ 365794.290067617897876, 6928305.129944175481796 ], [ 365796.1564956389484, 6928305.032161142677069 ], [ 365798.004351885640062, 6928304.751907023601234 ], [ 365799.815840492141433, 6928304.29188082087785 ], [ 365801.573515832948033, 6928303.656512835994363 ], [ 365803.260450533707626, 6928302.851922011934221 ], [ 365804.860398491029628, 6928301.885856996290386 ], [ 365806.357951331476215, 6928300.7676215255633 ], [ 365807.738686802622396, 6928299.507984816096723 ], [ 365808.989307666954119, 6928298.119077860377729 ], [ 365810.097769761981908, 6928296.614276589825749 ], [ 365811.053397991810925, 6928295.008073064498603 ], [ 365811.846989134093747, 6928293.315935901366174 ], [ 365812.470900472428184, 6928291.554161307401955 ], [ 365812.919123399420641, 6928289.739716134034097 ], [ 365813.18734128336655, 6928287.890074480324984 ], [ 365815.073906353325583, 6928268.074388768523932 ] ] ] } },
{ "type": "Feature", "properties": { "id": "12", "_id": 13, "width": 96.24, "depth": 24.13, "manning_n": 0.6071 }, "geometry": { "type": "Polygon", "coordinates": [ [ [ 365822.006512889172882, 6928326.912691031582654 ], [ 365825.179151809308678, 6928327.054975126869977 ], [ 365829.894704156147782, 6928326.803125695325434 ], [ 365834.562864268489648, 6928326.090284031815827 ], [ 365839.138675212569069, 6928324.923315190710127 ], [ 365843.578069427632727, 6928323.31345771998167 ], [ 365847.838293120497838, 6928321.276215427555144 ], [ 365851.878318008210044, 6928318.831208069808781 ], [ 365855.659236442530528, 6928316.001982404850423 ], [ 365859.144636112148874, 6928312.815785421989858 ], [ 365862.3009507128736, 6928309.303301939740777 ], [ 365865.097783209756017, 6928305.498359094373882 ], [ 365867.508198576804716, 6928301.43760056514293 ], [ 365869.508983196516056, 6928297.160133677534759 ], [ 365871.080868419201579, 6928292.707152774557471 ], [ 365872.208716130873654, 6928288.12154249753803 ], [ 365872.881664541491773, 6928283.447464779950678 ], [ 365873.093232790124603, 6928278.729933545924723 ], [ 365872.841383358754683, 6928274.014381199143827 ], [ 365872.128541695128661, 6928269.34622108656913 ], [ 365870.961572854139376, 6928264.770410142838955 ], [ 365869.35171538364375, 6928260.33101592771709 ], [ 365867.314473091100808, 6928256.070792234502733 ], [ 365864.869465733587276, 6928252.030767346732318 ], [ 365862.04024006833788, 6928248.249848912470043 ], [ 365858.854043085244484, 6928244.764449243433774 ], [ 365855.341559602995403, 6928241.608134642243385 ], [ 365851.536616757628508, 6928238.811302145943046 ], [ 365847.475858228746802, 6928236.400886778719723 ], [ 365843.198391340847593, 6928234.400102159008384 ], [ 365838.745410438277759, 6928232.828216936439276 ], [ 365834.159800161432941, 6928231.700369223952293 ], [ 365829.485722444020212, 6928231.027420814149082 ], [ 365819.533690247219056, 6928230.090122602880001 ], [ 365815.066914809984155, 6928229.878136933781207 ], [ 365810.599748372216709, 6928230.081716766580939 ], [ 365806.170769510034006, 6928230.699103977531195 ], [ 365801.818227010371629, 6928231.724966794252396 ], [ 365797.579709553625435, 6928233.150445836596191 ], [ 365776.786142185446806, 6928241.237375282682478 ], [ 365772.474289500562008, 6928243.162937147542834 ], [ 365768.371937632444315, 6928245.501862375997007 ], [ 365764.518594472203404, 6928248.231625838205218 ], [ 365760.951369820802938, 6928251.325938421301544 ], [ 365757.704618001822382, 6928254.75500020198524 ], [ 365754.809607010043692, 6928258.485787441954017 ], [ 365752.294217383838259, 6928262.482370619662106 ], [ 365750.182673700503074, 6928266.706260455772281 ], [ 365748.495311279897578, 6928271.116778581403196 ], [ 365747.24838034453569, 6928275.671449295245111 ], [ 365746.453889521071687, 6928280.326408629305661 ], [ 365746.119490190292709, 6928285.036826780997217 ], [ 365746.248402800643817, 6928289.757339847274125 ], [ 365746.839385853207204, 6928294.442486708052456 ], [ 365747.886747858137824, 6928299.047146836295724 ], [ 365749.380402146780398, 6928303.526974840089679 ], [ 365751.305964011757169, 6928307.838827524334192 ], [ 365753.64488923974568, 6928311.94117939285934 ], [ 365756.37465270224493, 6928315.794522552751005 ], [ 365759.468965284817386, 6928319.361747204326093 ], [ 365762.898027065733913, 6928322.608499023132026 ], [ 365766.628814305644482, 6928325.50351001508534 ], [ 365770.625397483876441, 6928328.018899640999734 ], [ 365774.849287319695577, 6928330.130443324334919 ], [ 365779.259805444919039, 6928331.817805744707584 ], [ 365783.8144761591102, 6928333.06473668012768 ], [ 365788.469435493287165, 6928333.85922750364989 ], [ 365793.179853644571267, 6928334.193626835010946 ], [ 365797.900366711022798, 6928334.064714224077761 ], [ 365802.585513571393676, 6928333.473731172271073 ], [ 365807.190173700277228, 6928332.426369166933 ], [ 365811.670001703430898, 6928330.932714878581464 ], [ 365822.006512889172882, 6928326.912691031582654 ] ] ] } },
{ "type": "Feature", "properties": { "id": "13", "_id": 14, "width": 51.13, "depth": 24.49, "manning_n": 0.6417 }, "geometry": { "type": "Polygon", "coordinates": [ [ [ 365766.939785659837071, 6928303.671206892468035 ], [ 365766.833130329148844, 6928306.177768991328776 ], [ 365766.972674622025806, 6928308.682715359143913 ], [ 365767.357074650586583, 6928311.161921992897987 ], [ 365767.982628432451747, 6928313.591512776911259 ], [ 365768.843311542761512, 6928315.948089425452054 ], [ 365769.930835132603534, 6928318.208956815302372 ], [ 365771.234725755406544, 6928320.352341558784246 ], [ 365772.742426231619902, 6928322.357601688243449 ], [ 365774.439416581473779, 6928324.2054254533723 ], [ 365776.309353860211559, 6928325.878017300739884 ], [ 365778.334229549684096, 6928327.359269255772233 ], [ 365780.49454299005447, 6928328.634916054084897 ], [ 365782.769489181984682, 6928329.692672519013286 ], [ 365785.137159149977379, 6928330.522351876832545 ], [ 365787.574750937928911, 6928331.115963862277567 ], [ 365790.058789204456843, 6928331.467791667208076 ], [ 365792.565351303142961, 6928331.574446997605264 ], [ 365795.070297670725267, 6928331.434902704320848 ], [ 365797.549504304304719, 6928331.050502676516771 ], [ 365799.979095088783652, 6928330.424948894418776 ], [ 365802.33567173674237, 6928329.564265783876181 ], [ 365804.596539126825519, 6928328.476742194034159 ], [ 365806.73992387013277, 6928327.172851570881903 ], [ 365808.745183999883011, 6928325.665151095017791 ], [ 365810.593007764895447, 6928323.968160745687783 ], [ 365812.265599612146616, 6928322.098223466426134 ], [ 365813.746851567819249, 6928320.07334777712822 ], [ 365815.022498365899082, 6928317.913034336641431 ], [ 365816.080254830303602, 6928315.638088144361973 ], [ 365816.909934188064653, 6928313.270418176427484 ], [ 365817.503546173451468, 6928310.83282638899982 ], [ 365817.855373978556599, 6928308.348788122646511 ], [ 365819.685866103798617, 6928288.423835695721209 ], [ 365819.792521434486844, 6928285.917273596860468 ], [ 365819.652977141609881, 6928283.412327229045331 ], [ 365819.268577113049105, 6928280.933120595291257 ], [ 365818.64302333118394, 6928278.503529811277986 ], [ 365817.782340220874175, 6928276.146953162737191 ], [ 365816.694816631032154, 6928273.886085772886872 ], [ 365815.390926008229144, 6928271.742701029404998 ], [ 365813.883225532015786, 6928269.737440899945796 ], [ 365812.186235182161909, 6928267.889617134816945 ], [ 365810.316297903424129, 6928266.21702528744936 ], [ 365808.291422213951591, 6928264.735773332417011 ], [ 365806.131108773581218, 6928263.460126534104347 ], [ 365803.856162581651006, 6928262.402370069175959 ], [ 365801.488492613658309, 6928261.572690711356699 ], [ 365799.050900825706776, 6928260.979078725911677 ], [ 365796.566862559178844, 6928260.627250920981169 ], [ 365794.060300460492726, 6928260.52059559058398 ], [ 365791.55535409291042, 6928260.660139883868396 ], [ 365789.076147459330969, 6928261.044539911672473 ], [ 365786.646556674852036, 6928261.670093693770468 ], [ 365784.289980026893318, 6928262.530776804313064 ], [ 365782.029112636810169, 6928263.618300394155085 ], [ 365779.885727893502917, 6928264.922191017307341 ], [ 365777.880467763752677, 6928266.429891493171453 ], [ 365776.032643998740241, 6928268.126881842501462 ], [ 365774.360052151489072, 6928269.99681912176311 ], [ 365772.878800195816439, 6928272.021694811061025 ], [ 365771.603153397736605, 6928274.182008251547813 ], [ 365770.545396933332086, 6928276.456954443827271 ], [ 365769.715717575571034, 6928278.824624411761761 ], [ 365769.122105590184219, 6928281.262216199189425 ], [ 365768.770277785079088, 6928283.746254465542734 ], [ 365766.939785659837071, 6928303.671206892468035 ] ] ] } },
{ "type": "Feature", "properties": { "id": "14", "_id": 15, "width": 74.42, "depth": 42.04, "manning_n": 0.5315 }, "geometry": { "type": "Polygon", "coordinates": [ [ [ 365731.720103304367512, 6928383.827352028340101 ], [ 365735.371363233658485, 6928382.175619322806597 ], [ 365738.823815515439492, 6928380.140799122862518 ], [ 365742.03741483396152, 6928377.746493498794734 ], [ 365752.87841680389829, 6928368.722137609496713 ], [ 365763.597802554373629, 6928359.799102621152997 ], [ 365774.372448737907689, 6928350.984311410225928 ], [ 365774.616581032052636, 6928350.782846188172698 ], [ 365785.426083826052491, 6928341.78496558777988 ], [ 365796.287139997177292, 6928332.784971998073161 ], [ 365796.350444894749671, 6928332.732396339997649 ], [ 365818.033324134303257, 6928314.683892402797937 ], [ 365820.721872569643892, 6928312.212858391925693 ], [ 365823.15527122200001, 6928309.490199255757034 ], [ 365825.310085132077802, 6928306.54213569033891 ], [ 365827.165562263980974, 6928303.397059159353375 ], [ 365828.703833358653355, 6928300.085258468985558 ], [ 365829.910084024595562, 6928296.638628070242703 ], [ 365830.77269740839256, 6928293.0903608975932 ], [ 365831.283366071642376, 6928289.474628705531359 ], [ 365831.437171995930839, 6928285.826252968981862 ], [ 365831.232633946230635, 6928282.180369542911649 ], [ 365830.67172173561994, 6928278.572090275585651 ], [ 365829.759837255463935, 6928275.036164871416986 ], [ 365828.505762451677583, 6928271.606646222993731 ], [ 365826.921574750274885, 6928268.316562470048666 ], [ 365825.022530744725373, 6928265.1975989183411 ], [ 365822.826919266954064, 6928262.279792890883982 ], [ 365820.355885255790781, 6928259.591244455426931 ], [ 365817.6332261194475, 6928257.157845803536475 ], [ 365814.68516255391296, 6928255.003031892701983 ], [ 365811.54008602281101, 6928253.147554760798812 ], [ 365808.228285332384985, 6928251.60928366612643 ], [ 365804.781654933758546, 6928250.403033000417054 ], [ 365801.233387761807535, 6928249.540419616736472 ], [ 365797.617655568988994, 6928249.029750953428447 ], [ 365793.969279832963366, 6928248.875945028848946 ], [ 365790.323396406427491, 6928249.080483078956604 ], [ 365786.715117139858194, 6928249.641395289450884 ], [ 365783.179191735049244, 6928250.553279769606888 ], [ 365779.749673086567782, 6928251.80735457316041 ], [ 365776.459589333797339, 6928253.3915422745049 ], [ 365773.340625781798735, 6928255.290586280636489 ], [ 365770.422819754574448, 6928257.486197758466005 ], [ 365748.771564097201917, 6928275.508378699421883 ], [ 365737.910341679060366, 6928284.508510049432516 ], [ 365737.846704885596409, 6928284.561361975967884 ], [ 365727.127050607115962, 6928293.484452252276242 ], [ 365716.352270861796569, 6928302.299352730624378 ], [ 365716.107873437926173, 6928302.501038649119437 ], [ 365705.266699139610864, 6928311.525452905334532 ], [ 365699.088367831369396, 6928316.668470190837979 ], [ 365683.949857228610199, 6928322.556696427986026 ], [ 365680.615662796131801, 6928324.045806651934981 ], [ 365677.443481747002807, 6928325.854554607532918 ], [ 365674.463863918790594, 6928327.96552106179297 ], [ 365671.705504660087172, 6928330.358376254327595 ], [ 365669.194968478288502, 6928333.010075681842864 ], [ 365666.956433209299576, 6928335.895082029514015 ], [ 365665.011457171523944, 6928338.985611108131707 ], [ 365663.378771547344513, 6928342.251899433322251 ], [ 365662.074099991878029, 6928345.662490864284337 ], [ 365661.110007205395959, 6928349.18453953973949 ], [ 365660.49577792850323, 6928352.784126206301153 ], [ 365660.237327524868306, 6928356.426584876142442 ], [ 365660.337145013152622, 6928360.076836680993438 ], [ 365660.794269096397329, 6928363.699727701954544 ], [ 365661.60429741977714, 6928367.260367516428232 ], [ 365662.759428967779968, 6928370.72446521744132 ], [ 365664.248539192078169, 6928374.058659649454057 ], [ 365666.057287147210445, 6928377.230840698815882 ], [ 365668.168253601586912, 6928380.210458527319133 ], [ 365670.56110879429616, 6928382.968817785382271 ], [ 365673.212808221753221, 6928385.479353967122734 ], [ 365676.097814568958711, 6928387.717889236286283 ], [ 365679.188343647576403, 6928389.662865274585783 ], [ 365682.454631973232608, 6928391.295550898648798 ], [ 365685.86522340378724, 6928392.600222453474998 ], [ 365689.387272079300601, 6928393.564315240830183 ], [ 365692.986858745687641, 6928394.178544517606497 ], [ 365696.629317415703554, 6928394.436994921416044 ], [ 365700.279569221078418, 6928394.337177433073521 ], [ 365703.902460241573863, 6928393.880053349770606 ], [ 365707.463100056105759, 6928393.070025025866926 ], [ 365710.927197756886017, 6928391.914893478155136 ], [ 365731.720103304367512, 6928383.827352028340101 ] ] ] } },
{ "type": "Feature", "properties": { "id": "15", "_id": 16, "width": 86.5, "depth": 47.1, "manning_n": 0.3635 }, "geometry": { "type": "Polygon", "coordinates": [ [ [ 365580.639276545494795, 6928498.969301705248654 ], [ 365580.404909591190517, 6928499.18466444965452 ], [ 365577.585707716003526, 6928502.336004339158535 ], [ 365575.087701371696312, 6928505.747573863714933 ], [ 365572.93476651085075, 6928509.386765229515731 ], [ 365571.147480891668238, 6928513.218795035034418 ], [ 365569.742927395796869, 6928517.207036727108061 ], [ 365568.734530750021804, 6928521.313370678573847 ], [ 365568.131929212657269, 6928525.49854853656143 ], [ 365567.19158094591694, 6928535.462123678065836 ], [ 365567.000620921317022, 6928539.708060343749821 ], [ 365567.227332197246142, 6928543.952238226309419 ], [ 365567.869525371701457, 6928548.153670343570411 ], [ 365568.920998640474863, 6928552.271782515570521 ], [ 365570.37159768899437, 6928556.266805207356811 ], [ 365572.207313755119685, 6928560.100157581269741 ], [ 365574.41041891486384, 6928563.734820091165602 ], [ 365576.959637284919154, 6928567.135691979900002 ], [ 365603.987913927237969, 6928599.725174554623663 ], [ 365606.854446262237616, 6928602.855275480076671 ], [ 365610.013979002134874, 6928605.689334811642766 ], [ 365613.436084119428415, 6928608.200059008784592 ], [ 365617.087804871262051, 6928610.363268424756825 ], [ 365620.933973190491088, 6928612.15813017077744 ], [ 365624.937548373651225, 6928613.567358748055995 ], [ 365629.059973803174216, 6928614.577382513321936 ], [ 365633.261548268608749, 6928615.178474386222661 ], [ 365637.501808311033528, 6928615.364845523610711 ], [ 365641.739917908329517, 6928615.134701069444418 ], [ 365645.935061748255976, 6928614.490257440134883 ], [ 365650.046838302339893, 6928613.437720981426537 ], [ 365654.035648914636113, 6928611.987228193320334 ], [ 365657.863079158414621, 6928610.152748115360737 ], [ 365661.492268788220827, 6928607.951947792433202 ], [ 365664.888266723894048, 6928605.406022136099637 ], [ 365668.01836764899781, 6928602.539489801041782 ], [ 365670.852426980389282, 6928599.379957061260939 ], [ 365673.363151177589316, 6928595.957851943559945 ], [ 365675.52636059402721, 6928592.306131192483008 ], [ 365677.321222340455279, 6928588.45996287278831 ], [ 365678.730450917093549, 6928584.456387689337134 ], [ 365679.740474682475906, 6928580.333962259814143 ], [ 365680.341566555493046, 6928576.132387794554234 ], [ 365680.527937692822888, 6928571.892127752304077 ], [ 365680.297793238656595, 6928567.654018155299127 ], [ 365679.653349609754514, 6928563.458874315023422 ], [ 365678.600813150580507, 6928559.347097760997713 ], [ 365677.150320362707134, 6928555.358287149108946 ], [ 365675.315840284514707, 6928551.530856904573739 ], [ 365673.115039961994626, 6928547.901667275466025 ], [ 365670.569114305370022, 6928544.505669339559972 ], [ 365662.721266810025554, 6928535.043087149038911 ], [ 365663.464405619830359, 6928532.939925870858133 ], [ 365664.475892549031414, 6928528.842770090326667 ], [ 365664.918372583983, 6928525.800277764908969 ], [ 365668.291714875143953, 6928524.939045437611639 ], [ 365672.283822283439804, 6928523.489945175126195 ], [ 365676.114558601751924, 6928521.656295157037675 ], [ 365679.746986130776349, 6928519.455776268616319 ], [ 365683.146079354686663, 6928516.909606914035976 ], [ 365694.038116392795928, 6928507.882865531370044 ], [ 365697.176038140140008, 6928505.010609528049827 ], [ 365700.016613507003058, 6928501.843980559147894 ], [ 365702.532361877558287, 6928498.413613584823906 ], [ 365704.698945114098024, 6928494.752695049159229 ], [ 365706.495403012027964, 6928490.896641825325787 ], [ 365707.904356074868701, 6928486.88275858014822 ], [ 365708.912173649587203, 6928482.749876876361668 ], [ 365709.509105793200433, 6928478.537979505956173 ], [ 365709.689377597358543, 6928474.28781368304044 ], [ 365709.451245056057815, 6928470.040496843867004 ], [ 365708.797011938062496, 6928465.837118860334158 ], [ 365707.73300749954069, 6928461.718344529159367 ], [ 365706.457925088529009, 6928458.238225274719298 ], [ 365708.396005115180742, 6928454.95046247728169 ], [ 365710.183820691192523, 6928451.096962345764041 ], [ 365711.584977229998913, 6928447.086662089452147 ], [ 365712.58595745137427, 6928442.958249998278916 ], [ 365713.177104668226093, 6928438.751553816720843 ], [ 365713.352715947141405, 6928434.507156512700021 ], [ 365713.111097125569358, 6928430.266004766337574 ], [ 365712.899205870809965, 6928428.911425466649234 ], [ 365713.32161342020845, 6928427.714748412370682 ], [ 365722.245816462906078, 6928420.285723179578781 ], [ 365733.101274575281423, 6928411.289790616370738 ], [ 365736.169736693555024, 6928408.487694887444377 ], [ 365738.955126810993534, 6928405.404060321860015 ], [ 365741.431732935365289, 6928402.067352011799812 ], [ 365743.576693465467542, 6928398.508371178992093 ], [ 365745.370208227250259, 6928394.759970847517252 ], [ 365746.795721249771304, 6928390.856752577237785 ], [ 365747.840073593484703, 6928386.834747054614127 ], [ 365748.493624820723198, 6928382.731081494130194 ], [ 365748.750341987004504, 6928378.583636914379895 ], [ 365748.607855330978055, 6928374.430698460899293 ], [ 365748.067480149737094, 6928370.310601993463933 ], [ 365747.134204657573719, 6928366.261380203999579 ], [ 365745.816643939411733, 6928362.320411541499197 ], [ 365737.750734365079552, 6928341.567723052576184 ], [ 365736.020880468364339, 6928337.69188186340034 ], [ 365733.919457421288826, 6928334.004259240813553 ], [ 365731.466703076439444, 6928330.540369006805122 ], [ 365728.686238799011335, 6928327.333570318296552 ], [ 365725.604841980035417, 6928324.41474639903754 ], [ 365722.252188155194744, 6928321.812007118947804 ], [ 365718.660565213707741, 6928319.55041828006506 ], [ 365714.864562447764911, 6928317.651760219596326 ], [ 365710.900737439224031, 6928316.134318052791059 ], [ 365706.807263989700004, 6928315.012705577537417 ], [ 365702.623564486217219, 6928314.29772453289479 ], [ 365698.389930242032278, 6928313.996260579675436 ], [ 365694.147133469290566, 6928314.111216980032623 ], [ 365689.936034620273858, 6928314.64148664008826 ], [ 365685.797188878932502, 6928315.581962772645056 ], [ 365681.770455592195503, 6928316.923588080331683 ], [ 365677.894614402903244, 6928318.65344197768718 ], [ 365674.20699178049108, 6928320.754865024238825 ], [ 365670.743101546599064, 6928323.207619369029999 ], [ 365667.536302857799456, 6928325.988083646632731 ], [ 365664.617478938424028, 6928329.069480465725064 ], [ 365662.014739658450708, 6928332.422134290449321 ], [ 365659.753150819975417, 6928336.013757232576609 ], [ 365657.854492759739514, 6928339.80975999776274 ], [ 365656.337050592817832, 6928343.773585006594658 ], [ 365655.215438116749283, 6928347.867058455944061 ], [ 365654.500457072921563, 6928352.050757959485054 ], [ 365654.198993119585793, 6928356.284392204135656 ], [ 365654.313949519360904, 6928360.527188976295292 ], [ 365654.742455558502115, 6928363.930139256641269 ], [ 365645.259336199320387, 6928371.824513339437544 ], [ 365642.145726771734189, 6928374.685433752834797 ], [ 365639.326365983113647, 6928377.836724603548646 ], [ 365636.828202177595813, 6928381.248264853842556 ], [ 365634.675113596662413, 6928384.887445921078324 ], [ 365632.887680143467151, 6928388.719483359716833 ], [ 365631.539026821323205, 6928392.548637747764587 ], [ 365630.362085743108764, 6928393.625912332907319 ], [ 365627.521451984648593, 6928396.792544198222458 ], [ 365625.005649057100527, 6928400.222922188229859 ], [ 365622.839016096724663, 6928403.883859109133482 ], [ 365621.042514194792602, 6928407.739937225356698 ], [ 365619.633523609489202, 6928411.753850908949971 ], [ 365618.62567562086042, 6928415.886767548508942 ], [ 365618.028720654430799, 6928420.098703242838383 ], [ 365617.848433951323386, 6928424.348909617401659 ], [ 365618.086559695249889, 6928428.596268050372601 ], [ 365618.318367896834388, 6928430.085622678510845 ], [ 365617.815993900818285, 6928431.512018546462059 ], [ 365616.807500764494762, 6928435.618377864360809 ], [ 365616.20481029106304, 6928439.803591054864228 ], [ 365615.264271783758886, 6928449.767150108702481 ], [ 365615.244052313675638, 6928449.987359731458127 ], [ 365615.082305394869763, 6928451.799817631021142 ], [ 365607.084643575013615, 6928458.457939295098186 ], [ 365596.244142455572728, 6928467.482834009453654 ], [ 365593.130655697081238, 6928470.34380915760994 ], [ 365590.311418448516633, 6928473.495139024220407 ], [ 365587.813377193699125, 6928476.906702958978713 ], [ 365585.660408400930464, 6928480.545892974361777 ], [ 365583.873090309614781, 6928484.37792541552335 ], [ 365582.468506241973955, 6928488.36617342568934 ], [ 365581.460081319266465, 6928492.472517026588321 ], [ 365580.857454143580981, 6928496.657707473263144 ], [ 365580.639276545494795, 6928498.969301705248654 ] ] ] } },
{ "type": "Feature", "properties": { "id": "16", "_id": 17, "width": 48.93, "depth": 24.53, "manning_n": 0.4002 }, "geometry": { "type": "Polygon", "coordinates": [ [ [ 364980.248588445887435, 6928691.368579511530697 ], [ 364978.397183125605807, 6928711.025363012216985 ], [ 364978.289606468460988, 6928713.423833005130291 ], [ 364978.417638992075808, 6928715.821298064664006 ], [ 364978.780047673324589, 6928718.194669293239713 ], [ 364979.373342318460345, 6928720.521089827641845 ], [ 364980.191809175710659, 6928722.778154966421425 ], [ 364981.227565961831715, 6928724.944127939641476 ], [ 364982.470637772814371, 6928726.998149243183434 ], [ 364983.909053147537634, 6928728.920437527820468 ], [ 364985.528959359624423, 6928730.692480106838048 ], [ 364987.314755826722831, 6928732.297211242839694 ], [ 364989.249244352628011, 6928733.719176496379077 ], [ 364991.313794755376875, 6928734.944681566208601 ], [ 364993.488524285960011, 6928735.961924166418612 ], [ 364995.752489110222086, 6928736.761107696220279 ], [ 364998.083886009233538, 6928737.334535581059754 ], [ 365000.460262356384192, 6928737.676685397513211 ], [ 365002.858732348424383, 6928737.784262054599822 ], [ 365005.256197408190928, 6928737.656229530461133 ], [ 365007.629568636592012, 6928737.293820849619806 ], [ 365009.955989171226975, 6928736.700526204891503 ], [ 365012.213054310646839, 6928735.882059346884489 ], [ 365014.379027283634059, 6928734.846302561461926 ], [ 365016.433048586535733, 6928733.603230750188231 ], [ 365018.355336871289182, 6928732.164815375581384 ], [ 365020.127379450947046, 6928730.544909163378179 ], [ 365021.732110586657654, 6928728.759112696163356 ], [ 365023.154075840488076, 6928726.824624170549214 ], [ 365024.379580909619108, 6928724.760073767974973 ], [ 365025.39682351029478, 6928722.585344237275422 ], [ 365026.19600704027107, 6928720.321379412896931 ], [ 365026.76943492522696, 6928717.989982513710856 ], [ 365027.111584741156548, 6928715.613606167025864 ], [ 365028.988491310738027, 6928695.686070211231709 ], [ 365028.996719517337624, 6928695.596964267082512 ], [ 365029.888152374711353, 6928685.746628660708666 ], [ 365029.987053423072211, 6928683.360561706125736 ], [ 365029.852848370559514, 6928680.976219882257283 ], [ 365029.486815977550577, 6928678.616322170011699 ], [ 365028.892443949764129, 6928676.303354633972049 ], [ 365028.075395706051495, 6928674.059356172569096 ], [ 365027.043456414714456, 6928671.905708516016603 ], [ 365026.134785306057893, 6928670.405130383558571 ], [ 365027.338769554218743, 6928669.061784461140633 ], [ 365028.76274052268127, 6928667.117798062972724 ], [ 365029.988559884601273, 6928665.043155123479664 ], [ 365031.004335195291787, 6928662.857983058318496 ], [ 365031.800211779423989, 6928660.583481597714126 ], [ 365032.368468337575905, 6928658.241717109456658 ], [ 365032.661898149817716, 6928656.152296216227114 ], [ 365035.734600837749895, 6928653.604685588739812 ], [ 365035.776257902267389, 6928653.570069389417768 ], [ 365046.59371011168696, 6928644.560718391090631 ], [ 365057.462730710918549, 6928635.549267580732703 ], [ 365057.504388039640617, 6928635.514651816338301 ], [ 365068.26280840463005, 6928626.554634923115373 ], [ 365079.076783189317212, 6928617.703222997486591 ], [ 365080.88084073754726, 6928616.070183910429478 ], [ 365082.513745776494034, 6928614.266005030833185 ], [ 365083.959343645488843, 6928612.308535465970635 ], [ 365085.203332751465496, 6928610.217140859924257 ], [ 365086.233406057872344, 6928608.01251180190593 ], [ 365087.039372840488795, 6928605.716459137387574 ], [ 365087.613259506470058, 6928603.35169817879796 ], [ 365087.949388478591572, 6928600.941623986698687 ], [ 365088.836533359310124, 6928590.979965104721487 ], [ 365088.932060025224928, 6928588.598150390200317 ], [ 365088.795338416239247, 6928586.218344960361719 ], [ 365088.427666490664706, 6928583.863141353242099 ], [ 365087.832534719142132, 6928581.554898546077311 ], [ 365087.015592948417179, 6928579.315529701299965 ], [ 365085.984596764668822, 6928577.166294128634036 ], [ 365084.749333866580855, 6928575.127595461905003 ], [ 365083.321531146008056, 6928573.218787962570786 ], [ 365080.762344137008768, 6928570.124070733785629 ], [ 365081.690739255282097, 6928560.426323653198779 ], [ 365081.694227857748047, 6928560.389590739272535 ], [ 365082.632925276178867, 6928550.425841436721385 ], [ 365082.644335908815265, 6928550.301316858269274 ], [ 365083.525944443710614, 6928540.401953908614814 ], [ 365084.439197034109384, 6928530.708458417095244 ], [ 365087.539951640821528, 6928528.126146100461483 ], [ 365089.300860390940215, 6928526.50750582665205 ], [ 365090.895296732720453, 6928524.724651735275984 ], [ 365092.308021079050377, 6928522.794624304398894 ], [ 365093.525530641956721, 6928520.735870694741607 ], [ 365094.536188491969369, 6928518.568068427033722 ], [ 365095.330334783880971, 6928516.311937307938933 ], [ 365095.900379084981978, 6928513.989041388034821 ], [ 365096.24087292450713, 6928511.621582854539156 ], [ 365097.17964062775718, 6928501.657838667742908 ], [ 365098.09881324833259, 6928491.902156601659954 ], [ 365101.1787306771148, 6928489.337250995449722 ], [ 365112.048433602089062, 6928480.325985925272107 ], [ 365112.090091851598118, 6928480.291372281499207 ], [ 365122.929239313292783, 6928471.264875415712595 ], [ 365124.690192233887501, 6928469.646256839856505 ], [ 365126.284673352492973, 6928467.86341886408627 ], [ 365127.697442426579073, 6928465.933402069844306 ], [ 365128.914996039355174, 6928463.87465378921479 ], [ 365129.925696666759904, 6928461.706851786002517 ], [ 365130.719883910613135, 6928459.450716172344983 ], [ 365131.289966833603103, 6928457.12781136482954 ], [ 365131.63049651455367, 6928454.760339966975152 ], [ 365132.567668047384359, 6928444.814996095374227 ], [ 365133.509330306958873, 6928434.980992092750967 ], [ 365133.524235452583525, 6928434.819709233939648 ], [ 365134.40605587977916, 6928424.920364676974714 ], [ 365135.339117017865647, 6928415.018903155811131 ], [ 365136.258435842639301, 6928405.263359278440475 ], [ 365139.359389237011783, 6928402.681067291647196 ], [ 365141.120383187313564, 6928401.062461056746542 ], [ 365142.714904750173446, 6928399.279629931785166 ], [ 365144.127713017864153, 6928397.349614742211998 ], [ 365145.345303952228278, 6928395.290863141417503 ], [ 365146.356039459817111, 6928393.123053286224604 ], [ 365147.15025863237679, 6928390.866905742324889 ], [ 365147.720370088820346, 6928388.543985432945192 ], [ 365148.06092453567544, 6928386.17649551667273 ], [ 365148.999915751221124, 6928376.212769011035562 ], [ 365149.011330603098031, 6928376.088238558731973 ], [ 365149.891590064798947, 6928366.207287917844951 ], [ 365150.827384893025737, 6928356.43554240744561 ], [ 365150.830874873441644, 6928356.39880745857954 ], [ 365151.769890866591595, 6928346.435082152485847 ], [ 365152.708913276321255, 6928336.471377525478601 ], [ 365152.816627151798457, 6928334.072913692332804 ], [ 365152.68873178929789, 6928331.67544131167233 ], [ 365152.326458891213406, 6928329.302049352787435 ], [ 365151.733297343482263, 6928326.975594879128039 ], [ 365150.914959616144188, 6928324.718482918106019 ], [ 365149.879326748778112, 6928322.552450692281127 ], [ 365148.636372452136129, 6928320.498358275741339 ], [ 365147.198067055491265, 6928318.575987701304257 ], [ 365145.578262226074003, 6928316.803852448239923 ], [ 365143.792557569919154, 6928315.199019148014486 ], [ 365141.858150398940779, 6928313.776943223550916 ], [ 365139.793670111743268, 6928312.551320041529834 ], [ 365137.618998782010749, 6928311.533953024074435 ], [ 365135.355079683416989, 6928310.734639972448349 ], [ 365133.023715594492387, 6928310.161078707315028 ], [ 365130.647358825895935, 6928309.818792937323451 ], [ 365128.248894992342684, 6928309.711079061962664 ], [ 365125.851422611624002, 6928309.838974424637854 ], [ 365123.4780306534376, 6928310.201247322373092 ], [ 365121.151576179719996, 6928310.794408869929612 ], [ 365118.894464218872599, 6928311.612746597267687 ], [ 365116.728431992873084, 6928312.648379464633763 ], [ 365114.674339576158673, 6928313.891333761624992 ], [ 365112.751969001605175, 6928315.329639158211648 ], [ 365110.979833748715464, 6928316.949443987570703 ], [ 365109.375000448722858, 6928318.735148644074798 ], [ 365107.952924523560796, 6928320.669555814936757 ], [ 365106.727301341772545, 6928322.734036101959646 ], [ 365105.709934324666392, 6928324.908707431517541 ], [ 365104.91062127269106, 6928327.172626530751586 ], [ 365104.337060007557739, 6928329.503990619443357 ], [ 365103.994774237740785, 6928331.880347387865186 ], [ 365103.055749917693902, 6928341.844072285108268 ], [ 365102.118463152670301, 6928351.789449070580304 ], [ 365101.17670482135145, 6928361.623466602526605 ], [ 365101.161794305138756, 6928361.78479231428355 ], [ 365100.292790996201802, 6928371.539392150938511 ], [ 365097.208876974997111, 6928374.107494748197496 ], [ 365095.451114603492897, 6928375.722825794480741 ], [ 365093.859154761419632, 6928377.501782455481589 ], [ 365092.448155454709195, 6928379.427426218055189 ], [ 365091.231551655393559, 6928381.481421870179474 ], [ 365090.220927379094064, 6928383.644212084822357 ], [ 365089.425905386509839, 6928385.89520363882184 ], [ 365088.854055559786502, 6928388.212963487952948 ], [ 365088.510822824493516, 6928390.575422848574817 ], [ 365087.567367086478043, 6928400.42781125754118 ], [ 365087.563873564184178, 6928400.464586240239441 ], [ 365086.624936132400762, 6928410.428317065350711 ], [ 365085.686005117429886, 6928420.39206856675446 ], [ 365085.67458764865296, 6928420.516637166030705 ], [ 365084.794403347244952, 6928430.39761452190578 ], [ 365083.863142829155549, 6928440.122990651987493 ], [ 365080.799222075147554, 6928442.674526294693351 ], [ 365069.929431603522971, 6928451.685863942839205 ], [ 365069.887598751345649, 6928451.720622991211712 ], [ 365059.048569408478215, 6928460.74719197396189 ], [ 365057.29086682619527, 6928462.362547781318426 ], [ 365055.698966916766949, 6928464.141521483659744 ], [ 365054.288026769354474, 6928466.067174789495766 ], [ 365053.071480485785287, 6928468.121172815561295 ], [ 365052.060911269451026, 6928470.283958661369979 ], [ 365051.265941136982292, 6928472.534939612261951 ], [ 365050.694139303755946, 6928474.852683217264712 ], [ 365050.350950114137959, 6928477.215121350251138 ], [ 365049.407654353941325, 6928487.067522752098739 ], [ 365049.404161513491999, 6928487.104296882636845 ], [ 365048.473203819885384, 6928496.985060377977788 ], [ 365045.388677961949725, 6928499.553857372142375 ], [ 365043.631000563851558, 6928501.169222465716302 ], [ 365042.039125731389504, 6928502.948202156461775 ], [ 365040.628210159135051, 6928504.87385827023536 ], [ 365039.411687576968689, 6928506.927856086753309 ], [ 365038.401140843576286, 6928509.090638904832304 ], [ 365037.606191662838683, 6928511.341614253818989 ], [ 365037.034408972715028, 6928513.659349954687059 ], [ 365036.69123687944375, 6928516.021778183057904 ], [ 365035.748002708074637, 6928525.874184316024184 ], [ 365035.744510135380551, 6928525.910958061926067 ], [ 365034.805796216940507, 6928535.874706570990384 ], [ 365034.794381800573319, 6928535.999271311797202 ], [ 365033.912771475617774, 6928545.898654361255467 ], [ 365032.981668944354169, 6928555.78178817499429 ], [ 365032.040225837205071, 6928565.615830776281655 ], [ 365032.036733426561113, 6928565.652604111470282 ], [ 365031.098052613786422, 6928575.616354224272072 ], [ 365030.990414768981282, 6928578.013278752565384 ], [ 365031.118083804380149, 6928580.409219845198095 ], [ 365031.479831775359344, 6928582.781132893636823 ], [ 365032.072179322422016, 6928585.106204394251108 ], [ 365032.889429136412218, 6928587.36207137722522 ], [ 365033.923720756080002, 6928589.527036491781473 ], [ 365034.707619349646848, 6928590.823597649112344 ], [ 365026.211976215534378, 6928597.899088606238365 ], [ 365015.342868259816896, 6928606.910611842758954 ], [ 365015.301036322605796, 6928606.945373029448092 ], [ 365004.483496859611478, 6928615.954796697944403 ], [ 364993.614507039019372, 6928624.966392282396555 ], [ 364991.837441201030742, 6928626.593939223326743 ], [ 364990.229110755899455, 6928628.38841552939266 ], [ 364988.805119385709986, 6928630.332411572337151 ], [ 364987.579282354097813, 6928632.407067112624645 ], [ 364986.563492472923826, 6928634.592254279181361 ], [ 364985.767604721128009, 6928636.866772848181427 ], [ 364985.199340633582324, 6928639.208555921912193 ], [ 364984.905893617076799, 6928641.298093162477016 ], [ 364981.833178178349044, 6928643.845748035237193 ], [ 364980.063998343248386, 6928645.465349418111145 ], [ 364978.461916947271675, 6928647.250409957952797 ], [ 364977.042333132063504, 6928649.183771723881364 ], [ 364975.818891879636794, 6928651.24685132317245 ], [ 364974.803352857765276, 6928653.419818516820669 ], [ 364974.005477386410348, 6928655.681786832399666 ], [ 364973.432934612152167, 6928658.011014321818948 ], [ 364973.091227792960126, 6928660.385112546384335 ], [ 364972.152774572023191, 6928670.348882241174579 ], [ 364972.04519121645717, 6928672.745756968855858 ], [ 364972.172904483159073, 6928675.141643435694277 ], [ 364972.534686055674683, 6928677.513498560525477 ], [ 364973.127056402619928, 6928679.838510391302407 ], [ 364973.944318243360613, 6928682.094317502342165 ], [ 364974.978611343016382, 6928684.259224064648151 ], [ 364976.219988110417034, 6928686.312408508732915 ], [ 364977.656509271299001, 6928688.234123782254755 ], [ 364980.248588445887435, 6928691.368579511530697 ] ] ] } },
{ "type": "Feature", "properties": { "id": "17", "_id": 18, "width": 84.96, "depth": 22.7, "manning_n": 0.0446 }, "geometry": { "type": "Polygon", "coordinates": [ [ [ 364405.305401250603609, 6928349.460011732764542 ], [ 364415.272284226957709, 6928350.394459304399788 ], [ 364425.224824076110963, 6928351.327589984051883 ], [ 364427.527639167092275, 6928351.429512155242264 ], [ 364434.339479519461747, 6928359.663166118785739 ], [ 364437.153977229318116, 6928362.743640562519431 ], [ 364440.257113206549548, 6928365.533132857643068 ], [ 364443.618947676382959, 6928368.004729336127639 ], [ 364447.207044881419279, 6928370.134583462961018 ], [ 364450.986786028835922, 6928371.902145913802087 ], [ 364454.92170330072986, 6928373.29036283493042 ], [ 364458.973831704002805, 6928374.285840388387442 ], [ 364463.104075365408789, 6928374.878973976708949 ], [ 364473.041790090908762, 6928375.810865159146488 ], [ 364482.927946506941225, 6928376.744873573072255 ], [ 364485.516901128925383, 6928376.987666484899819 ], [ 364485.840319332201034, 6928377.343111052177846 ], [ 364488.997705250803847, 6928380.183117509819567 ], [ 364492.422874560812488, 6928382.693682728335261 ], [ 364496.081596033181995, 6928384.849716055206954 ], [ 364499.937304312654305, 6928386.629670038819313 ], [ 364503.951465352671221, 6928388.015755772590637 ], [ 364508.083961525931954, 6928388.99412068258971 ], [ 364512.293492560798768, 6928389.554986963048577 ], [ 364522.241353892430197, 6928390.377063925378025 ], [ 364526.318072915775701, 6928390.517441373318434 ], [ 364530.389460871578194, 6928390.266156801022589 ], [ 364534.417976428754628, 6928389.625527244061232 ], [ 364538.366473572794348, 6928388.601459801197052 ], [ 364542.198544120357838, 6928387.203397163189948 ], [ 364545.878853431204334, 6928385.444230541586876 ], [ 364549.373466220335104, 6928383.340180809609592 ], [ 364552.650159467826597, 6928380.910648923367262 ], [ 364561.043825687782373, 6928374.038710619322956 ], [ 364563.328958866244648, 6928374.254657479934394 ], [ 364567.499575618247036, 6928374.442721561528742 ], [ 364571.668511489289813, 6928374.220492189750075 ], [ 364575.795500437729061, 6928373.590115786530077 ], [ 364579.840681569941808, 6928372.557680898346007 ], [ 364583.764984140521847, 6928371.13315939065069 ], [ 364587.530504920345265, 6928369.330310132354498 ], [ 364591.100874288706109, 6928367.166546105407178 ], [ 364591.517815165047068, 6928366.854061357676983 ], [ 364594.101050135213882, 6928367.096396665088832 ], [ 364598.268103674112353, 6928367.281621581874788 ], [ 364602.433234357973561, 6928367.057278425432742 ], [ 364606.556283915997483, 6928366.425530209206045 ], [ 364610.597499804047402, 6928365.392467959783971 ], [ 364614.439580108330119, 6928363.996514872647822 ], [ 364617.948681147769094, 6928366.081163518130779 ], [ 364621.724308857868891, 6928367.848835951648653 ], [ 364625.655022890132386, 6928369.237906732596457 ], [ 364629.702965654490981, 6928370.234997407533228 ], [ 364633.829150504374411, 6928370.830504772253335 ], [ 364643.729991059866734, 6928371.766383300535381 ], [ 364647.900604032503907, 6928371.954548167064786 ], [ 364652.069546031416394, 6928371.732419389300048 ], [ 364656.196550940978341, 6928371.102142418734729 ], [ 364660.241757698880974, 6928370.069804842583835 ], [ 364664.166095297725406, 6928368.645377591252327 ], [ 364667.931660156347789, 6928366.842618628405035 ], [ 364671.502082214865368, 6928364.678940068930387 ], [ 364674.842876218201127, 6928362.175240004435182 ], [ 364685.732900618982967, 6928353.145180331543088 ], [ 364685.805226975586265, 6928353.085071745328605 ], [ 364696.643757845449727, 6928344.057143360376358 ], [ 364699.701167222461663, 6928341.24625473562628 ], [ 364702.469478783954401, 6928338.150241483002901 ], [ 364704.922231543983798, 6928334.798696935176849 ], [ 364707.035980794578791, 6928331.223656926304102 ], [ 364708.790522202849388, 6928327.459293579682708 ], [ 364710.16908493405208, 6928323.541588670574129 ], [ 364711.15849195671035, 6928319.507989693433046 ], [ 364711.749285995261744, 6928315.397051922045648 ], [ 364712.458861981867813, 6928307.857067547738552 ], [ 364714.066071713808924, 6928307.928339367732406 ], [ 364718.24281169672031, 6928307.701776488684118 ], [ 364722.377021421212703, 6928307.065539442934096 ], [ 364726.428616581775714, 6928306.025797033682466 ], [ 364730.358313884120435, 6928304.592630352824926 ], [ 364734.128011926193722, 6928302.779935040511191 ], [ 364737.701160620490555, 6928300.605286556296051 ], [ 364738.051851455122232, 6928300.341318701393902 ], [ 364740.630906220525503, 6928300.583369879983366 ], [ 364744.809672293602489, 6928300.768715874291956 ], [ 364748.986408582073636, 6928300.542192127555609 ], [ 364753.120618565706536, 6928299.905994955450296 ], [ 364757.172218047897331, 6928298.86629275418818 ], [ 364761.101923801586963, 6928297.433166200295091 ], [ 364764.871634448529221, 6928295.620510505512357 ], [ 364768.444799880555365, 6928293.44590069539845 ], [ 364768.789418155036401, 6928293.186509166844189 ], [ 364771.293728116841521, 6928293.423321714624763 ], [ 364781.275513953878544, 6928294.360270956531167 ], [ 364785.442493372072931, 6928294.545723791234195 ], [ 364789.607572982728016, 6928294.321620997972786 ], [ 364793.730596238339785, 6928293.690123207867146 ], [ 364797.771812066726852, 6928292.657318844459951 ], [ 364801.692258121154737, 6928291.233165426179767 ], [ 364805.454136425629258, 6928289.431393562816083 ], [ 364809.021177794667892, 6928287.26937457639724 ], [ 364812.358991513145156, 6928284.767953019589186 ], [ 364823.249635870510247, 6928275.738350322470069 ], [ 364826.322251772158779, 6928272.925470674410462 ], [ 364829.104585748049431, 6928269.825167778879404 ], [ 364831.569881789386272, 6928266.467255358584225 ], [ 364833.694432648015209, 6928262.884024407714605 ], [ 364835.457807814353146, 6928259.109932674095035 ], [ 364836.843049985065591, 6928255.181273293681443 ], [ 364837.836838131246623, 6928251.135825788602233 ], [ 364838.429615598462988, 6928247.012492759153247 ], [ 364838.615682007512078, 6928242.850925784558058 ], [ 364838.39324807113735, 6928238.691144115291536 ], [ 364838.123400794283953, 6928236.923908266238868 ], [ 364838.65848588233348, 6928235.412991868332028 ], [ 364839.660849199164659, 6928231.348121279850602 ], [ 364840.258216139220167, 6928227.20432376395911 ], [ 364841.196329847502057, 6928217.240501946769655 ], [ 364841.439781149791088, 6928214.654798586852849 ], [ 364841.643690480326768, 6928214.470333775505424 ], [ 364844.463896174333058, 6928211.360216033644974 ], [ 364846.963324976735748, 6928207.986901908181608 ], [ 364849.117563098319806, 6928204.383341079577804 ], [ 364850.905568485206459, 6928200.584732220508158 ], [ 364852.309876352432184, 6928196.628179182298481 ], [ 364853.316769775352441, 6928192.552328576333821 ], [ 364853.916413673432544, 6928188.396992282010615 ], [ 364854.150085171160754, 6928185.915303870104253 ], [ 364862.363983062328771, 6928179.074603660963476 ], [ 364865.416037684422918, 6928176.269586849957705 ], [ 364868.180169853265397, 6928173.180455891415477 ], [ 364870.630059153656475, 6928169.836625880561769 ], [ 364872.742377430316992, 6928166.269937188364565 ], [ 364874.497010922059417, 6928162.51435227598995 ], [ 364875.800198743527289, 6928158.823839696124196 ], [ 364884.964783526724204, 6928151.225929504260421 ], [ 364888.037026130652521, 6928148.413652305491269 ], [ 364890.819097444124054, 6928145.31403025239706 ], [ 364893.284252745506819, 6928141.956860759295523 ], [ 364895.408793903014157, 6928138.374417105689645 ], [ 364897.172297190816607, 6928134.601138184778392 ], [ 364898.557809627032839, 6928130.673297435045242 ], [ 364899.552011946798302, 6928126.628654137253761 ], [ 364900.145346643810626, 6928122.506090420298278 ], [ 364900.390286827518139, 6928119.905209694057703 ], [ 364900.776925350772217, 6928119.551066223531961 ], [ 364903.574151809967589, 6928116.428591667674482 ], [ 364906.049988683720585, 6928113.045611473731697 ], [ 364908.18032406171551, 6928109.435072124935687 ], [ 364909.944410835625604, 6928105.632136275991797 ], [ 364911.317852855543606, 6928101.69452802836895 ], [ 364912.535956108709797, 6928100.579530217684805 ], [ 364915.318088131782133, 6928097.479927552863955 ], [ 364917.783303682517726, 6928094.122769891284406 ], [ 364919.907903752755374, 6928090.540330803953111 ], [ 364921.671463794074953, 6928086.767049572430551 ], [ 364923.057030066323932, 6928082.839200112037361 ], [ 364924.051282620057464, 6928078.794542260468006 ], [ 364924.644663346116431, 6928074.671958776190877 ], [ 364924.889454385847785, 6928072.072938883677125 ], [ 364925.257185267691966, 6928071.736339839175344 ], [ 364928.039352054242045, 6928068.63674714975059 ], [ 364930.504601928347256, 6928065.279595093801618 ], [ 364932.629235372005496, 6928061.697157432325184 ], [ 364934.392827361123636, 6928057.923873694613576 ], [ 364935.778423719690181, 6928053.996018095873296 ], [ 364936.772704108152539, 6928049.951350819319487 ], [ 364937.366110077186022, 6928045.82875500805676 ], [ 364938.304613277257886, 6928035.864960397593677 ], [ 364938.324424877995625, 6928035.648707885295153 ], [ 364938.535579794319347, 6928033.277151017449796 ], [ 364938.936257122491952, 6928032.910166728310287 ], [ 364941.733588832779787, 6928029.787721850909293 ], [ 364944.209529533283785, 6928026.404758009128273 ], [ 364946.339965749008115, 6928022.794222282245755 ], [ 364948.104148913233075, 6928018.991278097964823 ], [ 364949.484897440532222, 6928015.032962772995234 ], [ 364950.468764059944078, 6928010.957826802507043 ], [ 364951.04616677982267, 6928006.805558409541845 ], [ 364951.923541209718678, 6927996.952047026716173 ], [ 364952.84892029693583, 6927987.128327746875584 ], [ 364953.78896176366834, 6927977.307809512130916 ], [ 364953.795019568817224, 6927977.244017019867897 ], [ 364954.733609658491332, 6927967.280228332616389 ], [ 364954.753423520654906, 6927967.063971724361181 ], [ 364954.94600454904139, 6927964.901235394179821 ], [ 364963.114147975691594, 6927958.130169921554625 ], [ 364966.189182280388195, 6927955.315392693504691 ], [ 364968.973513039934915, 6927952.212763317860663 ], [ 364971.440325626870617, 6927948.852161811664701 ], [ 364973.565863287600223, 6927945.265952605754137 ], [ 364975.329655932495371, 6927941.488672853447497 ], [ 364976.714717274182476, 6927937.556699824519455 ], [ 364977.707708414818626, 6927933.507900568656623 ], [ 364978.299066306848545, 6927929.381267235614359 ], [ 364978.483095850504469, 6927925.216541561298072 ], [ 364978.258024740731344, 6927921.053832129575312 ], [ 364977.626020535302814, 6927916.933228107169271 ], [ 364976.593169780273456, 6927912.894413164816797 ], [ 364975.169419392943382, 6927908.976283297874033 ], [ 364973.368480867880862, 6927905.21657223906368 ], [ 364971.207698227604851, 6927901.651488060131669 ], [ 364968.707880990055855, 6927898.315364471636713 ], [ 364965.893103761889506, 6927895.240330167114735 ], [ 364962.790474386478309, 6927892.455999407917261 ], [ 364959.4298728806898, 6927889.989186820574105 ], [ 364955.843663674255367, 6927887.863649159669876 ], [ 364952.066383922181558, 6927886.09985651448369 ], [ 364948.134410893369932, 6927884.714795173145831 ], [ 364944.0856116375071, 6927883.72180403303355 ], [ 364939.958978304755874, 6927883.130446140654385 ], [ 364935.794252629915718, 6927882.946416596882045 ], [ 364931.631543197901919, 6927883.171487706713378 ], [ 364927.51093917619437, 6927883.80349191185087 ], [ 364923.472124233958311, 6927884.836342667229474 ], [ 364919.553994367073756, 6927886.26009305473417 ], [ 364915.794283307855949, 6927888.061031579971313 ], [ 364912.229199129214976, 6927890.221814219839871 ], [ 364908.893075540545397, 6927892.721631457097828 ], [ 364898.067633223254234, 6927901.695491840131581 ], [ 364887.289517662313301, 6927910.556227853521705 ], [ 364884.190284200187307, 6927913.371219811029732 ], [ 364881.383211399603169, 6927916.477627714164555 ], [ 364878.895567204977851, 6927919.84527587518096 ], [ 364876.751516626682132, 6927923.441450910642743 ], [ 364874.971887001942378, 6927927.231219528242946 ], [ 364873.573965677875094, 6927931.17776786070317 ], [ 364872.571332081628498, 6927935.242759084329009 ], [ 364871.973725810006727, 6927939.386705815792084 ], [ 364871.035119220323395, 6927949.350493710488081 ], [ 364871.015298789076041, 6927949.566820053383708 ], [ 364870.13788922294043, 6927959.420363578945398 ], [ 364869.212487291544676, 6927969.24415076430887 ], [ 364868.272442465182394, 6927979.064704096876085 ], [ 364868.266378048516344, 6927979.128566775470972 ], [ 364868.009692870662548, 6927981.853507467545569 ], [ 364867.663836099032778, 6927982.170018125325441 ], [ 364864.886083670367952, 6927985.262877902947366 ], [ 364862.423939211352263, 6927988.61243530921638 ], [ 364860.300982012355234, 6927992.186612541787326 ], [ 364858.537543059093878, 6927995.951180674135685 ], [ 364857.1505103285308, 6927999.870087455026805 ], [ 364856.153167057258543, 6928003.905802578665316 ], [ 364855.555064531567041, 6928008.019677094183862 ], [ 364854.612028331495821, 6928017.872129141353071 ], [ 364854.586149525770452, 6928018.152278203517199 ], [ 364854.36382034845883, 6928020.649337219074368 ], [ 364853.984140017186292, 6928020.997033916413784 ], [ 364851.191132473817561, 6928024.113008115440607 ], [ 364848.718244053132366, 6928027.488657565787435 ], [ 364846.589470060076565, 6928031.091227154247463 ], [ 364844.825466736336239, 6928034.885759881697595 ], [ 364843.443350825808011, 6928038.835436066612601 ], [ 364842.456533484568354, 6928042.90193061158061 ], [ 364841.87459014786873, 6928047.045784892514348 ], [ 364841.654061195848044, 6928049.482678457163274 ], [ 364841.257139745517634, 6928049.846236171200871 ], [ 364838.459873730957042, 6928052.968721648678184 ], [ 364835.98400132387178, 6928056.351718623191118 ], [ 364833.853635177947581, 6928059.962279908359051 ], [ 364832.089523042785004, 6928063.765242055058479 ], [ 364830.715569478052203, 6928067.704291110858321 ], [ 364829.484160731255542, 6928068.832001038827002 ], [ 364826.691214258084074, 6928071.947994544170797 ], [ 364824.218386411492247, 6928075.323655659332871 ], [ 364822.089671605906915, 6928078.926229573786259 ], [ 364820.325725248374511, 6928082.720759686082602 ], [ 364818.943663314043079, 6928086.670426803641021 ], [ 364817.956896266201511, 6928090.73690640181303 ], [ 364817.374998931365553, 6928094.880740498192608 ], [ 364817.176424583187327, 6928097.075273007154465 ], [ 364808.936686870758422, 6928103.937402476556599 ], [ 364805.88458979234565, 6928106.742424014955759 ], [ 364803.120418338396121, 6928109.831566060893238 ], [ 364800.670493736339267, 6928113.175412925891578 ], [ 364798.558144865324721, 6928116.742123547010124 ], [ 364796.803486112388782, 6928120.497734691016376 ], [ 364795.500172441534232, 6928124.188579796813428 ], [ 364786.335468607605435, 6928131.786832683719695 ], [ 364783.244171337981243, 6928134.618458203040063 ], [ 364780.447027010959573, 6928137.740990108810365 ], [ 364777.971276558528189, 6928141.12401857227087 ], [ 364775.84103091043653, 6928144.734596831724048 ], [ 364774.077036181348376, 6928148.53756205458194 ], [ 364772.69647162820911, 6928152.495877782814205 ], [ 364771.712782343791332, 6928156.570994625799358 ], [ 364771.135548317688517, 6928160.723225684836507 ], [ 364770.925599398906343, 6928163.082107338123024 ], [ 364770.688641271495726, 6928163.296607302501798 ], [ 364767.85321017523529, 6928166.429551056586206 ], [ 364765.343057238205802, 6928169.828688933514059 ], [ 364763.183019004645757, 6928173.460388383828104 ], [ 364761.394467831705697, 6928177.288715795613825 ], [ 364759.995100422238465, 6928181.275792033411562 ], [ 364758.998762725677807, 6928185.382167231291533 ], [ 364758.415312940254807, 6928189.567211127839983 ], [ 364757.5383615407045, 6928199.420797866769135 ], [ 364757.304650709615089, 6928201.903047397732735 ], [ 364757.050112653349061, 6928202.134223584085703 ], [ 364754.249052404426038, 6928205.232239826582372 ], [ 364753.014066497446038, 6928206.90228149946779 ], [ 364751.053397610434331, 6928207.00860795751214 ], [ 364746.919153171184007, 6928207.644792779348791 ], [ 364742.867518974293489, 6928208.684489151462913 ], [ 364738.937779187748674, 6928210.117616299539804 ], [ 364735.168036105984356, 6928211.930278791114688 ], [ 364731.594840713951271, 6928214.104901264421642 ], [ 364731.24391408910742, 6928214.369040831923485 ], [ 364728.664484541339334, 6928214.126962341368198 ], [ 364724.485679877572693, 6928213.941629161126912 ], [ 364720.308906648540869, 6928214.16817319393158 ], [ 364716.174662468256429, 6928214.80439788941294 ], [ 364712.123032592760865, 6928215.844134470447898 ], [ 364708.193301257386338, 6928217.27730174548924 ], [ 364704.423570780374575, 6928219.090003854595125 ], [ 364700.850392126129009, 6928221.264665002934635 ], [ 364700.505603737547062, 6928221.524189834482968 ], [ 364698.001028602360748, 6928221.287405735813081 ], [ 364688.018982105713803, 6928220.350705870427191 ], [ 364683.851950550917536, 6928220.165366646833718 ], [ 364679.686830445483793, 6928220.389592232182622 ], [ 364675.563779633084778, 6928221.0212207660079 ], [ 364671.52255034801783, 6928222.054162425920367 ], [ 364667.602105945465155, 6928223.478458143770695 ], [ 364663.840245238039643, 6928225.280375628732145 ], [ 364660.273238059482537, 6928227.442541764117777 ], [ 364656.93547557113925, 6928229.94411010760814 ], [ 364646.045183950045612, 6928238.974083400331438 ], [ 364642.95409255370032, 6928241.805848682299256 ], [ 364640.157162648509257, 6928244.928495595231652 ], [ 364637.681632332562003, 6928248.311614021658897 ], [ 364635.551609731570352, 6928251.922257226891816 ], [ 364633.787838219839614, 6928255.725262708030641 ], [ 364632.40749441011576, 6928259.68359462916851 ], [ 364631.424020877282601, 6928263.758704498410225 ], [ 364630.846995247353334, 6928267.910906571894884 ], [ 364630.206975846318528, 6928275.105725415982306 ], [ 364622.842091119266115, 6928274.414759763516486 ], [ 364612.955812198692001, 6928273.480347576551139 ], [ 364608.785171903844457, 6928273.292220403440297 ], [ 364604.616206548642367, 6928273.514391889795661 ], [ 364600.489182968158275, 6928274.144716146402061 ], [ 364596.443962893798016, 6928275.177105052396655 ], [ 364592.519617940590251, 6928276.601587059907615 ], [ 364588.754052225558553, 6928278.404403508640826 ], [ 364585.183636262896471, 6928280.568141513504088 ], [ 364584.764330723148305, 6928280.882391635328531 ], [ 364582.212201603048015, 6928280.641197832301259 ], [ 364578.041553784278221, 6928280.453108585439622 ], [ 364573.872584694763646, 6928280.675319124013186 ], [ 364569.745561317598913, 6928281.305683175101876 ], [ 364565.7003454931546, 6928282.338112216442823 ], [ 364561.77600890409667, 6928283.762634286656976 ], [ 364558.010455692128744, 6928285.565490298904479 ], [ 364554.440056351828389, 6928287.729266938753426 ], [ 364554.022912296175491, 6928288.041903716512024 ], [ 364551.439357785624452, 6928287.799569909460843 ], [ 364547.260478190670256, 6928287.614452693611383 ], [ 364543.083651982364245, 6928287.841225439682603 ], [ 364538.949378552671988, 6928288.477689312770963 ], [ 364534.897744692803826, 6928289.517673023976386 ], [ 364530.968035903235432, 6928290.951092669740319 ], [ 364527.1983554729959, 6928292.764049510471523 ], [ 364523.625255022372585, 6928294.938964732922614 ], [ 364521.530454092542641, 6928296.515944484621286 ], [ 364519.006896383361891, 6928295.623033922165632 ], [ 364514.940299123874865, 6928294.621603877283633 ], [ 364510.794854768784717, 6928294.025477628223598 ], [ 364500.842420805594884, 6928293.092115317471325 ], [ 364490.904464875056874, 6928292.160141084343195 ], [ 364488.554982774658129, 6928291.93817048612982 ], [ 364481.70929966296535, 6928283.74410533439368 ], [ 364472.758720244164579, 6928272.925483363680542 ], [ 364469.940524658653885, 6928269.841390159912407 ], [ 364466.833013615512755, 6928267.049037681892514 ], [ 364463.466243385104463, 6928264.575433941558003 ], [ 364459.872777827549726, 6928262.444503972306848 ], [ 364456.087373431189917, 6928260.676858418621123 ], [ 364452.146643142972607, 6928259.28959418926388 ], [ 364448.088702242879663, 6928258.29612909257412 ], [ 364443.952799687976949, 6928257.706072058528662 ], [ 364439.778938491130248, 6928257.52513019926846 ], [ 364435.60748880635947, 6928257.755053607746959 ], [ 364431.478797463059891, 6928258.39361843559891 ], [ 364427.432797726243734, 6928259.434648395515978 ], [ 364423.508623056521174, 6928260.868074503727257 ], [ 364419.744228605704848, 6928262.680032468400896 ], [ 364416.176024109590799, 6928264.852996785193682 ], [ 364415.829253508592956, 6928265.114095739088953 ], [ 364413.257718763197772, 6928264.873001507483423 ], [ 364393.411362579208799, 6928263.005467285402119 ], [ 364389.246743781201076, 6928262.81903475895524 ], [ 364385.083905177889392, 6928263.041703981347382 ], [ 364380.962937180651352, 6928263.671330525539815 ], [ 364376.923526964092162, 6928264.701850744895637 ], [ 364373.004576256731525, 6928266.123340165242553 ], [ 364369.243826696183532, 6928267.922109067440033 ], [ 364365.67749635654036, 6928270.080834322609007 ], [ 364362.339930948568508, 6928272.578726227395236 ], [ 364359.263273051648866, 6928275.391728716902435 ], [ 364356.477152563165873, 6928278.492751038633287 ], [ 364354.008401346509345, 6928281.851928654126823 ], [ 364351.880794825381599, 6928285.436910845339298 ], [ 364350.114823013718706, 6928289.21317227371037 ], [ 364348.727493185433559, 6928293.144345479086041 ], [ 364347.732166085159406, 6928297.192571112886071 ], [ 364347.138427256955765, 6928301.318862549960613 ], [ 364346.951994730334263, 6928305.483481347560883 ], [ 364347.174663952377159, 6928309.646319950930774 ], [ 364347.804290496860631, 6928313.767287948168814 ], [ 364348.834810715925414, 6928317.806698164902627 ], [ 364350.256300136446953, 6928321.725648872554302 ], [ 364352.055069038353395, 6928325.486398433335125 ], [ 364354.2137942937552, 6928329.052728772163391 ], [ 364356.711686198366806, 6928332.390294180251658 ], [ 364359.524688687699381, 6928335.466952077113092 ], [ 364362.625711009954102, 6928338.253072565421462 ], [ 364365.984888625040185, 6928340.721823782660067 ], [ 364369.569870816194452, 6928342.849430304020643 ], [ 364373.346132245205808, 6928344.615402115508914 ], [ 364377.277305450115819, 6928346.002731943503022 ], [ 364381.325531084032264, 6928346.99805904366076 ], [ 364385.451822521048598, 6928347.591797872446477 ], [ 364405.305401250603609, 6928349.460011732764542 ] ] ] } },
{ "type": "Feature", "properties": { "id": "18", "_id": 19, "width": 26.11, "depth": 11.06, "manning_n": 0.399 }, "geometry": { "type": "Polygon", "coordinates": [ [ [ 364404.306599327072036, 6928286.713920283131301 ], [ 364405.244391680404078, 6928276.74022784922272 ], [ 364405.250468942685984, 6928276.67377220839262 ], [ 364406.132842209597584, 6928266.745162574574351 ], [ 364407.065684519242495, 6928256.824251900427043 ], [ 364407.495048080745619, 6928252.330720230005682 ], [ 364414.204474234487861, 6928246.741376150399446 ], [ 364415.144034412282053, 6928245.877458856441081 ], [ 364415.994740860129241, 6928244.925920651294291 ], [ 364416.748461888870224, 6928243.89585704728961 ], [ 364417.39799286890775, 6928242.797114163637161 ], [ 364417.937125096912496, 6928241.640194607898593 ], [ 364418.360705143481027, 6928240.436157082207501 ], [ 364418.664684113522526, 6928239.196510680019855 ], [ 364418.846156348590739, 6928237.933104868046939 ], [ 364419.783099794934969, 6928227.969154392369092 ], [ 364419.840310366766062, 6928226.689275433309376 ], [ 364419.771795378532261, 6928225.409951824694872 ], [ 364419.578214667038992, 6928224.143504152074456 ], [ 364419.261432520346716, 6928222.902128999121487 ], [ 364418.824499723676126, 6928221.697781487368047 ], [ 364418.271624178800266, 6928220.542060140520334 ], [ 364417.608130379347131, 6928219.44609518814832 ], [ 364416.840408133342862, 6928218.420441371388733 ], [ 364415.975851025723387, 6928217.474976297467947 ], [ 364415.022785214008763, 6928216.618805311620235 ], [ 364413.990389243001118, 6928215.860173807479441 ], [ 364412.888605650223326, 6928215.206387823447585 ], [ 364411.728045214025769, 6928214.663743673823774 ], [ 364410.519884765788447, 6928214.237467319704592 ], [ 364409.275759551092051, 6928213.931664034724236 ], [ 364408.007651175896171, 6928213.74927887134254 ], [ 364406.727772217011079, 6928213.692068300209939 ], [ 364405.44844860851299, 6928213.760583288036287 ], [ 364404.182000936067197, 6928213.954163999296725 ], [ 364402.940625783056021, 6928214.270946145989001 ], [ 364401.73627827083692, 6928214.707878942601383 ], [ 364400.580556924338453, 6928215.260754487477243 ], [ 364399.48459197190823, 6928215.924248287454247 ], [ 364398.458938155090436, 6928216.691970533691347 ], [ 364397.513473080878612, 6928217.556527640670538 ], [ 364396.657302094739862, 6928218.509593452326953 ], [ 364395.898670591355767, 6928219.541989423334599 ], [ 364395.244884606741834, 6928220.643773016519845 ], [ 364394.702240457409061, 6928221.804333453066647 ], [ 364394.275964103115257, 6928223.012493900954723 ], [ 364393.9701608181349, 6928224.256619115360081 ], [ 364393.787775655335281, 6928225.524727490730584 ], [ 364393.354989187268075, 6928230.127206915989518 ], [ 364386.654390307259746, 6928235.709197360090911 ], [ 364385.716554319602437, 6928236.571366532705724 ], [ 364384.86721452488564, 6928237.520836877636611 ], [ 364384.114458380325232, 6928238.548567489720881 ], [ 364383.465453668730333, 6928239.644772263243794 ], [ 364382.926380246237386, 6928240.799013081938028 ], [ 364382.502371197624598, 6928242.000299205072224 ], [ 364382.197463958931621, 6928243.237191924825311 ], [ 364382.014561872580089, 6928244.497913483530283 ], [ 364381.073130197182763, 6928254.350526578724384 ], [ 364381.071269928477705, 6928254.370151814073324 ], [ 364380.134380271425471, 6928264.33410660456866 ], [ 364380.128300993645098, 6928264.400583679787815 ], [ 364379.245926775271073, 6928274.329204019159079 ], [ 364378.312634942296427, 6928284.255071066319942 ], [ 364376.434841074806172, 6928304.066773785278201 ], [ 364376.376680709247012, 6928305.346609935164452 ], [ 364376.444246281287633, 6928306.625984036363661 ], [ 364376.636887097440194, 6928307.892575018107891 ], [ 364376.952747921459377, 6928309.134184916503727 ], [ 364377.388786840892863, 6928310.338856348767877 ], [ 364377.940804562531412, 6928311.494987670332193 ], [ 364378.603484853985719, 6928312.591444705612957 ], [ 364379.370445741864387, 6928313.617667973972857 ], [ 364380.234300973417703, 6928314.563774383626878 ], [ 364381.186731150664855, 6928315.420652411878109 ], [ 364382.218563850270584, 6928316.180049857124686 ], [ 364383.31986195925856, 6928316.834653304889798 ], [ 364384.480019374925178, 6928317.37815856654197 ], [ 364385.687863147002645, 6928317.805331390351057 ], [ 364386.931761079817079, 6928318.112057867459953 ], [ 364388.199733756191563, 6928318.295384054072201 ], [ 364389.479569906136021, 6928318.353544419631362 ], [ 364390.758944007975515, 6928318.28597884811461 ], [ 364392.025534989661537, 6928318.093338031321764 ], [ 364393.26714488764992, 6928317.77747720759362 ], [ 364394.471816319914069, 6928317.341438287869096 ], [ 364395.627947641944047, 6928316.789420566521585 ], [ 364396.724404677224811, 6928316.126740274950862 ], [ 364397.750627945060842, 6928315.359779386781156 ], [ 364398.696734354423825, 6928314.49592415522784 ], [ 364399.55361238331534, 6928313.54349397867918 ], [ 364400.31300982797984, 6928312.511661279015243 ], [ 364400.967613275861368, 6928311.410363169386983 ], [ 364401.511118537920993, 6928310.250205754302442 ], [ 364401.938291361439042, 6928309.042361982166767 ], [ 364402.24501783848973, 6928307.798464049585164 ], [ 364402.428344025451224, 6928306.530491372570395 ], [ 364404.306599327072036, 6928286.713920283131301 ] ] ] } },
{ "type": "Feature", "properties": { "id": "19", "_id": 20, "width": 54.12, "depth": 12.78, "manning_n": 0.0221 }, "geometry": { "type": "Polygon", "coordinates": [ [ [ 363743.955650478426833, 6928227.963060282170773 ], [ 363742.650184539612383, 6928227.904423449188471 ], [ 363739.998411542794202, 6928228.045866464264691 ], [ 363737.373271397606004, 6928228.446547597646713 ], [ 363734.800045638694428, 6928229.102608072571456 ], [ 363732.303515836712904, 6928230.007729667238891 ], [ 363729.907724938530009, 6928231.153195566497743 ], [ 363727.635745720006526, 6928232.527974305674434 ], [ 363725.509458583139349, 6928234.118826016783714 ], [ 363723.549340835365001, 6928235.910429925657809 ], [ 363721.774269482062664, 6928237.88553190883249 ], [ 363720.201339430816006, 6928240.025110654532909 ], [ 363718.845698857738171, 6928242.308560848236084 ], [ 363717.720403322717175, 6928244.713891617953777 ], [ 363716.836290036852006, 6928247.217938313260674 ], [ 363716.201873494370375, 6928249.796585595235229 ], [ 363715.823263473459519, 6928252.424999680370092 ], [ 363715.70410619553877, 6928255.077867505140603 ], [ 363715.84554921038216, 6928257.729640502482653 ], [ 363716.246230344404466, 6928260.354780646972358 ], [ 363716.902290819212794, 6928262.928006405942142 ], [ 363717.807412413822021, 6928265.424536208622158 ], [ 363718.952878312498797, 6928267.82032710686326 ], [ 363720.327657052432187, 6928270.092306325212121 ], [ 363721.918508762901183, 6928272.218593461439013 ], [ 363723.710112672240939, 6928274.178711209446192 ], [ 363725.685214655357413, 6928275.953782563097775 ], [ 363727.824793400533963, 6928277.526712614111602 ], [ 363730.108243594819214, 6928278.882353187538683 ], [ 363732.513574364595115, 6928280.007648722268641 ], [ 363735.017621059610974, 6928280.891762007959187 ], [ 363737.596268341352697, 6928281.526178550906479 ], [ 363740.224682426895015, 6928281.904788571409881 ], [ 363750.126126914285123, 6928282.838011860847473 ], [ 363752.782794415135868, 6928282.957152908667922 ], [ 363755.438327258802019, 6928282.814948422834277 ], [ 363758.067078062042128, 6928282.412771827541292 ], [ 363760.643658105051145, 6928281.754507380537689 ], [ 363763.143182538158726, 6928280.846512663178146 ], [ 363765.541510721843224, 6928279.697557170875371 ], [ 363767.815479379438329, 6928278.318737623281777 ], [ 363769.943126310186926, 6928276.723370788618922 ], [ 363772.19192604534328, 6928274.857702209614217 ], [ 363780.887060265929904, 6928275.671226987615228 ], [ 363783.541457605140749, 6928275.788560131564736 ], [ 363786.19456627429463, 6928275.645009825006127 ], [ 363788.5687223909772, 6928275.280647601000965 ], [ 363791.434028120944276, 6928278.742543777450919 ], [ 363791.517039364436641, 6928278.842350572347641 ], [ 363793.297801686276216, 6928280.972995817661285 ], [ 363792.597674616903532, 6928288.432751244865358 ], [ 363790.500501931528561, 6928290.150435852818191 ], [ 363788.51779171533417, 6928291.945196909829974 ], [ 363786.721926899917889, 6928293.926907438784838 ], [ 363785.130448883690406, 6928296.076210762374103 ], [ 363783.758902683854103, 6928298.372113215737045 ], [ 363782.620685098459944, 6928300.792189202271402 ], [ 363781.726913850696292, 6928303.31280024163425 ], [ 363781.086318994814064, 6928305.909325859509408 ], [ 363780.878469315415714, 6928307.352794242091477 ], [ 363778.574394940282218, 6928309.272962868213654 ], [ 363767.70964208629448, 6928318.286743772216141 ], [ 363765.747227497689892, 6928320.084920912981033 ], [ 363763.97096435748972, 6928322.067192665301263 ], [ 363762.398038145736791, 6928324.214380402117968 ], [ 363761.043667042045854, 6928326.505709920078516 ], [ 363759.920954689092468, 6928328.919012432917953 ], [ 363759.040763413417153, 6928331.430939056910574 ], [ 363758.411609132075682, 6928334.017186712473631 ], [ 363758.039578960160725, 6928336.652733258903027 ], [ 363757.928272317629308, 6928339.312079584226012 ], [ 363758.078766104648821, 6928341.969496311619878 ], [ 363758.489604282483924, 6928344.599272735416889 ], [ 363759.156811960740015, 6928347.175965568982065 ], [ 363760.073933854873758, 6928349.674645115621388 ], [ 363761.23209674138343, 6928352.071136462502182 ], [ 363762.62009530706564, 6928354.342253373935819 ], [ 363764.224500561133027, 6928356.466022623702884 ], [ 363773.195915835502092, 6928367.200173116289079 ], [ 363782.17202646122314, 6928378.045437180437148 ], [ 363791.189550173527095, 6928388.940830465406179 ], [ 363792.981120217824355, 6928390.901110369712114 ], [ 363794.956210754287895, 6928392.676339341327548 ], [ 363797.095799194008578, 6928394.249419706873596 ], [ 363799.379278627748135, 6928395.605200737714767 ], [ 363801.784656296193134, 6928396.730624569579959 ], [ 363804.288765407807659, 6928397.614851963706315 ], [ 363806.867488263931591, 6928398.249366707168519 ], [ 363809.495988542272244, 6928398.628057629801333 ], [ 363819.397060266986955, 6928399.561482864432037 ], [ 363829.368293624487706, 6928400.494578118436038 ], [ 363832.02276826207526, 6928400.611957703717053 ], [ 363834.675957990635652, 6928400.468438250944018 ], [ 363837.302281766373198, 6928400.065403521060944 ], [ 363839.87641757709207, 6928399.406739421188831 ], [ 363842.373546586779412, 6928398.498796539381146 ], [ 363844.769592429802287, 6928397.350328912958503 ], [ 363847.041453345736954, 6928395.972409631125629 ], [ 363849.167224917793646, 6928394.378324065357447 ], [ 363850.060451147670392, 6928393.637284614145756 ], [ 363850.801755871856585, 6928394.532998146489263 ], [ 363850.88476303423522, 6928394.632806764915586 ], [ 363859.8305527860648, 6928405.336980722844601 ], [ 363861.744045960833319, 6928407.662824866361916 ], [ 363861.684138191572856, 6928409.173901757225394 ], [ 363861.837582917592954, 6928411.812511294148862 ], [ 363862.247712589567527, 6928414.4235645737499 ], [ 363862.910614457388874, 6928416.982151428237557 ], [ 363863.819964254798833, 6928419.463862233795226 ], [ 363864.967086534306873, 6928421.845020785927773 ], [ 363866.341037433419842, 6928424.102910176850855 ], [ 363867.928709082189016, 6928426.215989520773292 ], [ 363876.889753684343304, 6928437.002412504516542 ], [ 363878.682100194622763, 6928438.956554248929024 ], [ 363880.657099764444865, 6928440.725891037844121 ], [ 363882.79578798165312, 6928442.29343327973038 ], [ 363885.077628656930756, 6928443.644129065796733 ], [ 363887.480711017211434, 6928444.765008693560958 ], [ 363889.981960098200943, 6928445.645309214480221 ], [ 363892.557358315505553, 6928446.276577774435282 ], [ 363895.182176087284461, 6928446.652752782218158 ], [ 363905.134620906959753, 6928447.584324060939252 ], [ 363915.077587602369022, 6928448.515038474462926 ], [ 363924.969077402900439, 6928449.447890057228506 ], [ 363933.721013128582854, 6928450.267176568508148 ], [ 363935.559242429269943, 6928452.488447848707438 ], [ 363937.505266407213639, 6928454.853974125348032 ], [ 363937.449063752079383, 6928456.213793689385056 ], [ 363937.596330572443549, 6928458.841419844888151 ], [ 363937.998151224397589, 6928461.442313324660063 ], [ 363938.650724988197908, 6928463.991872936487198 ], [ 363939.547879333840683, 6928466.465983040630817 ], [ 363940.681128305674065, 6928468.841241657733917 ], [ 363942.039752788725309, 6928471.095181817188859 ], [ 363943.610901898238808, 6928473.206484070979059 ], [ 363952.576127453474328, 6928484.104448066093028 ], [ 363952.626161833293736, 6928484.16508917696774 ], [ 363954.548289836500771, 6928486.487805305980146 ], [ 363954.490323754725978, 6928487.747745318338275 ], [ 363954.629403678758536, 6928490.4031255049631 ], [ 363955.028424914635252, 6928493.032035775482655 ], [ 363955.683534598909318, 6928495.609091936610639 ], [ 363956.588407132949214, 6928498.109410488046706 ], [ 363957.73430526163429, 6928500.508848888799548 ], [ 363959.110164438374341, 6928502.784238675609231 ], [ 363960.702699662302621, 6928504.913609174080193 ], [ 363969.719288919470273, 6928515.809448091313243 ], [ 363978.735855715116486, 6928526.705352297984064 ], [ 363980.528981907991692, 6928528.667456347495317 ], [ 363982.505957440298516, 6928530.444172866642475 ], [ 363984.647707189491484, 6928532.018358959816396 ], [ 363986.933566186286043, 6928533.374825875274837 ], [ 363989.341479003487621, 6928534.500485552474856 ], [ 363991.848212560580578, 6928535.384476909413934 ], [ 363994.429580291442107, 6928536.018270632252097 ], [ 363995.784182469593361, 6928536.212614176794887 ], [ 363997.704357779992279, 6928538.533049317076802 ], [ 363999.522529338719323, 6928540.519986321218312 ], [ 364001.529208860883955, 6928542.316344795748591 ], [ 364003.704518011072651, 6928543.904329864308238 ], [ 364006.026907994353678, 6928545.268210812471807 ], [ 364008.473373020999134, 6928546.39447692129761 ], [ 364011.019678203389049, 6928547.271971304900944 ], [ 364013.640599628910422, 6928547.892001430504024 ], [ 364014.791177669889294, 6928548.04561893735081 ], [ 364016.616628822986968, 6928550.251617481000721 ], [ 364025.632900586118922, 6928561.1475820671767 ], [ 364027.42599908541888, 6928563.109728922136128 ], [ 364029.402952106494922, 6928564.886489812284708 ], [ 364031.544684558641165, 6928566.460721247829497 ], [ 364033.830531438637991, 6928567.817233891226351 ], [ 364036.238437221734785, 6928568.94293911382556 ], [ 364037.764133059361484, 6928569.48099847137928 ], [ 364037.991930124175269, 6928570.971642639487982 ], [ 364038.64788490178762, 6928573.543170120567083 ], [ 364039.552580532152206, 6928576.038076146505773 ], [ 364040.697315268102102, 6928578.4323636488989 ], [ 364042.071078564214986, 6928580.703003352507949 ], [ 364043.660656980879139, 6928582.828155281022191 ], [ 364052.676830657816026, 6928593.724278282374144 ], [ 364061.692875701526646, 6928604.620338265784085 ], [ 364061.725346329039894, 6928604.6595046101138 ], [ 364070.668988145771436, 6928615.426783995702863 ], [ 364079.668703637842555, 6928626.303293255157769 ], [ 364088.684578882937785, 6928637.199424644932151 ], [ 364088.767573986493517, 6928637.299239913001657 ], [ 364097.73723131621955, 6928648.034246481955051 ], [ 364106.71154640649911, 6928658.880334045737982 ], [ 364108.642652124923188, 6928661.214230191893876 ], [ 364108.58029468631139, 6928662.61251718737185 ], [ 364108.722586704359856, 6928665.264244763180614 ], [ 364109.124108301359229, 6928667.889256489463151 ], [ 364109.780992604792118, 6928670.462272067554295 ], [ 364110.686913459736388, 6928672.958511951379478 ], [ 364111.833146353135817, 6928675.353935985825956 ], [ 364113.208652435685508, 6928677.625474928878248 ], [ 364114.800184831779916, 6928679.751252618618309 ], [ 364116.592416214523837, 6928681.710796653293073 ], [ 364118.568086415878497, 6928683.485235553234816 ], [ 364120.708168651850428, 6928685.057480501011014 ], [ 364122.992052760615479, 6928686.412389918230474 ], [ 364125.397743689711206, 6928687.536915288306773 ], [ 364127.90207332035061, 6928688.420226815156639 ], [ 364130.480923589260783, 6928689.053817727603018 ], [ 364133.109458758612163, 6928689.431586196646094 ], [ 364135.762364597758278, 6928689.549894107505679 ], [ 364138.414092173217796, 6928689.407602089457214 ], [ 364141.039103898976464, 6928689.006080492399633 ], [ 364143.612119477009401, 6928688.349196189083159 ], [ 364146.108359360834584, 6928687.443275334313512 ], [ 364148.50378339580493, 6928686.297042440623045 ], [ 364150.77532233891543, 6928684.921536358073354 ], [ 364152.901100028364453, 6928683.330003961920738 ], [ 364154.860644063097425, 6928681.537772580049932 ], [ 364156.635082962689921, 6928679.562102378346026 ], [ 364158.207327910640743, 6928677.422020141966641 ], [ 364159.562237328558695, 6928675.138136033900082 ], [ 364160.686762698111124, 6928672.732445104047656 ], [ 364161.570074225310236, 6928670.228115473873913 ], [ 364162.203665137174539, 6928667.649265204556286 ], [ 364162.581433606974315, 6928665.020730035379529 ], [ 364163.517338199890219, 6928655.056690039113164 ], [ 364163.635653826931957, 6928652.405502910725772 ], [ 364163.493706268491223, 6928649.755475992336869 ], [ 364163.092860790202394, 6928647.132097505964339 ], [ 364162.436972763796803, 6928644.560599368065596 ], [ 364161.532350585504901, 6928642.065714502707124 ], [ 364160.387695001496468, 6928639.6714389603585 ], [ 364159.014015422959346, 6928637.400801121257246 ], [ 364157.424524036876392, 6928635.275640207342803 ], [ 364148.408746886067092, 6928624.379350404255092 ], [ 364139.392841104359832, 6928613.482997580431402 ], [ 364139.309702512342483, 6928613.383008898235857 ], [ 364130.339973001333419, 6928602.647915942594409 ], [ 364121.365403707779478, 6928591.801704838871956 ], [ 364112.349327953590546, 6928580.90542356017977 ], [ 364112.316714105196297, 6928580.866084129549563 ], [ 364103.3730004519457, 6928570.098718259483576 ], [ 364094.373100525292102, 6928559.222169953398407 ], [ 364092.441577592107933, 6928556.887907968834043 ], [ 364092.504154907190241, 6928555.475637529976666 ], [ 364092.358884669782128, 6928552.809482919983566 ], [ 364091.951562779780943, 6928550.170624697580934 ], [ 364091.286155123496428, 6928547.584756081923842 ], [ 364090.369140437047463, 6928545.077054363675416 ], [ 364089.209447226545308, 6928542.671935759484768 ], [ 364087.818366835417692, 6928540.392817687243223 ], [ 364086.209443506551906, 6928538.261890760622919 ], [ 364077.197737913462333, 6928527.477129875682294 ], [ 364075.406818455958273, 6928525.534968700259924 ], [ 364073.435048052866478, 6928523.776701368391514 ], [ 364071.301220641063992, 6928522.219086810946465 ], [ 364069.025674804230221, 6928520.876971436664462 ], [ 364066.630099915841129, 6928519.763147623278201 ], [ 364064.137329406628851, 6928518.888231785967946 ], [ 364061.571123127767351, 6928518.260563189163804 ], [ 364060.23212068650173, 6928518.068846387788653 ], [ 364058.312324185972102, 6928515.748814867809415 ], [ 364049.295851903269067, 6928504.852700395509601 ], [ 364047.477677295042668, 6928502.865732763893902 ], [ 364045.470990055298898, 6928501.069345946423709 ], [ 364043.295668959792238, 6928499.481335428543389 ], [ 364040.97326331626391, 6928498.117432462051511 ], [ 364038.526779490814079, 6928496.991148231551051 ], [ 364035.98045300092781, 6928496.113640008494258 ], [ 364033.359508432040457, 6928495.493600620888174 ], [ 364032.208786659524776, 6928495.339963390491903 ], [ 364030.383236695313826, 6928493.133878214284778 ], [ 364028.590107280411758, 6928491.171743566170335 ], [ 364026.613123912014998, 6928489.394998723641038 ], [ 364024.471362143522128, 6928487.820787173695862 ], [ 364022.185487445094623, 6928486.464298198930919 ], [ 364019.777555806562304, 6928485.338620314374566 ], [ 364017.270800922764465, 6928484.454614981077611 ], [ 364014.689410016231705, 6928483.820811807177961 ], [ 364013.334663906891365, 6928483.626446979120374 ], [ 364011.414388927805703, 6928481.305926021188498 ], [ 364009.49217290332308, 6928478.983079147525132 ], [ 364009.550143278378528, 6928477.72303697373718 ], [ 364009.411059876787476, 6928475.067639529705048 ], [ 364009.012031792313792, 6928472.43871268350631 ], [ 364008.356912005052436, 6928469.861641120165586 ], [ 364007.45202629402047, 6928467.361308816820383 ], [ 364006.30611215607496, 6928464.961858761496842 ], [ 364004.930234437284525, 6928462.686459833756089 ], [ 364003.337678491778206, 6928460.557083085179329 ], [ 363994.346020248020068, 6928449.691485376097262 ], [ 363992.399908901832532, 6928447.325828065164387 ], [ 363992.456115331035107, 6928445.965906579978764 ], [ 363992.308844999759458, 6928443.338263195008039 ], [ 363991.907017505378462, 6928440.737353166565299 ], [ 363991.254433682712261, 6928438.187778169289231 ], [ 363990.357266238483135, 6928435.713654306717217 ], [ 363989.224001364433207, 6928433.338383998721838 ], [ 363987.865358467679471, 6928431.084434621967375 ], [ 363986.294188777217641, 6928428.97312599606812 ], [ 363977.328886399802286, 6928418.075183012522757 ], [ 363977.278708121506497, 6928418.014368651434779 ], [ 363968.26179815933574, 6928407.11855542100966 ], [ 363966.468632002710365, 6928405.156496967189014 ], [ 363964.491621613444295, 6928403.379829254932702 ], [ 363962.349842353898566, 6928401.805694621987641 ], [ 363960.063959373859689, 6928400.449281247332692 ], [ 363957.656028220953885, 6928399.323676608502865 ], [ 363955.149282035476062, 6928398.439741202630103 ], [ 363952.567907383490819, 6928397.806003760546446 ], [ 363949.936810890503693, 6928397.428578954190016 ], [ 363939.984394316736143, 6928396.496889127418399 ], [ 363930.041197314974852, 6928395.566092695109546 ], [ 363920.149626706552226, 6928394.633233491331339 ], [ 363916.249748176254798, 6928394.268181595951319 ], [ 363916.131852378719486, 6928393.510211117565632 ], [ 363915.478337085281964, 6928390.965910751372576 ], [ 363914.58120054070605, 6928388.496965103782713 ], [ 363913.448897216178011, 6928386.126641122624278 ], [ 363912.092097757325973, 6928383.877276363782585 ], [ 363910.523588425130583, 6928381.770068479701877 ], [ 363901.557916127727367, 6928370.872325711883605 ], [ 363901.424657089344691, 6928370.711617422290146 ], [ 363892.453551157435868, 6928359.97715113684535 ], [ 363883.477597924589645, 6928349.131566976197064 ], [ 363881.684381716768257, 6928347.169583840295672 ], [ 363879.707330341974739, 6928345.392994395457208 ], [ 363877.565519244701136, 6928343.818939943797886 ], [ 363875.279613542545121, 6928342.462607641704381 ], [ 363872.87166864000028, 6928341.337083967402577 ], [ 363870.364917428523768, 6928340.453228460624814 ], [ 363867.783546125283465, 6928339.819568939507008 ], [ 363865.152460914512631, 6928339.442219224758446 ], [ 363855.20914441201603, 6928338.511651700362563 ], [ 363845.31737361085834, 6928337.579012616537511 ], [ 363842.6606137540075, 6928337.459784787148237 ], [ 363840.004980987752788, 6928337.601921423338354 ], [ 363837.376125515205786, 6928338.004049656912684 ], [ 363834.799438902991824, 6928338.662285416387022 ], [ 363832.299808829789981, 6928339.570270939730108 ], [ 363829.901378701091744, 6928340.719236182980239 ], [ 363827.627314453246072, 6928342.098083530552685 ], [ 363825.499580798787065, 6928343.69349498488009 ], [ 363824.606084507424384, 6928344.434758484363556 ], [ 363823.864522473944817, 6928343.538768603466451 ], [ 363823.100608417182229, 6928342.615779792889953 ], [ 363824.035611809464172, 6928341.836567021906376 ], [ 363825.98274859180674, 6928340.045512032695115 ], [ 363827.745680797088426, 6928338.072876825928688 ], [ 363829.307557271444239, 6928335.937517019920051 ], [ 363830.653448670927901, 6928333.659843653440475 ], [ 363831.770490165567026, 6928331.261628082953393 ], [ 363832.648004408692941, 6928328.765793879516423 ], [ 363833.277603597438429, 6928326.196197708137333 ], [ 363833.460669561987743, 6928324.920031044632196 ], [ 363835.685558352444787, 6928323.097740845754743 ], [ 363837.680485170742031, 6928321.290762188844383 ], [ 363839.486026709259022, 6928319.294534589163959 ], [ 363841.084318726090714, 6928317.12880895845592 ], [ 363842.459547530743293, 6928314.815013243816793 ], [ 363843.598106446559541, 6928312.37604041211307 ], [ 363844.488730436889455, 6928309.836021950468421 ], [ 363845.12260756251635, 6928307.220089102163911 ], [ 363845.493466168059967, 6928304.554124216549098 ], [ 363846.370965162699576, 6928294.661009737290442 ], [ 363847.299673283938318, 6928284.765755360946059 ], [ 363848.234852357709315, 6928274.801643057726324 ], [ 363848.3528951187036, 6928272.133960364386439 ], [ 363848.207435630727559, 6928269.467632068321109 ], [ 363847.799890353810042, 6928266.828622424975038 ], [ 363847.134227895352524, 6928264.242629668675363 ], [ 363846.216930364375003, 6928261.73483576066792 ], [ 363845.056930250080768, 6928259.329661175608635 ], [ 363843.665523438481614, 6928257.050527101382613 ], [ 363842.056259215285536, 6928254.919627360068262 ], [ 363833.084677935985383, 6928244.185316124930978 ], [ 363824.133311927027535, 6928233.370170140638947 ], [ 363815.191968985134736, 6928222.503008944913745 ], [ 363813.401284449733794, 6928220.532781245186925 ], [ 363811.425653891579714, 6928218.748059364967048 ], [ 363809.2842020355165, 6928217.166119972243905 ], [ 363806.997658808773849, 6928215.802276737987995 ], [ 363804.588158668891992, 6928214.669732094742358 ], [ 363802.07902633480262, 6928213.779449430294335 ], [ 363799.494550996460021, 6928213.140046959742904 ], [ 363796.859751187846996, 6928212.75771430041641 ], [ 363794.200132599507924, 6928212.636152553372085 ], [ 363791.541441175737418, 6928212.776538474485278 ], [ 363788.909413885499816, 6928213.177513083443046 ], [ 363786.329529580543749, 6928213.835194820538163 ], [ 363783.826762352196965, 6928214.743217119015753 ], [ 363781.425339774170425, 6928215.892790037207305 ], [ 363779.148508372134529, 6928217.272785348817706 ], [ 363777.018308589991648, 6928218.869844265282154 ], [ 363774.762807037797756, 6928220.741034087724984 ], [ 363766.092675586696714, 6928219.923810503445566 ], [ 363763.435988290933892, 6928219.804653429426253 ], [ 363760.780434282671195, 6928219.946845922619104 ], [ 363758.1516615448636, 6928220.349014654755592 ], [ 363755.575059400463942, 6928221.007275382056832 ], [ 363753.075513296178542, 6928221.915270464494824 ], [ 363750.677164452790748, 6928223.064230264164507 ], [ 363748.403176703606732, 6928224.443057850003242 ], [ 363746.27551277220482, 6928226.038436172530055 ], [ 363743.955650478426833, 6928227.963060282170773 ] ] ] } },
{ "type": "Feature", "properties": { "id": "20", "_id": 21, "width": 89.65, "depth": 8.86, "manning_n": 0.9422 }, "geometry": { "type": "Polygon", "coordinates": [ [ [ 364331.564454754814506, 6928482.536309707909822 ], [ 364331.246372741472442, 6928483.072893301025033 ], [ 364329.38632174389204, 6928487.054637495428324 ], [ 364327.925123428751249, 6928491.199390325695276 ], [ 364326.876823467900977, 6928495.467310630716383 ], [ 364326.251498575031292, 6928499.817373311147094 ], [ 364325.314816073223483, 6928509.781338119879365 ], [ 364325.299760193040129, 6928509.944702789187431 ], [ 364324.417475691996515, 6928519.713567641563714 ], [ 364323.488483477616683, 6928529.595901371911168 ], [ 364323.2921578430105, 6928533.987683269195259 ], [ 364323.526977915258612, 6928538.37757524009794 ], [ 364324.190685074427165, 6928542.723353052511811 ], [ 364325.276895444490947, 6928546.983216784894466 ], [ 364326.775161296885926, 6928551.116192881949246 ], [ 364328.671071541844867, 6928555.082528259605169 ], [ 364330.946390341909137, 6928558.844072668813169 ], [ 364333.57923251343891, 6928562.364645645953715 ], [ 364342.594399128749501, 6928573.261518830433488 ], [ 364349.789691259909887, 6928581.958734800107777 ], [ 364350.294837481167633, 6928585.266473807394505 ], [ 364351.380998567445204, 6928589.526303502731025 ], [ 364352.879207870282698, 6928593.659252066165209 ], [ 364354.775055139907636, 6928597.625567493960261 ], [ 364357.0503055191366, 6928601.387100513093174 ], [ 364359.683074932254385, 6928604.907671512104571 ], [ 364362.60544465132989, 6928608.440115026198328 ], [ 364359.090132485493086, 6928611.355783338658512 ], [ 364359.013499905180652, 6928611.419487809762359 ], [ 364348.176851154130418, 6928620.448355575092137 ], [ 364344.680388110107742, 6928623.691764212213457 ], [ 364341.548309584090021, 6928627.288295529782772 ], [ 364338.816070544009563, 6928631.197236976586282 ], [ 364326.991354493249673, 6928650.192208551801741 ], [ 364324.852641741628759, 6928654.036214089021087 ], [ 364323.101005906588398, 6928658.071340196765959 ], [ 364321.753316198883113, 6928662.258726404048502 ], [ 364320.822551606979687, 6928666.55804589483887 ], [ 364320.317675902799238, 6928670.927893869578838 ], [ 364320.243551315332297, 6928675.326186304911971 ], [ 364320.600891704845708, 6928679.7105652410537 ], [ 364321.386255688150413, 6928684.038806710392237 ], [ 364322.5920797806466, 6928688.269227381795645 ], [ 364324.20675123721594, 6928692.361085992306471 ], [ 364326.214719889045227, 6928696.27497570682317 ], [ 364328.596647900354583, 6928699.97320362739265 ], [ 364331.329596002295148, 6928703.420153797604144 ], [ 364334.387244410696439, 6928706.582630203105509 ], [ 364337.740146299882326, 6928709.430176466703415 ], [ 364341.356011391733773, 6928711.935369161888957 ], [ 364345.200016928836703, 6928714.074081913568079 ], [ 364349.235143036523368, 6928715.825717749074101 ], [ 364353.422529244504403, 6928717.173407456837595 ], [ 364357.721848734596279, 6928718.104172048158944 ], [ 364362.091696709801909, 6928718.609047752805054 ], [ 364366.489989145367872, 6928718.683172340504825 ], [ 364370.874368080752902, 6928718.325831950642169 ], [ 364375.202609550149646, 6928717.540467967279255 ], [ 364379.433030222018715, 6928716.33464387524873 ], [ 364383.524888832820579, 6928714.719972418621182 ], [ 364387.438778547220863, 6928712.712003766559064 ], [ 364391.137006467732135, 6928710.330075754784048 ], [ 364394.583956637885422, 6928707.59712765365839 ], [ 364397.746433043153957, 6928704.539479244500399 ], [ 364400.5939793070429, 6928701.186577355489135 ], [ 364403.099172002344858, 6928697.570712263695896 ], [ 364411.10899273341056, 6928684.703907136805356 ], [ 364416.361475124838762, 6928680.327649306505919 ], [ 364427.140880366438068, 6928671.387000848539174 ], [ 364437.911443820747081, 6928662.527731105685234 ], [ 364438.052360131870955, 6928662.411338674835861 ], [ 364448.940733721363358, 6928653.380480100400746 ], [ 364452.182252309110481, 6928650.411977231502533 ], [ 364455.117455695813987, 6928647.140275361947715 ], [ 364457.718121581419837, 6928643.596832264214754 ], [ 364459.959244280238636, 6928639.815718527883291 ], [ 364461.819275153451599, 6928635.833289973437786 ], [ 364463.280329801607877, 6928631.687838084995747 ], [ 364464.328360025130678, 6928627.419221835210919 ], [ 364464.953288899327163, 6928623.068484432995319 ], [ 364465.149107664939947, 6928618.677458693273365 ], [ 364464.913933503325097, 6928614.288364805281162 ], [ 364464.250027639558539, 6928609.943404386751354 ], [ 364463.163773600826971, 6928605.684354703873396 ], [ 364461.665615838079248, 6928601.552166983485222 ], [ 364459.769959301338531, 6928597.586572660133243 ], [ 364457.495030934689566, 6928593.825701355934143 ], [ 364456.745049728604499, 6928592.822815066203475 ], [ 364456.156415382691193, 6928589.006673644296825 ], [ 364455.054631907434668, 6928584.723112209700048 ], [ 364453.536057664605323, 6928580.568986831232905 ], [ 364451.615477847750299, 6928576.584743043407798 ], [ 364449.311591670382768, 6928572.809172374196351 ], [ 364446.646830306563061, 6928569.27903466206044 ], [ 364439.606193105515558, 6928560.851240577176213 ], [ 364439.067621874099132, 6928557.359781219623983 ], [ 364437.965804503648542, 6928553.076193849556148 ], [ 364436.447190860635601, 6928548.922047140076756 ], [ 364434.52656674652826, 6928544.937787448987365 ], [ 364432.222632089979015, 6928541.16220704652369 ], [ 364429.557818877277896, 6928537.632066424004734 ], [ 364420.61618237773655, 6928526.928938368335366 ], [ 364417.034216880856548, 6928522.599284067749977 ], [ 364419.160742174484767, 6928519.702132279984653 ], [ 364421.401760743348859, 6928515.921697510406375 ], [ 364423.261811150587164, 6928511.939981327392161 ], [ 364424.723013993818313, 6928507.795257267542183 ], [ 364425.771323721564841, 6928503.527365751564503 ], [ 364426.396663643768989, 6928499.177331124432385 ], [ 364427.33339180983603, 6928489.213370240293443 ], [ 364427.348441971698776, 6928489.050077233463526 ], [ 364428.238162619236391, 6928479.199557475745678 ], [ 364428.418607136176433, 6928474.827511128969491 ], [ 364428.171906099945772, 6928470.458702586591244 ], [ 364427.500410436885431, 6928466.134764213114977 ], [ 364426.410519134893548, 6928461.896900785155594 ], [ 364424.91261826409027, 6928457.785496832802892 ], [ 364423.020982003537938, 6928453.83973179385066 ], [ 364420.75363661616575, 6928450.097206660546362 ], [ 364418.132188667892478, 6928446.593585656955838 ], [ 364409.158334597479552, 6928435.746803300455213 ], [ 364402.937410084530711, 6928428.182876941747963 ], [ 364403.065503429097589, 6928426.741241553798318 ], [ 364403.184562783455476, 6928425.474769314751029 ], [ 364410.646340826235246, 6928419.286274205893278 ], [ 364413.887534569774289, 6928416.318264022469521 ], [ 364416.822504742478486, 6928413.047121803276241 ], [ 364419.423038634879049, 6928409.504291747696698 ], [ 364421.664138341438957, 6928405.723829681053758 ], [ 364423.524261055456009, 6928401.742075693793595 ], [ 364424.985526151722297, 6928397.597304813563824 ], [ 364426.033887065888848, 6928393.329359086230397 ], [ 364426.659266318310983, 6928388.979264590889215 ], [ 364427.596056639857125, 6928379.015305001288652 ], [ 364427.611108285724185, 6928378.852006859146059 ], [ 364428.493509400810581, 6928369.083187891170382 ], [ 364429.422637413430493, 6928359.200901095755398 ], [ 364430.359448600036558, 6928349.23698438052088 ], [ 364431.293101039074827, 6928339.306752759963274 ], [ 364432.231248071300797, 6928329.487825434654951 ], [ 364432.248202894232236, 6928329.306480684317648 ], [ 364434.070338364108466, 6928309.380666037090123 ], [ 364434.255499848339241, 6928304.985647718422115 ], [ 364434.008982602041215, 6928300.593643614090979 ], [ 364433.333160721056629, 6928296.246951125562191 ], [ 364432.234542739577591, 6928291.987431277520955 ], [ 364430.723708949284628, 6928287.856105575338006 ], [ 364428.815209505497478, 6928283.892760942690074 ], [ 364426.527424301137216, 6928280.135566555894911 ], [ 364423.88238595839357, 6928276.620706249959767 ], [ 364420.905567642417736, 6928273.382030051201582 ], [ 364417.625637740886305, 6928270.450728182680905 ], [ 364414.074183771677781, 6928267.855030683800578 ], [ 364410.285408178053331, 6928265.619935539551079 ], [ 364406.295798940060195, 6928263.766967938281596 ], [ 364402.143778175581247, 6928262.313972970470786 ], [ 364397.86933211440919, 6928261.274943773634732 ], [ 364393.513626008643769, 6928260.659886765293777 ], [ 364389.118607689219061, 6928260.474725280888379 ], [ 364384.726603585120756, 6928260.721242527477443 ], [ 364380.379911096766591, 6928261.397064408287406 ], [ 364376.120391248958185, 6928262.495682389475405 ], [ 364371.989065546251368, 6928264.006516180001199 ], [ 364368.025720913719852, 6928265.915015623904765 ], [ 364364.268526526691858, 6928268.202800828032196 ], [ 364360.753666220989544, 6928270.84783917106688 ], [ 364357.514990022755228, 6928273.824657486751676 ], [ 364354.583688154292759, 6928277.1045873882249 ], [ 364351.987990654946771, 6928280.656041357666254 ], [ 364349.752895510580856, 6928284.444816950708628 ], [ 364347.899927909311373, 6928288.434426189400256 ], [ 364346.446932942024432, 6928292.586446953006089 ], [ 364345.407903744606301, 6928296.86089301481843 ], [ 364344.792846736148931, 6928301.216599120758474 ], [ 364342.97900446440326, 6928321.051724173128605 ], [ 364342.046300252433866, 6928330.813685313798487 ], [ 364342.039913519751281, 6928330.881068043410778 ], [ 364341.10309008625336, 6928340.845026035793126 ], [ 364340.166271488997154, 6928350.809021570719779 ], [ 364339.229461220209487, 6928360.773017514497042 ], [ 364339.214402674813755, 6928360.936389041133225 ], [ 364339.103581244242378, 6928362.163262482732534 ], [ 364331.612590002187062, 6928368.404146014712751 ], [ 364328.392652160197031, 6928371.364496345631778 ], [ 364325.476567773846909, 6928374.62457696441561 ], [ 364322.892102787853219, 6928378.153346512466669 ], [ 364320.663865582260769, 6928381.917205269448459 ], [ 364318.813072659482714, 6928385.880315076559782 ], [ 364317.35734662838513, 6928390.004940575920045 ], [ 364316.310548407607712, 6928394.251808512024581 ], [ 364315.682645247201435, 6928398.580481681972742 ], [ 364314.741402601182926, 6928408.433107430115342 ], [ 364314.735016849997919, 6928408.500488745048642 ], [ 364313.798317653709091, 6928418.464456165209413 ], [ 364313.777449416636955, 6928418.692698624916375 ], [ 364312.902448617038317, 6928428.540455524809659 ], [ 364311.976488151703961, 6928438.390365967527032 ], [ 364311.780281782790553, 6928442.809145383536816 ], [ 364312.020525284751784, 6928447.225749454461038 ], [ 364312.694879437389318, 6928451.597174272872508 ], [ 364313.796778140531387, 6928455.880855833180249 ], [ 364315.315492347406689, 6928460.035084476694465 ], [ 364317.236234532028902, 6928464.019411010667682 ], [ 364319.540302673412953, 6928467.795040555298328 ], [ 364322.205262354866136, 6928471.325210290960968 ], [ 364331.105338283581659, 6928481.978077057749033 ], [ 364331.564454754814506, 6928482.536309707909822 ] ] ] } },
{ "type": "Feature", "properties": { "id": "21", "_id": 22, "width": 95.88, "depth": 40.01, "manning_n": 0.7495 }, "geometry": { "type": "Polygon", "coordinates": [ [ [ 364107.788550423400011, 6928703.92483510542661 ], [ 364116.730697815597523, 6928714.732342562638223 ], [ 364125.746222093235701, 6928725.628625997342169 ], [ 364125.803744480013847, 6928725.698015414178371 ], [ 364134.734264446829911, 6928736.450338672846556 ], [ 364143.720882832887582, 6928747.311869661323726 ], [ 364152.736172191915102, 6928758.208145794458687 ], [ 364152.883199766860344, 6928758.384984481148422 ], [ 364161.894018608087208, 6928769.17009723931551 ], [ 364165.066682280506939, 6928772.611128974705935 ], [ 364168.55977666034596, 6928775.726379499770701 ], [ 364172.340006124635693, 6928778.486154740676284 ], [ 364176.371338124561589, 6928780.864148955792189 ], [ 364180.615346641629003, 6928782.837695481255651 ], [ 364185.031578458554577, 6928784.387982784770429 ], [ 364189.577938752772752, 6928785.500233771279454 ], [ 364194.211092337500304, 6928786.163846641778946 ], [ 364204.145830059016589, 6928787.094747236929834 ], [ 364214.029013287043199, 6928788.027767725288868 ], [ 364224.013357613410335, 6928788.963388752192259 ], [ 364233.947928989306092, 6928789.894364457577467 ], [ 364243.831091998668853, 6928790.827473284676671 ], [ 364253.81541516125435, 6928791.763183476403356 ], [ 364258.518533398339059, 6928791.971779954619706 ], [ 364263.219434274476953, 6928791.718078169971704 ], [ 364267.872785221727099, 6928791.004524664953351 ], [ 364272.433712214173283, 6928789.838000507093966 ], [ 364276.858232505095657, 6928788.229754929430783 ], [ 364281.103678769199178, 6928786.195296853780746 ], [ 364285.129110559937544, 6928783.754245329648256 ], [ 364288.895709113567136, 6928780.930140342563391 ], [ 364296.911232889979146, 6928774.281180975027382 ], [ 364299.47544414747972, 6928773.891353663988411 ], [ 364304.014761011814699, 6928772.739040033891797 ], [ 364308.419981500483118, 6928771.149305230006576 ], [ 364312.649064513505436, 6928769.137320845387876 ], [ 364316.661649913992733, 6928766.722288195043802 ], [ 364320.419443704129662, 6928763.927255077287555 ], [ 364331.260158318618778, 6928755.009440118446946 ], [ 364331.410862519638613, 6928754.884951440617442 ], [ 364342.298644809226971, 6928745.853730643168092 ], [ 364342.380258587829303, 6928745.785880831070244 ], [ 364353.175613033468835, 6928736.790909264236689 ], [ 364364.022497611818835, 6928727.793782402761281 ], [ 364364.104111912136432, 6928727.725933439098299 ], [ 364368.845312244957313, 6928723.775515975430608 ], [ 364382.231446160702035, 6928718.634993418119848 ], [ 364386.53530331782531, 6928716.734952421858907 ], [ 364390.632199641433544, 6928714.422208871692419 ], [ 364394.482679780281615, 6928711.719035751186311 ], [ 364398.049661505792756, 6928708.651466096751392 ], [ 364401.298792834044434, 6928705.24904228001833 ], [ 364404.198782854247838, 6928701.544531502760947 ], [ 364406.721703077084385, 6928697.573610229417682 ], [ 364408.843256401713006, 6928693.374520600773394 ], [ 364410.54301110986853, 6928688.987702147103846 ], [ 364411.804597634531092, 6928684.455402326770127 ], [ 364412.615866207750514, 6928679.821269665844738 ], [ 364412.969003869744483, 6928675.129933395422995 ], [ 364412.860609711788129, 6928670.42657364718616 ], [ 364412.291727628849912, 6928665.756486346945167 ], [ 364411.267836266371887, 6928661.164646988734603 ], [ 364409.798796257877257, 6928656.695277494378388 ], [ 364407.898755261732731, 6928652.391420337371528 ], [ 364405.58601171139162, 6928648.294524013996124 ], [ 364402.882838591525797, 6928644.444043875671923 ], [ 364399.815268936974462, 6928640.877062149345875 ], [ 364396.412845120416023, 6928637.627930821850896 ], [ 364392.708334343216848, 6928634.727940801531076 ], [ 364388.737413069116883, 6928632.205020578578115 ], [ 364384.538323440821841, 6928630.083467253483832 ], [ 364380.151504986861255, 6928628.383712545968592 ], [ 364375.619205167051405, 6928627.122126021422446 ], [ 364370.985072506300639, 6928626.31085744779557 ], [ 364366.293736235296819, 6928625.957719786092639 ], [ 364361.590376486943569, 6928626.066113944165409 ], [ 364356.920289186760783, 6928626.634996026754379 ], [ 364352.328449828317389, 6928627.658887389115989 ], [ 364347.859080334892496, 6928629.127927397377789 ], [ 364327.066573746502399, 6928637.112633797340095 ], [ 364322.285710633092094, 6928639.255223507992923 ], [ 364317.767194401414599, 6928641.9067049510777 ], [ 364313.564988549682312, 6928645.035412153229117 ], [ 364302.769345287524629, 6928654.030454479157925 ], [ 364291.92228929058183, 6928663.027723526582122 ], [ 364291.840332891850267, 6928663.095857532694936 ], [ 364281.044807604339439, 6928672.090971449390054 ], [ 364273.234926221601199, 6928678.569128460250795 ], [ 364270.389362988527864, 6928679.007469331845641 ], [ 364265.816674756526481, 6928680.18169648014009 ], [ 364261.381654979777522, 6928681.799993931315839 ], [ 364257.12731432687724, 6928683.846667492762208 ], [ 364253.094911246502306, 6928686.301868597045541 ], [ 364249.323551844339818, 6928689.141786785796285 ], [ 364242.965824835759122, 6928694.439390853047371 ], [ 364242.94362720992649, 6928694.437295086681843 ], [ 364232.959002202725969, 6928693.501617121510208 ], [ 364223.023991573660169, 6928692.570630538277328 ], [ 364222.859313367982395, 6928692.555084115825593 ], [ 364217.593883004621603, 6928686.191052867099643 ], [ 364208.578282224130817, 6928675.294492774643004 ], [ 364208.520506107597612, 6928675.2247966947034 ], [ 364199.58985884237336, 6928664.472320169210434 ], [ 364190.60300097236177, 6928653.610683338716626 ], [ 364181.587230375618674, 6928642.714194644242525 ], [ 364181.439943399629556, 6928642.53705145791173 ], [ 364172.42878646904137, 6928631.752081583254039 ], [ 364169.238778900413308, 6928628.294164013117552 ], [ 364165.725196898274589, 6928625.16557267960161 ], [ 364161.921878178080078, 6928622.396437629126012 ], [ 364157.865450778277591, 6928620.01342714484781 ], [ 364153.594980312162079, 6928618.039490922354162 ], [ 364149.151593744754791, 6928616.493639044463634 ], [ 364144.578083317668643, 6928615.390758910216391 ], [ 364139.918494436598849, 6928614.741471858695149 ], [ 364135.217701489513274, 6928614.552030880004168 ], [ 364130.520975682302378, 6928614.824260392226279 ], [ 364125.873549051990267, 6928615.555538677610457 ], [ 364121.320178857422434, 6928616.738823127001524 ], [ 364116.904716542863753, 6928618.362718063406646 ], [ 364112.669685424072668, 6928620.411584490910172 ], [ 364108.655871165858116, 6928622.865690706297755 ], [ 364104.901928993640468, 6928625.701402325183153 ], [ 364101.444011422689073, 6928628.891409893520176 ], [ 364098.315420089464169, 6928632.404991895891726 ], [ 364095.546285038872156, 6928636.208310616202652 ], [ 364093.163274555059616, 6928640.264738015830517 ], [ 364091.189338331809267, 6928644.535208482295275 ], [ 364089.643486453976948, 6928648.978595049120486 ], [ 364088.540606320137158, 6928653.552105476148427 ], [ 364087.891319268906955, 6928658.211694357916713 ], [ 364087.701878289575689, 6928662.912487304769456 ], [ 364087.974107802263461, 6928667.609213111922145 ], [ 364088.705386087938678, 6928672.256639742292464 ], [ 364089.888670537038706, 6928676.810009936802089 ], [ 364091.512565473443829, 6928681.225472250953317 ], [ 364093.561431901121978, 6928685.460503369569778 ], [ 364096.015538116451353, 6928689.474317627958953 ], [ 364098.851249734987505, 6928693.228259800933301 ], [ 364107.788550423400011, 6928703.92483510542661 ] ] ] } },
{ "type": "Feature", "properties": { "id": "22", "_id": 23, "width": 88.45, "depth": 21.98, "manning_n": 0.9893 }, "geometry": { "type": "Polygon", "coordinates": [ [ [ 364372.493029715376906, 6928718.934789033606648 ], [ 364378.797082388249692, 6928726.555144567042589 ], [ 364381.727245675574522, 6928729.762398356571794 ], [ 364384.957941051165108, 6928732.666695372201502 ], [ 364388.457994988246355, 6928735.240011558867991 ], [ 364392.193634873896372, 6928737.457516554743052 ], [ 364396.128814886556938, 6928739.297813277691603 ], [ 364400.225563808169682, 6928740.743144393898547 ], [ 364404.444351414800622, 6928741.779563657939434 ], [ 364408.744469910743646, 6928742.397070486098528 ], [ 364418.695868800394237, 6928743.330170462839305 ], [ 364428.631779520481359, 6928744.261848466470838 ], [ 364438.516271665575914, 6928745.195656593888998 ], [ 364442.858588165836409, 6928745.391320787370205 ], [ 364447.199138666328508, 6928745.159764275886118 ], [ 364451.495992383861449, 6928744.503223953768611 ], [ 364455.707640657026786, 6928743.428042160347104 ], [ 364459.793397929752246, 6928741.944605416618288 ], [ 364463.713794784038328, 6928740.067244085483253 ], [ 364467.430959224118851, 6928737.814093937166035 ], [ 364468.544837324414402, 6928736.979115952737629 ], [ 364472.28376114211278, 6928736.407849676907063 ], [ 364476.495409382332582, 6928735.332697740755975 ], [ 364480.581169802404474, 6928733.849291398189962 ], [ 364484.501573088520672, 6928731.971960671246052 ], [ 364488.151745071168989, 6928729.759453561156988 ], [ 364490.043214694247581, 6928729.938173471949995 ], [ 364500.025043345522135, 6928730.87438107188791 ], [ 364504.37590620276751, 6928731.067068883217871 ], [ 364508.724624732509255, 6928730.830883904360235 ], [ 364513.029026625910774, 6928730.168116573244333 ], [ 364517.247369340911973, 6928729.085194168612361 ], [ 364521.338744906475767, 6928727.592618483118713 ], [ 364525.263476633175742, 6928725.704863978549838 ], [ 364528.983503883879166, 6928723.440237420611084 ], [ 364530.024937114212662, 6928722.656138810329139 ], [ 364533.780969011830166, 6928722.080496793612838 ], [ 364537.988493068376556, 6928721.004733485169709 ], [ 364542.070218319655396, 6928719.521478834562004 ], [ 364545.986784150940366, 6928717.645036063157022 ], [ 364549.700422601774335, 6928715.393499956466258 ], [ 364550.811467430146877, 6928714.560618366114795 ], [ 364554.5502559725428, 6928713.989469734020531 ], [ 364558.761913032503799, 6928712.914431232027709 ], [ 364562.847694020427298, 6928711.431138714775443 ], [ 364566.768129778152797, 6928709.553920974954963 ], [ 364570.485348403337412, 6928707.300912172533572 ], [ 364573.963441096711904, 6928704.693876654841006 ], [ 364582.767176556400955, 6928697.392517914995551 ], [ 364586.179385574825574, 6928696.874081316404045 ], [ 364590.366973004187457, 6928695.811455190181732 ], [ 364594.430895682889968, 6928694.345305393449962 ], [ 364598.33237080660183, 6928692.48962367977947 ], [ 364602.034165839722846, 6928690.262119180522859 ], [ 364602.093828312179539, 6928690.217751305550337 ], [ 364604.002239686378743, 6928690.396799887530506 ], [ 364605.920969064405654, 6928690.578165913000703 ], [ 364609.096698523615487, 6928693.433417862281203 ], [ 364612.596572611131705, 6928696.006949137896299 ], [ 364616.332053739810362, 6928698.224687308073044 ], [ 364620.267097910051234, 6928700.065233214758337 ], [ 364624.36373552022269, 6928701.510827261023223 ], [ 364628.582437738601584, 6928702.547520778141916 ], [ 364632.882497921120375, 6928703.165310614742339 ], [ 364634.90324892551871, 6928703.354923513717949 ], [ 364638.080731300578918, 6928706.189472137019038 ], [ 364641.567652616766281, 6928708.735841833986342 ], [ 364645.286262783920392, 6928710.930051788687706 ], [ 364649.201117054151837, 6928712.751187407411635 ], [ 364652.766515008697752, 6928714.003346513956785 ], [ 364653.691546391113661, 6928715.016018562018871 ], [ 364656.922004085383378, 6928717.92057675216347 ], [ 364660.421846987679601, 6928720.494176342152059 ], [ 364664.157304554537404, 6928722.711984260007739 ], [ 364668.092332759115379, 6928724.552600521594286 ], [ 364672.188961885462049, 6928725.998264726251364 ], [ 364676.407662904588506, 6928727.035027430392802 ], [ 364680.707728896231856, 6928727.652884744107723 ], [ 364690.643706606875639, 6928728.585356667637825 ], [ 364700.528130275488365, 6928729.519941966980696 ], [ 364710.509868812398054, 6928730.456779760308564 ], [ 364720.445692405221052, 6928731.389327930286527 ], [ 364730.330094785196707, 6928732.324001476168633 ], [ 364732.099668309092522, 6928732.490101260133088 ], [ 364738.339296715101227, 6928740.034295240417123 ], [ 364741.266389888536651, 6928743.239184961654246 ], [ 364744.493547277525067, 6928746.141709337942302 ], [ 364747.989684177038725, 6928748.713910603895783 ], [ 364751.721125010983087, 6928750.931012738496065 ], [ 364755.651927703176625, 6928752.77166011556983 ], [ 364759.744229879055638, 6928754.218123205937445 ], [ 364763.958613564725965, 6928755.256469353102148 ], [ 364768.254484869830776, 6928755.876696973107755 ], [ 364778.154141526203603, 6928756.812962955795228 ], [ 364788.13576604204718, 6928757.750032329931855 ], [ 364798.07147582428297, 6928758.682810982689261 ], [ 364807.955763813632075, 6928759.61771372333169 ], [ 364817.937367148871999, 6928760.554872236214578 ], [ 364827.873054856143426, 6928761.487739526666701 ], [ 364837.757322558842134, 6928762.422730607911944 ], [ 364838.275193132983986, 6928762.468648399226367 ], [ 364847.977920957491733, 6928763.271504391916096 ], [ 364857.685399596288335, 6928764.183033591136336 ], [ 364867.636406508274376, 6928765.117460353299975 ], [ 364871.952468054369092, 6928765.310790156014264 ], [ 364876.266798378608655, 6928765.082059887237847 ], [ 364880.538223441806622, 6928764.433452446945012 ], [ 364884.725978673435748, 6928763.371157853864133 ], [ 364888.790098010271322, 6928761.905314172618091 ], [ 364892.691795315011404, 6928760.049910759553313 ], [ 364896.393834533460904, 6928757.822654755786061 ], [ 364896.446332707360853, 6928757.783620839938521 ], [ 364898.293873196234927, 6928757.958420638926327 ], [ 364908.275442207872402, 6928758.895849666558206 ], [ 364918.211094548634719, 6928759.828986119478941 ], [ 364928.095329150441103, 6928760.764245176687837 ], [ 364938.076876970939338, 6928761.701763342134655 ], [ 364948.027856350003276, 6928762.636430125683546 ], [ 364952.378744171524886, 6928762.829708489589393 ], [ 364956.727545356960036, 6928762.594103712588549 ], [ 364961.032085806131363, 6928761.931900660507381 ], [ 364965.250620653503574, 6928760.84952128957957 ], [ 364969.342239104676992, 6928759.357462372630835 ], [ 364973.267261183587834, 6928757.470193699933589 ], [ 364976.837161696341354, 6928755.297586771659553 ], [ 364978.759867766348179, 6928755.478198635391891 ], [ 364998.602819533029106, 6928757.349192038178444 ], [ 365002.938476464012638, 6928757.544101432897151 ], [ 365007.272360483300872, 6928757.313103592023253 ], [ 365011.562733918661252, 6928756.658423149958253 ], [ 365015.768278128525708, 6928755.586365038529038 ], [ 365019.848491423181258, 6928754.107253762893379 ], [ 365023.764079118089285, 6928752.235333973541856 ], [ 365027.477331963309553, 6928749.988633280619979 ], [ 365030.952489304065239, 6928747.388788640499115 ], [ 365034.156083475449122, 6928744.460837977938354 ], [ 365037.057262114365585, 6928741.23297905921936 ], [ 365039.628085284493864, 6928737.736297929659486 ], [ 365041.843794553366024, 6928734.00446953997016 ], [ 365043.683051429572515, 6928730.073433437384665 ], [ 365045.128142863919493, 6928725.98104764893651 ], [ 365046.165151835884899, 6928721.766724086366594 ], [ 365046.784091382229235, 6928717.471048990264535 ], [ 365046.979000776715111, 6928713.135392058640718 ], [ 365046.748002935375553, 6928708.801508039236069 ], [ 365046.093322493718006, 6928704.511134603992105 ], [ 365045.021264382230584, 6928700.305590394884348 ], [ 365043.542153106594924, 6928696.225377099588513 ], [ 365041.670233316952363, 6928692.309789405204356 ], [ 365039.423532624205109, 6928688.596536559984088 ], [ 365036.823687984142452, 6928685.121379218995571 ], [ 365033.895737321930937, 6928681.91778504755348 ], [ 365030.667878402920906, 6928679.016606409102678 ], [ 365027.171197273186408, 6928676.445783238857985 ], [ 365023.439368883322459, 6928674.230073969811201 ], [ 365019.508332780911587, 6928672.390817093662918 ], [ 365015.415946992405225, 6928670.945725658908486 ], [ 365011.201623430126347, 6928669.908716687001288 ], [ 365006.905948333733249, 6928669.289777141064405 ], [ 364987.055275581544265, 6928667.418055726215243 ], [ 364977.088714549492579, 6928666.481831286102533 ], [ 364967.137454175506718, 6928665.54707720130682 ], [ 364962.786533987033181, 6928665.353772602975368 ], [ 364958.437698189751245, 6928665.589357753284276 ], [ 364954.133121868537273, 6928666.25154794473201 ], [ 364949.914550878747832, 6928667.333921243436635 ], [ 364945.822896994883195, 6928668.825980775989592 ], [ 364941.897841146914288, 6928670.713256523013115 ], [ 364938.327653077314608, 6928672.88603289052844 ], [ 364936.412153573124669, 6928672.706121387891471 ], [ 364926.527786385267973, 6928671.770849784836173 ], [ 364916.545959033479448, 6928670.833365876227617 ], [ 364906.609900353651028, 6928669.900221555493772 ], [ 364896.725512311095372, 6928668.965038239955902 ], [ 364896.207377734303009, 6928668.919089139439166 ], [ 364886.260741113335826, 6928668.095929384231567 ], [ 364882.003933250671253, 6928667.949456102214754 ], [ 364877.752777273475658, 6928668.213161353953183 ], [ 364873.546705594460946, 6928668.884599089622498 ], [ 364869.424732438172214, 6928669.957541259936988 ], [ 364865.425091957207769, 6928671.422035584226251 ], [ 364861.584883583942428, 6928673.264497864060104 ], [ 364858.082929479773156, 6928675.381278784014285 ], [ 364856.003305081976578, 6928675.18600270524621 ], [ 364855.515729998413008, 6928675.142940165475011 ], [ 364845.828165753744543, 6928674.34133888874203 ], [ 364836.18735169939464, 6928673.429377029649913 ], [ 364826.205490008578636, 6928672.492163645103574 ], [ 364816.269396369403694, 6928671.559288532473147 ], [ 364806.384974839107599, 6928670.624373160302639 ], [ 364796.403091947664507, 6928669.687248917296529 ], [ 364794.788574277539738, 6928669.535680609755218 ], [ 364788.339401415549219, 6928661.813987893983722 ], [ 364785.413110925699584, 6928658.639102753251791 ], [ 364782.191167147888336, 6928655.7647071685642 ], [ 364778.704281491285656, 6928653.218199736438692 ], [ 364774.985690777888522, 6928651.023853640072048 ], [ 364771.070840430969838, 6928649.202585278078914 ], [ 364766.99704661098076, 6928647.771754890680313 ], [ 364762.803140519652516, 6928646.745001083239913 ], [ 364758.529098262952175, 6928646.132110821083188 ], [ 364748.577816142817028, 6928645.198020908050239 ], [ 364738.641608197824098, 6928644.265376240946352 ], [ 364728.75707276572939, 6928643.330690113827586 ], [ 364718.775075867481064, 6928642.393797456286848 ], [ 364708.838847749633715, 6928641.461241609416902 ], [ 364706.919959768885747, 6928641.279808219522238 ], [ 364703.744107132952195, 6928638.424352810718119 ], [ 364700.244232693628874, 6928635.850740146823227 ], [ 364696.50874079472851, 6928633.632925117388368 ], [ 364692.57367634458933, 6928631.79230809956789 ], [ 364688.781378544517793, 6928630.454057333059609 ], [ 364687.884159973298665, 6928629.480598588474095 ], [ 364684.665369561233092, 6928626.608454305678606 ], [ 364681.182063674437813, 6928624.06357619445771 ], [ 364677.467385800729971, 6928621.870178648270667 ], [ 364673.55668092117412, 6928620.049131739884615 ], [ 364669.487159204320051, 6928618.617762641049922 ], [ 364665.297541953332257, 6928617.589690761640668 ], [ 364661.027693174546584, 6928616.974698154255748 ], [ 364659.093386267952155, 6928616.791836189106107 ], [ 364655.917407557775732, 6928613.936366607435048 ], [ 364652.417501934047323, 6928611.362822259776294 ], [ 364648.681986474432051, 6928609.14507697802037 ], [ 364644.746906059794128, 6928607.304530316032469 ], [ 364640.650231221166905, 6928605.858942148275673 ], [ 364636.431491752562579, 6928604.822261300869286 ], [ 364632.131395278905984, 6928604.204490954056382 ], [ 364622.195150214654859, 6928603.272204586304724 ], [ 364612.310442317975685, 6928602.337862199172378 ], [ 364602.328274238971062, 6928601.401316933333874 ], [ 364601.840707717754412, 6928601.358293532393873 ], [ 364591.893753774638753, 6928600.536009908653796 ], [ 364587.637012524122838, 6928600.389919077046216 ], [ 364583.385959164763335, 6928600.65399092528969 ], [ 364579.180023681663442, 6928601.325776097364724 ], [ 364575.058217575831804, 6928602.399043552577496 ], [ 364571.058772019459866, 6928603.863838367164135 ], [ 364567.218783248506952, 6928605.706574062816799 ], [ 364563.573868482140824, 6928607.910158631391823 ], [ 364562.575356648652814, 6928608.653772233985364 ], [ 364558.583736178698018, 6928609.268294661305845 ], [ 364554.365361711708829, 6928610.351133133284748 ], [ 364550.273946626752149, 6928611.843629331327975 ], [ 364546.349168176646344, 6928613.731309499591589 ], [ 364542.629087624431122, 6928615.995867511257529 ], [ 364539.149781137472019, 6928618.615342395380139 ], [ 364530.461549336323515, 6928625.853432938456535 ], [ 364527.012607461772859, 6928626.380311890505254 ], [ 364522.800914249324705, 6928627.455374161712825 ], [ 364518.715100990608335, 6928628.938697666861117 ], [ 364514.794637898507062, 6928630.815953043289483 ], [ 364511.077397852262948, 6928633.06900542601943 ], [ 364509.976034129562322, 6928633.894554412923753 ], [ 364506.117572729999665, 6928634.488641886040568 ], [ 364501.899193872290198, 6928635.57155822403729 ], [ 364497.807782874500845, 6928637.064134530723095 ], [ 364493.883017380081583, 6928638.951896113343537 ], [ 364490.320804406481329, 6928641.120445133186877 ], [ 364488.463699535001069, 6928640.944972256198525 ], [ 364478.481591333576944, 6928640.008798953145742 ], [ 364474.142953225993551, 6928639.816077857278287 ], [ 364469.806332110194489, 6928640.049828466027975 ], [ 364465.513547474634834, 6928640.707796643488109 ], [ 364461.305996078124736, 6928641.783637381158769 ], [ 364457.224252746615093, 6928643.266975988633931 ], [ 364453.307679096993525, 6928645.143508135341108 ], [ 364449.59404395945603, 6928647.39513779245317 ], [ 364448.482938586734235, 6928648.228099218569696 ], [ 364444.743926857132465, 6928648.799387785606086 ], [ 364440.532242464192677, 6928649.874563492834568 ], [ 364436.446449773444328, 6928651.358000823296607 ], [ 364432.819225488405209, 6928653.094962088391185 ], [ 364428.919584696704987, 6928648.381105984561145 ], [ 364425.992113099433482, 6928645.176548018120229 ], [ 364422.764610955258831, 6928642.274391644634306 ], [ 364419.268166436755564, 6928639.702591217122972 ], [ 364415.536458242393564, 6928637.4859190126881 ], [ 364411.60543119389331, 6928635.645726616494358 ], [ 364407.512950005882885, 6928634.199739259667695 ], [ 364403.298434563039336, 6928633.16188508272171 ], [ 364399.002480216848198, 6928632.542160978540778 ], [ 364389.102549317001831, 6928631.607044346630573 ], [ 364388.828303457819857, 6928631.582001163624227 ], [ 364368.92986149713397, 6928629.827396787703037 ], [ 364364.593102758866735, 6928629.658771933056414 ], [ 364360.260698573256377, 6928629.916035743430257 ], [ 364355.974372360971756, 6928630.596710627898574 ], [ 364351.775403786625247, 6928631.694241314195096 ], [ 364347.704231212905142, 6928633.198057981207967 ], [ 364343.800062257272657, 6928635.093678054399788 ], [ 364340.100496200961061, 6928637.362845675088465 ], [ 364336.641161887499038, 6928639.983707519248128 ], [ 364333.455374597397167, 6928642.931023253127933 ], [ 364330.573815203853883, 6928646.176408616825938 ], [ 364328.024234698910732, 6928649.688608773984015 ], [ 364325.831186936702579, 6928653.433799317106605 ], [ 364324.015792165882885, 6928657.375912015326321 ], [ 364322.595533630636055, 6928661.476982166990638 ], [ 364321.584089196985587, 6928665.697514224797487 ], [ 364320.991199627751485, 6928669.996862158179283 ], [ 364320.822574773512315, 6928674.333620896562934 ], [ 364321.079838583944365, 6928678.666025082580745 ], [ 364321.760513467772398, 6928682.952351294457912 ], [ 364322.85804415383609, 6928687.151319868862629 ], [ 364324.361860821663868, 6928691.222492442466319 ], [ 364326.257480894681066, 6928695.12666139844805 ], [ 364328.526648515311535, 6928698.826227454468608 ], [ 364331.147510358947329, 6928702.285561768338084 ], [ 364334.094826093234587, 6928705.471349057741463 ], [ 364337.340211456583347, 6928708.352908452041447 ], [ 364340.852411613857839, 6928710.902488956227899 ], [ 364344.59760215744609, 6928713.095536719076335 ], [ 364348.539714855200145, 6928714.910931489430368 ], [ 364352.640785006806254, 6928716.331190024502575 ], [ 364356.861317064845935, 6928717.342634459026158 ], [ 364361.160664998460561, 6928717.9355240277946 ], [ 364372.493029715376906, 6928718.934789033606648 ] ] ] } },
{ "type": "Feature", "properties": { "id": "23", "_id": 24, "width": 44.22, "depth": 35.47, "manning_n": 0.9501 }, "geometry": { "type": "Polygon", "coordinates": [ [ [ 363854.160515029798262, 6929016.998532769270241 ], [ 363854.243512253277004, 6929016.113863148726523 ], [ 363858.072633612726349, 6929012.922117574140429 ], [ 363859.660378111235332, 6929011.461649261415005 ], [ 363861.0982355378801, 6929009.853399806655943 ], [ 363862.372517406591214, 6929008.112679840065539 ], [ 363863.471092480176594, 6929006.2560611134395 ], [ 363864.383502260316163, 6929004.301218747161329 ], [ 363865.101060553221032, 6929002.266762952320278 ], [ 363865.616936162288766, 6929000.172061865217984 ], [ 363865.92621792195132, 6928998.037057163193822 ], [ 363866.86562437354587, 6928988.184262773022056 ], [ 363866.868764026323333, 6928988.151068210601807 ], [ 363867.803625415021088, 6928978.18693342898041 ], [ 363868.542244881158695, 6928970.314495734870434 ], [ 363868.558392581006046, 6928970.315210075117648 ], [ 363870.726537225884385, 6928970.197939120233059 ], [ 363872.872724115673918, 6928969.868567731231451 ], [ 363874.97625492332736, 6928969.330272441729903 ], [ 363877.016842707176693, 6928968.58824469614774 ], [ 363878.974807562597562, 6928967.649640784598887 ], [ 363880.831266419787426, 6928966.523512821644545 ], [ 363882.56831515673548, 6928965.220721447840333 ], [ 363893.454194135032594, 6928956.188064572401345 ], [ 363895.062395067187026, 6928954.713775423355401 ], [ 363896.517468263860792, 6928953.088167620822787 ], [ 363897.805246016941965, 6928951.327069329097867 ], [ 363898.913189535203855, 6928949.447627951391041 ], [ 363899.83051103138132, 6928947.468143167905509 ], [ 363900.548278760339599, 6928945.407888760790229 ], [ 363901.059503985219635, 6928943.286924946121871 ], [ 363901.35920902545331, 6928941.125903053209186 ], [ 363901.428704383026343, 6928940.342251886613667 ], [ 363905.188736528449226, 6928937.222372433170676 ], [ 363915.992892478418071, 6928928.331946350634098 ], [ 363916.062389962316956, 6928928.274520863778889 ], [ 363926.948483466694597, 6928919.241976060904562 ], [ 363926.986119748093188, 6928919.210677608847618 ], [ 363937.80184906051727, 6928910.196011409163475 ], [ 363948.669146251922939, 6928901.179232903756201 ], [ 363948.706782773253508, 6928901.147934843786061 ], [ 363959.469189342926256, 6928892.177881365641952 ], [ 363970.287237949669361, 6928883.31648058257997 ], [ 363971.9070585812442, 6928881.850074055604637 ], [ 363973.374231213296298, 6928880.23094730079174 ], [ 363974.674427325895522, 6928878.474912833422422 ], [ 363975.794949104310945, 6928876.599120221100748 ], [ 363976.724853447289206, 6928874.621888597495854 ], [ 363977.455058837891556, 6928872.562527757138014 ], [ 363977.978434034390375, 6928870.441149577498436 ], [ 363978.289867714687716, 6928868.278471597470343 ], [ 363979.225126561068464, 6928858.314373081550002 ], [ 363979.308145208924543, 6928857.429913567379117 ], [ 363983.137613427767064, 6928854.238283099606633 ], [ 363984.725480163469911, 6928852.777881970629096 ], [ 363986.163462552824058, 6928851.16968457121402 ], [ 363987.437870355846826, 6928849.42900166567415 ], [ 363988.536570636089891, 6928847.572405338287354 ], [ 363989.449103271937929, 6928845.617571223527193 ], [ 363990.166780541534536, 6928843.58311022259295 ], [ 363990.68276983400574, 6928841.488391321152449 ], [ 363990.992158698732965, 6928839.353357185609639 ], [ 363991.067883058043662, 6928838.559523875825107 ], [ 363994.893499422003515, 6928835.37114582490176 ], [ 364005.761127728968859, 6928826.354621103964746 ], [ 364016.647803095285781, 6928817.322379128076136 ], [ 364016.68544042611029, 6928817.291082524694502 ], [ 364027.448310687264893, 6928808.321253008209169 ], [ 364031.232491423317697, 6928805.221723896451294 ], [ 364032.079703430936206, 6928805.301658228971064 ], [ 364034.250661567377392, 6928805.399216218851507 ], [ 364036.420710586127825, 6928805.283181536011398 ], [ 364038.568886635126546, 6928804.954675137065351 ], [ 364040.674437166948337, 6928804.416870572604239 ], [ 364042.717021420015953, 6928803.674963327124715 ], [ 364044.676906920969486, 6928802.736120628193021 ], [ 364046.535160111496225, 6928801.609412204474211 ], [ 364048.273829256475437, 6928800.305722672492266 ], [ 364058.457096602767706, 6928791.857357124798 ], [ 364059.278099656570703, 6928792.755717588588595 ], [ 364060.895722014829516, 6928794.209091169759631 ], [ 364062.648293576319702, 6928795.496526521630585 ], [ 364064.518860531621613, 6928796.605569410137832 ], [ 364066.489327621762641, 6928797.525491314008832 ], [ 364068.540633186581545, 6928798.247393206693232 ], [ 364070.652933560370002, 6928798.764291643165052 ], [ 364072.805795033578761, 6928799.071186316199601 ], [ 364074.978391521784943, 6928799.165108423680067 ], [ 364077.149706030206289, 6928799.045149396173656 ], [ 364079.298733965668362, 6928798.712469677440822 ], [ 364081.40468632808188, 6928798.170287502929568 ], [ 364083.447190816455986, 6928797.423847768455744 ], [ 364085.406488903972786, 6928796.480371288955212 ], [ 364087.263626975647639, 6928795.348984951153398 ], [ 364089.000639679259621, 6928794.040633419528604 ], [ 364099.836096382467076, 6928785.010768817737699 ], [ 364101.42697059258353, 6928783.547456844709814 ], [ 364102.86735713086091, 6928781.935796426609159 ], [ 364104.143489624606445, 6928780.191190871410072 ], [ 364105.243171545153018, 6928778.330314100719988 ], [ 364106.15589277545223, 6928776.370951285585761 ], [ 364106.872930059384089, 6928774.331828872673213 ], [ 364107.387430373579264, 6928772.232435600832105 ], [ 364107.694476424716413, 6928770.092836244031787 ], [ 364108.630173970595933, 6928760.12877940852195 ], [ 364108.726801772252657, 6928757.96261646039784 ], [ 364108.610785894503351, 6928755.797405346296728 ], [ 364108.283242135308683, 6928753.653970267623663 ], [ 364107.747320689377375, 6928751.552925989963114 ], [ 364107.008175851253327, 6928749.514479582197964 ], [ 364106.072916442761198, 6928747.558236067183316 ], [ 364104.950537443277426, 6928745.703009871765971 ], [ 364104.224222885619383, 6928744.731927982531488 ], [ 364114.400058501691092, 6928736.25197614915669 ], [ 364125.233641700819135, 6928727.264631212688982 ], [ 364136.03907879529288, 6928718.374932868406177 ], [ 364137.651483504392672, 6928716.90936594363302 ], [ 364139.111802900151815, 6928715.292207133024931 ], [ 364140.405854349490255, 6928713.53916229493916 ], [ 364141.521070014801808, 6928711.667257014662027 ], [ 364142.446618912974373, 6928709.694671250879765 ], [ 364143.173512106004637, 6928707.640562772750854 ], [ 364143.694690001604613, 6928705.52488109562546 ], [ 364144.005090916005429, 6928703.368173737078905 ], [ 364144.940933386271354, 6928693.404129032976925 ], [ 364145.876782465027645, 6928683.440103052183986 ], [ 364145.88706225308124, 6928683.327565382234752 ], [ 364145.949366304033902, 6928682.625698418356478 ], [ 364149.649170198827051, 6928679.595601336099207 ], [ 364151.258337698294781, 6928678.140096985734999 ], [ 364152.717092242150102, 6928676.5338752893731 ], [ 364154.011385226738639, 6928674.792405040934682 ], [ 364155.128751903190278, 6928672.932457550428808 ], [ 364156.058431419427507, 6928670.971945129334927 ], [ 364156.791470453608781, 6928668.929748583585024 ], [ 364157.320809439115692, 6928666.825535382144153 ], [ 364157.641350552090444, 6928664.679570249281824 ], [ 364157.750006806396414, 6928662.5125200022012 ], [ 364157.645731782948133, 6928660.345254518091679 ], [ 364157.329529707203619, 6928658.198645750060678 ], [ 364156.804445778019726, 6928656.093366713263094 ], [ 364156.075536840653513, 6928654.049692395143211 ], [ 364155.149822686682455, 6928652.087304497137666 ], [ 364154.036218449356966, 6928650.225101887248456 ], [ 364152.74544874636922, 6928648.481018595397472 ], [ 364151.289944395422935, 6928646.871851095929742 ], [ 364149.683722699177451, 6928645.413096551783383 ], [ 364147.942252450622618, 6928644.118803567253053 ], [ 364146.082304960174952, 6928643.001436891034245 ], [ 364144.121792538964655, 6928642.071757374331355 ], [ 364142.07959599327296, 6928641.338718340732157 ], [ 364139.975382792297751, 6928640.809379355050623 ], [ 364137.829417659377214, 6928640.48883824236691 ], [ 364135.662367411889136, 6928640.380181987769902 ], [ 364133.495101928361692, 6928640.484457011334598 ], [ 364131.348493160039652, 6928640.800659086555243 ], [ 364129.243214122951031, 6928641.325743015855551 ], [ 364127.199539805063978, 6928642.054651953279972 ], [ 364125.23715190711664, 6928642.980366107076406 ], [ 364123.374949297460262, 6928644.093970344401896 ], [ 364121.630866005201824, 6928645.384740048088133 ], [ 364110.738823238643818, 6928654.30519852321595 ], [ 364109.108838295273017, 6928655.781505947001278 ], [ 364107.633575196145102, 6928657.412436145357788 ], [ 364106.327629083185457, 6928659.181853923946619 ], [ 364105.203920003783423, 6928661.072253995575011 ], [ 364104.27356508927187, 6928663.064934165216982 ], [ 364103.545768570562359, 6928665.140180355869234 ], [ 364103.027730718255043, 6928667.277461644262075 ], [ 364102.724576608801726, 6928669.455633380450308 ], [ 364101.845260895846877, 6928679.361291837878525 ], [ 364100.914693788101431, 6928689.269080442376435 ], [ 364100.839262919151224, 6928690.072203375399113 ], [ 364097.104535920603666, 6928693.144785828888416 ], [ 364097.034876188961789, 6928693.202334392815828 ], [ 364086.147606405313127, 6928702.234216749668121 ], [ 364086.109810103371274, 6928702.265642873011529 ], [ 364075.292947930342052, 6928711.279789099469781 ], [ 364064.424632964539342, 6928720.296117260120809 ], [ 364062.829108571924735, 6928721.757295013405383 ], [ 364061.384030240762513, 6928723.367415236309171 ], [ 364060.103234535898082, 6928725.111061094328761 ], [ 364058.998985022888519, 6928726.971537251025438 ], [ 364058.081854844873305, 6928728.931029723957181 ], [ 364057.360625485191122, 6928730.970776454545557 ], [ 364056.842202684958465, 6928733.071246953681111 ], [ 364056.531550320796669, 6928735.212329301983118 ], [ 364055.777108455251437, 6928743.118161516264081 ], [ 364055.765347254578955, 6928743.117642192170024 ], [ 364053.591197820089292, 6928743.236014803871512 ], [ 364051.439234017569106, 6928743.56766165047884 ], [ 364049.330325812799856, 6928744.109366388060153 ], [ 364047.284925614017993, 6928744.855875507928431 ], [ 364045.322869922209065, 6928745.799949287436903 ], [ 364043.463186954963021, 6928746.932432002387941 ], [ 364041.723912108514924, 6928748.242340719327331 ], [ 364030.907322738436051, 6928757.256634226068854 ], [ 364027.099861819820944, 6928760.41542605124414 ], [ 364026.333633317495696, 6928760.343132501468062 ], [ 364024.180046499765012, 6928760.245507397688925 ], [ 364022.02718919335166, 6928760.358078533783555 ], [ 364019.895528392109554, 6928760.679775705561042 ], [ 364017.805329577007797, 6928761.207540573552251 ], [ 364015.776464053953532, 6928761.936355729587376 ], [ 364013.828220039780717, 6928762.859292402863503 ], [ 364011.97911929077236, 6928763.967576329596341 ], [ 364010.246741018199828, 6928765.250671167857945 ], [ 363999.355397150851786, 6928774.171502314507961 ], [ 363999.210242491564713, 6928774.29143126308918 ], [ 363988.393851620610803, 6928783.305865122005343 ], [ 363977.526009131688625, 6928792.322482207790017 ], [ 363966.639310826605652, 6928801.354828697629273 ], [ 363966.60151584725827, 6928801.386256985366344 ], [ 363955.766500890080351, 6928810.416468220762908 ], [ 363954.178612053859979, 6928811.876871819607913 ], [ 363952.740609216329176, 6928813.485074998810887 ], [ 363951.466183039650787, 6928815.225766684859991 ], [ 363950.367466837051325, 6928817.082374433986843 ], [ 363949.454921055701561, 6928819.037222208455205 ], [ 363948.737233687017579, 6928821.071698669344187 ], [ 363948.221237551711965, 6928823.166434359736741 ], [ 363947.911845247203019, 6928825.30148612242192 ], [ 363947.836112910474185, 6928826.095403062179685 ], [ 363943.991609788441565, 6928829.299564213491976 ], [ 363942.40080637781648, 6928830.762944070622325 ], [ 363940.960496480576694, 6928832.374664733186364 ], [ 363939.684445658349432, 6928834.119322406128049 ], [ 363938.584849589853548, 6928835.980242765508592 ], [ 363937.672217511862982, 6928837.939640322700143 ], [ 363936.955271778802853, 6928839.97878840751946 ], [ 363936.440864500007592, 6928842.07819814607501 ], [ 363936.133912051678635, 6928844.217804719693959 ], [ 363935.198644875199534, 6928854.181902832351625 ], [ 363935.125921806495171, 6928854.956682802177966 ], [ 363931.375134308240376, 6928858.029069744050503 ], [ 363931.229982708231546, 6928858.149004332721233 ], [ 363920.414056524692569, 6928867.163664357736707 ], [ 363909.546680291241501, 6928876.180508445948362 ], [ 363909.508886003517546, 6928876.211937999352813 ], [ 363898.693077935953625, 6928885.226669839583337 ], [ 363887.860510138154496, 6928894.21480262838304 ], [ 363877.056274997943547, 6928903.105293873697519 ], [ 363876.986619790142868, 6928903.162850230000913 ], [ 363866.100644330203068, 6928912.195467466488481 ], [ 363864.492421147297136, 6928913.669758944772184 ], [ 363863.037327360885683, 6928915.295372441411018 ], [ 363861.749531113076955, 6928917.056479478254914 ], [ 363860.641571581829339, 6928918.935932283289731 ], [ 363859.724236888054293, 6928920.915430761873722 ], [ 363859.006459052674472, 6928922.975700682960451 ], [ 363858.495227025996428, 6928925.096681348979473 ], [ 363858.485338153433986, 6928925.167984808795154 ], [ 363858.401487511757296, 6928925.164254037663341 ], [ 363856.244485945731867, 6928925.279269559308887 ], [ 363854.109001388656907, 6928925.604215757921338 ], [ 363852.015416127804201, 6928926.135991163551807 ], [ 363849.983712539484259, 6928926.869520205073059 ], [ 363848.033282365999185, 6928927.797801662236452 ], [ 363846.182741629658267, 6928928.911975486204028 ], [ 363844.449752950866241, 6928930.201407362706959 ], [ 363833.610944954387378, 6928939.120684713125229 ], [ 363831.99875078041805, 6928940.586400731466711 ], [ 363830.538651508104522, 6928942.20368351880461 ], [ 363829.244826910260599, 6928943.956826813519001 ], [ 363828.129841981164645, 6928945.828804940916598 ], [ 363827.204524911474437, 6928947.801438161171973 ], [ 363826.477861929917708, 6928949.85556922107935 ], [ 363825.956910033361055, 6928951.971249400638044 ], [ 363825.646728452877142, 6928954.127932243980467 ], [ 363824.711850403109565, 6928964.092066218145192 ], [ 363823.776978964335285, 6928974.056218925863504 ], [ 363822.843673168332316, 6928984.003773564472795 ], [ 363822.769540273409802, 6928984.781303003430367 ], [ 363818.925385558046401, 6928987.985579558648169 ], [ 363817.334704694396351, 6928989.449026644229889 ], [ 363815.894520062254742, 6928991.060799336060882 ], [ 363814.618595457577612, 6928992.805493975989521 ], [ 363813.519124848709907, 6928994.666436576284468 ], [ 363812.606615839060396, 6928996.625842172652483 ], [ 363811.889789246371947, 6928998.664984791539609 ], [ 363811.37549575814046, 6929000.764376414939761 ], [ 363811.068650459812488, 6929002.903953230008483 ], [ 363810.133842867973726, 6929012.868092314340174 ], [ 363809.199041887302883, 6929022.832250125706196 ], [ 363809.102616038813721, 6929024.999879017472267 ], [ 363809.219119292392861, 6929027.166521568782628 ], [ 363809.547429658006877, 6929029.311311829835176 ], [ 363810.084385327470955, 6929031.413594295270741 ], [ 363810.82481512404047, 6929033.453122837468982 ], [ 363811.761588304012548, 6929035.410255680792034 ], [ 363812.885683229658753, 6929037.266144565306604 ], [ 363814.186274252308067, 6929039.002916269004345 ], [ 363815.650835969427135, 6929040.603844728320837 ], [ 363817.265263851091731, 6929042.053512129001319 ], [ 363819.014010074199177, 6929043.337957380339503 ], [ 363820.880233256786596, 6929044.444810573011637 ], [ 363822.845960649312474, 6929045.363412105478346 ], [ 363824.892261222412344, 6929046.084915341809392 ], [ 363826.999427983013447, 6929046.602371813729405 ], [ 363829.147167763323523, 6929046.910798130556941 ], [ 363831.314796655089594, 6929047.007223978638649 ], [ 363833.481439207214862, 6929046.890720725059509 ], [ 363835.626229467452504, 6929046.562410359270871 ], [ 363837.728511933237314, 6929046.025454690679908 ], [ 363839.768040475086309, 6929045.285024893470109 ], [ 363841.725173318292946, 6929044.348251713439822 ], [ 363843.581062203680631, 6929043.224156787618995 ], [ 363845.317833906738088, 6929041.923565765842795 ], [ 363846.918762366578449, 6929040.459004048258066 ], [ 363848.368429766967893, 6929038.844576166942716 ], [ 363849.652875018306077, 6929037.095829943194985 ], [ 363850.759728210803587, 6929035.229606760665774 ], [ 363851.678329742979258, 6929033.263879368081689 ], [ 363852.399832980125211, 6929031.217578795738518 ], [ 363852.917289451463148, 6929029.110412035137415 ], [ 363853.225715768407099, 6929026.96267225407064 ], [ 363854.160515029798262, 6929016.998532769270241 ] ] ] } },
{ "type": "Feature", "properties": { "id": "24", "_id": 25, "width": 82.5, "depth": 28.17, "manning_n": 0.6508 }, "geometry": { "type": "Polygon", "coordinates": [ [ [ 365419.738380673516076, 6928562.318979299627244 ], [ 365427.569929727411363, 6928571.791561457328498 ], [ 365430.302041857095901, 6928574.783842083998024 ], [ 365433.314546288747806, 6928577.49363858718425 ], [ 365436.578375714831054, 6928579.894804452545941 ], [ 365440.06203782215016, 6928581.964171109721065 ], [ 365443.731919157435186, 6928583.681771477684379 ], [ 365447.552609459497035, 6928585.031032628379762 ], [ 365451.487243328883778, 6928585.998935698531568 ], [ 365455.497855937806889, 6928586.576141501776874 ], [ 365465.449252505553886, 6928587.51236975658685 ], [ 365475.40051789523568, 6928588.448616007342935 ], [ 365479.458551936841104, 6928588.629520894028246 ], [ 365483.514703097403981, 6928588.410421319305897 ], [ 365487.529638127482031, 6928587.793441930785775 ], [ 365491.464423458091915, 6928586.784565693698823 ], [ 365495.280902746831998, 6928585.393575865775347 ], [ 365498.942066886869725, 6928583.633961135521531 ], [ 365502.412412891048007, 6928581.522784811444581 ], [ 365503.089229373959824, 6928581.013533725403249 ], [ 365506.062711554463021, 6928581.295397699810565 ], [ 365506.545715452055447, 6928581.338319974951446 ], [ 365516.265123590419535, 6928582.144488380290568 ], [ 365519.068216038809624, 6928582.408254845067859 ], [ 365519.704387003323063, 6928583.105045546777546 ], [ 365522.716819916735403, 6928585.814931216649711 ], [ 365525.98058729438344, 6928588.216192323714495 ], [ 365529.464197321329266, 6928590.285659303888679 ], [ 365533.134036939532962, 6928592.003364044241607 ], [ 365536.954696177504957, 6928593.352732558734715 ], [ 365540.889309817983303, 6928594.320744904689491 ], [ 365544.899913107219618, 6928594.898060811683536 ], [ 365554.851246371748857, 6928595.834555635228753 ], [ 365564.802448464091867, 6928596.77106845099479 ], [ 365567.796114257129375, 6928596.904605407267809 ], [ 365568.586754626245238, 6928597.762842486612499 ], [ 365571.590479967766441, 6928600.444037264212966 ], [ 365574.84128962556133, 6928602.819623071700335 ], [ 365578.30821239965735, 6928604.866967166773975 ], [ 365581.958218131505419, 6928606.566564036533237 ], [ 365585.75653238967061, 6928607.902221237309277 ], [ 365589.666967773984652, 6928608.861213660798967 ], [ 365593.652268680685665, 6928609.434404768049717 ], [ 365633.405754516308662, 6928613.18322238791734 ], [ 365637.44975127116777, 6928613.365066525526345 ], [ 365641.492098918650299, 6928613.149654035456479 ], [ 365645.493867441080511, 6928612.539059459231794 ], [ 365649.416517620091327, 6928611.539163156412542 ], [ 365653.222272189974319, 6928610.1595946745947 ], [ 365656.874479653895833, 6928608.413640011101961 ], [ 365660.337967257422861, 6928606.318113666027784 ], [ 365663.579379721661098, 6928603.893196702934802 ], [ 365666.567500472592656, 6928601.162242396734655 ], [ 365669.273552273865789, 6928598.151551331393421 ], [ 365671.671474367496558, 6928594.890118106268346 ], [ 365673.738173452788033, 6928591.409352108836174 ], [ 365675.453746087732725, 6928587.74277501553297 ], [ 365676.801670370157808, 6928583.925697970204055 ], [ 365677.76896505226614, 6928579.994881509803236 ], [ 365678.346314557536971, 6928575.988181547261775 ], [ 365678.528158694622107, 6928571.944184792228043 ], [ 365678.31274620507611, 6928567.901837144978344 ], [ 365677.702151628909633, 6928563.900068622082472 ], [ 365676.702255325682927, 6928559.977418443188071 ], [ 365675.322686843399424, 6928556.171663873828948 ], [ 365673.576732180663384, 6928552.519456409849226 ], [ 365671.481205835414585, 6928549.055968806147575 ], [ 365669.056288871797733, 6928545.814556341618299 ], [ 365666.325334565772209, 6928542.826435591094196 ], [ 365663.314643500198144, 6928540.120383789762855 ], [ 365660.053210275887977, 6928537.72246169578284 ], [ 365656.572444277640898, 6928535.655762610957026 ], [ 365652.905867184745148, 6928533.940189975313842 ], [ 365649.088790139066987, 6928532.592265693470836 ], [ 365645.157973679190036, 6928531.62497101072222 ], [ 365641.151273716299329, 6928531.047621506266296 ], [ 365618.327457656618208, 6928528.895298961549997 ], [ 365611.300191421702038, 6928520.394819842651486 ], [ 365608.564579290745314, 6928517.398831294849515 ], [ 365605.54789225186687, 6928514.686061415821314 ], [ 365602.279311263235286, 6928512.28275131713599 ], [ 365598.790453898720443, 6928510.212148652411997 ], [ 365595.115068505052477, 6928508.494282732717693 ], [ 365591.288707748404704, 6928507.145770787261426 ], [ 365587.348384706885554, 6928506.179657213389874 ], [ 365583.332214836264029, 6928505.605287403799593 ], [ 365579.279047272342723, 6928505.428217340260744 ], [ 365575.228089036478195, 6928505.650159854441881 ], [ 365571.218525778618641, 6928506.268968055024743 ], [ 365567.289142727735452, 6928507.278656099922955 ], [ 365563.477949515043292, 6928508.669457093812525 ], [ 365563.013930597400758, 6928508.892632243223488 ], [ 365562.546613326587249, 6928508.548656642436981 ], [ 365559.066672449291218, 6928506.479951832443476 ], [ 365555.400706773158163, 6928504.762330290861428 ], [ 365551.584027047734708, 6928503.412336226552725 ], [ 365547.65339570742799, 6928502.442972844466567 ], [ 365543.646672773582395, 6928501.863577097654343 ], [ 365533.74684543517651, 6928500.925056802108884 ], [ 365523.766834708745591, 6928499.985943871550262 ], [ 365523.312086554884445, 6928499.945690223015845 ], [ 365513.606821059365757, 6928499.140694867819548 ], [ 365503.948348697449546, 6928498.225143590010703 ], [ 365493.96831709810067, 6928497.286119770258665 ], [ 365489.910252870351542, 6928497.105190409347415 ], [ 365485.854069429042283, 6928497.324271674267948 ], [ 365481.83910094172461, 6928497.94123906083405 ], [ 365477.904281900788192, 6928498.950109629891813 ], [ 365475.205318404419813, 6928499.93379105720669 ], [ 365473.130029339401517, 6928497.42366448789835 ], [ 365470.400426991051063, 6928494.433899015188217 ], [ 365467.390900278347544, 6928491.72609999589622 ], [ 365464.130436921026558, 6928489.326348912902176 ], [ 365460.650441657111514, 6928487.257760136388242 ], [ 365456.984433753183112, 6928485.540258284658194 ], [ 365453.167724146740511, 6928484.190386311151087 ], [ 365449.237075332319364, 6928483.221146165393293 ], [ 365445.230347265023738, 6928482.641873553395271 ], [ 365435.330420856946148, 6928481.703644852153957 ], [ 365431.286509190918878, 6928481.519918204285204 ], [ 365427.244061704259366, 6928481.733448907732964 ], [ 365423.242009376059286, 6928482.342180544510484 ], [ 365419.31889415794285, 6928483.340250696986914 ], [ 365415.512497794057708, 6928484.718047403730452 ], [ 365411.859477962250821, 6928486.462301729246974 ], [ 365408.39501524035586, 6928488.556215550750494 ], [ 365405.15247429831652, 6928490.97962333355099 ], [ 365402.163082577986643, 6928493.709186336025596 ], [ 365399.455629555683117, 6928496.718617375008762 ], [ 365397.056189484137576, 6928499.97893398348242 ], [ 365394.987870282900985, 6928503.458737529814243 ], [ 365393.270590996544342, 6928507.124515605159104 ], [ 365391.920889963279478, 6928510.940964762121439 ], [ 365390.951765541976783, 6928514.871330508030951 ], [ 365390.372550930595025, 6928518.877761273644865 ], [ 365390.188824282377027, 6928522.921672939322889 ], [ 365390.40235498547554, 6928526.964120426215231 ], [ 365391.011086622427683, 6928530.966172754764557 ], [ 365392.009156774787698, 6928534.889287972822785 ], [ 365393.386953481473029, 6928538.695684336125851 ], [ 365395.131207806989551, 6928542.348704168573022 ], [ 365397.225121628609486, 6928545.81316689029336 ], [ 365399.648529411642812, 6928549.055707831867039 ], [ 365402.378092414408457, 6928552.045099552720785 ], [ 365405.387523452925961, 6928554.752552574500442 ], [ 365408.647840061283205, 6928557.151992646045983 ], [ 365412.127643608255312, 6928559.220311847515404 ], [ 365415.793421683425549, 6928560.937591133639216 ], [ 365419.609870839980431, 6928562.287292167544365 ], [ 365419.738380673516076, 6928562.318979299627244 ] ] ] } },
{ "type": "Feature", "properties": { "id": "25", "_id": 26, "width": 82.7, "depth": 17.9, "manning_n": 0.6371 }, "geometry": { "type": "Polygon", "coordinates": [ [ [ 365597.013237420178484, 6928581.524459761567414 ], [ 365598.129676178272348, 6928585.426732479594648 ], [ 365599.623314632684924, 6928589.200750502757728 ], [ 365601.47976155258948, 6928592.810151103883982 ], [ 365603.681130041368306, 6928596.22015765029937 ], [ 365606.206209877505898, 6928599.397914672270417 ], [ 365609.030671875283588, 6928602.312804428860545 ], [ 365612.127302296983544, 6928604.936741909012198 ], [ 365615.466265057621058, 6928607.24444543197751 ], [ 365619.015389196167234, 6928609.213680237531662 ], [ 365622.740478843275923, 6928610.82547271437943 ], [ 365626.605642698996235, 6928612.064293216913939 ], [ 365630.573639846115839, 6928612.918205687776208 ], [ 365634.606238566921093, 6928613.378982667811215 ], [ 365638.664584706595633, 6928613.442184562794864 ], [ 365642.709576033288613, 6928613.107202420942485 ], [ 365646.70223898923723, 6928612.377263801172376 ], [ 365650.604104201309383, 6928611.259401674382389 ], [ 365654.377577134000603, 6928609.764386659488082 ], [ 365657.986300313728862, 6928607.906623251736164 ], [ 365661.395503633364569, 6928605.704011030495167 ], [ 365664.572339362872299, 6928603.177772202529013 ], [ 365667.486198637925554, 6928600.352247119881213 ], [ 365670.10900637647137, 6928597.254659762606025 ], [ 365672.41549178288551, 6928593.914855436421931 ], [ 365684.196070876263548, 6928574.926566373556852 ], [ 365686.127880293119233, 6928571.450001768767834 ], [ 365687.716748558741529, 6928567.803923504427075 ], [ 365688.947976289724465, 6928564.022063202224672 ], [ 365689.810172807017807, 6928560.13940866664052 ], [ 365690.295361516647972, 6928556.191880200989544 ], [ 365690.399053704866674, 6928552.215998285450041 ], [ 365690.120290065358859, 6928548.248545713722706 ], [ 365689.461649574514013, 6928544.326227295212448 ], [ 365688.429225631756708, 6928540.485330280847847 ], [ 365687.03256968682399, 6928536.761388652957976 ], [ 365685.284602874598932, 6928533.18885438516736 ], [ 365683.201496475492604, 6928529.800778706558049 ], [ 365680.802522306970786, 6928526.62850633263588 ], [ 365671.796142834762577, 6928515.839518169872463 ], [ 365669.060876114701387, 6928512.870382412336767 ], [ 365666.049113377986941, 6928510.182123423554003 ], [ 365662.789561731100548, 6928507.800364779308438 ], [ 365659.313290120568126, 6928505.74780860170722 ], [ 365655.653433194500394, 6928504.044019160792232 ], [ 365651.844875474227592, 6928502.705236405134201 ], [ 365647.923918846936431, 6928501.744221160188317 ], [ 365643.927936548250727, 6928501.170133497565985 ], [ 365633.976601834176108, 6928500.233395527116954 ], [ 365629.859901997202542, 6928500.052111849188805 ], [ 365625.745600245078094, 6928500.281464007683098 ], [ 365621.674555309291463, 6928500.919174326583743 ], [ 365617.687196342041716, 6928501.958909766748548 ], [ 365613.823121418245137, 6928503.390344817191362 ], [ 365610.120704291097354, 6928505.199264034628868 ], [ 365606.616713305702433, 6928507.367703218944371 ], [ 365603.345946256478783, 6928509.874127809889615 ], [ 365600.340884813631419, 6928512.693646747618914 ], [ 365597.631371950672474, 6928515.798259665258229 ], [ 365595.24431557697244, 6928519.157134951092303 ], [ 365593.203421317681205, 6928522.736915942281485 ], [ 365591.52895709569566, 6928526.502052180469036 ], [ 365590.237551852595061, 6928530.41515246219933 ], [ 365589.342030408675782, 6928534.437356169335544 ], [ 365588.851286100340076, 6928538.528719187714159 ], [ 365588.770192461786792, 6928542.648610586300492 ], [ 365589.099554826039821, 6928546.75611612573266 ], [ 365589.836102327273693, 6928550.810444565489888 ], [ 365597.013237420178484, 6928581.524459761567414 ] ] ] } },
{ "type": "Feature", "properties": { "id": "26", "_id": 27, "width": 17.56, "depth": 31.98, "manning_n": 0.5111 }, "geometry": { "type": "Polygon", "coordinates": [ [ [ 365686.410481026745401, 6928676.905900564976037 ], [ 365687.349242447817232, 6928666.96047193184495 ], [ 365687.388026484346483, 6928666.100289922207594 ], [ 365687.342367312696297, 6928665.24044544249773 ], [ 365687.212704071600456, 6928664.389208263717592 ], [ 365687.000283830217086, 6928663.554765376262367 ], [ 365686.707149594265502, 6928662.74514224845916 ], [ 365686.336120656749699, 6928661.96812563482672 ], [ 365685.890765482850838, 6928661.231188690289855 ], [ 365685.375367389351595, 6928660.54141909442842 ], [ 365676.364866595307831, 6928649.641011828556657 ], [ 365676.337906772154383, 6928649.608556437306106 ], [ 365669.676499757217243, 6928641.628357643261552 ], [ 365670.273118323239032, 6928635.307434166781604 ], [ 365670.277221066411585, 6928635.262746936641634 ], [ 365671.163537247106433, 6928625.330220942385495 ], [ 365672.1057096956647, 6928615.50694050733 ], [ 365672.145785937143955, 6928614.645151235163212 ], [ 365672.101091770455241, 6928613.783589114435017 ], [ 365671.972058716870379, 6928612.930572510696948 ], [ 365671.759932587796357, 6928612.094337279908359 ], [ 365671.466761456395034, 6928611.282957255840302 ], [ 365671.095375883742236, 6928610.504266295582056 ], [ 365670.649361589574255, 6928609.76578264310956 ], [ 365670.133024832291994, 6928609.074636342935264 ], [ 365661.672415435838047, 6928598.839693577960134 ], [ 365645.005709060176741, 6928567.946626162156463 ], [ 365644.55988706293283, 6928567.209302501752973 ], [ 365644.043941463867668, 6928566.519227454438806 ], [ 365643.46284110104898, 6928565.883046817965806 ], [ 365642.822182288684417, 6928565.306887362152338 ], [ 365642.128134921367746, 6928564.79629781562835 ], [ 365641.387383054592647, 6928564.356195435859263 ], [ 365640.607060533831827, 6928563.990818649530411 ], [ 365639.794682291510981, 6928563.703686233609915 ], [ 365638.958071974164341, 6928563.497563431039453 ], [ 365638.105286596459337, 6928563.374435316771269 ], [ 365637.244538947881665, 6928563.335487682372332 ], [ 365636.38411849871045, 6928563.3810956152156 ], [ 365635.532311568269506, 6928563.51081988401711 ], [ 365634.697321522922721, 6928563.72341117542237 ], [ 365633.887189773318823, 6928564.016822117380798 ], [ 365633.109718331019394, 6928564.388227003626525 ], [ 365632.37239467096515, 6928564.834049000404775 ], [ 365631.682319623185322, 6928565.349994599819183 ], [ 365631.046138987527229, 6928565.93109496217221 ], [ 365630.469979531364515, 6928566.571753774769604 ], [ 365629.959389985189773, 6928567.26580114196986 ], [ 365629.519287605362479, 6928568.006553009152412 ], [ 365629.153910818509758, 6928568.78687552921474 ], [ 365628.866778402763885, 6928569.599253771826625 ], [ 365628.66065560025163, 6928570.435864089056849 ], [ 365628.537527486274485, 6928571.288649466820061 ], [ 365628.498579851875547, 6928572.14939711522311 ], [ 365628.544187784020323, 6928573.009817564859986 ], [ 365628.67391205340391, 6928573.861624495126307 ], [ 365628.886503344401717, 6928574.696614540182054 ], [ 365629.179914286651183, 6928575.506746290251613 ], [ 365629.551319172431249, 6928576.284217732027173 ], [ 365646.627946544613224, 6928607.937106356024742 ], [ 365647.072988219500985, 6928608.673271709121764 ], [ 365647.587934114912059, 6928609.362352433614433 ], [ 365654.278216222010087, 6928617.455700234510005 ], [ 365653.680977395386435, 6928623.682632988318801 ], [ 365653.675618309003767, 6928623.740524037741125 ], [ 365652.788712691515684, 6928633.679655571468174 ], [ 365651.850381815398578, 6928643.620877655223012 ], [ 365651.811623315967154, 6928644.486330115236342 ], [ 365651.85834343143506, 6928645.351389311254025 ], [ 365651.990087308455259, 6928646.207633279263973 ], [ 365652.205572327016853, 6928647.046725878491998 ], [ 365652.502700587850995, 6928647.860497945919633 ], [ 365652.87857933685882, 6928648.641026835888624 ], [ 365653.329549128131475, 6928649.380713546648622 ], [ 365653.851219451404177, 6928650.072356702759862 ], [ 365662.843765942961909, 6928660.845202214084566 ], [ 365669.525440669967793, 6928668.928324053063989 ], [ 365668.926478364213835, 6928675.273852034471929 ], [ 365668.923131536575966, 6928675.310112572275102 ], [ 365668.387983552587684, 6928681.242461324669421 ], [ 365668.352772095764522, 6928682.103369906544685 ], [ 365668.402113988937344, 6928682.963584304787219 ], [ 365668.535534042865038, 6928683.814820183441043 ], [ 365668.751747349335346, 6928684.648879677057266 ], [ 365669.048671656055376, 6928685.457730337046087 ], [ 365669.423447419656441, 6928686.233582487329841 ], [ 365669.872465344669763, 6928686.968964248895645 ], [ 365670.391401142987888, 6928687.656793493777514 ], [ 365670.975257179234177, 6928688.290446050465107 ], [ 365671.618410600582138, 6928688.863819496706128 ], [ 365672.314667487982661, 6928689.371391934342682 ], [ 365673.057322507025674, 6928689.808275163173676 ], [ 365673.839223483926617, 6928690.170261758379638 ], [ 365674.652840284805279, 6928690.453865591436625 ], [ 365675.490337335097138, 6928690.656355402432382 ], [ 365676.343649080372415, 6928690.775781104341149 ], [ 365677.204557662131265, 6928690.810992561280727 ], [ 365678.064772060024552, 6928690.761650667525828 ], [ 365678.916007939260453, 6928690.628230613656342 ], [ 365679.750067432876676, 6928690.412017307244241 ], [ 365680.55891809205059, 6928690.115093000233173 ], [ 365681.334770242800005, 6928689.740317236632109 ], [ 365682.070152004773263, 6928689.291299311444163 ], [ 365682.757981249538716, 6928688.772363513708115 ], [ 365683.391633805586025, 6928688.188507477752864 ], [ 365683.965007252350915, 6928687.545354056172073 ], [ 365684.472579690045677, 6928686.849097169004381 ], [ 365684.909462918702047, 6928686.106442149728537 ], [ 365685.271449514024425, 6928685.324541172944009 ], [ 365685.555053347139619, 6928684.510924371890724 ], [ 365685.757543158135377, 6928683.673427321948111 ], [ 365685.87696885940386, 6928682.82011557649821 ], [ 365686.410481026745401, 6928676.905900564976037 ] ] ] } },
{ "type": "Feature", "properties": { "id": "27", "_id": 28, "width": 33.34, "depth": 11.48, "manning_n": 0.1307 }, "geometry": { "type": "Polygon", "coordinates": [ [ [ 366462.039905821438879, 6928670.561664029024541 ], [ 366463.214359334262554, 6928669.422857213765383 ], [ 366464.271534945000894, 6928668.174417490139604 ], [ 366465.201251474558376, 6928666.828368014656007 ], [ 366465.994555244629737, 6928665.397671978920698 ], [ 366466.643806306121405, 6928663.896107769571245 ], [ 366467.142752016428858, 6928662.338136269710958 ], [ 366467.486587255611084, 6928660.738761596381664 ], [ 366467.672000702412333, 6928659.113386603072286 ], [ 366467.697206723911222, 6928657.477664537727833 ], [ 366467.561962572392076, 6928655.8473482998088 ], [ 366467.267570722906385, 6928654.238138725049794 ], [ 366466.816866329987533, 6928652.665533381514251 ], [ 366466.214189923251979, 6928651.144677318632603 ], [ 366465.465345605916809, 6928649.690217210911214 ], [ 366464.577545158215798, 6928648.31616030447185 ], [ 366463.559338583727367, 6928647.03573951870203 ], [ 366462.420531768351793, 6928645.861286005936563 ], [ 366461.172092044318561, 6928644.804110394790769 ], [ 366459.826042568543926, 6928643.874393865466118 ], [ 366458.395346533390693, 6928643.081090095452964 ], [ 366456.893782323750202, 6928642.431839033961296 ], [ 366455.3358108237735, 6928641.932893323712051 ], [ 366453.736436150735244, 6928641.589058084413409 ], [ 366452.111061157018412, 6928641.403644638136029 ], [ 366450.475339092314243, 6928641.378438616171479 ], [ 366448.845022854278795, 6928641.513682767748833 ], [ 366447.235813279519789, 6928641.808074617758393 ], [ 366445.663207935926039, 6928642.258779010735452 ], [ 366444.142351872578729, 6928642.861455417238176 ], [ 366442.687891764857341, 6928643.610299734398723 ], [ 366441.313834858650807, 6928644.498100182041526 ], [ 366440.03341407305561, 6928645.516306756995618 ], [ 366439.235454676207155, 6928646.217446161434054 ], [ 366438.06100116338348, 6928647.356252976693213 ], [ 366437.003825552645139, 6928648.604692700318992 ], [ 366436.074109023087658, 6928649.950742175802588 ], [ 366435.280805253016297, 6928651.381438211537898 ], [ 366434.631554191524629, 6928652.883002420887351 ], [ 366434.132608481217176, 6928654.440973920747638 ], [ 366433.788773242034949, 6928656.040348594076931 ], [ 366433.6033597952337, 6928657.66572358738631 ], [ 366433.578153773734812, 6928659.301445652730763 ], [ 366433.713397925253958, 6928660.931761890649796 ], [ 366434.007789774739649, 6928662.540971465408802 ], [ 366434.4584941676585, 6928664.113576808944345 ], [ 366435.061170574394055, 6928665.634432871825993 ], [ 366435.810014891729224, 6928667.088892979547381 ], [ 366436.697815339430235, 6928668.462949885986745 ], [ 366437.716021913918667, 6928669.743370671756566 ], [ 366438.85482872929424, 6928670.917824184522033 ], [ 366440.103268453327473, 6928671.974999795667827 ], [ 366441.449317929102108, 6928672.904716324992478 ], [ 366442.88001396425534, 6928673.698020095005631 ], [ 366444.381578173895832, 6928674.3472711564973 ], [ 366445.939549673872534, 6928674.846216866746545 ], [ 366447.53892434691079, 6928675.190052106045187 ], [ 366449.164299340627622, 6928675.375465552322567 ], [ 366450.80002140533179, 6928675.400671574287117 ], [ 366452.430337643367238, 6928675.265427422709763 ], [ 366454.039547218126245, 6928674.971035572700202 ], [ 366455.612152561719995, 6928674.520331179723144 ], [ 366457.133008625067305, 6928673.91765477322042 ], [ 366458.587468732788693, 6928673.168810456059873 ], [ 366459.961525638995226, 6928672.28101000841707 ], [ 366461.241946424590424, 6928671.262803433462977 ], [ 366462.039905821438879, 6928670.561664029024541 ] ] ] } },
{ "type": "Feature", "properties": { "id": "28", "_id": 29, "width": 64.87, "depth": 16.79, "manning_n": 0.5722 }, "geometry": { "type": "Polygon", "coordinates": [ [ [ 365022.205325199582148, 6928682.574750524945557 ], [ 365005.79937206779141, 6928681.027732201851904 ], [ 365002.619564392371103, 6928680.884764786809683 ], [ 364999.441055102855898, 6928681.054161453619599 ], [ 364996.29445498122368, 6928681.534290820360184 ], [ 364993.210067506704945, 6928682.320528979413211 ], [ 364990.217597016890068, 6928683.405304025858641 ], [ 364987.345862638379913, 6928684.778168983757496 ], [ 364984.622520743054338, 6928686.425902414135635 ], [ 364982.073798602214083, 6928688.332635741680861 ], [ 364979.724241803225596, 6928690.48000608291477 ], [ 364977.5964778624475, 6928692.847333087585866 ], [ 364975.71099830995081, 6928695.411818102002144 ], [ 364974.08596134436084, 6928698.148763734847307 ], [ 364972.737016960047185, 6928701.03181170206517 ], [ 364971.677156228863169, 6928704.033196676522493 ], [ 364970.916586189065129, 6928707.124013680033386 ], [ 364970.46263154578628, 6928710.274496455676854 ], [ 364970.319664130511228, 6928713.454304130747914 ], [ 364970.489060797553975, 6928716.632813420146704 ], [ 364970.969190164352767, 6928719.779413541778922 ], [ 364971.755428322765511, 6928722.86380101647228 ], [ 364972.84020336944377, 6928725.856271506287158 ], [ 364974.213068327750079, 6928728.728005884215236 ], [ 364975.860801757546142, 6928731.451347779482603 ], [ 364977.76753508526599, 6928734.000069920904934 ], [ 364979.914905426558107, 6928736.34962671995163 ], [ 364982.282232431229204, 6928738.477390660904348 ], [ 364984.846717446052935, 6928740.362870212644339 ], [ 364987.583663078490645, 6928741.98790717869997 ], [ 364990.466711045941338, 6928743.336851563304663 ], [ 364993.468096020398661, 6928744.396712293848395 ], [ 364996.558913023851346, 6928745.157282333821058 ], [ 364999.709395798970945, 6928745.611236977390945 ], [ 365019.560040325275622, 6928747.483076458796859 ], [ 365029.52215739863459, 6928748.419034153223038 ], [ 365032.704138837580103, 6928748.560905599035323 ], [ 365035.884692808613181, 6928748.389996784739196 ], [ 365039.033147973241284, 6928747.907955851405859 ], [ 365042.119142534735147, 6928747.119431310333312 ], [ 365045.112917028483935, 6928746.032027215696871 ], [ 365047.98560130444821, 6928744.656229834072292 ], [ 365050.709492933412548, 6928743.005306522361934 ], [ 365053.258324352500495, 6928741.095177788287401 ], [ 365053.790223583113402, 6928740.654170177876949 ], [ 365060.26215262588812, 6928741.262281979434192 ], [ 365070.201884664595127, 6928742.19625610485673 ], [ 365080.090161758824252, 6928743.132349899038672 ], [ 365080.469970365578774, 6928743.166053970344365 ], [ 365090.237648340407759, 6928743.974997346289456 ], [ 365096.558784689172171, 6928744.56901247240603 ], [ 365096.960090557404328, 6928745.105911639519036 ], [ 365105.972287804819643, 6928756.004855287261307 ], [ 365108.1207874979591, 6928758.357584891840816 ], [ 365110.489753569709137, 6928760.488168678246439 ], [ 365113.056327061203774, 6928762.37604792136699 ], [ 365115.795742232585326, 6928764.003005831502378 ], [ 365118.681565535836853, 6928765.353343338705599 ], [ 365121.685950681217946, 6928766.414030577987432 ], [ 365124.779907335410826, 6928767.174832618795335 ], [ 365127.933580859156791, 6928767.628408221527934 ], [ 365137.884559341939166, 6928768.563650316558778 ], [ 365144.432772746076807, 6928769.179103707894683 ], [ 365144.780898060533218, 6928769.600122394040227 ], [ 365146.929370291763917, 6928771.952885824255645 ], [ 365149.298312777420506, 6928774.083505495451391 ], [ 365151.864866693853401, 6928775.971422252245247 ], [ 365154.604266389564145, 6928777.598418869078159 ], [ 365157.490078358794563, 6928778.948795840144157 ], [ 365160.494456308195367, 6928780.009522866457701 ], [ 365163.588409856369253, 6928780.770364589057863 ], [ 365166.742084272904322, 6928781.22397935949266 ], [ 365176.693005801178515, 6928782.159336851909757 ], [ 365179.87501062056981, 6928782.301351919770241 ], [ 365183.055601789150387, 6928782.130580820143223 ], [ 365186.204107036814094, 6928781.648670396767557 ], [ 365189.290163516299799, 6928780.860267989337444 ], [ 365191.94538915483281, 6928779.895955570973456 ], [ 365192.470626482914668, 6928780.261624919250607 ], [ 365211.428808676253539, 6928791.984962237067521 ], [ 365214.214912371477112, 6928793.52419670112431 ], [ 365217.1384715763852, 6928794.782933413051069 ], [ 365220.171330817509443, 6928795.749050050973892 ], [ 365223.284282002481632, 6928796.413242382928729 ], [ 365226.447345709719229, 6928796.769113874994218 ], [ 365229.630059906572569, 6928796.813237288035452 ], [ 365232.8017733154702, 6928796.545187692157924 ], [ 365235.931940602429677, 6928795.967546548694372 ], [ 365238.990416545420885, 6928795.085876859724522 ], [ 365241.947746349149384, 6928793.908669585362077 ], [ 365244.775449311011471, 6928792.447261876426637 ], [ 365247.446293105604127, 6928790.71572788618505 ], [ 365249.934556047199294, 6928788.730743234045804 ], [ 365252.21627480344614, 6928786.511424408294261 ], [ 365254.269475175417028, 6928784.079144661314785 ], [ 365256.074383721163031, 6928781.457328177057207 ], [ 365257.613618184695952, 6928778.671224481426179 ], [ 365258.872354896680918, 6928775.747665276750922 ], [ 365259.838471534487326, 6928772.714806036092341 ], [ 365260.502663866791409, 6928769.601854850538075 ], [ 365260.858535358333029, 6928766.438791143707931 ], [ 365260.902658772130962, 6928763.256076946854591 ], [ 365260.634609175554942, 6928760.084363537840545 ], [ 365260.056968032789882, 6928756.954196250997484 ], [ 365259.175298343761824, 6928753.895720307715237 ], [ 365257.998091069574002, 6928750.938390503637493 ], [ 365256.536683359765448, 6928748.110687542706728 ], [ 365254.805149369582068, 6928745.439843747764826 ], [ 365252.820164717792068, 6928742.951580805703998 ], [ 365250.600845891691279, 6928740.669862049631774 ], [ 365248.168566144886427, 6928738.61666167806834 ], [ 365245.546749660803471, 6928736.811753132380545 ], [ 365231.126524023478851, 6928727.894591791555285 ], [ 365225.514570692728739, 6928721.10738642141223 ], [ 365223.368106626789086, 6928718.75655959919095 ], [ 365221.001535595802125, 6928716.627466766163707 ], [ 365218.437653647444677, 6928714.740616456605494 ], [ 365215.70115743111819, 6928713.114183797501028 ], [ 365212.818406307080295, 6928711.763835437595844 ], [ 365209.817168439156376, 6928710.702578637748957 ], [ 365206.726353317382745, 6928709.9406359763816 ], [ 365203.575733286619652, 6928709.485346884466708 ], [ 365193.676342946127988, 6928708.547840107232332 ], [ 365190.491599568806123, 6928708.403608062304556 ], [ 365187.308080387650989, 6928708.572720112279058 ], [ 365184.156540591386147, 6928709.053542506881058 ], [ 365181.067426423949655, 6928709.84143013972789 ], [ 365178.387520285032224, 6928710.813776798546314 ], [ 365175.788954116113018, 6928709.286426044069231 ], [ 365172.856898077530786, 6928707.935326901264489 ], [ 365169.805052594165318, 6928706.882397343404591 ], [ 365166.663652206363622, 6928706.138068711385131 ], [ 365163.463818672171328, 6928705.709715046919882 ], [ 365153.885810069972649, 6928704.910123753361404 ], [ 365153.872981642314699, 6928704.860203900374472 ], [ 365152.774854279414285, 6928701.854173281230032 ], [ 365151.385831526771653, 6928698.970994551666081 ], [ 365149.719436312152538, 6928696.238737100735307 ], [ 365147.791891942033544, 6928693.684001010842621 ], [ 365138.78412773628952, 6928682.896420520730317 ], [ 365136.637524414923973, 6928680.56700726877898 ], [ 365134.273934766009916, 6928678.458093831315637 ], [ 365131.715902297059074, 6928676.589794657193124 ], [ 365128.987825077201705, 6928674.979929259978235 ], [ 365126.115723032853566, 6928673.643852255307138 ], [ 365123.126989774114918, 6928672.594306913204491 ], [ 365120.050131319498178, 6928671.841303615830839 ], [ 365116.914494210155681, 6928671.39202437736094 ], [ 365113.749985607923009, 6928671.250754344277084 ], [ 365110.586788045824505, 6928671.418840927071869 ], [ 365107.455071552540176, 6928671.894680943340063 ], [ 365104.384705895674415, 6928672.67373591568321 ], [ 365101.404975689307321, 6928673.748575351200998 ], [ 365098.544301082321908, 6928675.108947619795799 ], [ 365095.829966691846494, 6928676.741877726279199 ], [ 365093.287861367629375, 6928678.631791067309678 ], [ 365092.731273590005003, 6928679.08942758012563 ], [ 365086.014072540041525, 6928678.533119795843959 ], [ 365076.304345784126781, 6928677.61392883118242 ], [ 365066.33074917353224, 6928676.676764748990536 ], [ 365056.390717177360784, 6928675.742792737670243 ], [ 365046.502321980718989, 6928674.806778063066304 ], [ 365043.317601914110128, 6928674.662689806893468 ], [ 365040.134119891212322, 6928674.831939735449851 ], [ 365036.982630167040043, 6928675.312892796471715 ], [ 365033.893577932845801, 6928676.100902709178627 ], [ 365030.896805197815411, 6928677.188356847502291 ], [ 365028.021262498747092, 6928678.564749782904983 ], [ 365025.294729220797308, 6928680.216784774325788 ], [ 365022.743545232980978, 6928682.128502218984067 ], [ 365022.205325199582148, 6928682.574750524945557 ] ] ] } },
{ "type": "Feature", "properties": { "id": "29", "_id": 30, "width": 84.43, "depth": 33.63, "manning_n": 0.6225 }, "geometry": { "type": "Polygon", "coordinates": [ [ [ 366009.002929830749054, 6928776.985968116670847 ], [ 366012.048895911488216, 6928774.177988811396062 ], [ 366014.804964731330983, 6928771.084973809309304 ], [ 366017.244593840907328, 6928767.736710535362363 ], [ 366019.344288278371096, 6928764.165444594807923 ], [ 366021.083826838410459, 6928760.405569232068956 ], [ 366022.446456813777331, 6928756.493294102139771 ], [ 366023.419055332895368, 6928752.46629655174911 ], [ 366023.992255740333349, 6928748.363358770497143 ], [ 366024.16053780290531, 6928744.223994291387498 ], [ 366023.92228087229887, 6928740.088067457079887 ], [ 366023.279779492993839, 6928735.99540950357914 ], [ 366022.239221304480452, 6928731.985434965230525 ], [ 366020.810627451050095, 6928728.096762087196112 ], [ 366019.007756072329357, 6928724.366840917617083 ], [ 366016.847969805297907, 6928720.831592633388937 ], [ 366014.352068572421558, 6928717.525063610635698 ], [ 366011.544089266855735, 6928714.479097530245781 ], [ 366008.451074264419731, 6928711.723028710111976 ], [ 366005.102810990298167, 6928709.283399600535631 ], [ 366001.531545050267596, 6928707.183705163188279 ], [ 365997.771669687528629, 6928705.444166602566838 ], [ 365993.859394557250198, 6928704.081536627374589 ], [ 365989.832397007499821, 6928703.108938108198345 ], [ 365985.729459226073232, 6928702.535737700760365 ], [ 365981.590094746788964, 6928702.36745563801378 ], [ 365977.45416791230673, 6928702.605712569318712 ], [ 365973.361509958980605, 6928703.248213948681951 ], [ 365969.351535420224536, 6928704.288772136904299 ], [ 365965.462862542888615, 6928705.717365990392864 ], [ 365961.732941372552887, 6928707.520237369462848 ], [ 365958.19769308908144, 6928709.680023635737598 ], [ 365954.891164065978955, 6928712.175924869254231 ], [ 365951.944072792597581, 6928714.636535982601345 ], [ 365948.898106711858418, 6928717.444515287876129 ], [ 365946.142037892015651, 6928720.537530289962888 ], [ 365943.702408782439306, 6928723.885793563909829 ], [ 365941.602714344975539, 6928727.457059504464269 ], [ 365939.863175784936175, 6928731.216934867203236 ], [ 365938.500545809569303, 6928735.129209997132421 ], [ 365937.527947290451266, 6928739.156207547523081 ], [ 365936.954746883013286, 6928743.259145328775048 ], [ 365936.786464820441324, 6928747.398509807884693 ], [ 365937.024721751047764, 6928751.534436642192304 ], [ 365937.667223130352795, 6928755.627094595693052 ], [ 365938.707781318866182, 6928759.637069134041667 ], [ 365940.136375172296539, 6928763.52574201207608 ], [ 365941.939246551017277, 6928767.255663181655109 ], [ 365944.099032818048727, 6928770.790911465883255 ], [ 365946.594934050925076, 6928774.097440488636494 ], [ 365949.402913356490899, 6928777.143406569026411 ], [ 365952.495928358926903, 6928779.899475389160216 ], [ 365955.844191633048467, 6928782.33910449873656 ], [ 365959.415457573079038, 6928784.438798936083913 ], [ 365963.175332935818005, 6928786.178337496705353 ], [ 365967.087608066096436, 6928787.540967471897602 ], [ 365971.114605615846813, 6928788.513565991073847 ], [ 365975.217543397273403, 6928789.086766398511827 ], [ 365979.356907876557671, 6928789.255048461258411 ], [ 365983.492834711039905, 6928789.01679152995348 ], [ 365987.585492664366029, 6928788.374290150590241 ], [ 365991.595467203122098, 6928787.333731962367892 ], [ 365995.484140080458019, 6928785.905138108879328 ], [ 365999.214061250793748, 6928784.102266729809344 ], [ 366002.749309534265194, 6928781.942480463534594 ], [ 366006.055838557367679, 6928779.44657923001796 ], [ 366009.002929830749054, 6928776.985968116670847 ] ] ] } },
{ "type": "Feature", "properties": { "id": "30", "_id": 31, "width": 52.74, "depth": 22.09, "manning_n": 0.7438 }, "geometry": { "type": "Polygon", "coordinates": [ [ [ 365253.798640509834513, 6928792.060312516056001 ], [ 365256.928067736269441, 6928795.84528845269233 ], [ 365257.008908498100936, 6928795.942587472498417 ], [ 365265.950749299605377, 6928806.65251911431551 ], [ 365274.846097754314542, 6928817.475401594303548 ], [ 365274.894828338059597, 6928817.53451634850353 ], [ 365283.906253576511517, 6928828.433921051211655 ], [ 365283.987092914641835, 6928828.531220827251673 ], [ 365292.993957360973582, 6928839.319307119585574 ], [ 365294.738487374328543, 6928841.212734914384782 ], [ 365296.659343168721534, 6928842.927018087357283 ], [ 365298.738214812066872, 6928844.44581579323858 ], [ 365300.955286137585063, 6928845.754650588147342 ], [ 365303.289423635113053, 6928846.841046429239213 ], [ 365305.718377899262123, 6928847.69464760273695 ], [ 365308.218995714792982, 6928848.307317433878779 ], [ 365310.767440756841097, 6928848.673215846531093 ], [ 365314.532704843033571, 6928849.027310711331666 ], [ 365326.258225392841268, 6928856.321905891411006 ], [ 365328.519974598020781, 6928857.57942337077111 ], [ 365330.894091129885055, 6928858.609195371158421 ], [ 365333.35771094833035, 6928859.401304624043405 ], [ 365335.88710804778384, 6928859.948122684843838 ], [ 365338.457922951492947, 6928860.244383397512138 ], [ 365341.045397306559607, 6928860.287233607843518 ], [ 365343.624612320505548, 6928860.076260645873845 ], [ 365346.170728742785286, 6928859.613496297039092 ], [ 365348.659226080402732, 6928858.903397234156728 ], [ 365351.066138743597548, 6928857.95280209928751 ], [ 365353.368286847777199, 6928856.770865643396974 ], [ 365355.543499448162038, 6928855.368970560841262 ], [ 365357.570828058349434, 6928853.760617868043482 ], [ 365359.430748395505361, 6928851.961296880617738 ], [ 365361.105348410084844, 6928849.98833604156971 ], [ 365362.578500788542442, 6928847.860736044123769 ], [ 365363.836018268077169, 6928845.598986838944256 ], [ 365364.865790268057026, 6928843.22487030737102 ], [ 365365.657899521116633, 6928840.761250489391387 ], [ 365366.204717582149897, 6928838.231853389181197 ], [ 365366.500978294294327, 6928835.661038485355675 ], [ 365366.543828504974954, 6928833.073564130812883 ], [ 365366.332855543238111, 6928830.494349116459489 ], [ 365365.870091193995904, 6928827.948232694528997 ], [ 365365.159992130938917, 6928825.45973535720259 ], [ 365364.209396996186115, 6928823.052822693251073 ], [ 365363.027460540586617, 6928820.750674589537084 ], [ 365361.625565458263736, 6928818.575461989268661 ], [ 365360.017212765233126, 6928816.548133378848433 ], [ 365358.217891777167097, 6928814.688213041983545 ], [ 365356.244930938759353, 6928813.013613027520478 ], [ 365354.117330941429827, 6928811.540460648946464 ], [ 365337.116642885259353, 6928800.964116799645126 ], [ 365334.9877072244999, 6928799.772593222558498 ], [ 365332.757763894624077, 6928798.782922456040978 ], [ 365330.445900149759836, 6928798.003575609996915 ], [ 365328.071904443902895, 6928797.441223522648215 ], [ 365326.556725048634689, 6928797.227636527270079 ], [ 365324.512609959638212, 6928794.779271715320647 ], [ 365315.565895890526008, 6928783.958135789260268 ], [ 365306.630281558027491, 6928773.086262213997543 ], [ 365306.500500667782035, 6928772.929594997316599 ], [ 365297.534004319051746, 6928762.190132609568536 ], [ 365288.562712924322113, 6928751.339545713737607 ], [ 365279.550991071446333, 6928740.440151520073414 ], [ 365277.804581834934652, 6928738.527530193328857 ], [ 365275.878970032325014, 6928736.795454922132194 ], [ 365273.792731388879474, 6928735.260634449310601 ], [ 365271.565991142590065, 6928733.9378746682778 ], [ 365269.220229902712163, 6928732.83993579633534 ], [ 365266.778076433984097, 6928731.977409278042614 ], [ 365264.263089364161715, 6928731.358615612611175 ], [ 365261.699529922159854, 6928730.989524095319211 ], [ 365259.112127898144536, 6928730.873695226386189 ], [ 365256.525843083509244, 6928731.012246367521584 ], [ 365253.965624492440838, 6928731.403840962797403 ], [ 365251.456169687036891, 6928732.044701430946589 ], [ 365249.021686528227292, 6928732.928645609878004 ], [ 365246.685659651062451, 6928734.047146387398243 ], [ 365244.470623915956821, 6928735.38941396586597 ], [ 365242.397947022807784, 6928736.942499944940209 ], [ 365239.927321954222862, 6928738.990710666403174 ], [ 365230.965205875865649, 6928738.14499110262841 ], [ 365228.379996472678613, 6928738.028577957302332 ], [ 365225.795825075765606, 6928738.166120206005871 ], [ 365223.237578668340575, 6928738.556293240748346 ], [ 365220.729894561809488, 6928739.195339484140277 ], [ 365218.29692312492989, 6928740.077104569412768 ], [ 365215.962095202645287, 6928741.193096618168056 ], [ 365213.747896464134101, 6928742.532568015158176 ], [ 365211.675650853780098, 6928744.08261892106384 ], [ 365209.76531522948062, 6928745.828321496024728 ], [ 365208.035287167702336, 6928747.752863670699298 ], [ 365206.502227784309071, 6928749.837711052969098 ], [ 365205.180901279323734, 6928752.06278542149812 ], [ 365204.084032749233302, 6928754.406658094376326 ], [ 365203.222185637569055, 6928756.846756296232343 ], [ 365202.603660003223922, 6928759.359580547548831 ], [ 365202.234412586141843, 6928761.920930976979434 ], [ 365202.117999440757558, 6928764.506140380166471 ], [ 365202.255541689402889, 6928767.09031177777797 ], [ 365202.645714724902064, 6928769.648558184504509 ], [ 365203.284760967770126, 6928772.15624229144305 ], [ 365204.16652605321724, 6928774.589213727973402 ], [ 365205.282518101565074, 6928776.924041650258005 ], [ 365206.621989499253687, 6928779.13824038952589 ], [ 365208.172040404519066, 6928781.210485999472439 ], [ 365209.917742979770992, 6928783.120821624062955 ], [ 365211.842285154969431, 6928784.850849685259163 ], [ 365213.927132536831778, 6928786.383909069001675 ], [ 365216.152206905477215, 6928787.705235574394464 ], [ 365218.496079578239005, 6928788.802104104310274 ], [ 365220.93617778015323, 6928789.663951215334237 ], [ 365223.449002031527925, 6928790.282476849853992 ], [ 365226.01035246119136, 6928790.651724266819656 ], [ 365245.860500576847699, 6928792.524904490448534 ], [ 365248.448609727434814, 6928792.641305624507368 ], [ 365251.035650558304042, 6928792.503182712942362 ], [ 365253.59665265242802, 6928792.111868933774531 ], [ 365253.798640509834513, 6928792.060312516056001 ] ] ] } },
{ "type": "Feature", "properties": { "id": "31", "_id": 32, "width": 68.32, "depth": 23.71, "manning_n": 0.1243 }, "geometry": { "type": "Polygon", "coordinates": [ [ [ 364967.146841464273166, 6929156.782773142680526 ], [ 364964.68411075649783, 6929159.038369364105165 ], [ 364962.441554603981785, 6929161.539793535135686 ], [ 364960.455550194543321, 6929164.249400049448013 ], [ 364958.745305941614788, 6929167.140981895849109 ], [ 364957.327363137039356, 6929170.186572016216815 ], [ 364956.215435965685174, 6929173.356713802553713 ], [ 364955.420278863341082, 6929176.620745996013284 ], [ 364954.949582500907127, 6929179.947099241428077 ], [ 364954.807899401173927, 6929183.303601420484483 ], [ 364954.996599907288328, 6929186.657788817770779 ], [ 364955.51385892892722, 6929189.977220106869936 ], [ 364956.35467359458562, 6929193.229790118522942 ], [ 364957.510911638324615, 6929196.384040356613696 ], [ 364958.971390054735821, 6929199.409463264979422 ], [ 364960.721983259078115, 6929202.276797289960086 ], [ 364962.745759708981495, 6929204.958309896290302 ], [ 364971.669436920259614, 6929215.645713212899864 ], [ 364971.145305592799559, 6929221.534542145207524 ], [ 364970.213394751248416, 6929231.274434996768832 ], [ 364970.058231778908521, 6929234.623145684599876 ], [ 364970.232047004217748, 6929237.970940046943724 ], [ 364970.733166491496377, 6929241.285576992668211 ], [ 364971.556764186068904, 6929244.535134756937623 ], [ 364972.694908392091747, 6929247.688318321481347 ], [ 364974.136638158524875, 6929250.71476080454886 ], [ 364975.868068839597981, 6929253.585315911099315 ], [ 364977.872525811428204, 6929256.272338625974953 ], [ 364980.130705057643354, 6929258.74995145201683 ], [ 364982.620859077607747, 6929260.994293622672558 ], [ 364985.31900632684119, 6929262.983750896528363 ], [ 364988.199162172386423, 6929264.699163712561131 ], [ 364991.233589139010292, 6929266.124011707492173 ], [ 364994.393064036208671, 6929267.244572815485299 ], [ 364997.647159393585753, 6929268.050055421888828 ], [ 365000.964536494051572, 6929268.532702286727726 ], [ 365004.313247182581108, 6929268.687865259125829 ], [ 365007.661041544692125, 6929268.51405003387481 ], [ 365010.975678490591235, 6929268.012930546887219 ], [ 365014.225236254453193, 6929267.189332852140069 ], [ 365017.378419818705879, 6929266.051188645884395 ], [ 365020.404862301948015, 6929264.609458879567683 ], [ 365023.27541740849847, 6929262.878028199076653 ], [ 365025.962440123606939, 6929260.873571227304637 ], [ 365028.440052949648816, 6929258.615391980856657 ], [ 365030.684395120595582, 6929256.125237960368395 ], [ 365032.673852394567803, 6929253.427090711891651 ], [ 365034.389265210425947, 6929250.546934866346419 ], [ 365035.814113205065951, 6929247.512507899664342 ], [ 365036.934674313291907, 6929244.353033002465963 ], [ 365037.740156919171568, 6929241.09893764462322 ], [ 365038.222803784825373, 6929237.78156054392457 ], [ 365039.165482300973963, 6929227.929129033349454 ], [ 365039.186272526392713, 6929227.703982933424413 ], [ 365040.065165078558493, 6929217.829267153516412 ], [ 365040.995160095801111, 6929207.952421156689525 ], [ 365041.145287269842811, 6929204.606114442460239 ], [ 365040.966954048606567, 6929201.261192313395441 ], [ 365040.461875183798838, 6929197.949817654676735 ], [ 365039.634907229221426, 6929194.703830779530108 ], [ 365038.494001842860598, 6929191.55444326903671 ], [ 365037.050129328039475, 6929188.531937859021127 ], [ 365035.317173149436712, 6929185.665377258323133 ], [ 365033.311796437075827, 6929182.982324699871242 ], [ 365032.90980467729969, 6929182.496151329949498 ], [ 365033.387541793752462, 6929180.552295710891485 ], [ 365033.864523176569492, 6929177.237624622881413 ], [ 365034.408381602552254, 6929171.461698656901717 ], [ 365034.435809962742496, 6929171.439047863706946 ], [ 365045.243180228688288, 6929162.43655043374747 ], [ 365056.102095460810233, 6929153.431934726424515 ], [ 365058.587398429459427, 6929151.154999143444002 ], [ 365060.836206735461019, 6929148.644216855987906 ], [ 365062.826625646674074, 6929145.924033212475479 ], [ 365064.539276148425415, 6929143.020932327024639 ], [ 365065.957483620790299, 6929139.963179220445454 ], [ 365067.067440184822772, 6929136.78054463211447 ], [ 365067.858339138270821, 6929133.504015166312456 ], [ 365068.322480171336792, 6929130.165491601452231 ], [ 365069.201510519254953, 6929120.290787931531668 ], [ 365070.129227302793879, 6929110.439625361934304 ], [ 365070.685144025774207, 6929104.630464599467814 ], [ 365081.533154173986986, 6929095.635198621079326 ], [ 365084.014151363866404, 6929093.362696878612041 ], [ 365086.259564951469656, 6929090.857157207094133 ], [ 365088.247613218554761, 6929088.142884686589241 ], [ 365089.959011028870009, 6929085.246209220029414 ], [ 365091.377156904316507, 6929082.195230114273727 ], [ 365092.48829406790901, 6929079.019543507136405 ], [ 365093.281643892289139, 6929075.749955263920128 ], [ 365093.749510457855649, 6929072.418182146735489 ], [ 365094.635269341990352, 6929062.630106192082167 ], [ 365095.567836886853911, 6929052.728578515350819 ], [ 365096.506270812649745, 6929042.764853409491479 ], [ 365097.4422951854649, 6929032.826800077222288 ], [ 365097.992985200486146, 6929027.073014090768993 ], [ 365103.683337119524367, 6929027.607798736542463 ], [ 365113.570166239282116, 6929028.543926410377026 ], [ 365116.924453307932708, 6929028.695764818228781 ], [ 365120.277443075727206, 6929028.51756196282804 ], [ 365123.59673994773766, 6929028.011039587669075 ], [ 365126.850273859628942, 6929027.18109156191349 ], [ 365130.006610129377805, 6929026.035736598074436 ], [ 365133.035253169888165, 6929024.586040777154267 ], [ 365135.906941128254402, 6929022.846010630950332 ], [ 365138.593928605201654, 6929020.832457815296948 ], [ 365149.482808134634979, 6929011.803917030803859 ], [ 365151.95291784912115, 6929009.542575679719448 ], [ 365154.18973199831089, 6929007.050233574584126 ], [ 365156.171752605412621, 6929004.350844565778971 ], [ 365157.879930509370752, 6929001.470352428033948 ], [ 365159.29784844617825, 6928998.436441514641047 ], [ 365160.411878834362142, 6928995.278270683251321 ], [ 365161.211314749962185, 6928992.026193050667644 ], [ 365161.688472830108367, 6928988.711464272812009 ], [ 365162.627141247154213, 6928978.747732363641262 ], [ 365162.77733989286935, 6928975.380754776299 ], [ 365162.595016044855583, 6928972.015363903716207 ], [ 365162.081944511912297, 6928968.684319727122784 ], [ 365161.243119725142606, 6928965.4200478810817 ], [ 365160.086707120295614, 6928962.25432401522994 ], [ 365158.623963652411476, 6928959.217964475043118 ], [ 365156.869128216116223, 6928956.340526326559484 ], [ 365154.839283039385919, 6928953.650019633583724 ], [ 365145.884676990332082, 6928942.925322662107646 ], [ 365145.585192464350257, 6928942.563120251521468 ], [ 365145.452168662042823, 6928940.261592104099691 ], [ 365144.935709026409313, 6928936.965699506923556 ], [ 365144.100215020473115, 6928933.735902558080852 ], [ 365142.953655366203748, 6928930.603006211109459 ], [ 365141.506965647975449, 6928927.596891205757856 ], [ 365139.77394401159836, 6928924.746229076758027 ], [ 365137.771119561220985, 6928922.078208689577878 ], [ 365128.835919167788234, 6928911.313283896073699 ], [ 365128.813522695796564, 6928911.28619768191129 ], [ 365129.353225554048549, 6928905.648147759027779 ], [ 365129.358095730771311, 6928905.59686342254281 ], [ 365130.296714436030015, 6928895.63312226627022 ], [ 365131.23533880233299, 6928885.669409818015993 ], [ 365131.251268529333174, 6928885.495555460453033 ], [ 365132.128328635299113, 6928875.646549740806222 ], [ 365133.060706569231115, 6928865.90672911144793 ], [ 365133.216019631305244, 6928862.553949561901391 ], [ 365133.041554973984603, 6928859.202112015336752 ], [ 365132.753399658889975, 6928857.299338811077178 ], [ 365135.804414871614426, 6928856.199129473417997 ], [ 365138.818311918876134, 6928854.766143755055964 ], [ 365141.677999939653091, 6928853.045908913947642 ], [ 365144.356185884098522, 6928851.054842986166477 ], [ 365144.931907025165856, 6928850.581462904810905 ], [ 365146.850563744897954, 6928851.05144926533103 ], [ 365150.151866500789765, 6928851.525277809239924 ], [ 365155.951856769155711, 6928852.070440764538944 ], [ 365158.19615081732627, 6928854.528419762849808 ], [ 365160.688587327080313, 6928856.770753922872245 ], [ 365163.388829786039423, 6928858.757961235009134 ], [ 365166.270867914310656, 6928860.470899782143533 ], [ 365169.306940272042993, 6928861.893069559708238 ], [ 365172.46780167351244, 6928863.010771416127682 ], [ 365175.723004893690813, 6928863.813239006325603 ], [ 365179.041193953074981, 6928864.292742504738271 ], [ 365188.940325243456755, 6928865.2302216431126 ], [ 365192.294482666475233, 6928865.382123227231205 ], [ 365195.647350278566591, 6928865.204008418135345 ], [ 365198.966536108811852, 6928864.6975979777053 ], [ 365202.219973584986292, 6928863.867784325033426 ], [ 365205.376231328293215, 6928862.722584269009531 ], [ 365208.404816810740158, 6928861.273061559535563 ], [ 365211.276470943004824, 6928859.533219999633729 ], [ 365213.96345074562123, 6928857.519868155010045 ], [ 365224.853094216028694, 6928848.491583032533526 ], [ 365224.911261191766243, 6928848.443249747157097 ], [ 365235.749418989929836, 6928839.417087571695447 ], [ 365238.218903784349095, 6928837.146062521263957 ], [ 365240.453701454272959, 6928834.643745733425021 ], [ 365242.432255258900113, 6928831.934274423867464 ], [ 365244.135480172582902, 6928829.043784012086689 ], [ 365245.54694697749801, 6928826.000156013295054 ], [ 365246.653040739241987, 6928822.832749105989933 ], [ 365247.443092135654297, 6928819.572115927003324 ], [ 365247.909480372560211, 6928816.249708374962211 ], [ 365248.047706693643704, 6928812.897574217058718 ], [ 365247.856437775131781, 6928809.54804796166718 ], [ 365247.356294570083264, 6928806.353371015749872 ], [ 365247.389546911581419, 6928806.282229627482593 ], [ 365248.503741615451872, 6928803.124027036130428 ], [ 365249.303329881920945, 6928799.871899724006653 ], [ 365249.780626495601609, 6928796.557105403393507 ], [ 365249.967202605039347, 6928794.577428999356925 ], [ 365257.517904173757415, 6928782.402730547823012 ], [ 365259.1428533285507, 6928779.470584734342992 ], [ 365260.472577361389995, 6928776.393285135738552 ], [ 365261.494270302995574, 6928773.200467828661203 ], [ 365262.198092691774946, 6928769.922881389036775 ], [ 365262.577266333450098, 6928766.592090766876936 ], [ 365262.62813957844628, 6928763.240173295140266 ], [ 365262.350222489680164, 6928759.899409771896899 ], [ 365261.746191560698207, 6928756.601973577402532 ], [ 365260.821863939461764, 6928753.379620823077857 ], [ 365259.586141406209208, 6928750.263384528458118 ], [ 365258.05092464457266, 6928747.283275752328336 ], [ 365256.230998631159309, 6928744.467994570732117 ], [ 365254.143890248262323, 6928741.844653681851923 ], [ 365251.809699490666389, 6928739.438517291098833 ], [ 365249.250905891298316, 6928737.27275780774653 ], [ 365246.492152031336445, 6928735.36823267955333 ], [ 365243.560006218438502, 6928733.743283525109291 ], [ 365240.482706619834062, 6928732.413559491746128 ], [ 365237.289889312698506, 6928731.39186654984951 ], [ 365234.012302873190492, 6928730.6880441615358 ], [ 365230.681512250390369, 6928730.308870519511402 ], [ 365227.329594778770115, 6928730.257997274398804 ], [ 365223.988831255992409, 6928730.535914363339543 ], [ 365220.691395060915966, 6928731.139945292845368 ], [ 365217.469042306824122, 6928732.064272914081812 ], [ 365214.352806012087967, 6928733.299995446577668 ], [ 365211.37269723584177, 6928734.835212208330631 ], [ 365208.557416054711211, 6928736.655138222500682 ], [ 365205.934075165365357, 6928738.742246604524553 ], [ 365203.527938774670474, 6928741.076437362469733 ], [ 365201.362179291376378, 6928743.635230962187052 ], [ 365199.457654163299594, 6928746.393984821625054 ], [ 365187.680244019837119, 6928765.383798646740615 ], [ 365186.145378284039907, 6928768.134092022664845 ], [ 365184.870347157702781, 6928771.014061138033867 ], [ 365183.865989748272114, 6928773.999223223887384 ], [ 365183.444811771681998, 6928775.77941916231066 ], [ 365183.079300188459456, 6928776.082448970526457 ], [ 365180.601436962082516, 6928778.351352618075907 ], [ 365178.358440566516947, 6928780.852691679261625 ], [ 365176.372007990488783, 6928783.562270161695778 ], [ 365175.359631333732978, 6928785.273543594405055 ], [ 365170.55153515440179, 6928784.821597847156227 ], [ 365168.292111971182749, 6928782.370618247427046 ], [ 365165.79147282167105, 6928780.141984855756164 ], [ 365163.084585412289016, 6928778.168976111337543 ], [ 365160.197476942383219, 6928776.470562842674553 ], [ 365157.157907468557823, 6928775.063075590878725 ], [ 365153.995102986926213, 6928773.9600475942716 ], [ 365150.73947441985365, 6928773.172084661200643 ], [ 365147.422325209598057, 6928772.706763194873929 ], [ 365144.075550330278929, 6928772.568557342514396 ], [ 365140.731329612142872, 6928772.758795978501439 ], [ 365137.421818326576613, 6928773.275649923831224 ], [ 365134.178838007792365, 6928774.114149537868798 ], [ 365131.033570482803043, 6928775.266232497058809 ], [ 365128.016258053248748, 6928776.720821322873235 ], [ 365125.155912709597033, 6928778.463929886929691 ], [ 365122.480037176457699, 6928780.478797893039882 ], [ 365111.724664856563322, 6928789.436368643306196 ], [ 365111.487333760655019, 6928789.631511405110359 ], [ 365109.205173128459137, 6928789.754088429734111 ], [ 365105.889143254724331, 6928790.261714442633092 ], [ 365102.638894349569455, 6928791.092148273251951 ], [ 365099.48577209393261, 6928792.237381147220731 ], [ 365096.460185470932629, 6928793.686368337832391 ], [ 365093.591313499026, 6928795.425135688856244 ], [ 365090.906823826837353, 6928797.436914377845824 ], [ 365080.017414678120986, 6928806.465497613884509 ], [ 365079.959005196462385, 6928806.514035512693226 ], [ 365069.121199832879938, 6928815.540566522628069 ], [ 365066.662664004543331, 6928817.800658338703215 ], [ 365064.43656179663958, 6928820.290012151002884 ], [ 365062.464168633741792, 6928822.984836569987237 ], [ 365060.764335178595502, 6928825.859376474283636 ], [ 365059.353307171724737, 6928828.886159155517817 ], [ 365058.244570166396443, 6928832.03625688329339 ], [ 365057.448720644053537, 6928835.279563371092081 ], [ 365056.973364740842953, 6928838.585081515833735 ], [ 365056.034733609412797, 6928848.548823779448867 ], [ 365055.884456381725613, 6928851.895385759882629 ], [ 365056.062690933817066, 6928855.240575258620083 ], [ 365056.567723194952123, 6928858.552221790887415 ], [ 365057.394696300383657, 6928861.798477452248335 ], [ 365058.535657300031744, 6928864.948123199865222 ], [ 365059.979633641196415, 6928867.970869081094861 ], [ 365061.712738691014238, 6928870.837645532563329 ], [ 365063.718305283400696, 6928873.520882938988507 ], [ 365063.726395018049516, 6928873.530666432343423 ], [ 365063.208299984282348, 6928879.348649620078504 ], [ 365062.277859946829267, 6928889.225483545102179 ], [ 365061.341654324904084, 6928899.163609040901065 ], [ 365060.40098688181024, 6928908.990368198603392 ], [ 365060.380179797997698, 6928909.215589161962271 ], [ 365059.493120970088057, 6928919.177242615260184 ], [ 365059.359764906868804, 6928922.502648340538144 ], [ 365059.550638719229028, 6928925.825248868204653 ], [ 365060.063930659322068, 6928929.113506532274187 ], [ 365060.894768630794715, 6928932.336209643632174 ], [ 365062.035266434133518, 6928935.462768749333918 ], [ 365063.474598621483892, 6928938.463506980799139 ], [ 365065.199103250110056, 6928941.309941744431853 ], [ 365067.192411559750326, 6928943.975055074319243 ], [ 365076.204231676587369, 6928954.873918682336807 ], [ 365076.245203030935954, 6928954.923374555073678 ], [ 365076.502263060712721, 6928955.233074591495097 ], [ 365076.583742600516416, 6928956.651526047848165 ], [ 365073.604690362815745, 6928956.809885850176215 ], [ 365070.28537102881819, 6928957.31644946988672 ], [ 365067.031819504220039, 6928958.146443456411362 ], [ 365063.875471173378173, 6928959.291848518885672 ], [ 365060.84682225639699, 6928960.741597903892398 ], [ 365057.975135158398189, 6928962.481684325262904 ], [ 365055.288155740185175, 6928964.49529529735446 ], [ 365044.399422940856311, 6928973.524003203958273 ], [ 365041.929336030851118, 6928975.78539623785764 ], [ 365039.692550957959611, 6928978.277788729406893 ], [ 365037.710565651592333, 6928980.977226085960865 ], [ 365036.002429139101878, 6928983.857763787731528 ], [ 365034.584558464062866, 6928986.891716744750738 ], [ 365033.470580900728237, 6928990.04992537945509 ], [ 365032.671202981029637, 6928993.302035884931684 ], [ 365032.194107593386434, 6928996.6167919524014 ], [ 365031.255637895141263, 6929006.580543755553663 ], [ 365031.239706523832865, 6929006.754447597078979 ], [ 365030.362813294108491, 6929016.603497041389346 ], [ 365029.430618951621, 6929026.343362661078572 ], [ 365029.425744431500789, 6929026.394701787270606 ], [ 365028.487299512664322, 6929036.3584547881037 ], [ 365027.548860255395994, 6929046.322236500680447 ], [ 365027.00487366062589, 6929052.098009369336069 ], [ 365026.977078905387316, 6929052.121109216473997 ], [ 365016.140265679627191, 6929061.147824683226645 ], [ 365013.681931241648272, 6929063.407973885536194 ], [ 365011.456027081701905, 6929065.897358005866408 ], [ 365009.483825337549206, 6929068.592186925932765 ], [ 365007.784173607360572, 6929071.466707168146968 ], [ 365006.37331483035814, 6929074.493448012508452 ], [ 365005.264732058858499, 6929077.643484023399651 ], [ 365004.469019605894573, 6929080.886711477302015 ], [ 365003.993781799450517, 6929084.192136057652533 ], [ 365003.057859401975293, 6929094.130255031399429 ], [ 365002.117470217461232, 6929103.957036141306162 ], [ 365002.112596445193049, 6929104.008374191820621 ], [ 365001.556904742843471, 6929109.909107470884919 ], [ 365001.545406539284158, 6929109.918663798831403 ], [ 364990.82050169876311, 6929118.852467849850655 ], [ 364980.040388275461737, 6929127.678008953109384 ], [ 364977.521812595543452, 6929129.958286735229194 ], [ 364975.242204752052203, 6929132.477468804456294 ], [ 364973.224114352371544, 6929135.210635713301599 ], [ 364971.487504104617983, 6929138.130751304328442 ], [ 364970.04955234908266, 6929141.20893014408648 ], [ 364968.924483131966554, 6929144.414723255671561 ], [ 364968.123425503144972, 6929147.716419318690896 ], [ 364967.654303428425919, 6929151.081358351744711 ], [ 364967.146841464273166, 6929156.782773142680526 ] ] ] } },
{ "type": "Feature", "properties": { "id": "32", "_id": 33, "width": 84.58, "depth": 28.76, "manning_n": 0.3766 }, "geometry": { "type": "Polygon", "coordinates": [ [ [ 365169.726979283208493, 6929198.291053679771721 ], [ 365169.704151662124787, 6929198.292276745662093 ], [ 365165.601670864329208, 6929198.919449488632381 ], [ 365161.580418311641552, 6929199.945715659298003 ], [ 365157.679120864369906, 6929201.361191754229367 ], [ 365153.935350149695296, 6929203.152245963923633 ], [ 365150.385160726029426, 6929205.301629456691444 ], [ 365147.06274285831023, 6929207.788642496801913 ], [ 365144.000093246868346, 6929210.58933378662914 ], [ 365141.226706881599966, 6929213.676731139421463 ], [ 365138.769292989280075, 6929217.021101230755448 ], [ 365136.651517809135839, 6929220.590235948562622 ], [ 365134.893776673765387, 6929224.349762573838234 ], [ 365133.512997591285966, 6929228.263474810868502 ], [ 365132.522478218947072, 6929232.293681470677257 ], [ 365131.931757799815387, 6929236.401569459587336 ], [ 365131.746525294496678, 6929240.547577571123838 ], [ 365131.968564593233168, 6929244.6917774816975 ], [ 365132.595737336261664, 6929248.794258279725909 ], [ 365133.622003507101908, 6929252.815510831773281 ], [ 365135.037479601567611, 6929256.716808279044926 ], [ 365136.828533811145462, 6929260.46057899389416 ], [ 365138.977917304669973, 6929264.010768418200314 ], [ 365141.464930344140157, 6929267.333186285570264 ], [ 365144.265621634374838, 6929270.39583589695394 ], [ 365147.353018987283576, 6929273.169222262687981 ], [ 365150.697389078675769, 6929275.626636154949665 ], [ 365154.266523796250112, 6929277.744411334395409 ], [ 365158.02605042164214, 6929279.502152469940484 ], [ 365161.939762658323161, 6929280.882931552827358 ], [ 365165.969969317899086, 6929281.873450924642384 ], [ 365170.077857307158411, 6929282.464171344414353 ], [ 365180.027326220180839, 6929283.399525921791792 ], [ 365184.188353199278936, 6929283.584689078852534 ], [ 365188.347413193900138, 6929283.359631582163274 ], [ 365190.053292307071388, 6929283.09729263279587 ], [ 365191.724981729057617, 6929283.687698261812329 ], [ 365195.758656384074129, 6929284.680104153230786 ], [ 365199.87023410043912, 6929285.271990425884724 ], [ 365204.0200452451827, 6929285.457646396942437 ], [ 365208.168051298882347, 6929285.235280806198716 ], [ 365212.274231157905888, 6929284.607039099559188 ], [ 365216.298967269365676, 6929283.578982724808156 ], [ 365220.203427872154862, 6929282.161030652932823 ], [ 365223.949941656203009, 6929280.366863676346838 ], [ 365227.502361225895584, 6929278.213792409747839 ], [ 365230.826411859656218, 6929275.722590277902782 ], [ 365241.714639692625497, 6929266.694326009601355 ], [ 365244.791494630044326, 6929263.875641212798655 ], [ 365247.57558958302252, 6929260.767452739179134 ], [ 365250.039819025958423, 6929257.400021442212164 ], [ 365252.160191594972275, 6929253.806132120080292 ], [ 365253.916063664655667, 6929250.020774333737791 ], [ 365254.333801204746123, 6929248.823144705034792 ], [ 365255.730916323838755, 6929248.609309243038297 ], [ 365259.755065191246103, 6929247.581225642934442 ], [ 365263.658957585168537, 6929246.163356054574251 ], [ 365267.404937873303425, 6929244.369376769289374 ], [ 365270.956873590243049, 6929242.216591908596456 ], [ 365274.280503959103953, 6929239.725766509771347 ], [ 365285.168968212208711, 6929230.697647154331207 ], [ 365285.240978294285014, 6929230.637805690057576 ], [ 365296.077864189224783, 6929221.611890539526939 ], [ 365306.878732550889254, 6929212.616058797575533 ], [ 365317.664659894071519, 6929203.673210822977126 ], [ 365328.439576842356473, 6929194.813548723235726 ], [ 365328.572549365635496, 6929194.703757072798908 ], [ 365339.46130916668335, 6929185.675818775780499 ], [ 365339.533320393762551, 6929185.615979183465242 ], [ 365350.370599665795453, 6929176.59016219060868 ], [ 365353.414161066350061, 6929173.792363767512143 ], [ 365356.170003976149019, 6929170.710761608555913 ], [ 365358.611792681796942, 6929167.374804484657943 ], [ 365360.71619267197093, 6929163.816371866501868 ], [ 365362.463093629397918, 6929160.069469271227717 ], [ 365363.794313512626104, 6929156.287761994637549 ], [ 365372.834963298402727, 6929148.854408296756446 ], [ 365372.967937594978139, 6929148.744619749486446 ], [ 365383.856971145083662, 6929139.716829897835851 ], [ 365386.934049421630334, 6929136.898287798278034 ], [ 365389.718375664029736, 6929133.790214815177023 ], [ 365392.182841207191814, 6929130.422871667891741 ], [ 365394.303451603103895, 6929126.829043369740248 ], [ 365396.059560235065874, 6929123.043720033019781 ], [ 365397.43406933627557, 6929119.103756198659539 ], [ 365397.535009816579986, 6929118.685759362764657 ], [ 365399.473575169977266, 6929116.532767618075013 ], [ 365401.934893637022469, 6929113.191270086914301 ], [ 365404.05683615047019, 6929109.624611382372677 ], [ 365405.818967244005762, 6929105.86714037694037 ], [ 365407.204316631890833, 6929101.955043571069837 ], [ 365408.199542642163578, 6929097.925996595062315 ], [ 365408.795060704345815, 6929093.818801374174654 ], [ 365408.985135653929319, 6929089.673012442886829 ], [ 365408.767936965276022, 6929085.528556016273797 ], [ 365408.145556380448397, 6929081.425345473922789 ], [ 365407.123987764818594, 6929077.402896977029741 ], [ 365405.713069382414687, 6929073.499948903918266 ], [ 365403.926389148691669, 6929069.754088777117431 ], [ 365401.781153770978563, 6929066.201391277834773 ], [ 365399.298023038601968, 6929062.876070825383067 ], [ 365396.500910858041607, 6929059.810152073390782 ], [ 365393.416754948499147, 6929057.033161494880915 ], [ 365390.075257417513058, 6929054.571843028068542 ], [ 365386.508598712855019, 6929052.449900514446199 ], [ 365382.751127707597334, 6929050.687769420444965 ], [ 365378.839030901552178, 6929049.302420033141971 ], [ 365374.809983925602864, 6929048.307194022461772 ], [ 365370.702788704598788, 6929047.711675960570574 ], [ 365366.556999773718417, 6929047.521601011045277 ], [ 365362.412543346639723, 6929047.73879969958216 ], [ 365358.309332804463338, 6929048.361180284060538 ], [ 365354.286884307628497, 6929049.38274889998138 ], [ 365350.383936234167777, 6929050.793667281977832 ], [ 365346.638076107541565, 6929052.580347515642643 ], [ 365343.08537860843353, 6929054.725582893937826 ], [ 365339.760058155865408, 6929057.208713626489043 ], [ 365330.817975788610056, 6929064.596383769065142 ], [ 365327.7296318000881, 6929067.416085404343903 ], [ 365324.934878840984311, 6929070.527024458162487 ], [ 365322.46104584884597, 6929073.898780117742717 ], [ 365320.332323594018817, 6929077.498381132259965 ], [ 365318.569528126739897, 6929081.290628229267895 ], [ 365317.253973768441938, 6929085.055083455517888 ], [ 365308.276110065926332, 6929092.436813523061574 ], [ 365308.142833998892456, 6929092.546852261759341 ], [ 365297.253918466041796, 6929101.574714578688145 ], [ 365294.195861390908249, 6929104.374090702272952 ], [ 365291.42660417634761, 6929107.459448742680252 ], [ 365288.972761353885289, 6929110.801136214286089 ], [ 365286.857916098262649, 6929114.367037124931812 ], [ 365285.102393576526083, 6929118.122880630195141 ], [ 365283.729933205526322, 6929122.013104274868965 ], [ 365274.654729520494584, 6929129.537411945872009 ], [ 365263.879661202081479, 6929138.397198509424925 ], [ 365263.746386910206638, 6929138.507240360602736 ], [ 365252.857745127752423, 6929147.535251121036708 ], [ 365252.785432515724096, 6929147.595342857763171 ], [ 365241.948389110330027, 6929156.621304085478187 ], [ 365232.863335830683354, 6929164.188138398341835 ], [ 365228.860256639425643, 6929164.803679944016039 ], [ 365224.825726316135842, 6929165.838602491654456 ], [ 365220.91257025214145, 6929167.265385316684842 ], [ 365217.158747356268577, 6929169.070188152603805 ], [ 365213.600670952815562, 6929171.235503815114498 ], [ 365210.272855560237076, 6929173.740328025072813 ], [ 365199.574230654863641, 6929182.651305804029107 ], [ 365190.323406928160693, 6929190.224038789048791 ], [ 365186.317592371895444, 6929190.842909851111472 ], [ 365182.288818206288852, 6929191.878861213102937 ], [ 365178.381311879609711, 6929193.305609547533095 ], [ 365174.632880743767601, 6929195.10935025010258 ], [ 365171.079793007520493, 6929197.272631101310253 ], [ 365169.726979283208493, 6929198.291053679771721 ] ] ] } },
{ "type": "Feature", "properties": { "id": "33", "_id": 34, "width": 97.45, "depth": 35.34, "manning_n": 0.1201 }, "geometry": { "type": "Polygon", "coordinates": [ [ [ 365634.095081396284513, 6929235.753907483071089 ], [ 365631.254454356443603, 6929236.18776024505496 ], [ 365626.621145772340242, 6929237.369529750198126 ], [ 365622.12598150287522, 6929238.999752369709313 ], [ 365617.812252437288407, 6929241.062728168442845 ], [ 365613.721502144588158, 6929243.538589562289417 ], [ 365609.893126786337234, 6929246.403492651879787 ], [ 365606.363995709980372, 6929249.629846855066717 ], [ 365603.168096377048641, 6929253.186580616049469 ], [ 365600.336207045183983, 6929257.039440646767616 ], [ 365597.895600356685463, 6929261.151321795769036 ], [ 365595.869780688197352, 6929265.482624402269721 ], [ 365594.27825779048726, 6929269.991635654121637 ], [ 365593.136358899064362, 6929274.634931306354702 ], [ 365592.455081124557182, 6929279.367793885990977 ], [ 365592.240985544282012, 6929284.1446433365345 ], [ 365592.496134015789721, 6929288.919475989416242 ], [ 365593.218069319729693, 6929293.646307593211532 ], [ 365594.399838824581821, 6929298.279616177082062 ], [ 365596.030061443860177, 6929302.774780446663499 ], [ 365598.093037242710125, 6929307.088509512133896 ], [ 365600.568898636323866, 6929311.179259805008769 ], [ 365603.433801726147067, 6929315.007635163143277 ], [ 365606.660155929217581, 6929318.536766239441931 ], [ 365610.216889690957032, 6929321.732665572315454 ], [ 365614.069749720802065, 6929324.564554904587567 ], [ 365618.181630870618392, 6929327.00516159273684 ], [ 365622.512933477060869, 6929329.030981261283159 ], [ 365627.021944728272501, 6929330.622504158876836 ], [ 365631.66524038114585, 6929331.764403050765395 ], [ 365636.398102960141841, 6929332.445680825039744 ], [ 365646.34724086226197, 6929333.382427695207298 ], [ 365651.141465005988721, 6929333.596445501782 ], [ 365655.933489140414167, 6929333.337807807140052 ], [ 365660.676827865710948, 6929332.609023545868695 ], [ 365665.325468058697879, 6929331.417162347584963 ], [ 365669.83431522664614, 6929329.773785951547325 ], [ 365674.159630949783605, 6929327.694836058653891 ], [ 365678.259457169217058, 6929325.200479682534933 ], [ 365678.571733371005394, 6929324.965487343259156 ], [ 365681.310921338445041, 6929324.552101485431194 ], [ 365685.913762371172197, 6929323.390265239402652 ], [ 365690.381695798714645, 6929321.786027126014233 ], [ 365694.672310475260019, 6929319.754615120589733 ], [ 365698.74487842497183, 6929317.315312079153955 ], [ 365702.560741445689928, 6929314.491272694431245 ], [ 365710.604570288793184, 6929307.908274699002504 ], [ 365713.143649850040674, 6929307.518204002641141 ], [ 365717.792285291478038, 6929306.326428551226854 ], [ 365722.301137040543836, 6929304.683140354231 ], [ 365726.626467105117626, 6929302.604280084371567 ], [ 365730.726317740161903, 6929300.110013665631413 ], [ 365734.560918457689695, 6929297.224536663852632 ], [ 365745.357192381226923, 6929288.234658195637167 ], [ 365756.204986215743702, 6929279.242644571699202 ], [ 365756.287963004142512, 6929279.173707878217101 ], [ 365767.12597869412275, 6929270.149242207407951 ], [ 365770.632957017922308, 6929266.926144103519619 ], [ 365773.808481412066612, 6929263.376030982472003 ], [ 365776.622206413128879, 6929259.532827895134687 ], [ 365779.047243929991964, 6929255.433260675519705 ], [ 365781.060420187830459, 6929251.116504983045161 ], [ 365782.642497177817859, 6929246.623811943456531 ], [ 365783.778356496361084, 6929241.998113946057856 ], [ 365784.457143817213364, 6929237.283614384010434 ], [ 365785.3974799917778, 6929227.320071130059659 ], [ 365785.612526417069603, 6929222.517838492058218 ], [ 365785.353330891928636, 6929217.717786309309304 ], [ 365784.622416201105807, 6929212.966634134761989 ], [ 365783.426896435383242, 6929208.310625568963587 ], [ 365781.778407749079634, 6929203.795078167691827 ], [ 365779.692995103774592, 6929199.463942361064255 ], [ 365777.190956100588664, 6929195.359373674727976 ], [ 365774.296643420879263, 6929191.521322426386178 ], [ 365765.292165694001596, 6929180.732113690115511 ], [ 365762.069139450090006, 6929177.232745405286551 ], [ 365758.520208620699123, 6929174.064375708810985 ], [ 365754.679206564032938, 6929171.257209920324385 ], [ 365750.582751068635844, 6929168.838009858503938 ], [ 365746.269895261444617, 6929166.829838712699711 ], [ 365741.781755299016368, 6929165.251841170713305 ], [ 365740.473591366433538, 6929164.931135970167816 ], [ 365740.166773222794291, 6929164.704938435927033 ], [ 365736.058421185589395, 6929162.258395745418966 ], [ 365731.730048868164886, 6929160.226322744973004 ], [ 365727.223340862023178, 6929158.628289408050478 ], [ 365722.581699228961952, 6929157.479685669764876 ], [ 365717.849825515237171, 6929156.791573211550713 ], [ 365713.073290251370054, 6929156.570578932762146 ], [ 365708.298094083205797, 6929156.818831128999591 ], [ 365703.570224760100245, 6929157.533938996493816 ], [ 365698.935214248194825, 6929158.709015654399991 ], [ 365694.437700232490897, 6929160.332744473591447 ], [ 365690.120996231562458, 6929162.389488056302071 ], [ 365686.026674464636017, 6929164.8594388384372 ], [ 365682.194165488530416, 6929167.718809843994677 ], [ 365678.660378459782805, 6929170.940063766203821 ], [ 365675.459345679206308, 6929174.492178170010448 ], [ 365672.621894842362963, 6929178.340944251045585 ], [ 365670.175352151913103, 6929182.449296288192272 ], [ 365668.143279151408933, 6929186.777668605558574 ], [ 365666.545245814602822, 6929191.284376611933112 ], [ 365665.396642076200806, 6929195.926018244586885 ], [ 365664.708529618044849, 6929200.657891958020627 ], [ 365664.487535339256283, 6929205.434427222236991 ], [ 365664.735787535610143, 6929210.209623390808702 ], [ 365665.450895402638707, 6929214.937492713332176 ], [ 365666.321972035802901, 6929218.373395659029484 ], [ 365666.088825907441787, 6929218.515238983556628 ], [ 365662.25420921551995, 6929221.400769732892513 ], [ 365654.695964347338304, 6929227.694489889778197 ], [ 365651.990376940346323, 6929228.110174882225692 ], [ 365647.341696927149314, 6929229.302029382437468 ], [ 365642.832810719613917, 6929230.945406449027359 ], [ 365638.507457788859028, 6929233.024364130571485 ], [ 365634.40759720018832, 6929235.518735026009381 ], [ 365634.095081396284513, 6929235.753907483071089 ] ] ] } },
{ "type": "Feature", "properties": { "id": "34", "_id": 35, "width": 30.82, "depth": 11.25, "manning_n": 0.0628 }, "geometry": { "type": "Polygon", "coordinates": [ [ [ 367821.66038298670901, 6928956.339723994024098 ], [ 367821.664839741890319, 6928956.290995956398547 ], [ 367821.980061656911857, 6928952.783117203973234 ], [ 367827.863635167421307, 6928947.974739082157612 ], [ 367829.000686171464622, 6928946.947045191191137 ], [ 367830.030026731081307, 6928945.811484655365348 ], [ 367830.941474586492404, 6928944.579290463589132 ], [ 367831.726013675273862, 6928943.262651508674026 ], [ 367832.375883319298737, 6928941.87459201272577 ], [ 367832.884654993657023, 6928940.428842690773308 ], [ 367833.247295917652082, 6928938.939704926684499 ], [ 367833.460218839230947, 6928937.421909305267036 ], [ 367834.351830746163614, 6928927.500303711742163 ], [ 367835.294793062494136, 6928917.57663366664201 ], [ 367835.363807391142473, 6928916.067068953067064 ], [ 367835.2846364066354, 6928914.558002832345665 ], [ 367835.058041435608175, 6928913.06394683662802 ], [ 367834.686201468168292, 6928911.599268155172467 ], [ 367834.172692204068881, 6928910.178051480092108 ], [ 367833.522451668104623, 6928908.813963562250137 ], [ 367832.741732724825852, 6928907.52012178953737 ], [ 367831.838042949384544, 6928906.30896804574877 ], [ 367826.87446974334307, 6928900.295905755832791 ], [ 367827.196959170280024, 6928896.764867644757032 ], [ 367827.260496136383153, 6928895.262100087478757 ], [ 367827.177225932653528, 6928893.7602967210114 ], [ 367826.947941870486829, 6928892.273765155114233 ], [ 367826.574828328157309, 6928890.816667504608631 ], [ 367826.061439940647688, 6928889.402885470539331 ], [ 367825.412667734606657, 6928888.045888085849583 ], [ 367824.634692532068584, 6928886.75860339961946 ], [ 367823.734926065779291, 6928885.553295313380659 ], [ 367818.792326552851591, 6928879.565704449079931 ], [ 367819.134596741525456, 6928875.963580165058374 ], [ 367820.084571594023146, 6928866.123616259545088 ], [ 367820.094037799513899, 6928866.022050791420043 ], [ 367820.985648355504964, 6928856.100442800670862 ], [ 367821.928610422241036, 6928846.17677014041692 ], [ 367821.935859895602334, 6928846.098349734209478 ], [ 367822.826445952639915, 6928836.188321973197162 ], [ 367823.772668730001897, 6928826.38756147492677 ], [ 367823.774884521728382, 6928826.364428468979895 ], [ 367824.72159745672252, 6928816.401543682441115 ], [ 367824.728847184975166, 6928816.323122617788613 ], [ 367825.050982554326765, 6928812.73864764906466 ], [ 367830.973201844200958, 6928807.814253930002451 ], [ 367832.083082001947332, 6928806.795608538202941 ], [ 367833.088195198390167, 6928805.673458877950907 ], [ 367833.978935609920882, 6928804.458529284223914 ], [ 367834.746790468867403, 6928803.162430787459016 ], [ 367835.384421419410501, 6928801.797550145536661 ], [ 367835.885734650073573, 6928800.376931462436914 ], [ 367836.24593913188437, 6928798.91415152978152 ], [ 367836.461592406092677, 6928797.423190074041486 ], [ 367837.407258536899462, 6928787.471889851614833 ], [ 367837.747796993178781, 6928783.944930148310959 ], [ 367843.716023360961117, 6928778.982365548610687 ], [ 367844.825916090572719, 6928777.963725361041725 ], [ 367845.831041888042819, 6928776.841579277999699 ], [ 367846.721794736280572, 6928775.626651681028306 ], [ 367847.489661683910526, 6928774.330553670413792 ], [ 367848.127304203517269, 6928772.965672093443573 ], [ 367848.628628326638136, 6928771.545051163993776 ], [ 367848.988842883671168, 6928770.082267797552049 ], [ 367849.204505293397233, 6928768.591301860287786 ], [ 367849.549996199610177, 6928764.955888798460364 ], [ 367855.507821771607269, 6928760.002038066275418 ], [ 367856.617723776435014, 6928758.98340243473649 ], [ 367857.622858976304997, 6928757.861259734258056 ], [ 367858.513621216174215, 6928756.646334369666874 ], [ 367859.281497412361205, 6928755.350237475708127 ], [ 367859.919148912653327, 6928753.985355951823294 ], [ 367860.420481632347219, 6928752.564734076149762 ], [ 367860.780704295786563, 6928751.10194884147495 ], [ 367860.996374227106571, 6928749.61098019964993 ], [ 367861.943240074790083, 6928739.64810804463923 ], [ 367861.950491159514058, 6928739.569685374386609 ], [ 367862.841252207697835, 6928729.659672303125262 ], [ 367863.787650084239431, 6928719.858927135355771 ], [ 367863.858969312801491, 6928718.348344074562192 ], [ 367863.7818820879329, 6928716.838044377043843 ], [ 367863.55713080172427, 6928715.342573055066168 ], [ 367863.186879931949079, 6928713.876332313753664 ], [ 367862.674695196852554, 6928712.453442854806781 ], [ 367862.025509215483908, 6928711.08760788012296 ], [ 367861.245574003667571, 6928709.791981128044426 ], [ 367860.342400763882324, 6928708.579040191136301 ], [ 367859.324687548098154, 6928707.460466355085373 ], [ 367858.202235490956809, 6928706.447032096795738 ], [ 367856.985854419413954, 6928705.548497342504561 ], [ 367855.687258748046588, 6928704.773515473119915 ], [ 367854.31895466306014, 6928704.129549986682832 ], [ 367852.894119680859149, 6928703.622802623547614 ], [ 367851.426475741143804, 6928703.258153638802469 ], [ 367849.930157057417091, 6928703.0391147993505 ], [ 367848.419573996507097, 6928702.967795571312308 ], [ 367846.909274299105164, 6928703.044882795773447 ], [ 367845.41380297683645, 6928703.269634081982076 ], [ 367843.947562236164231, 6928703.639884951524436 ], [ 367842.524672776868101, 6928704.152069686912 ], [ 367841.158837802242488, 6928704.801255668513477 ], [ 367839.863211049814709, 6928705.581190880388021 ], [ 367838.650270113430452, 6928706.484364120289683 ], [ 367837.531696277379524, 6928707.502077335491776 ], [ 367836.518262019148096, 6928708.624529392458498 ], [ 367835.619727264682297, 6928709.840910464525223 ], [ 367834.844745394831989, 6928711.139506136067212 ], [ 367834.200779908627737, 6928712.50781022105366 ], [ 367833.694032545841765, 6928713.932645202614367 ], [ 367833.329383560456336, 6928715.400289142504334 ], [ 367833.110344721586443, 6928716.896607826463878 ], [ 367832.159043190185912, 6928726.748134460300207 ], [ 367832.149572226277087, 6928726.849728759378195 ], [ 367831.257769211661071, 6928736.771334053948522 ], [ 367830.915983533137478, 6928740.367584808729589 ], [ 367824.9581263322616, 6928745.321461839601398 ], [ 367823.848218150727917, 6928746.340103723108768 ], [ 367822.843078054138459, 6928747.462253822013736 ], [ 367821.952312356152106, 6928748.677187535911798 ], [ 367821.18443427287275, 6928749.973293513990939 ], [ 367820.546782559948042, 6928751.338184627704322 ], [ 367820.045451375190169, 6928752.758816353976727 ], [ 367819.68523203546647, 6928754.22161144670099 ], [ 367819.469567224907223, 6928755.712589698843658 ], [ 367819.12407076312229, 6928759.348061219789088 ], [ 367813.166269707493484, 6928764.301957199349999 ], [ 367812.05841372179566, 6928765.318536216393113 ], [ 367811.054903107578866, 6928766.438243423588574 ], [ 367810.165291630022693, 6928767.650418823584914 ], [ 367809.398048695526086, 6928768.943522091954947 ], [ 367808.760478720185347, 6928770.305242440663278 ], [ 367808.258651588810608, 6928771.722615825943649 ], [ 367807.897344867931679, 6928773.182148366235197 ], [ 367807.67999832140049, 6928774.669944810681045 ], [ 367806.728803263802547, 6928784.52148015704006 ], [ 367806.726584860647563, 6928784.544638909399509 ], [ 367806.381105516280513, 6928788.180138335563242 ], [ 367800.423382666253019, 6928793.134053675457835 ], [ 367799.306578727148008, 6928794.159711797721684 ], [ 367798.29598230245756, 6928795.290163251571357 ], [ 367797.401378239854239, 6928796.514462722465396 ], [ 367796.631428319960833, 6928797.820756235159934 ], [ 367795.993587390694302, 6928799.196395930834115 ], [ 367795.494031187787186, 6928800.628062520176172 ], [ 367795.137596539454535, 6928802.101894248276949 ], [ 367794.92773453524569, 6928803.603621108457446 ], [ 367794.036082576029003, 6928813.525239262729883 ], [ 367793.094193876429927, 6928823.437355437316 ], [ 367792.144185116281733, 6928833.277330284938216 ], [ 367792.134716244239826, 6928833.378921655006707 ], [ 367791.243088458024431, 6928843.300541293807328 ], [ 367790.30012521147728, 6928853.224226370453835 ], [ 367790.292873506376054, 6928853.302671610377729 ], [ 367789.40230238053482, 6928863.212713095359504 ], [ 367788.456110917613842, 6928873.013488155789673 ], [ 367788.453892810444813, 6928873.03664634283632 ], [ 367787.507229391951114, 6928882.999533564783633 ], [ 367787.438218890747521, 6928884.509103555232286 ], [ 367787.517394700786099, 6928886.018174526281655 ], [ 367787.743995444034226, 6928887.512234802357852 ], [ 367788.115842060011346, 6928888.976917053572834 ], [ 367788.629358761070762, 6928890.398136461153626 ], [ 367789.279607417469379, 6928891.762226153165102 ], [ 367790.060335044399835, 6928893.056068639270961 ], [ 367790.964033932250459, 6928894.267221942543983 ], [ 367795.927629506331868, 6928900.280247969552875 ], [ 367795.605144319240935, 6928903.811239657923579 ], [ 367795.541607287712395, 6928905.313997250981629 ], [ 367795.624875483685173, 6928906.815790760330856 ], [ 367795.854155625565909, 6928908.302312860265374 ], [ 367796.227263401204254, 6928909.759401713497937 ], [ 367796.74064427765552, 6928911.173175886273384 ], [ 367797.389407364535145, 6928912.530166598968208 ], [ 367798.167372008494567, 6928913.8174460362643 ], [ 367799.067126675858162, 6928915.022750510834157 ], [ 367804.009689496073406, 6928921.010360015556216 ], [ 367803.666307822160888, 6928924.62408494669944 ], [ 367803.659056260541547, 6928924.702528545632958 ], [ 367803.343814749852754, 6928928.210447082296014 ], [ 367797.460209432872944, 6928933.018851197324693 ], [ 367796.323152253695298, 6928934.046551254577935 ], [ 367795.29380680504255, 6928935.182119122706354 ], [ 367794.382355510897469, 6928936.414321611635387 ], [ 367793.597814570239279, 6928937.73096960876137 ], [ 367792.947944767831359, 6928939.119038655422628 ], [ 367792.439174703205936, 6928940.564797783270478 ], [ 367792.076537198445294, 6928942.053945350460708 ], [ 367791.863619512529112, 6928943.571750507690012 ], [ 367790.970716927549802, 6928953.508223376236856 ], [ 367790.285468707967084, 6928960.871496556326747 ], [ 367790.219391145277768, 6928962.38231797888875 ], [ 367790.301718159520533, 6928963.892341117374599 ], [ 367790.531656896579079, 6928965.387023623101413 ], [ 367790.906992920674384, 6928966.851970886811614 ], [ 367791.42411154077854, 6928968.273074665106833 ], [ 367792.078032621822786, 6928969.636648952029645 ], [ 367792.862458546354901, 6928970.929561781696975 ], [ 367793.769834863953292, 6928972.139361697249115 ], [ 367794.791423044574913, 6928973.254397663287818 ], [ 367795.917384635657072, 6928974.263931274414062 ], [ 367797.136876011500135, 6928975.158240169286728 ], [ 367798.438152803573757, 6928975.928711665794253 ], [ 367799.80868300498696, 6928976.567925701849163 ], [ 367801.235267660755198, 6928977.069726295769215 ], [ 367802.704167980700731, 6928977.429280834272504 ], [ 367804.201237651752308, 6928977.643126610666513 ], [ 367805.712059074721765, 6928977.709204173646867 ], [ 367807.222082213265821, 6928977.626877159811556 ], [ 367808.716764719167259, 6928977.396938422694802 ], [ 367810.181711982819252, 6928977.021602398715913 ], [ 367811.602815761230886, 6928976.50448377802968 ], [ 367812.966390048211906, 6928975.850562697276473 ], [ 367814.259302877879236, 6928975.066136772744358 ], [ 367815.469102792965714, 6928974.158760455437005 ], [ 367816.58413875894621, 6928973.137172274291515 ], [ 367817.593672369956039, 6928972.011210683733225 ], [ 367818.487981265352573, 6928970.79171930719167 ], [ 367819.258452761685476, 6928969.490442515350878 ], [ 367819.897666797274724, 6928968.119912314228714 ], [ 367820.399467391427606, 6928966.693327657878399 ], [ 367820.759021930221934, 6928965.224427338689566 ], [ 367820.972867706848774, 6928963.727357666939497 ], [ 367821.66038298670901, 6928956.339723994024098 ] ] ] } },
{ "type": "Feature", "properties": { "id": "35", "_id": 36, "width": 84.92, "depth": 7.02, "manning_n": 0.9153 }, "geometry": { "type": "Polygon", "coordinates": [ [ [ 368378.597137702046894, 6929078.406679470092058 ], [ 368379.53080039517954, 6929068.596097971312702 ], [ 368379.545230881893076, 6929068.441470021381974 ], [ 368380.439166516531259, 6929058.66949525848031 ], [ 368381.379964497173205, 6929048.784110962413251 ], [ 368381.399970042519271, 6929048.56805185507983 ], [ 368382.286865548405331, 6929038.715460712090135 ], [ 368383.221721332753077, 6929028.892685287632048 ], [ 368384.17122279322939, 6929019.07321207318455 ], [ 368384.197346771019511, 6929018.793381203897297 ], [ 368385.084266224876046, 6929008.940792133100331 ], [ 368386.022182855638675, 6928999.086114082485437 ], [ 368386.042189571657218, 6928998.87005194555968 ], [ 368386.926253052777611, 6928989.049367163330317 ], [ 368387.865342885197606, 6928979.337903295643628 ], [ 368387.891468078363687, 6928979.058069292455912 ], [ 368388.778419375186786, 6928969.205482989549637 ], [ 368389.71636696823407, 6928959.350823346525431 ], [ 368390.664605628349818, 6928949.38812718167901 ], [ 368390.679038131900597, 6928949.233494035899639 ], [ 368391.573069262551144, 6928939.461526550352573 ], [ 368392.513965136779007, 6928929.576149714179337 ], [ 368392.53397348994622, 6928929.360083340667188 ], [ 368393.420964679506142, 6928919.507500490173697 ], [ 368394.358954399824142, 6928909.652828812599182 ], [ 368394.373387574858498, 6928909.498193936422467 ], [ 368395.267450488347095, 6928899.726228860206902 ], [ 368396.208378941402771, 6928889.840854511596262 ], [ 368397.156673790886998, 6928879.878176772966981 ], [ 368397.176683314610273, 6928879.662107369862497 ], [ 368398.063714394986164, 6928869.809527990408242 ], [ 368399.001744760433212, 6928859.954859849996865 ], [ 368399.016178776626475, 6928859.800222804769874 ], [ 368399.910281504038721, 6928850.028260753490031 ], [ 368400.85125076957047, 6928840.142889525741339 ], [ 368400.871261227992363, 6928839.926817702129483 ], [ 368401.768056451343, 6928829.966144777834415 ], [ 368401.937616630457342, 6928825.802769249305129 ], [ 368401.698278167576063, 6928821.642821707762778 ], [ 368401.052346022799611, 6928817.526364723220468 ], [ 368400.006040875916369, 6928813.49304202478379 ], [ 368398.569439217390027, 6928809.58169671613723 ], [ 368396.756376306584571, 6928805.829997191205621 ], [ 368394.584312930353917, 6928802.274074366316199 ], [ 368392.07416724646464, 6928798.94817372225225 ], [ 368389.250113329966553, 6928795.884325500577688 ], [ 368386.139348363969475, 6928793.112036235630512 ], [ 368382.771830715471879, 6928790.658004586584866 ], [ 368379.179991420416627, 6928788.545864220708609 ], [ 368375.398421854712069, 6928786.795956203714013 ], [ 368371.463540600379929, 6928785.425133107230067 ], [ 368367.413242715061642, 6928784.446596707217395 ], [ 368363.286534781393129, 6928783.869770842604339 ], [ 368359.123159252747428, 6928783.700210663489997 ], [ 368354.963211711379699, 6928783.939549126662314 ], [ 368350.846754726138897, 6928784.585481271147728 ], [ 368346.813432028051466, 6928785.631786418147385 ], [ 368342.902086719637737, 6928787.068388077430427 ], [ 368339.150387194356881, 6928788.881450987420976 ], [ 368335.59446436946746, 6928791.053514364175498 ], [ 368332.268563725636341, 6928793.56366004794836 ], [ 368329.20471550419461, 6928796.387713964097202 ], [ 368326.432426238432527, 6928799.498478930443525 ], [ 368323.978394589445088, 6928802.865996578708291 ], [ 368321.866254223510623, 6928806.45783587358892 ], [ 368320.116346206981689, 6928810.239405440166593 ], [ 368318.745523110614158, 6928814.174286694265902 ], [ 368317.76698671025224, 6928818.224584579467773 ], [ 368317.190160846337676, 6928822.351292513310909 ], [ 368316.303094787406735, 6928832.20390395168215 ], [ 368315.36504496796988, 6928842.058604880236089 ], [ 368315.350604343228042, 6928842.213311351835728 ], [ 368314.456498439656571, 6928851.985308116301894 ], [ 368313.515542176843155, 6928861.870714864693582 ], [ 368313.495526025188155, 6928862.08685389906168 ], [ 368312.608491809573025, 6928871.939468103460968 ], [ 368311.67047443514457, 6928881.794171859510243 ], [ 368310.722181214368902, 6928891.756920301355422 ], [ 368310.707741431135219, 6928891.911624603904784 ], [ 368309.813675340206828, 6928901.683624410070479 ], [ 368308.872759891557507, 6928911.569034261628985 ], [ 368308.852744910807814, 6928911.785170266404748 ], [ 368307.965750585135538, 6928921.637787953019142 ], [ 368307.027773857174907, 6928931.492495231330395 ], [ 368307.0133347454248, 6928931.647197805345058 ], [ 368306.119300438615028, 6928941.419200006872416 ], [ 368305.178417567571159, 6928951.304612366482615 ], [ 368304.230182020110078, 6928961.267363645136356 ], [ 368304.2101682103239, 6928961.483496620319784 ], [ 368303.32608575548511, 6928971.304214754141867 ], [ 368302.386992626532447, 6928981.0157127128914 ], [ 368302.360861291992478, 6928981.295614937320352 ], [ 368301.473922757373657, 6928991.148237464018166 ], [ 368300.53600287286099, 6929001.002949701622128 ], [ 368300.515989998006262, 6929001.219080255366862 ], [ 368299.631939250801224, 6929011.039801508188248 ], [ 368298.692878232337534, 6929020.75130265019834 ], [ 368298.686757176823448, 6929020.815107538364828 ], [ 368297.738582648104057, 6929030.777826510369778 ], [ 368297.718570475932211, 6929030.993955248035491 ], [ 368296.831671834748704, 6929040.846581221558154 ], [ 368295.893792594084516, 6929050.701297014020383 ], [ 368295.879355499870144, 6929050.855994393117726 ], [ 368294.985416687093675, 6929060.628003897145391 ], [ 368294.044631712604314, 6929070.513423688709736 ], [ 368294.016769433335867, 6929070.817802117206156 ], [ 368293.269091106893029, 6929079.322843586094677 ], [ 368293.108303129265551, 6929083.486567120999098 ], [ 368293.356405663653277, 6929087.646001166664064 ], [ 368294.011009347101208, 6929091.761088099330664 ], [ 368295.065809988242108, 6929095.792197383008897 ], [ 368296.510649280273356, 6929099.70050723105669 ], [ 368298.331612631038297, 6929103.448378482833505 ], [ 368300.511163168004714, 6929106.999717090278864 ], [ 368303.028310628025793, 6929110.320321720093489 ], [ 368305.858813505037688, 6929113.378213136456907 ], [ 368308.975412509054877, 6929116.143942170776427 ], [ 368312.348093087959569, 6929118.590873342938721 ], [ 368315.944374484068248, 6929120.69544136710465 ], [ 368319.729622541635763, 6929122.437378101982176 ], [ 368323.667383252584841, 6929123.799907745793462 ], [ 368327.719733828736935, 6929124.769908392801881 ], [ 368331.847647918737493, 6929125.338038406334817 ], [ 368336.011371453409083, 6929125.49882638361305 ], [ 368340.170805499015842, 6929125.250723849982023 ], [ 368344.285892431798857, 6929124.5961201665923 ], [ 368348.317001715186052, 6929123.541319524869323 ], [ 368352.225311563059222, 6929122.096480232663453 ], [ 368355.973182815127075, 6929120.275516882538795 ], [ 368359.524521422456019, 6929118.095966345630586 ], [ 368362.84512605285272, 6929115.578818885609508 ], [ 368365.903017468517646, 6929112.748316008597612 ], [ 368368.668746503535658, 6929109.631717003881931 ], [ 368371.115677675348707, 6929106.259036425501108 ], [ 368373.220245699165389, 6929102.662755029276013 ], [ 368374.962182434450369, 6929098.877506971359253 ], [ 368376.324712078203447, 6929094.939746260643005 ], [ 368377.294712725095451, 6929090.887395684607327 ], [ 368377.862842738686595, 6929086.759481594897807 ], [ 368378.597137702046894, 6929078.406679470092058 ] ] ] } },
{ "type": "Feature", "properties": { "id": "36", "_id": 37, "width": 25.55, "depth": 40.01, "manning_n": 0.6423 }, "geometry": { "type": "Polygon", "coordinates": [ [ [ 370158.225145730248187, 6929343.669783914461732 ], [ 370158.182100706093479, 6929343.68722659535706 ], [ 370157.071935992105864, 6929344.26967448182404 ], [ 370156.024206900969148, 6929344.958132893778384 ], [ 370155.049003636580892, 6929345.745971599593759 ], [ 370154.155717939371243, 6929346.625603281892836 ], [ 370153.352952639048453, 6929347.58855660725385 ], [ 370152.648438804259058, 6929348.625557807274163 ], [ 370152.048961288295686, 6929349.726619995199144 ], [ 370151.560293387388811, 6929350.881139338947833 ], [ 370151.187141240574419, 6929352.077997187152505 ], [ 370150.933098506997339, 6929353.305667144246399 ], [ 370150.800611757033039, 6929354.552326076664031 ], [ 370150.790956910524983, 6929355.805967978201807 ], [ 370150.904226948972791, 6929357.054519591853023 ], [ 370151.13933101989096, 6929358.285956682637334 ], [ 370151.494004942593165, 6929359.488419839181006 ], [ 370151.964833013364114, 6929360.650328682735562 ], [ 370152.547280900471378, 6929361.760493396781385 ], [ 370153.235739312309306, 6929362.808222487568855 ], [ 370154.023578018124681, 6929363.783425752073526 ], [ 370154.903209700423758, 6929364.67671144939959 ], [ 370155.866163025319111, 6929365.479476749897003 ], [ 370156.903164225805085, 6929366.183990584686399 ], [ 370158.004226413497236, 6929366.783468100242317 ], [ 370159.15874575759517, 6929367.272136000916362 ], [ 370160.355603605741635, 6929367.645288147963583 ], [ 370161.583273562486283, 6929367.899330881424248 ], [ 370162.154509393323679, 6929367.988566993735731 ], [ 370163.347648846043739, 6929368.117898494005203 ], [ 370164.547659786941949, 6929368.134695292450488 ], [ 370165.743951657030266, 6929368.038809150457382 ], [ 370166.925966719747521, 6929367.831086301244795 ], [ 370168.083273236698005, 6929367.513359977863729 ], [ 370169.20565753208939, 6929367.088434238918126 ], [ 370170.283214132068679, 6929366.56005921587348 ], [ 370171.306433184479829, 6929365.932898023165762 ], [ 370172.266284387151245, 6929365.21248560026288 ], [ 370183.166694875748362, 6929356.200588849373162 ], [ 370183.188474024937022, 6929356.182542346417904 ], [ 370194.037407740368508, 6929347.17269170563668 ], [ 370204.875429566076491, 6929338.171988094225526 ], [ 370215.765072076465003, 6929329.169248921796679 ], [ 370215.786851435317658, 6929329.151202755980194 ], [ 370226.635962118685711, 6929320.141460378654301 ], [ 370227.560621284006629, 6929319.293488058261573 ], [ 370228.397643800184596, 6929318.358905297704041 ], [ 370229.138956679555122, 6929317.346726043149829 ], [ 370229.777410042996053, 6929316.266712648794055 ], [ 370230.306846079707611, 6929315.129281722009182 ], [ 370230.72215843887534, 6929313.945403656922281 ], [ 370231.019341479579452, 6929312.726496824063361 ], [ 370231.195528904907405, 6929311.484317440539598 ], [ 370232.099789905187208, 6929301.658819997683167 ], [ 370233.051169450453017, 6929291.719958703964949 ], [ 370233.057223596901167, 6929291.654962038621306 ], [ 370233.480620315414853, 6929286.980110457167029 ], [ 370240.247229448228609, 6929281.360835374332964 ], [ 370241.167794685869012, 6929280.517021726816893 ], [ 370242.001575653150212, 6929279.587359893135726 ], [ 370242.740605164959561, 6929278.580733245238662 ], [ 370243.377821432775818, 6929277.506760593503714 ], [ 370243.907135543355253, 6929276.375704272650182 ], [ 370244.323489641363267, 6929275.198372079990804 ], [ 370244.622905259602703, 6929273.986013999208808 ], [ 370244.80252133536851, 6929272.750214706175029 ], [ 370245.254113735689316, 6929268.032791642472148 ], [ 370252.050202168058604, 6929262.389110505580902 ], [ 370262.899592126603238, 6929253.379527933895588 ], [ 370263.818475558946375, 6929252.537433844059706 ], [ 370264.65092526236549, 6929251.609804225154221 ], [ 370265.38901733950479, 6929250.605468969792128 ], [ 370266.025726061547175, 6929249.533988115377724 ], [ 370266.554990744625684, 6929248.405560840852559 ], [ 370266.971773439901881, 6929247.23092838563025 ], [ 370267.27210688876221, 6929246.021271807141602 ], [ 370267.453132286202163, 6929244.788105547428131 ], [ 370268.411214750085492, 6929234.937338553369045 ], [ 370268.419121091603301, 6929234.853157036006451 ], [ 370269.318388935236726, 6929224.925569025799632 ], [ 370270.269036504148971, 6929214.995957328006625 ], [ 370270.275091774703469, 6929214.930959331803024 ], [ 370271.173506344202906, 6929205.012969653122127 ], [ 370272.127527872740757, 6929195.204292696900666 ], [ 370272.135434580210131, 6929195.120110237970948 ], [ 370273.034734570013825, 6929185.192524171434343 ], [ 370273.483271310920827, 6929180.507674122229218 ], [ 370280.279609059449285, 6929174.864042392000556 ], [ 370281.205948957125656, 6929174.014438890852034 ], [ 370282.044312272919342, 6929173.077914109453559 ], [ 370282.78658288117731, 6929172.063534467481077 ], [ 370283.425574921595398, 6929170.981120088137686 ], [ 370283.955102365289349, 6929169.841149737127125 ], [ 370284.370038900931831, 6929168.654659371823072 ], [ 370284.666367562429514, 6929167.433135308325291 ], [ 370284.84121961647179, 6929166.188403017818928 ], [ 370285.739703152212314, 6929156.270418858155608 ], [ 370286.69379382574698, 6929146.461747649125755 ], [ 370286.701701232697815, 6929146.37756406608969 ], [ 370287.601070268603507, 6929136.449983376078308 ], [ 370288.551820388995111, 6929126.520379287190735 ], [ 370288.557876479811966, 6929126.455379693768919 ], [ 370288.979880439175759, 6929121.79722180403769 ], [ 370295.77817476936616, 6929116.177561894059181 ], [ 370295.799954810237978, 6929116.159517280757427 ], [ 370306.650003162154462, 6929107.150053525343537 ], [ 370317.500081202888396, 6929098.140650097280741 ], [ 370328.339284422167111, 6929089.140361507423222 ], [ 370339.230111874407157, 6929080.13803955540061 ], [ 370339.251892188913189, 6929080.119995397515595 ], [ 370350.102184597402811, 6929071.110669184476137 ], [ 370351.026937597198412, 6929070.262737822718918 ], [ 370351.864054475096054, 6929069.328183898702264 ], [ 370352.605460799473803, 6929068.316021675243974 ], [ 370353.244005317101255, 6929067.236013988032937 ], [ 370353.773528930963948, 6929066.098578079603612 ], [ 370354.188924107817002, 6929064.914685115218163 ], [ 370354.486184142995626, 6929063.695754363201559 ], [ 370354.662441807508003, 6929062.453543053008616 ], [ 370355.083705795812421, 6929057.878700949251652 ], [ 370361.848481236724183, 6929052.261777203530073 ], [ 370372.739522709220182, 6929043.259567284025252 ], [ 370372.761303249979392, 6929043.241523518227041 ], [ 370383.611789632821456, 6929034.232325274497271 ], [ 370394.462328661000356, 6929025.223168294876814 ], [ 370395.382996428932529, 6929024.379404271021485 ], [ 370396.216881217842456, 6929023.449779064394534 ], [ 370396.95601431367686, 6929022.443176295608282 ], [ 370397.593332462362014, 6929021.369215195998549 ], [ 370398.122745366941672, 6929020.238158679567277 ], [ 370398.539193887321744, 6929019.060815273784101 ], [ 370398.838698386040051, 6929017.848435827530921 ], [ 370399.018396758357994, 6929016.61260600015521 ], [ 370399.972655640391167, 6929006.650536337867379 ], [ 370399.978714516677428, 6929006.585534801706672 ], [ 370400.402395479148254, 6929001.910927871242166 ], [ 370407.159003294364084, 6928996.30104037001729 ], [ 370418.050355694955215, 6928987.298982014879584 ], [ 370418.072136543167289, 6928987.280938812531531 ], [ 370428.922952647029888, 6928978.27187552023679 ], [ 370429.849379352701362, 6928977.422318544238806 ], [ 370430.687831240822561, 6928976.485829394310713 ], [ 370431.430190908024088, 6928975.47147461399436 ], [ 370432.069271259941161, 6928974.38907459564507 ], [ 370432.598885092476849, 6928973.249108506366611 ], [ 370433.01390499266563, 6928972.062612834386528 ], [ 370433.310312979214359, 6928970.841074541211128 ], [ 370433.485239402565639, 6928969.596319849602878 ], [ 370433.908973761368543, 6928964.921746182255447 ], [ 370440.676646039064508, 6928959.302852515131235 ], [ 370441.595647055539303, 6928958.460815578699112 ], [ 370442.428215857536998, 6928957.533228246495128 ], [ 370443.166426802810747, 6928956.528920688666403 ], [ 370443.803252489073202, 6928955.457453416660428 ], [ 370444.332630651362706, 6928954.329026266932487 ], [ 370444.749521871912293, 6928953.154381307773292 ], [ 370445.04995755298296, 6928951.944700576364994 ], [ 370445.231077695672866, 6928950.711499634198844 ], [ 370445.680524981813505, 6928946.093714340589941 ], [ 370452.486355552333407, 6928940.443214245140553 ], [ 370463.337376721319743, 6928931.434303843416274 ], [ 370464.258085051144008, 6928930.59056140948087 ], [ 370465.092011199973058, 6928929.660952727310359 ], [ 370465.831185863236897, 6928928.654361478984356 ], [ 370466.468545216368511, 6928927.580407020635903 ], [ 370466.997998419159558, 6928926.449352455325425 ], [ 370467.414485822373535, 6928925.272006555460393 ], [ 370467.714027319394518, 6928924.059620472602546 ], [ 370467.893760381673928, 6928922.823780211620033 ], [ 370468.345732251589652, 6928918.106656579300761 ], [ 370471.055396289331838, 6928915.857025260105729 ], [ 370475.714958968106657, 6928916.302533918060362 ], [ 370476.971797519712709, 6928916.360462921671569 ], [ 370478.228238924522884, 6928916.294478753581643 ], [ 370479.472096063953359, 6928916.105221438221633 ], [ 370480.691303882980719, 6928915.794526720419526 ], [ 370481.874036418099422, 6928915.365408246405423 ], [ 370483.008821505354717, 6928914.822028341703117 ], [ 370484.084652057266794, 6928914.16965763643384 ], [ 370485.091092828195542, 6928913.414623935706913 ], [ 370491.918369809980504, 6928907.746532112360001 ], [ 370496.650783886783756, 6928908.146240631118417 ], [ 370497.890514500497375, 6928908.190505553968251 ], [ 370499.128693418751936, 6928908.114319305866957 ], [ 370500.353645301074721, 6928907.918400282040238 ], [ 370501.553819530643523, 6928907.604595890268683 ], [ 370502.717899130075239, 6928907.175865130499005 ], [ 370503.834907474403735, 6928906.636250697076321 ], [ 370504.894311794487294, 6928905.990840855054557 ], [ 370505.886122495227028, 6928905.245721460320055 ], [ 370516.7374474099488, 6928896.236950200051069 ], [ 370527.588785699568689, 6928887.228252805769444 ], [ 370528.512921957357321, 6928886.381090831942856 ], [ 370529.349571852362715, 6928885.447426981292665 ], [ 370530.090677988773677, 6928884.436252946965396 ], [ 370530.729103109333664, 6928883.35730688739568 ], [ 370531.258698831137735, 6928882.220979643985629 ], [ 370531.674364857899491, 6928881.038214668631554 ], [ 370531.972098098543938, 6928879.820402634330094 ], [ 370532.149031219189055, 6928878.579271736554801 ], [ 370532.203460257151164, 6928877.326774745248258 ], [ 370532.134861031081527, 6928876.074973890557885 ], [ 370531.943894189025741, 6928874.835924699902534 ], [ 370531.632398846035358, 6928873.621559892781079 ], [ 370531.203374872566201, 6928872.443574466742575 ], [ 370530.660954004037194, 6928871.313313066028059 ], [ 370530.010360049840529, 6928870.241660724394023 ], [ 370529.257858585508075, 6928869.238938041962683 ], [ 370528.410696611390449, 6928868.314801783300936 ], [ 370527.477032760507427, 6928867.478151888586581 ], [ 370526.465858726121951, 6928866.73704575188458 ], [ 370525.38691266690148, 6928866.098620631732047 ], [ 370524.250585423200391, 6928865.569024910219014 ], [ 370523.067820447613485, 6928865.153358883224428 ], [ 370521.850008413370233, 6928864.855625642463565 ], [ 370520.60887751611881, 6928864.67869252152741 ], [ 370519.356380524870474, 6928864.624263484030962 ], [ 370518.104579670296516, 6928864.692862709984183 ], [ 370516.865530479000881, 6928864.883829551748931 ], [ 370515.651165671937633, 6928865.195324894972146 ], [ 370514.47318024613196, 6928865.624348868615925 ], [ 370513.342918845126405, 6928866.166769737377763 ], [ 370512.271266504074447, 6928866.817363691516221 ], [ 370511.268543820828199, 6928867.56986515596509 ], [ 370500.417159968113992, 6928876.578600375913084 ], [ 370493.589738390408456, 6928882.246726596727967 ], [ 370488.857269125932362, 6928881.847013416700065 ], [ 370487.617526654561516, 6928881.802748646587133 ], [ 370486.379336020036135, 6928881.878937345929444 ], [ 370485.154372896358836, 6928882.074861083179712 ], [ 370483.954188226896804, 6928882.388672371394932 ], [ 370482.79009930358734, 6928882.817412086762488 ], [ 370481.673083048895933, 6928883.357037375681102 ], [ 370480.613672507810406, 6928884.002459772862494 ], [ 370479.621857524907682, 6928884.747593186795712 ], [ 370472.858190447790548, 6928890.362875262275338 ], [ 370468.198572508175857, 6928889.917361319996417 ], [ 370466.94172212475678, 6928889.859432353638113 ], [ 370465.685269010427874, 6928889.925418888218701 ], [ 370464.441400626208633, 6928890.114680860191584 ], [ 370463.222182362806052, 6928890.425382449291646 ], [ 370462.039440507243853, 6928890.85450988356024 ], [ 370460.904647529416252, 6928891.397900671698153 ], [ 370459.828810800099745, 6928892.050283981487155 ], [ 370458.822365820698906, 6928892.805331764742732 ], [ 370447.971202984685078, 6928901.81424040812999 ], [ 370447.050481845857576, 6928902.657984239049256 ], [ 370446.216543842223473, 6928903.587596240453422 ], [ 370445.477358524221927, 6928904.594192551448941 ], [ 370444.839989935921039, 6928905.668153607286513 ], [ 370444.310529106936883, 6928906.799216071143746 ], [ 370443.894035843608435, 6928907.976570915430784 ], [ 370443.594490374787711, 6928909.188966716639698 ], [ 370443.414755314646754, 6928910.424817183054984 ], [ 370442.962778802320827, 6928915.1419892674312 ], [ 370436.165557323314715, 6928920.785288485698402 ], [ 370425.314503963745665, 6928929.794310589320958 ], [ 370424.395490180468187, 6928930.636348928324878 ], [ 370423.562909562082496, 6928931.563939576968551 ], [ 370422.824687995307613, 6928932.56825218629092 ], [ 370422.187853100418579, 6928933.639726038090885 ], [ 370421.658467330737039, 6928934.768161063082516 ], [ 370421.24157026031753, 6928935.942814939655364 ], [ 370420.941130608553067, 6928937.152505360543728 ], [ 370420.760008459619712, 6928938.385716480202973 ], [ 370420.310556473152246, 6928943.003550066612661 ], [ 370413.504762480966747, 6928948.654094477184117 ], [ 370412.578322963032406, 6928949.503652813844383 ], [ 370411.73985921923304, 6928950.440145257860422 ], [ 370410.997488901193719, 6928951.454505084082484 ], [ 370410.358399324992206, 6928952.536911690607667 ], [ 370409.828777885995805, 6928953.676885671913624 ], [ 370409.413752155494876, 6928954.863390282727778 ], [ 370409.117340237251483, 6928956.084938284941018 ], [ 370408.942411866388284, 6928957.329703167080879 ], [ 370408.518673114536796, 6928962.004325297661126 ], [ 370401.761917793483008, 6928967.614229267463088 ], [ 370390.87051962967962, 6928976.616325447335839 ], [ 370390.848647504753899, 6928976.634444434195757 ], [ 370379.997949417622294, 6928985.643579971976578 ], [ 370379.071527590509504, 6928986.493148598819971 ], [ 370378.233082016347907, 6928987.429649144411087 ], [ 370377.49073009256972, 6928988.444014893844724 ], [ 370376.851658887520898, 6928989.526425281539559 ], [ 370376.322055558965076, 6928990.666400969028473 ], [ 370375.907047453045379, 6928991.852905299514532 ], [ 370375.610652464209124, 6928993.074451149441302 ], [ 370375.435740135726519, 6928994.319212142378092 ], [ 370374.53596058691619, 6929004.246766333468258 ], [ 370374.087211027566809, 6929008.93152688909322 ], [ 370367.290317327424418, 6929014.574959179386497 ], [ 370356.450645894510671, 6929023.575177730992436 ], [ 370345.559558681503404, 6929032.577425457537174 ], [ 370345.537686864903662, 6929032.595545010641217 ], [ 370334.68729886651272, 6929041.604831798933446 ], [ 370333.762533096945845, 6929042.452764527872205 ], [ 370332.925404401728883, 6929043.387321743182838 ], [ 370332.183987459749915, 6929044.399489002302289 ], [ 370331.545433744555339, 6929045.479503259062767 ], [ 370331.015902543324046, 6929046.616947037167847 ], [ 370330.600501546752639, 6929047.800848913379014 ], [ 370330.303237581450958, 6929049.019789345562458 ], [ 370330.12697796174325, 6929050.262010818347335 ], [ 370329.705709525325801, 6929054.836901227012277 ], [ 370322.940924917871598, 6929060.453906649723649 ], [ 370312.050051627389621, 6929069.456266491673887 ], [ 370312.028180036169942, 6929069.474386439658701 ], [ 370301.178005646972451, 6929078.483784896321595 ], [ 370290.327844638726674, 6929087.493257217109203 ], [ 370279.488622762146406, 6929096.493731082417071 ], [ 370268.597985629399773, 6929105.496235815808177 ], [ 370267.66724381147651, 6929106.346296275965869 ], [ 370266.824806053249631, 6929107.28394319396466 ], [ 370266.078874131955672, 6929108.300047856755555 ], [ 370265.43671026622178, 6929109.384717708453536 ], [ 370264.904566413315479, 6929110.527392657473683 ], [ 370264.487623401393648, 6929111.716947886161506 ], [ 370264.18994049000321, 6929112.941802163608372 ], [ 370264.014415850397199, 6929114.190030596219003 ], [ 370263.115029769192915, 6929124.11762079410255 ], [ 370262.16427866439335, 6929134.047235163860023 ], [ 370262.158220709883608, 6929134.112255329266191 ], [ 370261.259720193396788, 6929144.030248968861997 ], [ 370260.305628522939514, 6929153.838930427096784 ], [ 370260.297719257650897, 6929153.923134523443878 ], [ 370259.874223271966912, 6929158.597929676063359 ], [ 370253.107277560047805, 6929164.217154462821782 ], [ 370252.18667043588357, 6929165.060959291644394 ], [ 370251.352848736743908, 6929165.990618068724871 ], [ 370250.613780355080962, 6929166.997247094288468 ], [ 370249.976527732680552, 6929168.071227150969207 ], [ 370249.447180373186711, 6929169.202295424416661 ], [ 370249.030796651612036, 6929170.37964357342571 ], [ 370248.731355476833414, 6929171.592021009884775 ], [ 370248.551718270056881, 6929172.827842413447797 ], [ 370247.597926146409009, 6929182.789954030886292 ], [ 370247.591868730843998, 6929182.854973327368498 ], [ 370246.693437180947512, 6929192.772972479462624 ], [ 370245.739414655137807, 6929202.581659689545631 ], [ 370245.731506089447066, 6929202.665862661786377 ], [ 370244.832221200398635, 6929212.593460177071393 ], [ 370243.881572646962013, 6929222.523082157596946 ], [ 370243.875515512831043, 6929222.58810072671622 ], [ 370242.977116069523618, 6929232.506101915612817 ], [ 370242.532055306131952, 6929237.082106636837125 ], [ 370235.727230705611873, 6929242.732989254407585 ], [ 370224.877808564400766, 6929251.742683535441756 ], [ 370223.957230516534764, 6929252.586498580873013 ], [ 370223.123437693575397, 6929253.516163736581802 ], [ 370222.38439752656268, 6929254.522795449011028 ], [ 370221.747172023286112, 6929255.59677470009774 ], [ 370221.217850286571775, 6929256.727838921360672 ], [ 370220.801490328798536, 6929257.905180060304701 ], [ 370220.502070739225019, 6929259.117547860369086 ], [ 370220.32245266623795, 6929260.353357360698283 ], [ 370219.870855627174024, 6929265.070828882046044 ], [ 370213.074803930765484, 6929270.714554300531745 ], [ 370212.148496060050093, 6929271.564176911488175 ], [ 370211.310165709874127, 6929272.500716860406101 ], [ 370210.567928548785858, 6929273.515107735991478 ], [ 370209.928969991044141, 6929274.597529471851885 ], [ 370209.399475636251736, 6929275.737503410317004 ], [ 370208.984571388165932, 6929276.923993745818734 ], [ 370208.68827383214375, 6929278.1455143596977 ], [ 370208.513451351434924, 6929279.390240013599396 ], [ 370207.61431743321009, 6929289.317850303836167 ], [ 370206.663821025576908, 6929299.247485645115376 ], [ 370206.659452228108421, 6929299.294022949412465 ], [ 370206.238396237022243, 6929303.869123017415404 ], [ 370199.47438528877683, 6929309.486357264220715 ], [ 370188.584696988633368, 6929318.489134292118251 ], [ 370188.562826355104335, 6929318.507256258279085 ], [ 370177.713833696092479, 6929327.517070869915187 ], [ 370166.875733974564355, 6929336.517924066632986 ], [ 370158.225145730248187, 6929343.669783914461732 ] ] ] } },
{ "type": "Feature", "properties": { "id": "37", "_id": 38, "width": 36.03, "depth": 48.89, "manning_n": 0.5388 }, "geometry": { "type": "Polygon", "coordinates": [ [ [ 370113.462489553843625, 6929340.482159478589892 ], [ 370113.523844359442592, 6929338.715316144749522 ], [ 370113.41172279388411, 6929336.950966821983457 ], [ 370113.127204649150372, 6929335.206103158183396 ], [ 370112.673029990517534, 6929333.497529145330191 ], [ 370112.053572768170852, 6929331.841699284501374 ], [ 370111.274798693833873, 6929330.254560122266412 ], [ 370110.344207787595224, 6929328.751396677456796 ], [ 370109.270762148546055, 6929327.346685233525932 ], [ 370108.064799644984305, 6929326.053953932598233 ], [ 370106.737934355100151, 6929324.885652480646968 ], [ 370105.302944716939237, 6929323.853032262064517 ], [ 370103.773650465242099, 6929322.966037971898913 ], [ 370102.164779539511073, 6929322.233211851678789 ], [ 370100.491826246434357, 6929321.661611416377127 ], [ 370098.770902040589135, 6929321.256741491146386 ], [ 370097.018580362899229, 6929321.02250119484961 ], [ 370095.251737029117066, 6929320.961146389134228 ], [ 370093.487387706234585, 6929321.073267954401672 ], [ 370091.742524042841978, 6929321.357786099426448 ], [ 370090.033950029872358, 6929321.81196075771004 ], [ 370088.378120168985333, 6929322.431417980231345 ], [ 370086.790981006924994, 6929323.210192054510117 ], [ 370085.287817561533302, 6929324.140782960690558 ], [ 370083.883106118417345, 6929325.214228600263596 ], [ 370082.590374816616531, 6929326.420191103592515 ], [ 370081.422073365421966, 6929327.747056393884122 ], [ 370080.389453146257438, 6929329.182046031579375 ], [ 370079.502458856499288, 6929330.711340283043683 ], [ 370078.769632735929918, 6929332.320211209356785 ], [ 370078.198032300744671, 6929333.993164502084255 ], [ 370077.793162375572138, 6929335.714088708162308 ], [ 370077.558922079158947, 6929337.46641038544476 ], [ 370077.276990417507477, 6929340.822907270863652 ], [ 370077.21563561190851, 6929342.589750604704022 ], [ 370077.327757177466992, 6929344.354099927470088 ], [ 370077.61227532220073, 6929346.098963591270149 ], [ 370078.066449980833568, 6929347.807537604123354 ], [ 370078.68590720318025, 6929349.463367464952171 ], [ 370079.464681277517229, 6929351.050506627187133 ], [ 370080.395272183755878, 6929352.553670071996748 ], [ 370081.468717822805047, 6929353.958381515927613 ], [ 370082.674680326366797, 6929355.251112816855311 ], [ 370084.001545616250951, 6929356.419414268806577 ], [ 370085.436535254411865, 6929357.452034487389028 ], [ 370086.965829506109003, 6929358.339028777554631 ], [ 370088.574700431840029, 6929359.071854897774756 ], [ 370090.247653724916745, 6929359.643455333076417 ], [ 370091.968577930761967, 6929360.048325258307159 ], [ 370093.720899608451873, 6929360.282565554603934 ], [ 370095.487742942234036, 6929360.343920360319316 ], [ 370097.252092265116517, 6929360.231798795051873 ], [ 370098.996955928509124, 6929359.947280650027096 ], [ 370100.705529941478744, 6929359.493105991743505 ], [ 370102.361359802365769, 6929358.8736487692222 ], [ 370103.948498964426108, 6929358.094874694943428 ], [ 370105.4516624098178, 6929357.164283788762987 ], [ 370106.856373852933757, 6929356.090838149189949 ], [ 370108.149105154734571, 6929354.88487564586103 ], [ 370109.317406605929136, 6929353.558010355569422 ], [ 370110.350026825093664, 6929352.123020717874169 ], [ 370111.237021114851814, 6929350.593726466409862 ], [ 370111.969847235421184, 6929348.98485554009676 ], [ 370112.541447670606431, 6929347.311902247369289 ], [ 370112.946317595778964, 6929345.590978041291237 ], [ 370113.180557892192155, 6929343.838656364008784 ], [ 370113.462489553843625, 6929340.482159478589892 ] ] ] } },
{ "type": "Feature", "properties": { "id": "38", "_id": 39, "width": 68.95, "depth": 28.43, "manning_n": 0.2535 }, "geometry": { "type": "Polygon", "coordinates": [ [ [ 370303.882373582047876, 6929423.905192228965461 ], [ 370303.656591227394529, 6929424.091845165006816 ], [ 370303.48318762879353, 6929424.236154592595994 ], [ 370295.386247470160015, 6929431.019529268145561 ], [ 370292.902588068973273, 6929433.316829305142164 ], [ 370290.656062946771272, 6929435.84650840703398 ], [ 370288.668307368643582, 6929438.584204381331801 ], [ 370286.958464507304598, 6929441.503551717847586 ], [ 370285.54300108429743, 6929444.576435507275164 ], [ 370284.435548786132131, 6929447.77326219715178 ], [ 370283.646772983775008, 6929451.063244601711631 ], [ 370283.184270019526593, 6929454.414698389358819 ], [ 370283.052494049654342, 6929457.795347228646278 ], [ 370283.252714148780797, 6929461.172633623704314 ], [ 370283.783002087962814, 6929464.514032459817827 ], [ 370284.638250904390588, 6929467.787364240735769 ], [ 370285.81022408453282, 6929470.961104990914464 ], [ 370287.28763488586992, 6929474.004689851775765 ], [ 370289.056255034869537, 6929476.888807438313961 ], [ 370291.099051752593368, 6929479.58568212017417 ], [ 370293.396351789997425, 6929482.069341521710157 ], [ 370295.926030891831033, 6929484.315866643562913 ], [ 370298.663726865546778, 6929486.30362222250551 ], [ 370301.583074202295393, 6929488.01346508320421 ], [ 370304.655957991373725, 6929489.428928506560624 ], [ 370307.852784682007041, 6929490.536380804143846 ], [ 370311.142767085693777, 6929491.325156606733799 ], [ 370314.494220873399172, 6929491.787659571506083 ], [ 370317.874869713035878, 6929491.919435541145504 ], [ 370321.252156108152121, 6929491.71921544149518 ], [ 370324.593554944673087, 6929491.188927502371371 ], [ 370327.866886725125369, 6929490.333678686060011 ], [ 370331.040627475071233, 6929489.161705506034195 ], [ 370334.084212336223572, 6929487.684294704347849 ], [ 370336.96832992247073, 6929485.915674556046724 ], [ 370339.665204604971223, 6929483.872877838090062 ], [ 370347.675679068954196, 6929477.161941539496183 ], [ 370358.489227406564169, 6929468.222445131279528 ], [ 370361.00074217969086, 6929465.928471642546356 ], [ 370363.273973303555977, 6929463.398167100735009 ], [ 370365.286791401566006, 6929460.656163430772722 ], [ 370367.019602157117333, 6929457.729153402149677 ], [ 370368.455537060101051, 6929454.645630777813494 ], [ 370369.580617617815733, 6929451.435612933710217 ], [ 370370.078249636746477, 6929449.387985699810088 ], [ 370370.2993439892889, 6929449.204383426345885 ], [ 370372.783582014031708, 6929446.927317505702376 ], [ 370375.033633992134128, 6929444.418585980311036 ], [ 370377.028000477293972, 6929441.702160002663732 ], [ 370378.747625120915473, 6929438.80399526283145 ], [ 370380.176076756964903, 6929435.751783983781934 ], [ 370381.299706403282471, 6929432.574690314009786 ], [ 370382.107777679048013, 6929429.303071664646268 ], [ 370382.59256939147599, 6929425.968188643455505 ], [ 370383.546491275308654, 6929416.00610227137804 ], [ 370383.558279481134377, 6929415.88057595398277 ], [ 370384.459229588625021, 6929406.094646479934454 ], [ 370385.407156228553504, 6929396.195341468788683 ], [ 370385.42349949007621, 6929396.019945537671447 ], [ 370385.932080705824774, 6929390.406642380170524 ], [ 370396.668377144727856, 6929381.491291232407093 ], [ 370407.488254518888425, 6929372.506619767285883 ], [ 370418.359720431733876, 6929363.519872388802469 ], [ 370418.418497546983417, 6929363.471175466664135 ], [ 370429.267938663135283, 6929354.462124930694699 ], [ 370440.117410961014684, 6929345.453133478760719 ], [ 370450.937527704634704, 6929336.468602513894439 ], [ 370451.180551837082021, 6929336.267717556096613 ], [ 370453.204885134880897, 6929336.163371277973056 ], [ 370456.556005839433055, 6929335.657426678575575 ], [ 370459.841256557905581, 6929334.824889814481139 ], [ 370463.028888411005028, 6929333.673806375823915 ], [ 370466.08809591451427, 6929332.215300508774817 ], [ 370468.989314685692079, 6929330.46346731018275 ], [ 370471.704507155052852, 6929328.435236611403525 ], [ 370482.605829487554729, 6929319.424285234883428 ], [ 370482.664607686747331, 6929319.375589989125729 ], [ 370493.514430812909268, 6929310.366698260419071 ], [ 370504.364117590186652, 6929301.358004724606872 ], [ 370515.184587477589957, 6929292.373655249364674 ], [ 370526.056606429163367, 6929283.387265339493752 ], [ 370528.555425558937714, 6929281.106464067474008 ], [ 370530.818654573347885, 6929278.591718372888863 ], [ 370532.824497339723166, 6929275.867246629670262 ], [ 370534.553636495780665, 6929272.959286990575492 ], [ 370535.989419486140832, 6929269.895844697020948 ], [ 370537.118018935725559, 6929266.706422371789813 ], [ 370537.928565814974718, 6929263.421735896728933 ], [ 370538.413254114275333, 6929260.073418597690761 ], [ 370538.567416020319797, 6929256.6937166005373 ], [ 370538.389566869765986, 6929253.315178283490241 ], [ 370537.881419447134249, 6929249.970340816304088 ], [ 370537.047867489804048, 6929246.691416813060641 ], [ 370535.896938558900729, 6929243.509984104894102 ], [ 370534.439716729102656, 6929240.456681626848876 ], [ 370532.69023584324168, 6929237.560914351604879 ], [ 370530.6653443587129, 6929234.850570100359619 ], [ 370528.384543087275233, 6929232.351750970818102 ], [ 370525.869797392108012, 6929230.088521956466138 ], [ 370523.145325648947619, 6929228.082679189741611 ], [ 370520.237366009911057, 6929226.353540034033358 ], [ 370517.173923716123682, 6929224.917757043614984 ], [ 370513.984501391416416, 6929223.789157593622804 ], [ 370510.699814916355535, 6929222.978610714897513 ], [ 370507.351497617259156, 6929222.493922415189445 ], [ 370503.971795620105695, 6929222.339760509319603 ], [ 370500.593257302592974, 6929222.517609659582376 ], [ 370497.248419835756067, 6929223.025757082737982 ], [ 370493.969495832745451, 6929223.859309040009975 ], [ 370490.788063124229666, 6929225.010237970389426 ], [ 370487.734760646300856, 6929226.46745980065316 ], [ 370484.838993370940443, 6929228.216940686106682 ], [ 370482.128649119986221, 6929230.241832170635462 ], [ 370471.22709033760475, 6929239.252638560719788 ], [ 370471.168065076111816, 6929239.301537103019655 ], [ 370460.318102421006188, 6929248.310374732129276 ], [ 370449.468075750221033, 6929257.319350487552583 ], [ 370438.647469959862065, 6929266.303982297889888 ], [ 370438.404215453309007, 6929266.505054650828242 ], [ 370436.379648023401387, 6929266.609415817074478 ], [ 370433.028496959188487, 6929267.115372935310006 ], [ 370429.743218028044794, 6929267.947928281500936 ], [ 370426.555560979293659, 6929269.099035834893584 ], [ 370423.496332120441366, 6929270.557571007870138 ], [ 370420.595096596865915, 6929272.309438153170049 ], [ 370417.879892667464446, 6929274.337706794962287 ], [ 370406.978651310666464, 6929283.348727185279131 ], [ 370406.919627120136283, 6929283.397627424448729 ], [ 370396.069981219188776, 6929292.406678053550422 ], [ 370385.220271302969195, 6929301.415866814553738 ], [ 370374.399981926369946, 6929310.400710619986057 ], [ 370363.528392539883498, 6929319.387560065835714 ], [ 370363.469369100581389, 6929319.436461529694498 ], [ 370352.619959102827124, 6929328.445656463503838 ], [ 370341.770485085959081, 6929337.454989539459348 ], [ 370330.921070021751802, 6929346.464358636178076 ], [ 370328.436767785053235, 6929348.741422580555081 ], [ 370326.186655060038902, 6929351.250161413103342 ], [ 370324.192232460540254, 6929353.966603259555995 ], [ 370322.472557391622104, 6929356.864791567437351 ], [ 370321.044061949767638, 6929359.917033134028316 ], [ 370319.920395908236969, 6929363.094162723980844 ], [ 370319.11229628889123, 6929366.365821755491197 ], [ 370318.627484765951522, 6929369.700748380273581 ], [ 370317.673529982217588, 6929379.66283312253654 ], [ 370317.657181310234591, 6929379.838285556063056 ], [ 370316.762717521865852, 6929389.710644683800638 ], [ 370315.817174897470977, 6929399.585053151473403 ], [ 370315.805381297075655, 6929399.710635805502534 ], [ 370315.293823020358104, 6929405.26707358751446 ], [ 370312.90095823071897, 6929407.461794385686517 ], [ 370310.638629412045702, 6929409.989086354151368 ], [ 370308.635606650146656, 6929412.726463967002928 ], [ 370306.911279893538449, 6929415.647428467869759 ], [ 370305.48234121769201, 6929418.723703917115927 ], [ 370304.362623239809182, 6929421.925510911270976 ], [ 370303.882373582047876, 6929423.905192228965461 ] ] ] } },
{ "type": "Feature", "properties": { "id": "39", "_id": 40, "width": 78.18, "depth": 34.57, "manning_n": 0.108 }, "geometry": { "type": "Polygon", "coordinates": [ [ [ 370541.41485077625839, 6929624.238616776652634 ], [ 370532.721233025484253, 6929631.444175573065877 ], [ 370529.891398456587922, 6929634.03411422483623 ], [ 370527.329048694984522, 6929636.888953906483948 ], [ 370525.058860569435637, 6929639.981200950220227 ], [ 370523.102697232738137, 6929643.281075327657163 ], [ 370521.47939760715235, 6929646.756797445006669 ], [ 370520.204594955372158, 6929650.374894197098911 ], [ 370519.290566323907115, 6929654.100521334446967 ], [ 370518.746114308130927, 6929657.897799031808972 ], [ 370518.576482278469484, 6929661.730157429352403 ], [ 370518.783303884265479, 6929665.56068881880492 ], [ 370519.364587320247665, 6929669.352503091096878 ], [ 370520.314734509272967, 6929673.069083001464605 ], [ 370521.624595014436636, 6929676.674635852687061 ], [ 370523.281554163084365, 6929680.134438200853765 ], [ 370525.269654532778077, 6929683.415170257911086 ], [ 370527.569749630230945, 6929686.485236779786646 ], [ 370530.159688282175921, 6929689.315071349032223 ], [ 370533.014527963707224, 6929691.877421110868454 ], [ 370536.106775007967371, 6929694.147609235718846 ], [ 370539.406649385637138, 6929696.103772573173046 ], [ 370542.882371502462775, 6929697.727072197943926 ], [ 370546.500468254555017, 6929699.001874850131571 ], [ 370550.226095392194111, 6929699.915903481654823 ], [ 370554.023373089556117, 6929700.460355496965349 ], [ 370557.85573148651747, 6929700.629987526684999 ], [ 370561.686262876726687, 6929700.423165921121836 ], [ 370565.478077148960438, 6929699.841882484965026 ], [ 370569.194657058920711, 6929698.891735295765102 ], [ 370572.800209910492413, 6929697.581874790601432 ], [ 370576.260012258542702, 6929695.924915642477572 ], [ 370579.540744315308984, 6929693.936815273016691 ], [ 370582.610810837533791, 6929691.636720174923539 ], [ 370592.210309238056652, 6929683.680337443947792 ], [ 370603.086567455437034, 6929674.649031188338995 ], [ 370605.903357436531223, 6929672.067320425994694 ], [ 370608.454637758142781, 6929669.222939125262201 ], [ 370610.716032226046082, 6929666.14306391403079 ], [ 370612.665934358956292, 6929662.8571214415133 ], [ 370614.28571382741211, 6929659.396507227793336 ], [ 370615.559894457226619, 6929655.794285694137216 ], [ 370615.768773095682263, 6929654.948792072944343 ], [ 370625.738679722009692, 6929646.670260453596711 ], [ 370628.55032391322311, 6929644.093810501508415 ], [ 370631.097530836123042, 6929641.255646605044603 ], [ 370633.356056731950957, 6929638.182781787589192 ], [ 370635.304405444941949, 6929634.904462903738022 ], [ 370636.924033018003684, 6929631.451892276294529 ], [ 370638.199524189927615, 6929627.857930717989802 ], [ 370639.118739114608616, 6929624.156784769147635 ], [ 370639.672928905347362, 6929620.383681127801538 ], [ 370640.063481928373221, 6929616.371551238931715 ], [ 370641.277033043501433, 6929615.258888254873455 ], [ 370643.836837317270692, 6929612.401765928603709 ], [ 370646.10426847380586, 6929609.307496733032167 ], [ 370648.057489911501762, 6929606.005880170501769 ], [ 370649.677691040269565, 6929602.528712614439428 ], [ 370650.94926843745634, 6929598.909481089562178 ], [ 370651.859976117673796, 6929595.183040773496032 ], [ 370652.401043468154967, 6929591.385279323905706 ], [ 370652.567259714414831, 6929587.552771259099245 ], [ 370652.357024103228468, 6929583.722425727173686 ], [ 370651.772361318406183, 6929579.931131049059331 ], [ 370650.81890198221663, 6929576.215399464592338 ], [ 370649.505828429304529, 6929572.611015502363443 ], [ 370647.845786275691353, 6929569.152691347524524 ], [ 370645.854762634902727, 6929565.87373255379498 ], [ 370643.551932152884547, 6929562.805717286653817 ], [ 370640.959472346119583, 6929559.978192210197449 ], [ 370638.102350019733422, 6929557.418387936428189 ], [ 370635.008080823521595, 6929555.150956779718399 ], [ 370631.706464261398651, 6929553.19773534219712 ], [ 370628.229296705685556, 6929551.577534213662148 ], [ 370624.610065180750098, 6929550.30595681630075 ], [ 370620.883624864683952, 6929549.395249135792255 ], [ 370617.085863414744381, 6929548.854181786067784 ], [ 370613.253355349879712, 6929548.68796553928405 ], [ 370609.423009817663115, 6929548.898201150819659 ], [ 370605.63171513954876, 6929549.482863935641944 ], [ 370601.915983555838466, 6929550.436323272064328 ], [ 370598.311599592852872, 6929551.749396824277937 ], [ 370594.853275438537821, 6929553.409438977949321 ], [ 370591.5743166449829, 6929555.400462619028986 ], [ 370588.506301377841737, 6929557.70329310093075 ], [ 370577.657156439963728, 6929566.711748774163425 ], [ 370574.822724745667074, 6929569.31119676399976 ], [ 370572.257452210411429, 6929572.176595462486148 ], [ 370569.98617037164513, 6929575.280208146199584 ], [ 370568.030864971282426, 6929578.591992207802832 ], [ 370566.410463136387989, 6929582.07988996617496 ], [ 370565.140650166780688, 6929585.710138980299234 ], [ 370564.233717703144066, 6929589.447598864324391 ], [ 370563.698444745386951, 6929593.256091445684433 ], [ 370563.373814755061176, 6929596.8365663215518 ], [ 370554.096865519473795, 6929604.539772070012987 ], [ 370551.280036338488571, 6929607.121487110853195 ], [ 370548.72871973796282, 6929609.965878572314978 ], [ 370546.467292664165143, 6929613.04576928075403 ], [ 370544.517362269514706, 6929616.331731947138906 ], [ 370542.897559463395737, 6929619.792370335198939 ], [ 370541.6233609005576, 6929623.39461924508214 ], [ 370541.41485077625839, 6929624.238616776652634 ] ] ] } },
{ "type": "Feature", "properties": { "id": "40", "_id": 41, "width": 26.3, "depth": 46.64, "manning_n": 0.2635 }, "geometry": { "type": "Polygon", "coordinates": [ [ [ 368762.24772756017046, 6930087.081677971407771 ], [ 368759.493997117504478, 6930083.745896181091666 ], [ 368758.62461202085251, 6930082.792215019464493 ], [ 368757.665936150879133, 6930081.928340733982623 ], [ 368756.627202080213465, 6930081.162592907436192 ], [ 368755.518413385783788, 6930080.502346108667552 ], [ 368754.350248308852315, 6930079.953958875499666 ], [ 368753.133956917736214, 6930079.522712477482855 ], [ 368751.881252763385419, 6930079.212760052643716 ], [ 368750.604200071597006, 6930079.027086612768471 ], [ 368749.315097557904664, 6930078.967480293475091 ], [ 368748.026359984243754, 6930079.03451513685286 ], [ 368746.750398597912863, 6930079.227545561268926 ], [ 368745.49950160458684, 6930079.544712577015162 ], [ 368744.285715826088563, 6930079.982961693778634 ], [ 368743.120730683032889, 6930080.538072331808507 ], [ 368742.01576561917318, 6930081.204698472283781 ], [ 368740.981462052091956, 6930081.976420141756535 ], [ 368740.027780890581198, 6930082.845805238932371 ], [ 368739.163906605564989, 6930083.804481108672917 ], [ 368738.398158778611105, 6930084.843215179629624 ], [ 368737.737911979900673, 6930085.952003873884678 ], [ 368737.189524747082032, 6930087.120168950408697 ], [ 368736.758278348948807, 6930088.336460341699421 ], [ 368736.44832592405146, 6930089.589164496399462 ], [ 368736.262652483652346, 6930090.866217187605798 ], [ 368736.203046164533589, 6930092.155319701880217 ], [ 368736.270081008144189, 6930093.444057275541127 ], [ 368736.463111432269216, 6930094.72001866158098 ], [ 368736.780278448364697, 6930095.970915654674172 ], [ 368737.218527564778924, 6930097.18470143340528 ], [ 368737.773638202808797, 6930098.3496865760535 ], [ 368738.440264343691524, 6930099.454651640728116 ], [ 368739.211986013222486, 6930100.488955207169056 ], [ 368741.97586906311335, 6930103.837035544216633 ], [ 368741.996204009046778, 6930103.861607893370092 ], [ 368751.044290096790064, 6930114.768181016668677 ], [ 368751.915985786472447, 6930115.71975068282336 ], [ 368752.876754160562996, 6930116.581297161057591 ], [ 368753.917342494532932, 6930117.344523290172219 ], [ 368755.027729353751056, 6930118.00207878369838 ], [ 368756.197221105801873, 6930118.547631022520363 ], [ 368757.414554905844852, 6930118.975926041603088 ], [ 368758.668007163912989, 6930119.282839125022292 ], [ 368759.945506449497771, 6930119.465414532460272 ], [ 368761.23474974615965, 6930119.521893962286413 ], [ 368762.52332093619043, 6930119.451733487658203 ], [ 368763.798810374632012, 6930119.255608791485429 ], [ 368765.048934400954749, 6930118.935408662073314 ], [ 368766.261653637338895, 6930118.494216801598668 ], [ 368767.425288934609853, 6930117.936282129026949 ], [ 368768.52863384882221, 6930117.266977859660983 ], [ 368769.561062565189786, 6930116.492749760858715 ], [ 368770.512632230878808, 6930115.621054071001709 ], [ 368771.374178709811531, 6930114.660285697318614 ], [ 368772.13740483840229, 6930113.619697363115847 ], [ 368772.794960331812035, 6930112.509310503490269 ], [ 368773.340512571157888, 6930111.339818751439452 ], [ 368773.768807590240613, 6930110.122484951280057 ], [ 368774.075720673776232, 6930108.869032694026828 ], [ 368774.258296081097797, 6930107.591533407568932 ], [ 368774.314775511156768, 6930106.302290110848844 ], [ 368774.244615036237519, 6930105.013718921691179 ], [ 368774.048490340006538, 6930103.73822948243469 ], [ 368773.728290210478008, 6930102.488105456344783 ], [ 368773.287098350003362, 6930101.275386219844222 ], [ 368772.729163677373435, 6930100.111750923097134 ], [ 368772.059859408414923, 6930099.008406008593738 ], [ 368771.285631309205201, 6930097.975977292284369 ], [ 368762.24772756017046, 6930087.081677971407771 ] ] ] } },
{ "type": "Feature", "properties": { "id": "41", "_id": 42, "width": 98.82, "depth": 30.84, "manning_n": 0.8746 }, "geometry": { "type": "Polygon", "coordinates": [ [ [ 367451.727071576984599, 6930074.638468545861542 ], [ 367449.866533593798522, 6930076.712151328101754 ], [ 367446.989076591096818, 6930080.635887484066188 ], [ 367444.511500666209031, 6930084.823617389425635 ], [ 367442.457832610001788, 6930089.234729690477252 ], [ 367440.847988281457219, 6930093.826446739956737 ], [ 367439.697579469764605, 6930098.554239437915385 ], [ 367439.017762495728675, 6930103.372259062714875 ], [ 367438.119809082709253, 6930113.221863712184131 ], [ 367437.916858555516228, 6930118.038914201781154 ], [ 367438.184352115727961, 6930122.852811949327588 ], [ 367438.919742837897502, 6930127.617721688002348 ], [ 367440.116028738848399, 6930132.288274587132037 ], [ 367441.761819446866866, 6930136.820000227540731 ], [ 367443.841444654448424, 6930141.169750028289855 ], [ 367446.335103322286159, 6930145.296108081005514 ], [ 367449.219052213768009, 6930149.159785490483046 ], [ 367458.21983691904461, 6930160.064982900395989 ], [ 367467.220486957347021, 6930170.97010974958539 ], [ 367467.371786069998052, 6930171.152529804967344 ], [ 367476.368051037366968, 6930181.946462565101683 ], [ 367479.634467959403992, 6930185.49762771371752 ], [ 367483.231673971458804, 6930188.713271089829504 ], [ 367487.125366768217646, 6930191.562728902325034 ], [ 367491.27841680025449, 6930194.018829236738384 ], [ 367495.651221334468573, 6930196.058151164092124 ], [ 367500.202082098636311, 6930197.661248081363738 ], [ 367504.887602908536792, 6930198.812833145260811 ], [ 367509.663103486178443, 6930199.501925049349666 ], [ 367519.608871870208532, 6930200.444236235693097 ], [ 367524.457741532300133, 6930200.664162095636129 ], [ 367529.304793130198959, 6930200.407266803085804 ], [ 367534.103250838583335, 6930199.676029492169619 ], [ 367534.713102827197872, 6930199.520631903782487 ], [ 367535.298216120165307, 6930199.795037448406219 ], [ 367539.874173649062868, 6930201.41496049426496 ], [ 367544.587003298918717, 6930202.578048914670944 ], [ 367548.958978433161974, 6930203.210544523783028 ], [ 367553.835106023936532, 6930209.118806144222617 ], [ 367554.078411961731035, 6930209.41131151560694 ], [ 367558.920259812381119, 6930215.186864945106208 ], [ 367558.738072276988532, 6930219.507838330231607 ], [ 367559.005394370818976, 6930224.321624735370278 ], [ 367559.740591939364094, 6930229.086442169733346 ], [ 367560.936665188986808, 6930233.756924953311682 ], [ 367562.582226342929062, 6930238.288605562411249 ], [ 367564.661608063732274, 6930242.638338003307581 ], [ 367567.155012621486094, 6930246.764708607457578 ], [ 367567.344077016634401, 6930247.01802736800164 ], [ 367567.790558101492934, 6930249.931320400908589 ], [ 367568.999758952762932, 6930254.65227532107383 ], [ 367570.668143835733645, 6930259.231147882528603 ], [ 367572.779482601268683, 6930263.623394536785781 ], [ 367574.184826757817063, 6930265.932339400984347 ], [ 367574.169153703842312, 6930266.09751395881176 ], [ 367573.223794622987043, 6930276.060514764860272 ], [ 367573.207050728262402, 6930276.240475623868406 ], [ 367572.308796065917704, 6930286.090041715651751 ], [ 367572.105696367914788, 6930290.906883374787867 ], [ 367572.373001376108732, 6930295.72058892250061 ], [ 367573.108166173973586, 6930300.485328765586019 ], [ 367574.304191517119762, 6930305.15573950111866 ], [ 367575.949690470530186, 6930309.687355797737837 ], [ 367578.028996819979511, 6930314.037033735774457 ], [ 367579.508442735648714, 6930316.485449989326298 ], [ 367579.463084006740246, 6930316.990931114181876 ], [ 367579.26721060089767, 6930321.835840853862464 ], [ 367579.547164576884825, 6930326.676619980484247 ], [ 367580.300249824940693, 6930331.466649143956602 ], [ 367581.519213722320274, 6930336.159797745756805 ], [ 367583.192316980508622, 6930340.710868198424578 ], [ 367585.303446700389031, 6930345.076031207107008 ], [ 367587.832271548744757, 6930349.213247863575816 ], [ 367590.754437559924554, 6930353.082674511708319 ], [ 367594.041802677733358, 6930356.647046456113458 ], [ 367597.662707779090852, 6930359.872036848217249 ], [ 367601.582281568495091, 6930362.726587265729904 ], [ 367605.762776407704223, 6930365.183206829242408 ], [ 367610.163931846036576, 6930367.218236948363483 ], [ 367614.743362350796815, 6930368.812079171650112 ], [ 367619.456965502817184, 6930369.949383926577866 ], [ 367624.259346727048978, 6930370.61919834651053 ], [ 367629.104256467020605, 6930370.815071752294898 ], [ 367633.945035593467765, 6930370.53511777613312 ], [ 367638.735064757114742, 6930369.782032527960837 ], [ 367643.428213358682115, 6930368.563068630173802 ], [ 367647.979283811582718, 6930366.889965372160077 ], [ 367652.344446819508448, 6930364.778835652396083 ], [ 367656.481663476384711, 6930362.250010804273188 ], [ 367660.351090124167968, 6930359.327844792976975 ], [ 367663.915462069096975, 6930356.040479674935341 ], [ 367667.140452460793313, 6930352.419574573636055 ], [ 367669.995002878829837, 6930348.500000784173608 ], [ 367672.451622442225926, 6930344.319505944848061 ], [ 367674.486652561638039, 6930339.918350506573915 ], [ 367676.080494784575421, 6930335.338920001871884 ], [ 367677.217799539212137, 6930330.625316849909723 ], [ 367677.887613958970178, 6930325.822935625910759 ], [ 367678.770160780230071, 6930315.987766731530428 ], [ 367679.703594705730211, 6930306.150489472784102 ], [ 367679.924241646949667, 6930301.311828178353608 ], [ 367679.670061887183692, 6930296.474812482483685 ], [ 367678.943498091015499, 6930291.685926051810384 ], [ 367677.751532528491225, 6930286.99119003303349 ], [ 367676.105619975540321, 6930282.435720785520971 ], [ 367674.021577633509878, 6930278.063296319916844 ], [ 367672.531914891151246, 6930275.594146857969463 ], [ 367672.547265537199564, 6930275.432368649169803 ], [ 367673.492626235238276, 6930265.469438908621669 ], [ 367673.515828100498766, 6930265.21809484437108 ], [ 367674.409677671501413, 6930255.257185303606093 ], [ 367674.605621050635818, 6930250.41930818837136 ], [ 367674.327114022453316, 6930245.585481275804341 ], [ 367673.576830996666104, 6930240.802122187800705 ], [ 367672.361976690182928, 6930236.11516392044723 ], [ 367670.694216942298226, 6930231.569613764993846 ], [ 367668.589566691720393, 6930227.209121120162308 ], [ 367666.068236190476455, 6930223.075558335520327 ], [ 367665.98179846216226, 6930222.960845737718046 ], [ 367665.576040789019316, 6930220.286514518782496 ], [ 367664.384027424908709, 6930215.591705878265202 ], [ 367662.73805260611698, 6930211.036171779036522 ], [ 367660.653934668982401, 6930206.663692339323461 ], [ 367659.164319853764027, 6930204.194682992063463 ], [ 367659.179641023394652, 6930204.033215345814824 ], [ 367659.400285185896792, 6930199.194436243735254 ], [ 367659.146079603116959, 6930194.357304182834923 ], [ 367658.419467306521256, 6930189.568306206725538 ], [ 367657.227431371225975, 6930184.873466766439378 ], [ 367655.581427805358544, 6930180.317905405536294 ], [ 367653.497275452886242, 6930175.945403144694865 ], [ 367650.99500396696385, 6930171.797981722280383 ], [ 367648.098661316384096, 6930167.915499745868146 ], [ 367639.098406452918425, 6930157.009968154132366 ], [ 367638.854838298109826, 6930156.717145060189068 ], [ 367629.929649511585012, 6930146.070816159248352 ], [ 367621.050371087330859, 6930135.312053401023149 ], [ 367612.049814865051303, 6930124.406434479169548 ], [ 367611.898257572145667, 6930124.223694544285536 ], [ 367602.902206759841647, 6930113.429602840915322 ], [ 367599.625532521284185, 6930109.8681994182989 ], [ 367596.016173505922779, 6930106.644425868056715 ], [ 367592.108754791785032, 6930103.789208293892443 ], [ 367587.940760784433223, 6930101.329937190748751 ], [ 367583.552175624179654, 6930099.290204685181379 ], [ 367578.985099612560589, 6930097.689578211866319 ], [ 367574.283345338481013, 6930096.543412799946964 ], [ 367569.492017377982847, 6930095.862703773193061 ], [ 367564.657079599797726, 6930095.653981266543269 ], [ 367559.824914227530826, 6930095.919247584417462 ], [ 367559.558426405128557, 6930095.960293542593718 ], [ 367559.257862426922657, 6930095.853744788095355 ], [ 367554.549411817803048, 6930094.689173733815551 ], [ 367549.749465048720594, 6930093.991861829534173 ], [ 367549.16280335013289, 6930093.935863941907883 ], [ 367549.20935636991635, 6930093.416917818598449 ], [ 367549.222322030749638, 6930093.280236925929785 ], [ 367550.959748346649576, 6930091.360764785669744 ], [ 367553.84944012464257, 6930087.457936642691493 ], [ 367556.342056539026089, 6930083.290293483994901 ], [ 367558.413519973575603, 6930078.898092973977327 ], [ 367560.043820970982779, 6930074.323761903680861 ], [ 367561.217211515875533, 6930069.611486369743943 ], [ 367561.922357153787743, 6930064.806784952059388 ], [ 367562.152446477266494, 6930059.956069026142359 ], [ 367561.905256921076216, 6930055.106194450519979 ], [ 367561.183176231454127, 6930050.304008951410651 ], [ 367560.97361339937197, 6930049.474893525242805 ], [ 367561.247318816778716, 6930048.889979113824666 ], [ 367562.8551547677489, 6930044.345833845436573 ], [ 367564.012562093790621, 6930039.666645781137049 ], [ 367564.708525710215326, 6930034.896946910768747 ], [ 367565.658134741592221, 6930025.045300535857677 ], [ 367565.688428161258344, 6930024.719748900271952 ], [ 367566.582086961658206, 6930014.758809610269964 ], [ 367566.77817970974138, 6930009.950300369411707 ], [ 367566.505551965266932, 6930005.145522789098322 ], [ 367565.766790052235592, 6930000.390058108605444 ], [ 367564.56890234578168, 6929995.729019755497575 ], [ 367562.923252786626108, 6929991.206625366583467 ], [ 367560.845453075191472, 6929986.865777309983969 ], [ 367558.355214568786323, 6929982.747655691578984 ], [ 367555.476161287224386, 6929978.891327685676515 ], [ 367546.475137816101778, 6929967.986039502546191 ], [ 367543.204762295354158, 6929964.398416994139552 ], [ 367539.598113649175502, 6929961.149035998620093 ], [ 367535.690006942662876, 6929958.269262867979705 ], [ 367531.51816722296644, 6929955.786896121688187 ], [ 367527.122865358076524, 6929953.725898104719818 ], [ 367523.734873230918311, 6929952.526762505061924 ], [ 367521.877199801441748, 6929950.860023436136544 ], [ 367517.968060236366, 6929947.991200570017099 ], [ 367513.796550433267839, 6929945.519354550167918 ], [ 367509.402844311960507, 6929943.468290607444942 ], [ 367504.829255664139055, 6929941.857761607505381 ], [ 367500.119830648764037, 6929940.703277824446559 ], [ 367495.319923603150528, 6929940.01595756970346 ], [ 367490.475760255998466, 6929939.802420112304389 ], [ 367485.633992548508104, 6929940.064721933566034 ], [ 367480.841249350341968, 6929940.800336926244199 ], [ 367476.143687398638576, 6929942.002180713228881 ], [ 367471.586546782811638, 6929943.658678883686662 ], [ 367467.213715258287266, 6929945.753878453746438 ], [ 367463.067305582982954, 6929948.267601505853236 ], [ 367459.187249948794488, 6929951.175639513880014 ], [ 367455.610915412486065, 6929954.449986481107771 ], [ 367452.372744030726608, 6929958.059108656831086 ], [ 367449.503921164025087, 6929961.968248222023249 ], [ 367447.032075144874398, 6929966.139758025296032 ], [ 367444.981011201743968, 6929970.533464146777987 ], [ 367443.370482201513369, 6929975.107052794657648 ], [ 367442.215998418920208, 6929979.816477810032666 ], [ 367441.528678163944278, 6929984.616384855471551 ], [ 367441.315140706254169, 6929989.460548202507198 ], [ 367441.577442528388929, 6929994.302315910346806 ], [ 367442.31305752042681, 6929999.095059107989073 ], [ 367443.514901307760738, 6930003.792621060274541 ], [ 367445.171399477869272, 6930008.349761676043272 ], [ 367447.266599047696218, 6930012.722593200393021 ], [ 367449.780322100152262, 6930016.869002875871956 ], [ 367452.688360108004417, 6930020.749058510176837 ], [ 367457.091027433867566, 6930026.058984291739762 ], [ 367456.188102559011895, 6930029.728692811913788 ], [ 367455.497570324281696, 6930034.508611085824668 ], [ 367454.552439281891566, 6930044.471605889499187 ], [ 367454.3319049156853, 6930049.31054597068578 ], [ 367454.586250801803544, 6930054.14782668184489 ], [ 367454.646146411076188, 6930054.542509007267654 ], [ 367454.575992074387614, 6930054.740200569853187 ], [ 367453.407254767604172, 6930059.466223708353937 ], [ 367452.709282661264297, 6930064.284322558902204 ], [ 367451.764176381810103, 6930074.247318575158715 ], [ 367451.727071576984599, 6930074.638468545861542 ] ] ] } },
{ "type": "Feature", "properties": { "id": "42", "_id": 43, "width": 61.98, "depth": 9.02, "manning_n": 0.1551 }, "geometry": { "type": "Polygon", "coordinates": [ [ [ 367807.325835179479327, 6930006.445785484276712 ], [ 367807.245340808294713, 6930007.342023503035307 ], [ 367806.306687888514716, 6930017.226104591973126 ], [ 367806.168130510137416, 6930020.279686734080315 ], [ 367806.33107321348507, 6930023.332064776681364 ], [ 367806.793930724845268, 6930026.353542059659958 ], [ 367807.552199891943019, 6930029.314722552895546 ], [ 367808.598503495042678, 6930032.186796857975423 ], [ 367809.922662020195276, 6930034.941822491586208 ], [ 367811.511792695964687, 6930037.55299574136734 ], [ 367813.350434830295853, 6930039.994912436231971 ], [ 367822.326935128832702, 6930050.7670120857656 ], [ 367831.330664625333156, 6930061.613817752338946 ], [ 367840.301801900961436, 6930072.485366737470031 ], [ 367840.396686130552553, 6930072.599790763109922 ], [ 367849.344288542575669, 6930083.337485316209495 ], [ 367858.296530544466805, 6930094.186320231296122 ], [ 367858.391413651814219, 6930094.300744842737913 ], [ 367859.168755924678408, 6930095.233621035702527 ], [ 367858.502290392760187, 6930102.250738357193768 ], [ 367858.487719084892888, 6930102.408437369391322 ], [ 367857.602179550507572, 6930112.267145534045994 ], [ 367856.661379110999405, 6930122.016617609187961 ], [ 367856.656922108842991, 6930122.063172721303999 ], [ 367855.710701919626445, 6930132.026047487743199 ], [ 367855.696131123928353, 6930132.18374517839402 ], [ 367854.808524765074253, 6930142.065732839517295 ], [ 367853.872013833781239, 6930151.926550198346376 ], [ 367852.923641482891981, 6930161.754831288941205 ], [ 367852.780456454667728, 6930164.806559975259006 ], [ 367852.938449950132053, 6930167.857557841576636 ], [ 367853.396086493681651, 6930170.878173461183906 ], [ 367854.148918498831335, 6930173.839050678536296 ], [ 367855.189629492582753, 6930176.711413913406432 ], [ 367856.50810522120446, 6930179.467347817495465 ], [ 367858.09153194661485, 6930182.080068569630384 ], [ 367859.924520978063811, 6930184.524184184148908 ], [ 367868.946690483251587, 6930195.393844209611416 ], [ 367869.883639684761874, 6930196.52934000082314 ], [ 367870.035696756909601, 6930199.497161789797246 ], [ 367870.48891157208709, 6930202.507089055143297 ], [ 367871.235220439557452, 6930205.45803617220372 ], [ 367872.267423500714358, 6930208.321534496732056 ], [ 367873.575562792888377, 6930211.069959027692676 ], [ 367875.147018316318281, 6930213.676794916391373 ], [ 367876.966629782749806, 6930216.116893259808421 ], [ 367885.965845350117888, 6930227.023224976845086 ], [ 367886.022986187599599, 6930227.092271487228572 ], [ 367895.073667693999596, 6930237.996582018211484 ], [ 367897.121182212780695, 6930240.231366510502994 ], [ 367899.377212612598669, 6930242.255447602830827 ], [ 367901.820178689900786, 6930244.049463816918433 ], [ 367904.426712096144911, 6930245.59625437669456 ], [ 367907.171879868779797, 6930246.881023356691003 ], [ 367910.029422929510474, 6930247.891481217928231 ], [ 367912.972007266827859, 6930248.617962359450758 ], [ 367915.971485401736572, 6930249.053517580963671 ], [ 367923.129117945150938, 6930249.737575688399374 ], [ 367923.850104954268318, 6930250.611380529589951 ], [ 367923.907244665489998, 6930250.680427738465369 ], [ 367932.957740302954335, 6930261.584839481860399 ], [ 367935.035884907410946, 6930263.849957175552845 ], [ 367937.328213365224656, 6930265.898047359660268 ], [ 367939.812170827877708, 6930267.708958314731717 ], [ 367942.463316956767812, 6930269.264871989376843 ], [ 367945.255566398089286, 6930270.550479324534535 ], [ 367948.161445443867706, 6930271.553130876272917 ], [ 367950.984025342215318, 6930272.223010076209903 ], [ 367951.897364790085703, 6930273.323455635458231 ], [ 367953.946753171097953, 6930275.560188039205968 ], [ 367956.205015597457532, 6930277.585827541537583 ], [ 367958.650511982210446, 6930279.380963195115328 ], [ 367961.259808044880629, 6930280.928392882458866 ], [ 367964.00789987371536, 6930282.213288162834942 ], [ 367966.868453528848477, 6930283.223336363211274 ], [ 367969.814057390787639, 6930283.948858567513525 ], [ 367972.8164848354063, 6930284.382902367971838 ], [ 367979.991986502427608, 6930285.063770662993193 ], [ 367980.800725925597362, 6930286.028729755431414 ], [ 367989.723355306021404, 6930296.843143839389086 ], [ 367998.721960632770788, 6930307.749734991230071 ], [ 368000.803210923855659, 6930310.030574580654502 ], [ 368003.101100189727731, 6930312.092985046096146 ], [ 368005.592816951917484, 6930313.916492540389299 ], [ 368008.253625578072388, 6930315.48299484141171 ], [ 368011.057111836620606, 6930316.776941055431962 ], [ 368013.975445114308968, 6930317.785485990345478 ], [ 368016.811216320260428, 6930318.458634198643267 ], [ 368017.661087886663154, 6930319.488720475696027 ], [ 368019.714807627024129, 6930321.742252354510128 ], [ 368021.980033805768471, 6930323.783066177740693 ], [ 368024.434839761292096, 6930325.591407523490489 ], [ 368027.055463761033025, 6930327.1497722286731 ], [ 368029.81653900683159, 6930328.44307582359761 ], [ 368032.691339177777991, 6930329.458799545653164 ], [ 368035.652037132182159, 6930330.187111514620483 ], [ 368038.669974265387282, 6930330.620961906388402 ], [ 368041.715937915898394, 6930330.756151186302304 ], [ 368044.760444134532008, 6930330.591370767913759 ], [ 368047.774023079662584, 6930330.128215671516955 ], [ 368050.727504275622778, 6930329.371169090270996 ], [ 368053.592298973700963, 6930328.327558990567923 ], [ 368056.340676882013213, 6930327.007487183436751 ], [ 368058.946034585591406, 6930325.423731540329754 ], [ 368061.38315305946162, 6930323.591622306033969 ], [ 368062.311858440574724, 6930322.819122883491218 ], [ 368069.36753994342871, 6930323.488814360462129 ], [ 368072.417444652703125, 6930323.627232317812741 ], [ 368075.466168741637375, 6930323.464875622652471 ], [ 368078.484122471883893, 6930323.00332004763186 ], [ 368081.442014750267845, 6930322.247045272029936 ], [ 368084.311137416923884, 6930321.203391406685114 ], [ 368087.063643875648268, 6930319.882487753406167 ], [ 368089.672819361963775, 6930318.297154491767287 ], [ 368092.113340226234868, 6930316.462778255343437 ], [ 368093.04207978118211, 6930315.690266411751509 ], [ 368097.341522225819062, 6930316.098388316109776 ], [ 368098.060566950473003, 6930316.969949061982334 ], [ 368100.111323121585883, 6930319.2206378756091 ], [ 368102.373050846916158, 6930321.259213040582836 ], [ 368104.823916133726016, 6930323.065994806587696 ], [ 368107.440259115712252, 6930324.62354108504951 ], [ 368110.196822458063252, 6930325.916815822012722 ], [ 368113.066995183820836, 6930326.933334160596132 ], [ 368116.02306956727989, 6930327.663282957859337 ], [ 368119.036508615885396, 6930328.099615522660315 ], [ 368128.9815678242594, 6930329.043734656646848 ], [ 368138.926551102544181, 6930329.987876910716295 ], [ 368148.871515092207119, 6930330.932047659531236 ], [ 368149.193414299632423, 6930330.960915797390044 ], [ 368158.921413720527198, 6930331.782218500971794 ], [ 368168.705489921208937, 6930332.711174109019339 ], [ 368178.650388298963662, 6930333.655429417267442 ], [ 368188.595368925365619, 6930334.599722858518362 ], [ 368198.540297776926309, 6930335.544041714631021 ], [ 368208.474461138248444, 6930336.487368626520038 ], [ 368218.357189367117826, 6930337.432766797021031 ], [ 368221.401100012357347, 6930337.573459038510919 ], [ 368224.444113174045924, 6930337.414533833041787 ], [ 368227.456808267394081, 6930336.957527708262205 ], [ 368230.410057829867583, 6930336.206859109923244 ], [ 368233.275309132877737, 6930335.169785683043301 ], [ 368236.024860236037057, 6930333.856334102340043 ], [ 368238.632127816497814, 6930332.27920313552022 ], [ 368241.071904182550497, 6930330.453640864230692 ], [ 368242.368782377801836, 6930329.379867186769843 ], [ 368242.536861269269139, 6930329.385823003947735 ], [ 368245.517152932879981, 6930329.203901281580329 ], [ 368248.466104005521629, 6930328.736010818742216 ], [ 368251.356339296209626, 6930327.986495057120919 ], [ 368254.16102867416339, 6930326.962311769835651 ], [ 368256.854136133682914, 6930325.672968477010727 ], [ 368259.410661486792378, 6930324.130434188060462 ], [ 368261.806872440734878, 6930322.349028289318085 ], [ 368263.079117257497273, 6930321.304391460493207 ], [ 368263.346822586492635, 6930321.31377359572798 ], [ 368266.351227954088245, 6930321.126835786737502 ], [ 368269.323322922398802, 6930320.649291175417602 ], [ 368272.235065122076776, 6930319.885645498521626 ], [ 368274.057141975907143, 6930319.212965950369835 ], [ 368277.910853757057339, 6930323.857150560244918 ], [ 368279.965396033832803, 6930326.099435420706868 ], [ 368282.229827477713116, 6930328.129542707465589 ], [ 368284.68234037613729, 6930329.927921378053725 ], [ 368287.29931568907341, 6930331.477252062410116 ], [ 368290.055550513847265, 6930332.762613860890269 ], [ 368292.9245008022408, 6930333.771628034301102 ], [ 368295.878536994685419, 6930334.494577226229012 ], [ 368298.889210107794497, 6930334.924499039538205 ], [ 368301.927525713748764, 6930335.057253093458712 ], [ 368304.964223172341008, 6930334.891560893505812 ], [ 368307.970057426951826, 6930334.429018145427108 ], [ 368310.916080650640652, 6930333.674079388380051 ], [ 368313.773921029176563, 6930332.634015097282827 ], [ 368316.516055997635704, 6930331.318841657601297 ], [ 368319.116077297076117, 6930329.741224910132587 ], [ 368321.54894530121237, 6930327.916358165442944 ], [ 368323.791230161208659, 6930325.861815889365971 ], [ 368325.821337448025588, 6930323.597384445369244 ], [ 368327.619716118788347, 6930321.144871546886861 ], [ 368329.169046803726815, 6930318.527896233834326 ], [ 368330.454408601508476, 6930315.771661409176886 ], [ 368331.463422775326762, 6930312.902711120434105 ], [ 368332.186371967080049, 6930309.94867492839694 ], [ 368332.616293780796696, 6930306.938001815229654 ], [ 368332.74904783454258, 6930303.899686208926141 ], [ 368332.583355634065811, 6930300.862988750450313 ], [ 368332.120812885870691, 6930297.857154496014118 ], [ 368331.365874129522126, 6930294.911131272092462 ], [ 368330.325809837901033, 6930292.05329089332372 ], [ 368329.010636398685165, 6930289.311155925504863 ], [ 368327.433019651100039, 6930286.711134625598788 ], [ 368325.608152906759642, 6930284.278266621753573 ], [ 368316.587597054138314, 6930273.407415597699583 ], [ 368307.618405926390551, 6930262.534631951712072 ], [ 368305.567748773784842, 6930260.283820007927716 ], [ 368303.306105903000571, 6930258.245114367455244 ], [ 368300.855310836748686, 6930256.43819635361433 ], [ 368298.239023141621146, 6930254.880509652197361 ], [ 368295.482500022102613, 6930253.587091910652816 ], [ 368292.612352492345963, 6930252.570429566316307 ], [ 368289.656288477417547, 6930251.840337309986353 ], [ 368286.642845325870439, 6930251.403863328509033 ], [ 368276.697792567196302, 6930250.459289447404444 ], [ 368273.647869384905789, 6930250.320677949115634 ], [ 368270.599108011403587, 6930250.482846542261541 ], [ 368267.581099074799567, 6930250.944221253506839 ], [ 368264.623134726600256, 6930251.700324077159166 ], [ 368261.753924338321667, 6930252.743816440925002 ], [ 368259.001315854489803, 6930254.064570429734886 ], [ 368256.392025506414939, 6930255.649767087772489 ], [ 368253.951378509926144, 6930257.484020833857358 ], [ 368252.717204550513998, 6930258.510470631532371 ], [ 368252.590491527749691, 6930258.505979875102639 ], [ 368249.61017544294009, 6930258.687888286076486 ], [ 368246.661199137626681, 6930259.155770093202591 ], [ 368243.770938468980603, 6930259.905281868763268 ], [ 368240.966224226925988, 6930260.929465766064823 ], [ 368238.273093059076928, 6930262.218814108520746 ], [ 368235.716545767965727, 6930263.761357652023435 ], [ 368233.320315224584192, 6930265.542776698246598 ], [ 368232.04843214538414, 6930266.587116505019367 ], [ 368231.788752446358558, 6930266.577981309965253 ], [ 368228.792805952543858, 6930266.76316484529525 ], [ 368225.828828647499904, 6930267.237323964945972 ], [ 368222.924627647327725, 6930267.996010255068541 ], [ 368220.107449265313335, 6930269.032105955295265 ], [ 368217.403723395662382, 6930270.335890737362206 ], [ 368214.838815556140617, 6930271.895132896490395 ], [ 368212.436788917111699, 6930273.695204106159508 ], [ 368211.451211993815377, 6930274.51123028434813 ], [ 368204.399336221278645, 6930273.841593882068992 ], [ 368194.454220889369026, 6930272.897257318720222 ], [ 368184.509098438255023, 6930271.952950410544872 ], [ 368174.563968916423619, 6930271.008673155680299 ], [ 368164.618832275446039, 6930270.064425557851791 ], [ 368164.296747193438932, 6930270.035539772361517 ], [ 368154.568654765782412, 6930269.214229215867817 ], [ 368144.784471857361495, 6930268.285322956740856 ], [ 368137.690233686647844, 6930267.611820565536618 ], [ 368136.871813212172128, 6930266.619805556721985 ], [ 368134.790614601864945, 6930264.338880110532045 ], [ 368132.492766311450396, 6930262.2763811936602 ], [ 368130.001079835172277, 6930260.45278391148895 ], [ 368127.34029096266022, 6930258.886191710829735 ], [ 368124.536814218619838, 6930257.592156668193638 ], [ 368121.618480637029279, 6930256.583525094203651 ], [ 368118.614261473529041, 6930255.870310004800558 ], [ 368115.553980597876944, 6930255.459591721184552 ], [ 368105.784170057799201, 6930254.641187970526516 ], [ 368096.009770481090527, 6930253.713359158486128 ], [ 368086.064548783411738, 6930252.769345488399267 ], [ 368083.014621410809923, 6930252.630909118801355 ], [ 368079.965873080014717, 6930252.793252033181489 ], [ 368076.94789421960013, 6930253.254798567853868 ], [ 368073.989976616983768, 6930254.011069064028561 ], [ 368071.120829119347036, 6930255.054723338223994 ], [ 368068.368298992223572, 6930256.375631928443909 ], [ 368065.759101640549488, 6930257.9609744111076 ], [ 368063.318561315536499, 6930259.795363826677203 ], [ 368062.389717958751135, 6930260.567962011322379 ], [ 368055.333735688473098, 6930259.898263504728675 ], [ 368052.283802813908551, 6930259.759854874573648 ], [ 368049.235051759576891, 6930259.922226352617145 ], [ 368046.217073062667623, 6930260.383801993913949 ], [ 368045.259157184511423, 6930260.628728493116796 ], [ 368044.13589344045613, 6930260.110282899811864 ], [ 368041.217535714735277, 6930259.101722046732903 ], [ 368038.381557813845575, 6930258.428520663641393 ], [ 368037.531601607683115, 6930257.398347153328359 ], [ 368028.532824381429236, 6930246.491640280932188 ], [ 368028.380083838652354, 6930246.307962294667959 ], [ 368019.334226787323132, 6930235.514767656102777 ], [ 368017.289328777580522, 6930233.302798066288233 ], [ 368015.039331658452284, 6930231.299817712046206 ], [ 368012.605495150783099, 6930229.524752307683229 ], [ 368010.010816032765433, 6930227.994374050758779 ], [ 368007.279810848704074, 6930226.723143142648041 ], [ 368004.438284257310443, 6930225.723071162588894 ], [ 368001.513085209473502, 6930225.003607566468418 ], [ 367998.531853258609772, 6930224.571550404652953 ], [ 367991.416813603311311, 6930223.891411839053035 ], [ 367990.540055520832539, 6930222.835041679441929 ], [ 367988.461907314893324, 6930220.569888860918581 ], [ 367986.169569919933565, 6930218.521766177378595 ], [ 367983.68559868761804, 6930216.710826041176915 ], [ 367981.034434542292729, 6930215.154887118376791 ], [ 367978.242163495626301, 6930213.869258998893201 ], [ 367975.336259974283166, 6930212.866591565310955 ], [ 367972.513473465514835, 6930212.1966592380777 ], [ 367971.628668388701044, 6930211.130609459243715 ], [ 367962.658158160455059, 6930200.25874191801995 ], [ 367960.576840245048515, 6930197.977966941893101 ], [ 367958.278890263056383, 6930195.915627339854836 ], [ 367955.787120264256373, 6930194.092196225188673 ], [ 367953.126266375009436, 6930192.525775037705898 ], [ 367950.322743239521515, 6930191.231913845986128 ], [ 367947.404381798405666, 6930190.22345697786659 ], [ 367944.400153007009067, 6930189.510415516793728 ], [ 367941.339880237181205, 6930189.099867919459939 ], [ 367934.56643595447531, 6930188.532833637669683 ], [ 367933.743830373627134, 6930187.54175393935293 ], [ 367932.80678047897527, 6930186.40612418204546 ], [ 367932.654712840914726, 6930183.43815235234797 ], [ 367932.201490200997796, 6930180.428206078708172 ], [ 367931.455169778957497, 6930177.477241295389831 ], [ 367930.422951639106032, 6930174.613727188669145 ], [ 367929.114794020249974, 6930171.865289273671806 ], [ 367927.543317264528014, 6930169.258442876860499 ], [ 367925.723682063631713, 6930166.818337333388627 ], [ 367916.724389302078635, 6930155.912026681005955 ], [ 367916.667082572646905, 6930155.842781030572951 ], [ 367915.852213773992844, 6930154.86104966327548 ], [ 367916.518360440270044, 6930147.846982458606362 ], [ 367916.532926407933701, 6930147.689335603266954 ], [ 367917.420530482835602, 6930137.807373370043933 ], [ 367918.357052866951562, 6930127.946608047932386 ], [ 367919.305455533147324, 6930118.118354443460703 ], [ 367919.324476592708379, 6930117.914176658727229 ], [ 367920.212104714708403, 6930108.032216256484389 ], [ 367921.150862533715554, 6930098.148173592053354 ], [ 367921.165429355110973, 6930097.990524527616799 ], [ 367922.060157834202982, 6930088.029696775600314 ], [ 367922.183320592506789, 6930084.995275906287134 ], [ 367922.008885749033652, 6930081.963370306417346 ], [ 367921.538528465025593, 6930078.963096468709409 ], [ 367920.776765752350911, 6930076.023267111741006 ], [ 367919.73091309517622, 6930073.172114485874772 ], [ 367918.411014196579345, 6930070.437019244767725 ], [ 367916.82974452531198, 6930067.844247503206134 ], [ 367915.002289588621352, 6930065.418698589317501 ], [ 367906.054716776008718, 6930054.680857674218714 ], [ 367897.102392639557365, 6930043.831923223100603 ], [ 367897.007344268145971, 6930043.717300282791257 ], [ 367888.059659306774847, 6930032.979506665840745 ], [ 367879.107222419348545, 6930022.130619487725198 ], [ 367879.049913074530195, 6930022.061374751850963 ], [ 367869.998588891408872, 6930011.157231698743999 ], [ 367869.960765643103514, 6930011.111754360608757 ], [ 367869.216466042213142, 6930010.218570023775101 ], [ 367869.864400552934967, 6930003.004356981255114 ], [ 367869.987464989768341, 6929999.96237476170063 ], [ 367869.81145071220817, 6929996.922996593639255 ], [ 367869.338056465494446, 6929993.915556060150266 ], [ 367868.571851062530186, 6929990.969078509137034 ], [ 367867.520229289133567, 6929988.112000924535096 ], [ 367866.193340535683092, 6929985.371897475793958 ], [ 367864.603990843635984, 6929982.775213391520083 ], [ 367862.767519312095828, 6929980.34700973611325 ], [ 367860.871248681098223, 6929978.080385832116008 ], [ 367858.807706368388608, 6929975.846380800008774 ], [ 367856.535129791183863, 6929973.825395628809929 ], [ 367854.075405104260426, 6929972.03689351119101 ], [ 367851.452220800973009, 6929970.49809870030731 ], [ 367848.690839580143802, 6929969.223830630071461 ], [ 367845.817855052417144, 6929968.226361200213432 ], [ 367842.860935629403684, 6929967.515296585857868 ], [ 367839.848558061523363, 6929967.097484728321433 ], [ 367836.809733191446867, 6929966.976949383504689 ], [ 367833.773726563958917, 6929967.154851372353733 ], [ 367830.769776582426857, 6929967.629477403126657 ], [ 367827.826812927378342, 6929968.396256566047668 ], [ 367824.973177947569638, 6929969.447804359719157 ], [ 367822.236353707849048, 6929970.773993804119527 ], [ 367819.642697321658488, 6929972.36205296870321 ], [ 367817.217187117901631, 6929974.196687975898385 ], [ 367814.983182085736189, 6929976.26023028884083 ], [ 367812.962196914828382, 6929978.532806865870953 ], [ 367811.173694797209464, 6929980.992531552910805 ], [ 367809.634899985976517, 6929983.615715856663883 ], [ 367808.360631916264538, 6929986.377097076736391 ], [ 367807.363162486290094, 6929989.250081604346633 ], [ 367806.652097871818114, 6929992.207001027651131 ], [ 367806.234286013874225, 6929995.219378596171737 ], [ 367806.113750669057481, 6929998.258203465491533 ], [ 367806.291652658546809, 6930001.294210093095899 ], [ 367806.766278688970488, 6930004.298160075210035 ], [ 367807.325835179479327, 6930006.445785484276712 ] ] ] } },
{ "type": "Feature", "properties": { "id": "43", "_id": 44, "width": 67.27, "depth": 20.9, "manning_n": 0.2046 }, "geometry": { "type": "Polygon", "coordinates": [ [ [ 366881.329643889737781, 6930235.53661516867578 ], [ 366880.76920680195326, 6930241.456153139472008 ], [ 366880.619696227135137, 6930244.750071734189987 ], [ 366880.793425718380604, 6930248.042801784351468 ], [ 366881.288725684164092, 6930251.302699184976518 ], [ 366882.100836145982612, 6930254.498435362242162 ], [ 366883.221952483349014, 6930257.599298351444304 ], [ 366884.641300438088365, 6930260.575487946160138 ], [ 366886.345239658665378, 6930263.398402088321745 ], [ 366888.317394787387457, 6930266.040911741554737 ], [ 366888.472751063411124, 6930266.229077918455005 ], [ 366887.926374287635554, 6930272.23403809312731 ], [ 366886.988901591917966, 6930282.136003026738763 ], [ 366886.045638868527021, 6930292.099212893284857 ], [ 366886.029875891865231, 6930292.270368738099933 ], [ 366885.148067692935001, 6930302.120656235143542 ], [ 366884.211026260221843, 6930311.861728756688535 ], [ 366884.056571540946607, 6930315.161704763770103 ], [ 366884.226590362784918, 6930318.460915504954755 ], [ 366884.719442566391081, 6930321.727533727884293 ], [ 366885.530373641697224, 6930324.930046601220965 ], [ 366886.651560594502371, 6930328.03755971044302 ], [ 366888.072187414334621, 6930331.020095099695027 ], [ 366889.778549415699672, 6930333.848880463279784 ], [ 366891.754185446188785, 6930336.496626709587872 ], [ 366900.756454825401306, 6930347.400324027985334 ], [ 366909.758591294812504, 6930358.303952943533659 ], [ 366909.86160255165305, 6930358.428115218877792 ], [ 366910.221685797267128, 6930358.860021285712719 ], [ 366910.354172795137856, 6930361.187672497704625 ], [ 366910.857579701405484, 6930364.424526148475707 ], [ 366911.673467454791535, 6930367.597059401683509 ], [ 366912.794097263249569, 6930370.675180404447019 ], [ 366914.208839820115827, 6930373.62969281245023 ], [ 366915.904276124492753, 6930376.432572725228965 ], [ 366917.864324762253091, 6930379.05723449587822 ], [ 366926.866409792215563, 6930389.961008608341217 ], [ 366926.969419626460876, 6930390.08517153095454 ], [ 366935.966996241069864, 6930400.877625472843647 ], [ 366938.19095451827161, 6930403.294774709269404 ], [ 366940.640071913425345, 6930405.483478625304997 ], [ 366943.29099278151989, 6930407.422864970751107 ], [ 366946.118437008815818, 6930409.094439076259732 ], [ 366949.095441092504188, 6930410.482260222546756 ], [ 366952.193615274503827, 6930411.573093658313155 ], [ 366955.383414276118856, 6930412.356536814011633 ], [ 366958.634419052046724, 6930412.825118497945368 ], [ 366968.57972292334307, 6930413.765770719386637 ], [ 366978.524973625899293, 6930414.706448240205646 ], [ 366988.470189693791326, 6930415.647152810357511 ], [ 366991.780488818651065, 6930415.796313237398863 ], [ 366995.089400520257186, 6930415.619021161459386 ], [ 366998.36480907787336, 6930415.116997347213328 ], [ 367001.574923946522176, 6930414.295114351436496 ], [ 367004.688588310324121, 6930413.161349226720631 ], [ 367007.675581485382281, 6930411.726706099696457 ], [ 367010.506912236043718, 6930410.005109366960824 ], [ 367013.155100159347057, 6930408.013268547132611 ], [ 367013.237673685420305, 6930407.944538675248623 ], [ 367019.186110173002817, 6930408.507247811183333 ], [ 367029.068230524426326, 6930409.449029441922903 ], [ 367039.036693714209832, 6930410.392093058675528 ], [ 367039.407478711509611, 6930410.425101646222174 ], [ 367049.348333888978232, 6930411.254652479663491 ], [ 367052.647189735434949, 6930411.367412845604122 ], [ 367055.941213137819432, 6930411.15628582239151 ], [ 367059.198680850211531, 6930410.623304679989815 ], [ 367062.388221677800175, 6930409.773602317087352 ], [ 367065.479118598741479, 6930408.615361833013594 ], [ 367068.441604586143512, 6930407.159737716428936 ], [ 367071.24714928038884, 6930405.420748422853649 ], [ 367073.868733752518892, 6930403.415141369216144 ], [ 367076.281110710871872, 6930401.162231649272144 ], [ 367078.461047646647785, 6930398.683716014958918 ], [ 367080.387550575425848, 6930396.003463925793767 ], [ 367082.042066220950801, 6930393.147287675179541 ], [ 367083.408660693035927, 6930390.142693801783025 ], [ 367084.474172939895652, 6930387.018618186935782 ], [ 367085.228341496083885, 6930383.805147386156023 ], [ 367085.663903306180146, 6930380.533228881657124 ], [ 367085.776663671829738, 6930377.234373034909368 ], [ 367085.565536649082787, 6930373.940349632874131 ], [ 367085.032555506564677, 6930370.682881919667125 ], [ 367084.182853144069668, 6930367.493341092951596 ], [ 367083.024612659821287, 6930364.402444171719253 ], [ 367081.568988542770967, 6930361.439958184026182 ], [ 367079.829999249021057, 6930358.634413490071893 ], [ 367077.824392196023837, 6930356.012829017825425 ], [ 367075.571482476079836, 6930353.600452059879899 ], [ 367073.092966841359157, 6930351.42051512375474 ], [ 367070.412714752310421, 6930349.494012194685638 ], [ 367067.556538501754403, 6930347.839496549218893 ], [ 367064.55194462829968, 6930346.472902077250183 ], [ 367061.427869013452437, 6930345.407389830797911 ], [ 367058.214398213196546, 6930344.65322127379477 ], [ 367054.942479707940947, 6930344.217659464105964 ], [ 367045.187108320824336, 6930343.403587000444531 ], [ 367035.438675961573608, 6930342.481347234919667 ], [ 367025.556453452969436, 6930341.539555868133903 ], [ 367015.587774229818024, 6930340.596532308496535 ], [ 367005.64234089711681, 6930339.655746308155358 ], [ 367002.332017168868333, 6930339.506565904244781 ], [ 366999.02307915216079, 6930339.683843032456934 ], [ 366995.747643316863105, 6930340.185857043601573 ], [ 366992.537500961741898, 6930341.007735403254628 ], [ 366989.423809648375027, 6930342.141500980593264 ], [ 366986.436790787207428, 6930343.576149474829435 ], [ 366983.605436308775097, 6930345.297756223008037 ], [ 366980.957227269071154, 6930347.28961135353893 ], [ 366980.874535527196713, 6930347.358439622446895 ], [ 366978.76337263250025, 6930347.158754009753466 ], [ 366978.69021753128618, 6930347.071005597710609 ], [ 366978.280353575595655, 6930346.574557944200933 ], [ 366978.137134666438214, 6930344.097699812613428 ], [ 366977.625735759094823, 6930340.841668737120926 ], [ 366976.798111709940713, 6930337.651323043741286 ], [ 366975.662209655914921, 6930334.557297554798424 ], [ 366974.228936927800532, 6930331.589302187785506 ], [ 366972.512056314037181, 6930328.775836680084467 ], [ 366970.528053905814886, 6930326.143916914239526 ], [ 366961.581998152076267, 6930315.413465552963316 ], [ 366952.631135760049801, 6930304.571941173635423 ], [ 366952.483633345225826, 6930304.393283813260496 ], [ 366953.024270879570395, 6930298.354062187485397 ], [ 366953.95943081920268, 6930288.476437950506806 ], [ 366954.902696591627318, 6930278.513284201733768 ], [ 366954.91406415210804, 6930278.390830089338124 ], [ 366955.804697128769476, 6930268.602318219840527 ], [ 366956.7421835634741, 6930258.700381588190794 ], [ 366956.891698241524864, 6930255.406457918696105 ], [ 366956.71797182172304, 6930252.113722443580627 ], [ 366956.222673871379811, 6930248.853819420561194 ], [ 366955.41056436492363, 6930245.658077577129006 ], [ 366954.289447938499507, 6930242.557209031656384 ], [ 366952.870098885381594, 6930239.581014138646424 ], [ 366951.166157611296512, 6930236.758095096796751 ], [ 366949.193999545823317, 6930234.11558107752353 ], [ 366949.038633142015897, 6930233.927402634173632 ], [ 366949.59058205713518, 6930227.861225214786828 ], [ 366949.728156901604962, 6930224.582128372043371 ], [ 366949.545495437690988, 6930221.305233845487237 ], [ 366949.044336812512483, 6930218.061741441488266 ], [ 366948.229452632600442, 6930214.882532936520875 ], [ 366947.10860153241083, 6930211.79787805210799 ], [ 366945.692455303447787, 6930208.837146250531077 ], [ 366943.994497286388651, 6930206.028527102433145 ], [ 366942.03089399432065, 6930203.398761893622577 ], [ 366941.875567336450331, 6930203.210633958689868 ], [ 366942.421929009491578, 6930197.205831474624574 ], [ 366943.359415165265091, 6930187.303892701864243 ], [ 366944.302705545327626, 6930177.340736735612154 ], [ 366945.246004248736426, 6930167.377581179141998 ], [ 366945.25737256964203, 6930167.255123131908476 ], [ 366946.148036514292471, 6930157.466611544601619 ], [ 366947.085554684512317, 6930147.56468360312283 ], [ 366947.664854781643953, 6930141.446256089024246 ], [ 366947.731644888001028, 6930141.390916049480438 ], [ 366958.520999774569646, 6930132.525340804830194 ], [ 366960.974751501576975, 6930130.297788439318538 ], [ 366963.19737921631895, 6930127.839575039222836 ], [ 366965.167305455717724, 6930125.174565153196454 ], [ 366966.865406004770193, 6930122.328630929812789 ], [ 366968.275195555819664, 6930119.329400944523513 ], [ 366969.382987749355379, 6930116.205991984345019 ], [ 366970.178028042486403, 6930112.988726373761892 ], [ 366970.65259811503347, 6930109.708837606012821 ], [ 366971.596015178482048, 6930099.745663263835013 ], [ 366971.611776822945103, 6930099.574552534148097 ], [ 366972.496012529183645, 6930089.699041849002242 ], [ 366973.055383955477737, 6930083.791774125769734 ], [ 366973.248878215497825, 6930083.630731364712119 ], [ 366975.669982989667915, 6930081.406638072803617 ], [ 366977.862391412025318, 6930078.956804485060275 ], [ 366979.805157652881462, 6930076.304635819979012 ], [ 366981.479720913863275, 6930073.475470363162458 ], [ 366982.070709228224587, 6930072.209157723002136 ], [ 366983.36153385671787, 6930071.880022924393415 ], [ 366986.467625280085485, 6930070.753480712883174 ], [ 366989.448199912090786, 6930069.327620919793844 ], [ 366992.274495922378264, 6930067.616202751174569 ], [ 366994.919240232440643, 6930065.635740981437266 ], [ 367005.809160213044379, 6930056.613282236270607 ], [ 367005.866454684059136, 6930056.565705857239664 ], [ 367016.704907994891983, 6930047.54534269310534 ], [ 367019.129538787121419, 6930045.317763668484986 ], [ 367021.324754176370334, 6930042.863792970776558 ], [ 367023.269518251589034, 6930040.206946064718068 ], [ 367024.945195081061684, 6930037.372682499699295 ], [ 367026.335727293393575, 6930034.388161942362785 ], [ 367027.427789949113503, 6930031.281983913853765 ], [ 367028.21091822872404, 6930028.083913731388748 ], [ 367028.677607712801546, 6930024.824597282335162 ], [ 367028.823386294243392, 6930021.535267351195216 ], [ 367028.646857032435946, 6930018.247444331645966 ], [ 367028.149711540027056, 6930014.992634176276624 ], [ 367027.336713772441726, 6930011.802026487886906 ], [ 367026.215654376894236, 6930008.706195642240345 ], [ 367024.797276037745178, 6930005.734807805158198 ], [ 367023.09517053316813, 6930002.91633665189147 ], [ 367021.125648490502499, 6930000.277790515683591 ], [ 367012.12287575629307, 6929989.373896267265081 ], [ 367011.92575060139643, 6929989.137357697822154 ], [ 367008.295490032935049, 6929984.821579925715923 ], [ 367006.049350433226209, 6929982.40289811603725 ], [ 367003.576954335323535, 6929980.216023101471364 ], [ 367000.902112265233882, 6929978.28201568312943 ], [ 366998.050584414217155, 6929976.619501409120858 ], [ 366995.049832554359455, 6929975.24449120182544 ], [ 366991.92875556636136, 6929974.170227159745991 ], [ 366988.717411127930973, 6929973.407055035233498 ], [ 366985.446726241323631, 6929972.962324590422213 ], [ 366982.148199390096124, 6929972.840318824164569 ], [ 366978.853597190871369, 6929973.042212718166411 ], [ 366975.594648463942576, 6929973.566061924211681 ], [ 366972.402738666918594, 6929974.406821487471461 ], [ 366969.30860763619421, 6929975.556394433602691 ], [ 366966.342053544882219, 6929977.003709748387337 ], [ 366963.531645930663217, 6929978.73482899274677 ], [ 366960.904450555157382, 6929980.733080541715026 ], [ 366958.48576874594437, 6929982.979220141656697 ], [ 366956.298893731087446, 6929985.451616238802671 ], [ 366954.364886312454473, 6929988.126458309590816 ], [ 366952.702372038736939, 6929990.977986160665751 ], [ 366951.327361831150483, 6929993.978738020174205 ], [ 366950.253097789711319, 6929997.099815008230507 ], [ 366949.48992566432571, 6930000.311159446835518 ], [ 366949.045195219805464, 6930003.581844333559275 ], [ 366948.923189453431405, 6930006.88037118408829 ], [ 366949.021656707394868, 6930008.48720745369792 ], [ 366947.476838564674836, 6930009.229131624102592 ], [ 366944.645654888881836, 6930010.95051587279886 ], [ 366941.997578423877712, 6930012.942112160846591 ], [ 366931.159265149675775, 6930021.962580098770559 ], [ 366928.738126639393158, 6930024.18667711224407 ], [ 366926.545687000383623, 6930026.63651948235929 ], [ 366924.602892709546722, 6930029.288701518438756 ], [ 366922.928305142151657, 6930032.117884384468198 ], [ 366921.537923237716313, 6930035.097038185223937 ], [ 366920.445030646864325, 6930038.197700210846961 ], [ 366919.870006879616994, 6930040.536400183103979 ], [ 366919.377392252674326, 6930040.946396944113076 ], [ 366916.960729373909999, 6930043.165991019457579 ], [ 366914.771842845657375, 6930045.610501829534769 ], [ 366912.831564589869231, 6930048.256664640270174 ], [ 366911.158360490808263, 6930051.079295570962131 ], [ 366909.76815465290565, 6930054.051531271077693 ], [ 366908.674177848617546, 6930057.145084581337869 ], [ 366907.886841599596664, 6930060.330513745546341 ], [ 366907.413639088917989, 6930063.577502614818513 ], [ 366906.465745410532691, 6930073.429331811144948 ], [ 366906.460922029684298, 6930073.479863032698631 ], [ 366905.517488473851699, 6930083.443036573007703 ], [ 366905.50172160344664, 6930083.61420249287039 ], [ 366904.978846269543283, 6930089.453890836797655 ], [ 366904.971301760873757, 6930089.460090133361518 ], [ 366904.865265689848457, 6930089.547583217732608 ], [ 366893.975790008029435, 6930098.570237070322037 ], [ 366891.528114791843109, 6930100.810879721306264 ], [ 366889.313140637881588, 6930103.28180727083236 ], [ 366887.352426911238581, 6930105.958969039842486 ], [ 366885.665058142971247, 6930108.816306978464127 ], [ 366884.267458271642681, 6930111.82600929774344 ], [ 366883.17323078145273, 6930114.95878117904067 ], [ 366882.393026293371804, 6930118.184129905886948 ], [ 366881.934438897471409, 6930121.470661672763526 ], [ 366881.050290231360123, 6930131.346208328381181 ], [ 366880.115062623634003, 6930141.223856125026941 ], [ 366879.171742201375309, 6930151.187066591344774 ], [ 366879.160368670418393, 6930151.309579666703939 ], [ 366878.269702221674379, 6930161.098118774592876 ], [ 366877.332196981122252, 6930171.000083562918007 ], [ 366876.388901326572523, 6930180.963295239023864 ], [ 366875.445613995543681, 6930190.926507324911654 ], [ 366875.434240997943562, 6930191.049019028432667 ], [ 366874.543606568360701, 6930200.837560390122235 ], [ 366873.606134150701109, 6930210.739527471363544 ], [ 366873.456625113904011, 6930214.033470263704658 ], [ 366873.6303608675953, 6930217.326224119402468 ], [ 366874.125671735499054, 6930220.586144243367016 ], [ 366874.937797564896755, 6930223.781901384703815 ], [ 366876.058933473308571, 6930226.882782928645611 ], [ 366877.478304857213516, 6930229.858988053165376 ], [ 366879.182270940218586, 6930232.681914133951068 ], [ 366881.154455867421348, 6930235.324431623332202 ], [ 366881.329643889737781, 6930235.53661516867578 ] ] ] } },
{ "type": "Feature", "properties": { "id": "44", "_id": 45, "width": 83.76, "depth": 45.57, "manning_n": 0.5048 }, "geometry": { "type": "Polygon", "coordinates": [ [ [ 370710.269279495114461, 6929725.721050177700818 ], [ 370710.540168134553824, 6929727.490672877989709 ], [ 370711.557265245355666, 6929731.47274024784565 ], [ 370712.959775611758232, 6929735.335939925163984 ], [ 370714.734192292205989, 6929739.043067183345556 ], [ 370716.863426684110891, 6929742.558420362882316 ], [ 370719.326973096351139, 6929745.848144689574838 ], [ 370722.101106230169535, 6929748.880558320321143 ], [ 370725.159109667059965, 6929751.626457452774048 ], [ 370728.471533162286505, 6929754.059397579170763 ], [ 370732.006476266717073, 6929756.155948155559599 ], [ 370735.729895545984618, 6929757.895918253809214 ], [ 370739.605932436941657, 6929759.262551009654999 ], [ 370743.59725858544698, 6929760.242685003206134 ], [ 370747.665435338858515, 6929760.826881009154022 ], [ 370751.771283931098878, 6929761.009512899443507 ], [ 370755.875262795831077, 6929760.788821830414236 ], [ 370759.93784837302519, 6929760.166933176107705 ], [ 370763.919915742764715, 6929759.149836065247655 ], [ 370767.783115419500973, 6929757.747325698845088 ], [ 370771.490242678439245, 6929755.972909018397331 ], [ 370775.005595857626759, 6929753.843674627132714 ], [ 370778.295320184261072, 6929751.380128214135766 ], [ 370781.327733814658131, 6929748.605995080433786 ], [ 370784.073632947867736, 6929745.54799164365977 ], [ 370786.506573074264452, 6929742.235568149015307 ], [ 370788.603123650420457, 6929738.700625044293702 ], [ 370790.343093748146202, 6929734.977205764502287 ], [ 370791.709726504283026, 6929731.101168873719871 ], [ 370792.689860498299822, 6929727.109842725098133 ], [ 370793.274056504014879, 6929723.041665972210467 ], [ 370794.040543836716097, 6929714.871270874515176 ], [ 370794.223172945610713, 6929710.764823171310127 ], [ 370794.002361666469369, 6929706.66025151219219 ], [ 370793.540409527078737, 6929703.643197812139988 ], [ 370795.729911898088176, 6929701.63662926107645 ], [ 370798.463430880219676, 6929698.589389001950622 ], [ 370800.886389749648515, 6929695.289833040907979 ], [ 370802.975638576433994, 6929691.769486671313643 ], [ 370804.711215831688605, 6929688.061984707601368 ], [ 370806.076539107772987, 6929684.202750123105943 ], [ 370807.058563553437125, 6929680.228655609302223 ], [ 370807.647906509519089, 6929676.177671271376312 ], [ 370808.602931197558064, 6929666.215714866295457 ], [ 370808.622806564613711, 6929666.002664918079972 ], [ 370809.33854279021034, 6929658.112587297335267 ], [ 370817.221668661164586, 6929658.867274391464889 ], [ 370827.167525735450909, 6929659.819466349668801 ], [ 370827.629073360469192, 6929659.861078097485006 ], [ 370837.570657551754266, 6929660.70195731613785 ], [ 370841.635524194512982, 6929660.847545905970037 ], [ 370845.695342689403333, 6929660.598125278949738 ], [ 370849.711817986913957, 6929659.956048144958913 ], [ 370853.647063880809583, 6929658.927371026016772 ], [ 370857.463960377441254, 6929657.521797123365104 ], [ 370861.12650383770233, 6929655.752584795467556 ], [ 370864.600146588054486, 6929653.636422489769757 ], [ 370867.852122798853088, 6929651.193271330557764 ], [ 370878.70179534307681, 6929642.185598568059504 ], [ 370881.73334253457142, 6929639.406257682479918 ], [ 370884.47765817551408, 6929636.342967653647065 ], [ 370886.908275975321885, 6929633.025270976126194 ], [ 370889.001754957716912, 6929629.48516364954412 ], [ 370890.737905526999384, 6929625.756786611862481 ], [ 370892.034469009726308, 6929622.062755352817476 ], [ 370901.360666617867537, 6929614.320085435174406 ], [ 370904.397600476222578, 6929611.535359797999263 ], [ 370907.146190263971221, 6929608.465682565234601 ], [ 370909.579830291331746, 6929605.14076747559011 ], [ 370910.613700417510699, 6929603.389977272599936 ], [ 370912.44808566471329, 6929602.727796179242432 ], [ 370916.164822286285926, 6929600.956288910470903 ], [ 370919.689646469953004, 6929598.828382993116975 ], [ 370922.988489597686566, 6929596.364645358175039 ], [ 370932.453123382641934, 6929588.542674517259002 ], [ 370932.596284066559747, 6929588.533883113414049 ], [ 370936.612713063659612, 6929587.891930840909481 ], [ 370940.547926596715115, 6929586.863388639874756 ], [ 370944.364806171623059, 6929585.457958130165935 ], [ 370948.027349466981832, 6929583.68889588676393 ], [ 370951.501009922416415, 6929581.572888408787549 ], [ 370952.897823671519291, 6929580.523566797375679 ], [ 370953.046546148369089, 6929580.515776584856212 ], [ 370957.124956340587232, 6929579.895733981393278 ], [ 370961.122579293965828, 6929578.877454427070916 ], [ 370965.000627310480922, 6929577.470817974768579 ], [ 370968.721472890756559, 6929575.689472782425582 ], [ 370972.249013821943663, 6929573.550702691078186 ], [ 370972.754714758775663, 6929573.171360184438527 ], [ 370975.533573722699657, 6929573.437520670704544 ], [ 370985.413602649525274, 6929574.390787996351719 ], [ 370989.526352402113844, 6929574.58427423518151 ], [ 370993.638225842849351, 6929574.372982352972031 ], [ 370997.70948084408883, 6929573.758954529650509 ], [ 371001.70076786383288, 6929572.748125474900007 ], [ 371005.573510267829988, 6929571.350265065208077 ], [ 371009.290277180494741, 6929569.578883918002248 ], [ 371012.81514526240062, 6929567.451102807186544 ], [ 371013.51888815156417, 6929566.925548340193927 ], [ 371016.180332904332317, 6929567.180495309643447 ], [ 371026.126388830307405, 6929568.133285157382488 ], [ 371036.072352544637397, 6929569.086096508428454 ], [ 371040.193209784745704, 6929569.27676591463387 ], [ 371044.312833933567163, 6929569.061090028844774 ], [ 371048.391253702051472, 6929568.441161477938294 ], [ 371052.388897592958529, 6929567.422995216213167 ], [ 371056.266977849416435, 6929566.016470157541335 ], [ 371059.98786679917248, 6929564.235233329236507 ], [ 371061.382396567612886, 6929563.389775416813791 ], [ 371066.399668737023603, 6929569.481320885010064 ], [ 371069.168350148946047, 6929572.524910208769143 ], [ 371072.222325580893084, 6929575.282131055369973 ], [ 371075.532117961149197, 6929577.726370637305081 ], [ 371079.065781064331532, 6929579.834037072956562 ], [ 371082.789207857509609, 6929581.584787097759545 ], [ 371086.666459702362772, 6929582.961722414940596 ], [ 371090.660113236051984, 6929583.951552797108889 ], [ 371094.73162158287596, 6929584.544724370352924 ], [ 371104.677633184066508, 6929585.497752034105361 ], [ 371108.783110317075625, 6929585.688551878556609 ], [ 371112.887520110642072, 6929585.476025841198862 ], [ 371116.951334854820743, 6929584.862220664508641 ], [ 371120.935417792061344, 6929583.853047627024353 ], [ 371124.801400025782641, 6929582.458225618116558 ], [ 371128.512050033721607, 6929580.691187534481287 ], [ 371132.031632227881346, 6929578.568950919434428 ], [ 371135.326251107675489, 6929576.111954072490335 ], [ 371138.364177692332305, 6929573.343859215267003 ], [ 371141.116155088064261, 6929570.291324615478516 ], [ 371143.555680248246063, 6929566.983747850172222 ], [ 371145.659259211912286, 6929563.452982690185308 ], [ 371147.406633363803849, 6929559.733032334595919 ], [ 371148.780974535562564, 6929555.859721940010786 ], [ 371149.769047070469242, 6929551.870353602804244 ], [ 371150.361335289839189, 6929547.803347119130194 ], [ 371150.552135134348646, 6929543.6978699862957 ], [ 371150.339609097165521, 6929539.593460192903876 ], [ 371149.72580392024247, 6929535.529645448550582 ], [ 371148.716630882991012, 6929531.545562511309981 ], [ 371147.321808873384725, 6929527.679580277763307 ], [ 371145.55477078986587, 6929523.96893026959151 ], [ 371143.432534175168257, 6929520.449348075315356 ], [ 371140.975537328049541, 6929517.154729195870459 ], [ 371138.207442471175455, 6929514.116802610456944 ], [ 371135.15490787132876, 6929511.364825215190649 ], [ 371131.847331105323974, 6929508.92530005518347 ], [ 371128.316565945511684, 6929506.821721090935171 ], [ 371124.596615590562578, 6929505.074346939101815 ], [ 371120.72330519586103, 6929503.700005767866969 ], [ 371120.719313595560379, 6929503.699017142876983 ], [ 371112.948888206214178, 6929494.356667883694172 ], [ 371110.183480834413785, 6929491.344057423062623 ], [ 371107.137438724632375, 6929488.615518036298454 ], [ 371103.839805081079248, 6929486.197065622545779 ], [ 371100.322021966800094, 6929484.111759486608207 ], [ 371096.617630511522293, 6929482.37948246859014 ], [ 371092.761951106134802, 6929481.016751371324062 ], [ 371088.791746632021386, 6929480.036559474654496 ], [ 371084.744871936854906, 6929479.448252648115158 ], [ 371074.798781318822876, 6929478.495307624340057 ], [ 371064.852557600883301, 6929477.54238018207252 ], [ 371064.390773083490785, 6929477.500715930014849 ], [ 371054.448981815890875, 6929476.659178060479462 ], [ 371050.384172608260997, 6929476.513328583911061 ], [ 371046.324385683459695, 6929476.762479319237173 ], [ 371042.307914888369851, 6929477.404280157759786 ], [ 371038.372645491559524, 6929478.432677327655256 ], [ 371034.555696831375826, 6929479.837970496155322 ], [ 371030.893072188307997, 6929481.606904267333448 ], [ 371027.419319185311906, 6929483.722793214954436 ], [ 371026.957786703307647, 6929484.069481806829572 ], [ 371024.167578426888213, 6929483.802191723138094 ], [ 371014.221348509541713, 6929482.849415539763868 ], [ 371013.78619870217517, 6929482.810021017678082 ], [ 371003.895935901789926, 6929481.96663720626384 ], [ 370999.839488182216883, 6929481.81815557833761 ], [ 370995.787719529704191, 6929482.063075325451791 ], [ 370991.778693079540972, 6929482.699095622636378 ], [ 370987.850070437882096, 6929483.720241564325988 ], [ 370984.038757881324273, 6929485.116920300759375 ], [ 370980.380559651763178, 6929486.876011148095131 ], [ 370976.90984160406515, 6929488.980988850817084 ], [ 370976.382345829217229, 6929489.375493426807225 ], [ 370973.588032890111208, 6929489.107849886640906 ], [ 370963.641796764568426, 6929488.155224808491766 ], [ 370959.520896051719319, 6929487.964642710052431 ], [ 370955.401237433776259, 6929488.180413637310266 ], [ 370951.322793297702447, 6929488.80044399946928 ], [ 370947.325136132829357, 6929489.818717741407454 ], [ 370943.447054565651342, 6929491.225354716181755 ], [ 370939.726176999742165, 6929493.006706551648676 ], [ 370936.198606513324194, 6929495.145489075221121 ], [ 370934.756510450388305, 6929496.227250769734383 ], [ 370934.604650195629802, 6929496.235205553472042 ], [ 370930.526203134737443, 6929496.855263425968587 ], [ 370926.52854593686061, 6929497.873565503396094 ], [ 370922.650467360799666, 6929499.280231330543756 ], [ 370918.92959590931423, 6929501.061612209305167 ], [ 370915.402034724422265, 6929503.20042362716049 ], [ 370913.777445966552477, 6929504.419097441248596 ], [ 370913.466765734076034, 6929504.438176545314491 ], [ 370909.450299881282263, 6929505.080144268460572 ], [ 370905.515052119910251, 6929506.108709074556828 ], [ 370901.698141975793988, 6929507.514168947935104 ], [ 370898.035572746011894, 6929509.283266780897975 ], [ 370894.561891895253211, 6929511.39931542146951 ], [ 370891.309865183895454, 6929513.842355079948902 ], [ 370882.117555752338376, 6929521.473581977188587 ], [ 370878.139463334344327, 6929522.073685940355062 ], [ 370874.148145795566961, 6929523.084661916829646 ], [ 370870.2753896410577, 6929524.482677613385022 ], [ 370866.558627073129173, 6929526.254220481030643 ], [ 370863.033782534999773, 6929528.382167638279498 ], [ 370859.73492548201466, 6929530.845951367169619 ], [ 370848.833469927834813, 6929539.855507994070649 ], [ 370845.782141375588253, 6929542.641737511381507 ], [ 370843.020229105022736, 6929545.71509422082454 ], [ 370840.574618961312808, 6929549.045660520903766 ], [ 370838.469117745349649, 6929552.601015001535416 ], [ 370836.724221466574818, 6929556.346548051573336 ], [ 370835.356915824115276, 6929560.245798766613007 ], [ 370835.356572607532144, 6929560.247210085391998 ], [ 370826.178118315467145, 6929567.832956781610847 ], [ 370824.10051191895036, 6929569.729756937362254 ], [ 370821.785437130718492, 6929568.362341148778796 ], [ 370818.061258333153091, 6929566.629923395812511 ], [ 370814.185287170403171, 6929565.270649129524827 ], [ 370810.194805910694413, 6929564.297592963092029 ], [ 370806.128198274294846, 6929563.72011454962194 ], [ 370802.024580227443948, 6929563.543768549337983 ], [ 370797.923423732689116, 6929563.770251202397048 ], [ 370793.86417707556393, 6929564.397384013049304 ], [ 370789.885885418159887, 6929565.419134704396129 ], [ 370786.02681523130741, 6929566.825675240717828 ], [ 370782.324086215754505, 6929568.603476361371577 ], [ 370778.81331425474491, 6929570.735437717288733 ], [ 370775.528268831491005, 6929573.201052357442677 ], [ 370764.714377708965912, 6929582.179272182285786 ], [ 370753.849079510895535, 6929591.159607698209584 ], [ 370753.777372305397876, 6929591.219009098596871 ], [ 370742.927927951503079, 6929600.226917174644768 ], [ 370739.896432729030494, 6929603.006340906955302 ], [ 370737.152178227261174, 6929606.06970944441855 ], [ 370734.721630374842789, 6929609.387479283846915 ], [ 370732.628229674941394, 6929612.927653443068266 ], [ 370730.892165141936857, 6929616.656090046279132 ], [ 370729.530179596273229, 6929620.536831591278315 ], [ 370728.555408194370102, 6929624.532451728358865 ], [ 370727.97725175175583, 6929628.604416204616427 ], [ 370727.076439250027761, 6929638.376771944575012 ], [ 370726.128705684735905, 6929648.262502611614764 ], [ 370726.108823738235515, 6929648.475621189922094 ], [ 370725.877438805880956, 6929651.02634450327605 ], [ 370717.507563738676254, 6929657.975790940225124 ], [ 370714.495155650132801, 6929660.736015570349991 ], [ 370711.766046713397373, 6929663.776641642674804 ], [ 370709.346211801341269, 6929667.068729353137314 ], [ 370707.258682205632795, 6929670.580945560708642 ], [ 370705.523326431808528, 6929674.279862001538277 ], [ 370704.15666109637823, 6929678.1302734548226 ], [ 370703.171693726442754, 6929682.095532813109457 ], [ 370702.577798957703635, 6929686.137899880297482 ], [ 370701.618532761815004, 6929695.988516238518059 ], [ 370701.421408091846388, 6929700.112804719246924 ], [ 370701.63136539363768, 6929704.23645983915776 ], [ 370702.246363837679382, 6929708.319398796185851 ], [ 370703.260425509070046, 6929712.321934559382498 ], [ 370704.66369351366302, 6929716.205161634832621 ], [ 370706.442527789389715, 6929719.931334232911468 ], [ 370708.579637690621894, 6929723.464233167469501 ], [ 370710.269279495114461, 6929725.721050177700818 ] ] ] } },
{ "type": "Feature", "properties": { "id": "45", "_id": 46, "width": 56.88, "depth": 8.41, "manning_n": 0.3015 }, "geometry": { "type": "Polygon", "coordinates": [ [ [ 371293.004768332059029, 6929518.91538015846163 ], [ 371291.110431888140738, 6929520.480540935881436 ], [ 371289.03807232278632, 6929522.372351444326341 ], [ 371287.162225366977509, 6929524.459171839989722 ], [ 371285.501151523552835, 6929526.72068789228797 ], [ 371284.071020578499883, 6929529.134884786792099 ], [ 371282.885754195332993, 6929531.678261433728039 ], [ 371281.956890394387301, 6929534.326059237122536 ], [ 371281.293471235316247, 6929537.052503108978271 ], [ 371280.901954796980135, 6929539.831052378751338 ], [ 371280.003362622461282, 6929549.718485109508038 ], [ 371279.053615738113876, 6929559.607945189811289 ], [ 371279.040089970745612, 6929559.752671073190868 ], [ 371278.134937960479874, 6929569.712461921386421 ], [ 371277.238309098524041, 6929579.578556392341852 ], [ 371276.28647324180929, 6929589.335331356152892 ], [ 371276.152123597741593, 6929592.136099619790912 ], [ 371276.294227721518837, 6929594.936485148966312 ], [ 371276.711404274974484, 6929597.709266498684883 ], [ 371277.399598049174529, 6929600.427490555681288 ], [ 371278.352119383693207, 6929603.064734533429146 ], [ 371279.559709193999879, 6929605.595362823456526 ], [ 371281.010628975345753, 6929607.99477618560195 ], [ 371282.690774908405729, 6929610.239650866948068 ], [ 371291.731395223119762, 6929621.153080422431231 ], [ 371291.765913503826596, 6929621.194668833166361 ], [ 371300.706951648753602, 6929631.946230840869248 ], [ 371302.304242675483692, 6929633.885849240235984 ], [ 371302.262008277350105, 6929634.900168324820697 ], [ 371302.419204175181221, 6929637.682954031974077 ], [ 371302.848040524288081, 6929640.436988567002118 ], [ 371303.544398478756193, 6929643.135820247232914 ], [ 371304.501589727005921, 6929645.753527593798935 ], [ 371305.710420730989426, 6929648.264968304894865 ], [ 371307.159281027386896, 6929650.646020735614002 ], [ 371308.83425474294927, 6929652.873815584927797 ], [ 371310.297887427324895, 6929654.633861436508596 ], [ 371309.558734041755088, 6929662.766696985810995 ], [ 371308.60896145546576, 6929672.656151360832155 ], [ 371308.478858715912793, 6929675.468793779611588 ], [ 371308.627512691426091, 6929678.280516756698489 ], [ 371309.053466331388336, 6929681.063760834746063 ], [ 371309.75254459772259, 6929683.79124569799751 ], [ 371310.717895387031604, 6929686.436237560585141 ], [ 371311.940056692284998, 6929688.972811203449965 ], [ 371313.407049346074928, 6929691.376104081049562 ], [ 371315.104494435712695, 6929693.622560015879571 ], [ 371316.516092747449875, 6929695.310066851787269 ], [ 371315.778038263495546, 6929703.430839317850769 ], [ 371314.826157191302627, 6929713.187606821767986 ], [ 371314.808498352300376, 6929713.375026010908186 ], [ 371313.903322132187895, 6929723.334807747974992 ], [ 371313.787249977060128, 6929726.102490396238863 ], [ 371313.940986620611511, 6929728.868336564861238 ], [ 371314.363073537591845, 6929731.606106208637357 ], [ 371315.049506318639033, 6929734.289825646206737 ], [ 371315.993772660789546, 6929736.8940339833498 ], [ 371317.186914151010569, 6929739.394024657085538 ], [ 371318.617611255845986, 6929741.766079837456346 ], [ 371320.196987110481132, 6929743.886590869165957 ], [ 371318.310966822027694, 6929745.608384985476732 ], [ 371316.435223916487303, 6929747.695184548385441 ], [ 371314.77424479246838, 6929749.956664640456438 ], [ 371313.344197333673947, 6929752.370812135748565 ], [ 371312.159001547144726, 6929754.91412784717977 ], [ 371311.230194066418335, 6929757.561855273321271 ], [ 371310.566815854923334, 6929760.288221574388444 ], [ 371310.446914267202374, 6929761.139178641140461 ], [ 371309.425563651719131, 6929761.983161892741919 ], [ 371307.363926830468699, 6929763.86442831158638 ], [ 371305.496613708557561, 6929765.938711664639413 ], [ 371303.841607532231137, 6929768.18603546731174 ], [ 371302.414846915518865, 6929770.584756765514612 ], [ 371301.230072343256325, 6929773.111774560064077 ], [ 371300.298693842196371, 6929775.742752288468182 ], [ 371299.629681096412241, 6929778.45235219784081 ], [ 371299.229477064334787, 6929781.214479358866811 ], [ 371299.101935929676984, 6929784.002532977610826 ], [ 371299.248285983223468, 6929786.789662573486567 ], [ 371299.6671177939279, 6929789.549026564694941 ], [ 371300.35439778259024, 6929792.254050767049193 ], [ 371301.303507067088503, 6929794.878684320487082 ], [ 371302.505305206286721, 6929797.397650567814708 ], [ 371303.948218227073085, 6929799.786690486595035 ], [ 371305.618350088247098, 6929802.02279631793499 ], [ 371307.499616507091559, 6929804.084433139301836 ], [ 371309.573899859562516, 6929805.951746260747313 ], [ 371311.82122366304975, 6929807.606752437539399 ], [ 371314.219944960728753, 6929809.033513054251671 ], [ 371316.746962755394634, 6929810.218287626281381 ], [ 371319.377940484089777, 6929811.149666127748787 ], [ 371322.087540393229574, 6929811.818678873591125 ], [ 371324.849667554313783, 6929812.218882905319333 ], [ 371327.637721172941383, 6929812.346424039453268 ], [ 371330.4248507686425, 6929812.200073986314237 ], [ 371333.184214759850875, 6929811.781242175959051 ], [ 371335.889238962787203, 6929811.093962186947465 ], [ 371338.513872515759431, 6929810.14485290274024 ], [ 371341.032838762912434, 6929808.94305476360023 ], [ 371343.421878682158422, 6929807.500141742639244 ], [ 371345.657984513207339, 6929805.830009881407022 ], [ 371355.70967812120216, 6929797.523889604024589 ], [ 371357.781761625956278, 6929795.632100290618837 ], [ 371359.657351980975363, 6929793.54534259531647 ], [ 371361.318194020132069, 6929791.283926980569959 ], [ 371362.748122728022281, 6929788.869863860309124 ], [ 371363.933220574224833, 6929786.326649368740618 ], [ 371364.861952972831205, 6929783.679036672227085 ], [ 371365.525280549132731, 6929780.95279504917562 ], [ 371365.645071414823178, 6929780.102609372697771 ], [ 371367.515944481478073, 6929778.556749448180199 ], [ 371369.584544297482353, 6929776.668619325384498 ], [ 371371.457397990103345, 6929774.586178543977439 ], [ 371373.11634245706955, 6929772.32962280139327 ], [ 371374.545289106608834, 6929769.92083637882024 ], [ 371375.730379886343144, 6929767.383179899305105 ], [ 371376.660121679946315, 6929764.741263784468174 ], [ 371377.325497768411878, 6929762.02070957235992 ], [ 371377.720055274956394, 6929759.247901440598071 ], [ 371378.629540348076262, 6929749.399469681084156 ], [ 371378.633306760690175, 6929749.358358946628869 ], [ 371379.538495841552503, 6929739.398579422384501 ], [ 371379.654571565217339, 6929736.630892300978303 ], [ 371379.500837588333525, 6929733.865041358396411 ], [ 371379.078752415836789, 6929731.127266773022711 ], [ 371378.392320453887805, 6929728.443542358465493 ], [ 371377.448054019303527, 6929725.839329142123461 ], [ 371376.254911556025036, 6929723.33933381550014 ], [ 371374.824212644307408, 6929720.967274330556393 ], [ 371373.169530609739013, 6929718.745654890313745 ], [ 371371.617804488516413, 6929716.861287620849907 ], [ 371372.3983960399637, 6929708.860235278494656 ], [ 371372.416050729865674, 6929708.672861742787063 ], [ 371373.314665068231989, 6929698.785458122380078 ], [ 371374.26444798981538, 6929688.896028533577919 ], [ 371374.394554297905415, 6929686.083381750620902 ], [ 371374.245902994123753, 6929683.271654102951288 ], [ 371373.819951107609086, 6929680.488405181095004 ], [ 371373.120873672771268, 6929677.760915434919298 ], [ 371372.155522806802765, 6929675.115918784402311 ], [ 371370.933360547875054, 6929672.579340579919517 ], [ 371369.466366111417301, 6929670.176043490879238 ], [ 371367.768918473506346, 6929667.929583811201155 ], [ 371366.357309112907387, 6929666.242063766345382 ], [ 371367.103881867602468, 6929658.027593593113124 ], [ 371368.009083399258088, 6929648.06783427670598 ], [ 371368.125041373597924, 6929645.283020742237568 ], [ 371367.967848165892065, 6929642.500230240635574 ], [ 371367.539013575238641, 6929639.746190740726888 ], [ 371366.842656444408931, 6929637.047354061156511 ], [ 371365.885465099359863, 6929634.429641814902425 ], [ 371364.676633109687828, 6929631.918196434155107 ], [ 371363.22777098667575, 6929629.537139689549804 ], [ 371361.552794667426497, 6929627.309340998530388 ], [ 371360.007392093364615, 6929625.450965315103531 ], [ 371360.045759700122289, 6929624.536109776236117 ], [ 371359.892011215910316, 6929621.770185937173665 ], [ 371359.46989742043661, 6929619.032341306097806 ], [ 371358.783423204266001, 6929616.34855174086988 ], [ 371357.83910163101973, 6929613.744280241429806 ], [ 371356.645892143773381, 6929611.244235361926258 ], [ 371355.215115560218692, 6929608.872136787511408 ], [ 371353.56034666398773, 6929606.65049028582871 ], [ 371344.571371557947714, 6929595.735020770691335 ], [ 371344.48424679186428, 6929595.629740114323795 ], [ 371335.516798707016278, 6929584.846420262008905 ], [ 371334.036383973201737, 6929583.059330289252102 ], [ 371334.781490974768531, 6929574.860513163730502 ], [ 371335.680062963743694, 6929564.973125221207738 ], [ 371336.465980954119004, 6929556.789571560919285 ], [ 371338.242680279770866, 6929555.321606297045946 ], [ 371340.311391031020321, 6929553.433472050353885 ], [ 371342.184348504873924, 6929551.351010669022799 ], [ 371343.843387493514456, 6929549.09441927075386 ], [ 371345.272417515225243, 6929546.685583804734051 ], [ 371346.457578870584257, 6929544.147866786457598 ], [ 371347.387377063569147, 6929541.505880710668862 ], [ 371348.052794282673858, 6929538.785249345004559 ], [ 371348.165605034097098, 6929537.992482922039926 ], [ 371350.051787335134577, 6929536.427025279961526 ], [ 371360.90305954409996, 6929527.420978106558323 ], [ 371362.952913428540342, 6929525.543127457611263 ], [ 371364.809636577032506, 6929523.474117269739509 ], [ 371366.455488415318541, 6929521.233716472052038 ], [ 371367.874743197462521, 6929518.843331593088806 ], [ 371369.053840261709411, 6929516.325802224688232 ], [ 371369.981513599515893, 6929513.705182797275484 ], [ 371370.648899499850813, 6929511.006512741558254 ], [ 371370.788365081360098, 6929510.049088223837316 ], [ 371372.711121358675882, 6929508.453311811201274 ], [ 371383.56245903566014, 6929499.447414616122842 ], [ 371394.389524585450999, 6929490.461746458895504 ], [ 371405.268239271652419, 6929481.473985113203526 ], [ 371407.330056941602379, 6929479.592916901223361 ], [ 371409.197569468989968, 6929477.518813075497746 ], [ 371410.852791687357239, 6929475.27164838835597 ], [ 371412.279782901867293, 6929472.873064265586436 ], [ 371413.464800407062285, 6929470.346160382963717 ], [ 371414.396431836532429, 6929467.715272205881774 ], [ 371415.065705070446711, 6929465.005736625753343 ], [ 371415.466174641624093, 6929462.243647951632738 ], [ 371415.593983809114434, 6929459.455606606788933 ], [ 371415.447901700856164, 6929456.668462954461575 ], [ 371415.029335167433601, 6929453.909058711491525 ], [ 371414.34231523325434, 6929451.203968447633088 ], [ 371413.393458275939338, 6929448.579243662767112 ], [ 371412.191902306687552, 6929446.060161891393363 ], [ 371410.749218966288026, 6929443.670983266085386 ], [ 371409.079302083933726, 6929441.434716884978116 ], [ 371407.198233872128185, 6929439.37289921566844 ], [ 371405.124130046053324, 6929437.505386687815189 ], [ 371402.876965359319001, 6929435.850164469331503 ], [ 371400.478381236316636, 6929434.423173255287111 ], [ 371397.951477353344671, 6929433.238155749626458 ], [ 371395.320589176146314, 6929432.306524320505559 ], [ 371392.611053596017882, 6929431.63725108653307 ], [ 371389.84896492183907, 6929431.236781515181065 ], [ 371387.060923577460926, 6929431.108972347341478 ], [ 371384.27377992507536, 6929431.255054456181824 ], [ 371381.514375681639649, 6929431.67362098954618 ], [ 371378.809285418537911, 6929432.36064092349261 ], [ 371376.184560633730143, 6929433.309497880749404 ], [ 371373.66547886171611, 6929434.511053849942982 ], [ 371371.276300237048417, 6929435.953737190924585 ], [ 371369.040033855882939, 6929437.623654073104262 ], [ 371358.136945236998145, 6929446.631552640348673 ], [ 371358.088242528610863, 6929446.671880956739187 ], [ 371347.236746746290009, 6929455.677824411541224 ], [ 371336.385208439431153, 6929464.683888116851449 ], [ 371325.53372906713048, 6929473.689987866207957 ], [ 371323.483846663846634, 6929475.567841620184481 ], [ 371321.627097120450344, 6929477.636859194375575 ], [ 371319.981221558467951, 6929479.877271259203553 ], [ 371318.561946212197654, 6929482.267670824192464 ], [ 371317.38283216545824, 6929484.785217775963247 ], [ 371316.455145776504651, 6929487.405857115983963 ], [ 371315.787751028605271, 6929490.104548806324601 ], [ 371315.648265568597708, 6929491.062107056379318 ], [ 371313.725475993880536, 6929492.657932253554463 ], [ 371302.87415166082792, 6929501.664107636548579 ], [ 371300.815152066294104, 6929503.551220919936895 ], [ 371298.951182985620108, 6929505.631195713765919 ], [ 371297.300221192417666, 6929507.883972007781267 ], [ 371295.878189143259078, 6929510.287823235616088 ], [ 371294.698801415681373, 6929512.819565810263157 ], [ 371293.773432439949829, 6929515.454782715067267 ], [ 371293.111006800085306, 6929518.168058990500867 ], [ 371293.004768332059029, 6929518.91538015846163 ] ] ] } },
{ "type": "Feature", "properties": { "id": "46", "_id": 47, "width": 14.76, "depth": 39.28, "manning_n": 0.6581 }, "geometry": { "type": "Polygon", "coordinates": [ [ [ 373034.381192063447088, 6929798.929583732038736 ], [ 373042.870368153613526, 6929791.890487688593566 ], [ 373049.759096138353925, 6929792.554678298532963 ], [ 373050.491058273648378, 6929792.588706079870462 ], [ 373051.222786874976009, 6929792.549979972653091 ], [ 373051.94706834142562, 6929792.438881752081215 ], [ 373052.656762488244567, 6929792.256506656296551 ], [ 373053.34487293678103, 6929792.004652596078813 ], [ 373054.00461608695332, 6929791.685802422463894 ], [ 373054.629487992147915, 6929791.30309945717454 ], [ 373055.213328477111645, 6929790.860316501930356 ], [ 373066.03986193286255, 6929781.768636673688889 ], [ 373076.922061198623851, 6929772.786174392327666 ], [ 373076.934651527320966, 6929772.775758537463844 ], [ 373087.789468961418606, 6929763.775414728559554 ], [ 373096.281118767277803, 6929756.734573445282876 ], [ 373103.16995846410282, 6929757.398880567401648 ], [ 373113.11446989281103, 6929758.357883685268462 ], [ 373113.191109173814766, 6929758.36487131845206 ], [ 373123.079861875041388, 6929759.214520717971027 ], [ 373123.794708087632898, 6929759.241144167259336 ], [ 373124.508773745852523, 6929759.198434080928564 ], [ 373125.215349929116201, 6929759.086791737005115 ], [ 373125.907798083266243, 6929758.907266058027744 ], [ 373126.579612392582931, 6929758.661543755792081 ], [ 373127.224480904056691, 6929758.351933486759663 ], [ 373127.836344830750022, 6929757.981344157829881 ], [ 373128.409455476794392, 6929757.553257597610354 ], [ 373139.315985906228889, 6929748.551119576208293 ], [ 373139.328576446103398, 6929748.54070401750505 ], [ 373147.820410175889265, 6929741.499962585046887 ], [ 373154.706726999604143, 6929742.164131718687713 ], [ 373164.597191969456617, 6929743.125005991198123 ], [ 373165.321957880572882, 6929743.159580759704113 ], [ 373166.046616038365755, 6929743.122816714458168 ], [ 373166.764161522325594, 6929743.015069236047566 ], [ 373167.467658167064656, 6929742.837379869073629 ], [ 373168.150305610382929, 6929742.591466248035431 ], [ 373168.805505029216874, 6929742.279705503024161 ], [ 373169.426922927377746, 6929741.905111273750663 ], [ 373170.008552358252928, 6929741.471304582431912 ], [ 373178.591897402657196, 6929734.386913698166609 ], [ 373185.487361544044688, 6929734.975070375949144 ], [ 373195.337181015289389, 6929735.932086180895567 ], [ 373196.061945582041517, 6929735.966667532920837 ], [ 373196.786603053507861, 6929735.929910273291171 ], [ 373197.5041485359543, 6929735.822169715538621 ], [ 373198.207645883550867, 6929735.644487333483994 ], [ 373198.890294746553991, 6929735.398580690845847 ], [ 373199.545496307080612, 6929735.086826842278242 ], [ 373200.166917066031601, 6929734.712239352054894 ], [ 373200.748550066258758, 6929734.278439167886972 ], [ 373209.2928322890657, 6929727.22643587552011 ], [ 373216.136981507122982, 6929727.891460413113236 ], [ 373216.861744623805862, 6929727.926046161912382 ], [ 373217.586401090142317, 6929727.889293542131782 ], [ 373218.303946046100464, 6929727.781557821668684 ], [ 373219.007443374488503, 6929727.603880422189832 ], [ 373219.690092749195173, 6929727.357978855259717 ], [ 373220.345295369683299, 6929727.046230117790401 ], [ 373220.966717748378869, 6929726.671647715382278 ], [ 373221.548352932964917, 6929726.23785253148526 ], [ 373232.455229347804561, 6929717.23602351360023 ], [ 373232.467820197343826, 6929717.225608387030661 ], [ 373243.323225959204137, 6929708.225778301246464 ], [ 373243.358565044531133, 6929708.196293508633971 ], [ 373254.209789309359621, 6929699.085149556398392 ], [ 373254.737237538560294, 6929698.596551203168929 ], [ 373255.21463872975437, 6929698.058947177603841 ], [ 373255.637461795005947, 6929697.47743996232748 ], [ 373256.001693655562121, 6929696.857548732310534 ], [ 373256.303877330967225, 6929696.205156969837844 ], [ 373256.541144749498926, 6929695.526456625200808 ], [ 373256.711243969679344, 6929694.827889348380268 ], [ 373256.812560553720687, 6929694.116085347719491 ], [ 373257.444603435520548, 6929687.314333213493228 ], [ 373263.6185670409468, 6929682.195835968479514 ], [ 373270.547936766117346, 6929682.78705538995564 ], [ 373271.264244655554648, 6929682.813235783018172 ], [ 373271.979713732667733, 6929682.769803016446531 ], [ 373272.687594718532637, 6929682.657166808843613 ], [ 373273.381209915562067, 6929682.476389697752893 ], [ 373274.054016200359911, 6929682.229177018627524 ], [ 373274.69966674776515, 6929681.917860819026828 ], [ 373275.312070902320556, 6929681.54537785705179 ], [ 373275.885451634123456, 6929681.115241900086403 ], [ 373286.741093430784531, 6929672.115556066855788 ], [ 373297.596767804352567, 6929663.11592813488096 ], [ 373298.128944164025597, 6929662.628945902921259 ], [ 373298.611034801462665, 6929662.092334320768714 ], [ 373299.038433729612734, 6929661.511220280081034 ], [ 373299.407057496835478, 6929660.891155854798853 ], [ 373299.713384200586006, 6929660.238065262325108 ], [ 373299.954487136565149, 6929659.558188253082335 ], [ 373300.128062760806642, 6929658.858020505867898 ], [ 373300.232452698342968, 6929658.144251556135714 ], [ 373300.902267766417935, 6929651.212426986545324 ], [ 373309.415063289925456, 6929644.15519826952368 ], [ 373320.270892647502478, 6929635.155646046623588 ], [ 373320.806393238715827, 6929634.665318359620869 ], [ 373321.291120229579974, 6929634.124742861837149 ], [ 373321.720381758699659, 6929633.539151994511485 ], [ 373322.090022836753633, 6929632.914213919080794 ], [ 373322.396465563797392, 6929632.255977654829621 ], [ 373322.636743761540856, 6929631.570814527571201 ], [ 373322.808531683636829, 6929630.865356495603919 ], [ 373322.910166528075933, 6929630.146431963890791 ], [ 373323.819028574391268, 6929620.211573889479041 ], [ 373324.783506942505483, 6929610.386089625768363 ], [ 373324.788117135525681, 6929610.337469812482595 ], [ 373325.699220448615961, 6929600.378289074636996 ], [ 373326.610331222356763, 6929590.419114600867033 ], [ 373327.519224728283007, 6929580.484264262020588 ], [ 373328.483735517482273, 6929570.658781907521188 ], [ 373328.48834592156345, 6929570.610161549411714 ], [ 373329.399481334432494, 6929560.650982406921685 ], [ 373330.308905996265821, 6929550.710590306669474 ], [ 373331.269775572174694, 6929540.768222547136247 ], [ 373331.273306882358156, 6929540.730681803077459 ], [ 373331.905165204603691, 6929533.824328914284706 ], [ 373340.401349723222665, 6929526.781270873732865 ], [ 373340.935569752415176, 6929526.292260745540261 ], [ 373341.419285991752986, 6929525.753242614679039 ], [ 373341.847839989466593, 6929525.169407521374524 ], [ 373342.217104536248371, 6929524.546378116123378 ], [ 373342.523523412644863, 6929523.890154513530433 ], [ 373342.764145637396723, 6929523.207056503742933 ], [ 373342.936653886979911, 6929522.503662696108222 ], [ 373343.039386812539306, 6929521.786747155711055 ], [ 373343.071355039952323, 6929521.06321417260915 ], [ 373343.032250697666313, 6929520.340031764470041 ], [ 373342.922450381913222, 6929519.624164572916925 ], [ 373342.743011529673822, 6929518.922506790608168 ], [ 373342.495662235247437, 6929518.24181576538831 ], [ 373342.182784607575741, 6929517.588646924123168 ], [ 373341.807391829148401, 6929516.969290639273822 ], [ 373341.373099137737881, 6929516.389711651951075 ], [ 373340.884089009312447, 6929515.85549162235111 ], [ 373340.34507087880047, 6929515.371775383129716 ], [ 373339.761235785321333, 6929514.943221385590732 ], [ 373339.138206380128395, 6929514.573956838808954 ], [ 373338.481982776895165, 6929514.26753796171397 ], [ 373337.798884767631534, 6929514.026915737427771 ], [ 373337.095490959647577, 6929513.854407487437129 ], [ 373336.378575419832487, 6929513.75167456176132 ], [ 373335.655042436672375, 6929513.719706335105002 ], [ 373334.931860028358642, 6929513.758810676634312 ], [ 373334.215992836863734, 6929513.868610993027687 ], [ 373333.514335054438561, 6929514.048049844801426 ], [ 373332.833644029218704, 6929514.295399139635265 ], [ 373332.180475187837146, 6929514.608276766724885 ], [ 373331.561118903337047, 6929514.983669545501471 ], [ 373330.981539915199392, 6929515.417962237261236 ], [ 373320.125255456543528, 6929524.417465646751225 ], [ 373319.589733060100116, 6929524.907791383564472 ], [ 373319.104985261103138, 6929525.448368054814637 ], [ 373318.675704312801827, 6929526.033962994813919 ], [ 373318.306045561621431, 6929526.658907771110535 ], [ 373317.999587223923299, 6929527.31715305428952 ], [ 373317.759295750001911, 6929528.002327173016965 ], [ 373317.587497109023388, 6929528.707797790877521 ], [ 373317.485854274593294, 6929529.426736105233431 ], [ 373316.576412413269281, 6929539.367139207199216 ], [ 373315.615542263665702, 6929549.309512902982533 ], [ 373315.61200986726908, 6929549.347065519541502 ], [ 373314.700866454048082, 6929559.306244291365147 ], [ 373313.791955264925491, 6929569.241111523471773 ], [ 373312.82744389551226, 6929579.066599789075553 ], [ 373312.822832408361137, 6929579.115231986157596 ], [ 373311.911713098117616, 6929589.074411943554878 ], [ 373311.000601248582825, 6929599.033598176203668 ], [ 373310.091722057608422, 6929608.968467253260314 ], [ 373309.127243108698167, 6929618.793957433663309 ], [ 373309.122631832608022, 6929618.842589085921645 ], [ 373308.490817455109209, 6929625.749012558721006 ], [ 373299.994962809490971, 6929632.792130596004426 ], [ 373289.139139690320008, 6929641.79176255594939 ], [ 373288.606955930765253, 6929642.278745589777827 ], [ 373288.124858443799894, 6929642.815359084866941 ], [ 373287.697453358559869, 6929643.396476046182215 ], [ 373287.328824253578205, 6929644.016544277779758 ], [ 373287.022493140946608, 6929644.669639430940151 ], [ 373286.781386815768201, 6929645.349521604366601 ], [ 373286.607808892673347, 6929646.049694964662194 ], [ 373286.503417796280701, 6929646.763469808734953 ], [ 373285.833600023819599, 6929653.695322365500033 ], [ 373277.320866275578737, 6929660.752593409270048 ], [ 373268.791665680182632, 6929667.82358259614557 ], [ 373261.862264073279221, 6929667.232360454276204 ], [ 373261.145949333382305, 6929667.206180144101381 ], [ 373260.430473486485425, 6929667.2496143206954 ], [ 373259.722586004121695, 6929667.362253246828914 ], [ 373259.028964772820473, 6929667.543034337460995 ], [ 373258.35615309770219, 6929667.790252187289298 ], [ 373257.710497976047918, 6929668.101574654690921 ], [ 373257.098090222745668, 6929668.474064867943525 ], [ 373256.524707012344152, 6929668.904208924621344 ], [ 373245.669146401865873, 6929677.903963479213417 ], [ 373245.134599760815036, 6929678.393351291306317 ], [ 373244.650631796161178, 6929678.932809863239527 ], [ 373244.22190976922866, 6929679.517136797308922 ], [ 373243.85256816400215, 6929680.140696994960308 ], [ 373243.546168815053534, 6929680.797477004118264 ], [ 373243.305666558211669, 6929681.48114300891757 ], [ 373243.133380734827369, 6929682.185101912356913 ], [ 373243.030972824722994, 6929682.902564915828407 ], [ 373242.396433661691844, 6929689.731180870905519 ], [ 373233.885046078707092, 6929696.877699605189264 ], [ 373223.053645503532607, 6929705.857627846300602 ], [ 373214.515573248907458, 6929712.904399410821497 ], [ 373207.671392133168411, 6929712.239371773786843 ], [ 373206.946622181974817, 6929712.204786035232246 ], [ 373206.221958949172404, 6929712.241540007293224 ], [ 373205.504407492117025, 6929712.349278402514756 ], [ 373204.800904121191707, 6929712.526959753595293 ], [ 373204.118249349005055, 6929712.772866479121149 ], [ 373203.463042152347043, 6929713.084621487185359 ], [ 373202.841616182238795, 6929713.459211153909564 ], [ 373202.259978538728319, 6929713.893014458939433 ], [ 373193.715676084684674, 6929720.945034448988736 ], [ 373186.871517202351242, 6929720.280050868168473 ], [ 373186.785039915761445, 6929720.272161954082549 ], [ 373176.844711352256127, 6929719.424290004186332 ], [ 373176.130434412159957, 6929719.398102883249521 ], [ 373175.416974178340752, 6929719.441135511733592 ], [ 373174.71102292399155, 6929719.552984244190156 ], [ 373174.019202487892471, 6929719.732599935494363 ], [ 373173.348002161539625, 6929719.978297786787152 ], [ 373172.703717819298618, 6929720.28777314722538 ], [ 373172.092392862949055, 6929720.658123130910099 ], [ 373171.519761534582358, 6929721.08587384596467 ], [ 373162.975546107627451, 6929728.137968521565199 ], [ 373156.13140259339707, 6929727.473049183376133 ], [ 373146.181716340419371, 6929726.513423438183963 ], [ 373145.455513627268374, 6929726.479357373900712 ], [ 373144.729482741968241, 6929726.516907753422856 ], [ 373144.010669199516997, 6929726.625710181891918 ], [ 373143.306048476486467, 6929726.804708824492991 ], [ 373142.622458320285659, 6929727.05216665007174 ], [ 373141.966532394464593, 6929727.365682291798294 ], [ 373141.344635904708412, 6929727.742213344201446 ], [ 373140.762803829915356, 6929728.17810589261353 ], [ 373129.914033272769302, 6929737.173028635792434 ], [ 373121.33923063846305, 6929744.250582521781325 ], [ 373114.492982397554442, 6929743.662347495555878 ], [ 373104.586750243615825, 6929742.707035855390131 ], [ 373094.642187285295222, 6929741.748058103956282 ], [ 373093.915981786383782, 6929741.71400304697454 ], [ 373093.189949223364238, 6929741.751564877107739 ], [ 373092.471135171479546, 6929741.860379087738693 ], [ 373091.766515155846719, 6929742.039389722049236 ], [ 373091.082926959556062, 6929742.286859622225165 ], [ 373090.427004268567543, 6929742.60038728825748 ], [ 373089.805112296773586, 6929742.9769301796332 ], [ 373089.223286016727798, 6929743.41283424384892 ], [ 373078.368409666116349, 6929752.413141991011798 ], [ 373067.519855246937368, 6929761.408292778767645 ], [ 373056.619868975249119, 6929770.405436937697232 ], [ 373056.571862192940898, 6929770.445405840873718 ], [ 373048.093017809849698, 6929777.56559244170785 ], [ 373041.231182295305189, 6929776.90399472322315 ], [ 373040.504970613692421, 6929776.869950723834336 ], [ 373039.778933014953509, 6929776.907524725422263 ], [ 373039.060115232656244, 6929777.016352093778551 ], [ 373038.355492936738301, 6929777.195376730524004 ], [ 373037.671904038928915, 6929777.442861313931644 ], [ 373037.015982335200533, 6929777.756404164247215 ], [ 373036.394093128968962, 6929778.132962546311319 ], [ 373035.812271459784824, 6929778.56888220179826 ], [ 373024.957653187448159, 6929787.56936702132225 ], [ 373016.650045245536603, 6929794.469086550176144 ], [ 373016.116278236848302, 6929794.958591121248901 ], [ 373015.633061300497502, 6929795.498056910932064 ], [ 373015.205048079777043, 6929796.082288566976786 ], [ 373014.836360575864092, 6929796.705659619532526 ], [ 373014.530549451068509, 6929797.362166665494442 ], [ 373014.290559833694715, 6929798.045487183146179 ], [ 373014.118702954903711, 6929798.749040420167148 ], [ 373014.016633890336379, 6929799.466050776652992 ], [ 373013.98533562105149, 6929800.18961305078119 ], [ 373014.025109566282481, 6929800.912758940830827 ], [ 373014.135572681378108, 6929801.628524157218635 ], [ 373014.315661146014463, 6929802.330015490762889 ], [ 373014.563640609907452, 6929803.010477194562554 ], [ 373014.877122895268258, 6929803.663356051780283 ], [ 373015.253088996279985, 6929804.282364481128752 ], [ 373015.687918153882492, 6929804.861541094258428 ], [ 373016.177422725595534, 6929805.39530810341239 ], [ 373016.716888514754828, 6929805.878525039181113 ], [ 373017.301120170974173, 6929806.306538260541856 ], [ 373017.924491223995574, 6929806.675225763581693 ], [ 373018.580998269841075, 6929806.981036888435483 ], [ 373019.264318786736112, 6929807.221026506274939 ], [ 373019.967872024571989, 6929807.392883384600282 ], [ 373020.68488238111604, 6929807.494952449575067 ], [ 373021.408444654545747, 6929807.526250719092786 ], [ 373022.131590544770006, 6929807.486476773396134 ], [ 373022.84735576150706, 6929807.376013658940792 ], [ 373023.548847094469238, 6929807.195925193838775 ], [ 373024.229308798559941, 6929806.947945729829371 ], [ 373024.882187655661255, 6929806.63446344435215 ], [ 373025.501196085417178, 6929806.258497343398631 ], [ 373026.08037269837223, 6929805.8236681856215 ], [ 373034.381192063447088, 6929798.929583732038736 ] ] ] } },
{ "type": "Feature", "properties": { "id": "47", "_id": 48, "width": 24.48, "depth": 8.13, "manning_n": 0.9816 }, "geometry": { "type": "Polygon", "coordinates": [ [ [ 372455.447661783196963, 6930308.665812423452735 ], [ 372454.572916904988233, 6930307.874656558036804 ], [ 372453.607374091807287, 6930307.160127018578351 ], [ 372452.576444489008281, 6930306.543677879497409 ], [ 372451.490056512353476, 6930306.03124588355422 ], [ 372450.358672671834938, 6930305.627766029909253 ], [ 372449.193188812350854, 6930305.337124051526189 ], [ 372448.004829180543311, 6930305.162118988111615 ], [ 372446.805038329388481, 6930305.10443623457104 ], [ 372445.60537090053549, 6930305.164631308056414 ], [ 372444.417380347207654, 6930305.342124495655298 ], [ 372443.252507667813916, 6930305.635206442326307 ], [ 372442.121971223095898, 6930306.041054608300328 ], [ 372441.036658697004896, 6930306.555760454386473 ], [ 372440.00702224241104, 6930307.174367080442607 ], [ 372439.0429778212565, 6930307.890916967764497 ], [ 372438.153809708368499, 6930308.698509348556399 ], [ 372437.348081078671385, 6930309.589366666972637 ], [ 372436.633551539329346, 6930310.554909479804337 ], [ 372436.017102400481235, 6930311.585839082486928 ], [ 372435.504670404247008, 6930312.672227059490979 ], [ 372435.101190550893079, 6930313.803610899485648 ], [ 372434.810548572044354, 6930314.969094759784639 ], [ 372434.635543508687988, 6930316.157454391010106 ], [ 372434.577860755380243, 6930317.357245242223144 ], [ 372434.638055828516372, 6930318.556912670843303 ], [ 372434.815549016639125, 6930319.744903224520385 ], [ 372435.108630963310134, 6930320.909775903448462 ], [ 372435.514479129225947, 6930322.040312348864973 ], [ 372436.029184974613599, 6930323.125624874606729 ], [ 372436.647791600844357, 6930324.155261329375207 ], [ 372437.364341487933416, 6930325.119305750355124 ], [ 372439.853790946712252, 6930328.146240333095193 ], [ 372440.662653222505469, 6930329.036675498820841 ], [ 372441.555016758560669, 6930329.843409832566977 ], [ 372442.522261948790401, 6930330.558650846593082 ], [ 372443.555045882822014, 6930331.175489813089371 ], [ 372444.643392592086457, 6930331.68796850182116 ], [ 372445.776789410505444, 6930332.091136726550758 ], [ 372446.944288519502152, 6930332.381100165657699 ], [ 372448.13461269630352, 6930332.555057976394892 ], [ 372458.077744558977429, 6930333.512092802673578 ], [ 372458.212662062083837, 6930333.524325572885573 ], [ 372463.013554095756263, 6930333.932842100039124 ], [ 372468.720694238494616, 6930340.869378168135881 ], [ 372469.529508446285035, 6930341.759428770281374 ], [ 372470.421765490551479, 6930342.565808249637485 ], [ 372471.388851334864739, 6930343.280731650069356 ], [ 372472.42142952978611, 6930343.897296949289739 ], [ 372473.509531349176541, 6930344.409551698714495 ], [ 372474.642652030102909, 6930344.81255048327148 ], [ 372475.809852188103832, 6930345.10240266751498 ], [ 372476.999863428354729, 6930345.276309958659112 ], [ 372481.944277006143238, 6930345.752258975058794 ], [ 372487.754444390418939, 6930352.704257918521762 ], [ 372488.561680412560236, 6930353.579795091412961 ], [ 372489.450179493054748, 6930354.3727419488132 ], [ 372490.411530969489831, 6930355.075592341832817 ], [ 372491.436634548124857, 6930355.681692983955145 ], [ 372492.515786448318977, 6930356.185306439176202 ], [ 372493.638771260273643, 6930356.581665428355336 ], [ 372494.794958645303268, 6930356.867017958313227 ], [ 372495.973403964308091, 6930357.038662841543555 ], [ 372505.916442851535976, 6930357.995839701034129 ], [ 372506.043575023242738, 6930358.007409428246319 ], [ 372515.867187922238372, 6930358.849783915095031 ], [ 372520.713712203723844, 6930359.316369029693305 ], [ 372526.524650147766806, 6930366.337818210944533 ], [ 372527.344909406150691, 6930367.23434491828084 ], [ 372528.250021075597033, 6930368.045121246017516 ], [ 372529.231064477411564, 6930368.762156274169683 ], [ 372530.278370558284223, 6930369.37838298548013 ], [ 372531.381617187522352, 6930369.887727920897305 ], [ 372532.529930890654214, 6930370.285171031951904 ], [ 372533.711994017183315, 6930370.566795165650547 ], [ 372534.916156286082696, 6930370.729824665002525 ], [ 372544.787342941388488, 6930371.570019721984863 ], [ 372554.658605573931709, 6930372.52043707575649 ], [ 372564.545805737376213, 6930373.479349686764181 ], [ 372569.498511904093903, 6930373.956235429272056 ], [ 372575.308418055879883, 6930380.908352075144649 ], [ 372576.115631055261474, 6930381.783917414955795 ], [ 372577.004110290086828, 6930382.576894173398614 ], [ 372577.965445213892963, 6930383.27977585233748 ], [ 372578.990535611577798, 6930383.885908813215792 ], [ 372580.06967774417717, 6930384.389555264264345 ], [ 372581.192656206723768, 6930384.785947574302554 ], [ 372582.34884062956553, 6930385.071333401836455 ], [ 372583.527286307886243, 6930385.243011220358312 ], [ 372588.450840484234504, 6930385.717116965912282 ], [ 372594.199620266503189, 6930392.636927993036807 ], [ 372603.226455985277425, 6930403.544826408848166 ], [ 372603.241302004258614, 6930403.562731461599469 ], [ 372608.985472083149944, 6930410.477111229673028 ], [ 372608.536708763043862, 6930415.396096042357385 ], [ 372608.486370868398808, 6930416.59145637974143 ], [ 372608.552976362640038, 6930417.786020712926984 ], [ 372608.735888868919574, 6930418.968375674448907 ], [ 372609.03336076438427, 6930420.127224546857178 ], [ 372609.442549877683632, 6930421.25149520393461 ], [ 372609.959546644240618, 6930422.330445889383554 ], [ 372610.579411459970288, 6930423.353767856955528 ], [ 372611.296221876284108, 6930424.3116838587448 ], [ 372620.330369741539471, 6930435.228626441210508 ], [ 372620.345215554058086, 6930435.246531586162746 ], [ 372629.323525674582925, 6930446.054120698943734 ], [ 372630.131336728401948, 6930446.935178597457707 ], [ 372631.021235377993435, 6930447.733240068890154 ], [ 372631.984734592901077, 6930448.440693941898644 ], [ 372633.012645408627577, 6930449.050793174654245 ], [ 372634.095164562400896, 6930449.557719205506146 ], [ 372635.221967987599783, 6930449.956637442111969 ], [ 372636.382309275271837, 6930450.243743373081088 ], [ 372637.565122163272463, 6930450.416298844851553 ], [ 372647.507824100670405, 6930451.373895471915603 ], [ 372648.712448498990852, 6930451.430232346989214 ], [ 372649.91677002387587, 6930451.367754756473005 ], [ 372651.109098210930824, 6930451.187069175764918 ], [ 372652.277859016321599, 6930450.889929537661374 ], [ 372653.4117071669898, 6930450.479220205917954 ], [ 372654.49963629047852, 6930449.958927973173559 ], [ 372655.531085754570086, 6930449.334103367291391 ], [ 372656.496043180464767, 6930448.610811620950699 ], [ 372663.360233186220285, 6930442.9166319957003 ], [ 372669.112680967082269, 6930449.80052156932652 ], [ 372669.92524088837672, 6930450.681408272124827 ], [ 372670.820050492417067, 6930451.478610117919743 ], [ 372671.788531755213626, 6930452.184484790079296 ], [ 372672.821400404849555, 6930452.79226547665894 ], [ 372673.908754924719688, 6930453.29612573236227 ], [ 372675.040171473578084, 6930453.691235341131687 ], [ 372676.204803812841419, 6930453.973806613124907 ], [ 372677.391487283282913, 6930454.141130701638758 ], [ 372678.588845834194217, 6930454.191603567451239 ], [ 372679.785401079163421, 6930454.1247413540259 ], [ 372680.969682332361117, 6930453.941185033880174 ], [ 372682.130336571775842, 6930453.642694252543151 ], [ 372683.256237274035811, 6930453.232130471616983 ], [ 372684.336591077793855, 6930452.713429528288543 ], [ 372685.361041253549047, 6930452.091563910245895 ], [ 372686.319766987930052, 6930451.372495085000992 ], [ 372693.251836869807448, 6930445.622103388421237 ], [ 372698.125603684806265, 6930446.091577647253871 ], [ 372698.192962254513986, 6930446.097878252156079 ], [ 372718.074072902323678, 6930447.902113386429846 ], [ 372719.274219540529884, 6930447.951847011223435 ], [ 372720.473461892339401, 6930447.883706213906407 ], [ 372721.660250598273706, 6930447.698347226716578 ], [ 372722.823156234400813, 6930447.397555159404874 ], [ 372723.950979383720551, 6930446.984226802363992 ], [ 372725.032858492690139, 6930446.462342734448612 ], [ 372726.058374474232551, 6930445.836928985081613 ], [ 372727.017651048663538, 6930445.114008629694581 ], [ 372727.901449858327396, 6930444.300543786026537 ], [ 372728.701259437482804, 6930443.404368567280471 ], [ 372729.409377182659227, 6930442.434113628230989 ], [ 372730.018983532907441, 6930441.399123056791723 ], [ 372730.524207645794377, 6930440.309364375658333 ], [ 372730.920183936948888, 6930439.175332558341324 ], [ 372731.203098938218318, 6930438.007948949933052 ], [ 372731.370228023501113, 6930436.818456093780696 ], [ 372731.419961648294702, 6930435.618309454992414 ], [ 372731.351820850686636, 6930434.419067103415728 ], [ 372731.166461863729637, 6930433.2322783973068 ], [ 372730.865669795835856, 6930432.069372761063278 ], [ 372730.452341439027805, 6930430.941549612209201 ], [ 372729.930457371287048, 6930429.85967050306499 ], [ 372729.305043621629011, 6930428.834154522046447 ], [ 372728.582123266183771, 6930427.874877947382629 ], [ 372727.768658423272427, 6930426.991079137660563 ], [ 372726.872483203944284, 6930426.191269557923079 ], [ 372725.902228265476879, 6930425.483151813037694 ], [ 372724.867237693339121, 6930424.873545463196933 ], [ 372723.777479012554977, 6930424.368321349844337 ], [ 372722.643447194888722, 6930423.972345058806241 ], [ 372721.476063586713281, 6930423.689430058002472 ], [ 372720.286570730269887, 6930423.522300972603261 ], [ 372700.43914805946406, 6930421.72112306393683 ], [ 372690.530122974538244, 6930420.766618594527245 ], [ 372689.325489039649256, 6930420.710263520479202 ], [ 372688.121156286622863, 6930420.772724960930645 ], [ 372686.928815490042325, 6930420.953396586701274 ], [ 372685.760041015280876, 6930421.25052457023412 ], [ 372684.626178463338874, 6930421.66122461296618 ], [ 372683.538234535895754, 6930422.181509940885007 ], [ 372682.506770190608222, 6930422.806330007500947 ], [ 372681.541798122809269, 6930423.529619520530105 ], [ 372680.07703335210681, 6930424.744692552834749 ], [ 372678.867732411890756, 6930423.297535716556013 ], [ 372678.060537496581674, 6930422.421925254166126 ], [ 372677.172070518136024, 6930421.62890334893018 ], [ 372676.210742202703841, 6930420.925977190956473 ], [ 372675.185653022432234, 6930420.319801072590053 ], [ 372674.10650704568252, 6930419.816113396547735 ], [ 372672.983520072652027, 6930419.41968235373497 ], [ 372671.827322927128989, 6930419.13426078017801 ], [ 372670.648860818764661, 6930418.962550638243556 ], [ 372660.706144103431143, 6930418.004891713149846 ], [ 372659.501510765461717, 6930417.948547554202378 ], [ 372658.297179674962536, 6930418.011019689030945 ], [ 372657.104841568914708, 6930418.191701686009765 ], [ 372655.936070765310433, 6930418.488839619792998 ], [ 372654.802212808630429, 6930418.899549100548029 ], [ 372653.71427433588542, 6930419.419843269512057 ], [ 372652.682816232321784, 6930420.044671505689621 ], [ 372651.717851114517543, 6930420.767968446016312 ], [ 372644.865050538268406, 6930426.452699985355139 ], [ 372639.182686309795827, 6930419.612586762756109 ], [ 372633.374064693634864, 6930412.593398055993021 ], [ 372633.824070887174457, 6930407.660789858549833 ], [ 372633.874388545984402, 6930406.462507841177285 ], [ 372633.807191828847863, 6930405.265053765848279 ], [ 372633.623125897254795, 6930404.079924493096769 ], [ 372633.323957983986475, 6930402.918498550541699 ], [ 372632.91256042587338, 6930401.791926888749003 ], [ 372632.392883086402435, 6930400.711025818251073 ], [ 372631.769915432203561, 6930399.686173164285719 ], [ 372631.049638629541732, 6930398.727208624593914 ], [ 372622.07862612279132, 6930387.928609954193234 ], [ 372613.051757869718131, 6930377.020672224462032 ], [ 372613.036846548726317, 6930377.002688567154109 ], [ 372604.05828956339974, 6930366.195192022249103 ], [ 372603.250462650321424, 6930365.31414820253849 ], [ 372602.360549568256829, 6930364.516102313995361 ], [ 372601.397037489921786, 6930363.808665384538472 ], [ 372600.369115507812239, 6930363.198584296740592 ], [ 372599.286586996691767, 6930362.69167744461447 ], [ 372598.159776118351147, 6930362.292779238894582 ], [ 372596.999429359042551, 6930362.005694003775716 ], [ 372595.816613039292861, 6930361.833159694448113 ], [ 372590.87232849287102, 6930361.35705775115639 ], [ 372585.062394743261393, 6930354.404908081516623 ], [ 372584.255175179685466, 6930353.529336282983422 ], [ 372583.366688187408727, 6930352.736354402266443 ], [ 372582.405344516271725, 6930352.033469102345407 ], [ 372581.380244604719337, 6930351.427334158681333 ], [ 372580.301092431705911, 6930350.923687471076846 ], [ 372579.178103655111045, 6930350.527296747080982 ], [ 372578.021908906346653, 6930350.24191437009722 ], [ 372576.843453157052863, 6930350.070241875015199 ], [ 372566.904704985616263, 6930349.113266450352967 ], [ 372557.01746881136205, 6930348.154350346885622 ], [ 372547.065995998797007, 6930347.196207267232239 ], [ 372546.931003616715316, 6930347.183964028954506 ], [ 372542.109438041283283, 6930346.773572077043355 ], [ 372536.34915923391236, 6930339.813335140235722 ], [ 372535.54092558537377, 6930338.928724583238363 ], [ 372534.650069317314774, 6930338.127380351535976 ], [ 372533.685127953824122, 6930337.416982129216194 ], [ 372532.655349013628438, 6930336.804338022135198 ], [ 372531.570601386600174, 6930336.295319304801524 ], [ 372530.441280755330808, 6930335.894804161041975 ], [ 372529.278209967829753, 6930335.606630929745734 ], [ 372528.092535316769499, 6930335.433561318553984 ], [ 372518.14951032580575, 6930334.476325331255794 ], [ 372518.022304743062705, 6930334.464748536236584 ], [ 372508.198655159212649, 6930333.622370903380215 ], [ 372503.317774701281451, 6930333.152507929131389 ], [ 372497.507579716388136, 6930326.200475960969925 ], [ 372496.700337129295804, 6930325.32493232935667 ], [ 372495.811830290593207, 6930324.531980348750949 ], [ 372494.850470066012349, 6930323.829126334749162 ], [ 372493.82535697275307, 6930323.223023710772395 ], [ 372492.746195031329989, 6930322.719410018995404 ], [ 372491.623199904570356, 6930322.323052616789937 ], [ 372490.467002192919608, 6930322.037703536450863 ], [ 372489.288546802301425, 6930321.866063978523016 ], [ 372484.399000957142562, 6930321.395396526902914 ], [ 372478.641262566787191, 6930314.397362657822669 ], [ 372477.820439840492327, 6930313.4953528707847 ], [ 372476.913928094378207, 6930312.679504810832441 ], [ 372475.930727070837747, 6930311.957918121479452 ], [ 372474.88059787475504, 6930311.337756630964577 ], [ 372473.773966065782588, 6930310.825177229940891 ], [ 372472.621818155108485, 6930310.425268745981157 ], [ 372471.435592532390729, 6930310.142001424916089 ], [ 372470.227065906743519, 6930309.97818751167506 ], [ 372460.355701285647228, 6930309.138215363956988 ], [ 372455.447661783196963, 6930308.665812423452735 ] ] ] } },
{ "type": "Feature", "properties": { "id": "48", "_id": 49, "width": 88.38, "depth": 42.93, "manning_n": 0.9372 }, "geometry": { "type": "Polygon", "coordinates": [ [ [ 372348.75181208999129, 6930356.673843260854483 ], [ 372346.298842446296476, 6930360.022726639173925 ], [ 372344.087049508991186, 6930363.765189529396594 ], [ 372342.253678029577713, 6930367.70686499774456 ], [ 372340.816470704041421, 6930371.809606957249343 ], [ 372339.789336297195405, 6930376.033710577525198 ], [ 372339.182215038570575, 6930380.338296534493566 ], [ 372338.277217558061238, 6930390.265836576931179 ], [ 372337.375453990942333, 6930400.001597651280463 ], [ 372336.423786566941999, 6930409.882641583681107 ], [ 372336.220374553115107, 6930414.22550561465323 ], [ 372336.444701612112112, 6930418.567339536733925 ], [ 372337.094596353708766, 6930422.866116253659129 ], [ 372338.163768074708059, 6930427.080225443467498 ], [ 372339.641867649799678, 6930431.168876331299543 ], [ 372341.514587706769817, 6930435.092492524534464 ], [ 372343.76380111585604, 6930438.813095092773438 ], [ 372346.367736452724785, 6930442.294670196250081 ], [ 372355.402707704459317, 6930453.210968608036637 ], [ 372355.456310273089912, 6930453.275607557967305 ], [ 372364.435435679217335, 6930464.082556448876858 ], [ 372367.352100948628504, 6930467.263214742764831 ], [ 372370.565103600325529, 6930470.14421065337956 ], [ 372374.043801082065329, 6930472.698067992925644 ], [ 372377.755016898328904, 6930474.900430507026613 ], [ 372381.663357015582733, 6930476.730294164270163 ], [ 372385.731547416828107, 6930478.170207473449409 ], [ 372389.920789585798047, 6930479.206437914632261 ], [ 372394.191130529914517, 6930479.829102911055088 ], [ 372402.440505171893165, 6930480.623008794151247 ], [ 372403.136025088489987, 6930483.338061532005668 ], [ 372404.618772923306096, 6930487.413299879059196 ], [ 372406.493824130971916, 6930491.323580137453973 ], [ 372408.743120943370741, 6930495.031244169920683 ], [ 372411.345001402602065, 6930498.500585145317018 ], [ 372414.274407977471128, 6930501.698191413655877 ], [ 372417.503128881333396, 6930504.593268278054893 ], [ 372421.000069766887464, 6930507.157934566959739 ], [ 372424.731553181714844, 6930509.367491140030324 ], [ 372428.6616429007845, 6930511.200658761896193 ], [ 372432.752490011625923, 6930512.639783024787903 ], [ 372436.964697420306038, 6930513.671004375442863 ], [ 372441.257699266832788, 6930514.284391588531435 ], [ 372445.590151596697979, 6930514.474037410691381 ], [ 372449.920330525492318, 6930514.238115448504686 ], [ 372454.206534063152503, 6930513.578897758387029 ], [ 372458.407483726390637, 6930512.502732968889177 ], [ 372462.482722073560581, 6930511.019985133782029 ], [ 372466.39300233166432, 6930509.144933926872909 ], [ 372470.10066636413103, 6930506.895637114532292 ], [ 372473.570007339585572, 6930504.29375665448606 ], [ 372484.420782614732161, 6930495.291322647593915 ], [ 372487.62537629948929, 6930492.354852013289928 ], [ 372490.52598675515037, 6930489.117763900198042 ], [ 372493.094551518792287, 6930485.611376082524657 ], [ 372495.306220561265945, 6930481.869611723348498 ], [ 372497.139596703462303, 6930477.928671177476645 ], [ 372498.576942627376411, 6930473.826681762002409 ], [ 372499.604352478287183, 6930469.603328891098499 ], [ 372500.211886399891227, 6930465.299472131766379 ], [ 372500.393666699063033, 6930460.956749899312854 ], [ 372500.147934710490517, 6930456.617176618427038 ], [ 372499.477067811239976, 6930452.32273625023663 ], [ 372498.387556420522742, 6930448.114976109936833 ], [ 372496.889941206783988, 6930444.03460490796715 ], [ 372494.998711110441945, 6930440.121098910458386 ], [ 372492.732163167907856, 6930436.412320015020669 ], [ 372490.112225493823644, 6930432.944149452261627 ], [ 372481.081837577978149, 6930422.139021987095475 ], [ 372478.167415284202434, 6930418.977996843867004 ], [ 372474.959595620632172, 6930416.115160789340734 ], [ 372471.488745693990495, 6930413.577615114860237 ], [ 372467.787722610111814, 6930411.389381718821824 ], [ 372463.89156242943136, 6930409.571175703778863 ], [ 372460.375241586472839, 6930408.330124062485993 ], [ 372459.40950661234092, 6930407.268864775076509 ], [ 372456.136682561016642, 6930404.323366203345358 ], [ 372452.586979166546371, 6930401.718189640901983 ], [ 372448.795638568641152, 6930399.479199783876538 ], [ 372444.800301927898545, 6930397.6286257551983 ], [ 372440.640635716903489, 6930396.1848404109478 ], [ 372436.357937903841957, 6930395.162177928723395 ], [ 372433.669070807751268, 6930394.797730763442814 ], [ 372434.923315561201889, 6930392.121313128620386 ], [ 372436.365516725112684, 6930388.050241099670529 ], [ 372437.403412484098226, 6930383.857826036401093 ], [ 372438.027088408591226, 6930379.584115703590214 ], [ 372438.986561724566855, 6930369.622669951058924 ], [ 372439.007629370433278, 6930369.397928163409233 ], [ 372439.90534100541845, 6930359.550892509520054 ], [ 372440.854006290144753, 6930349.701827747747302 ], [ 372441.057380318990909, 6930345.332318539731205 ], [ 372440.827763050794601, 6930340.964109796099365 ], [ 372440.16740437754197, 6930336.6400031670928 ], [ 372439.082774786977097, 6930332.402368171140552 ], [ 372437.584501961478963, 6930328.292727036401629 ], [ 372435.687266643857583, 6930324.351347853429615 ], [ 372433.409658788528759, 6930320.616850005462766 ], [ 372430.773995408962946, 6930317.125825762748718 ], [ 372421.891444847395178, 6930306.498309805989265 ], [ 372414.784012612479273, 6930297.811440045014024 ], [ 372411.87653422052972, 6930294.593882255256176 ], [ 372408.667680318409111, 6930291.676800603047013 ], [ 372405.188353923207615, 6930289.088288180530071 ], [ 372401.472062850254588, 6930286.853273775428534 ], [ 372397.554597014037427, 6930284.993281800299883 ], [ 372393.473683752061334, 6930283.526224992237985 ], [ 372389.268624489894137, 6930282.466231912374496 ], [ 372384.979916246957146, 6930281.823510872200131 ], [ 372380.648861628083978, 6930281.604251627810299 ], [ 372376.317171056813095, 6930281.810565765015781 ], [ 372372.026561081351247, 6930282.440466365776956 ], [ 372367.818352621223312, 6930283.4878871422261 ], [ 372363.733073024312034, 6930284.942740861326456 ], [ 372359.810065766389016, 6930286.791016485542059 ], [ 372356.087111551896669, 6930289.014914110302925 ], [ 372352.600064465135802, 6930291.593016385100782 ], [ 372349.382506675668992, 6930294.500494777224958 ], [ 372346.465425023983698, 6930297.70934867952019 ], [ 372343.876912600942887, 6930301.188675074838102 ], [ 372341.641898196307011, 6930304.904966147616506 ], [ 372339.781906220538076, 6930308.822431983426213 ], [ 372338.314849413116463, 6930312.903345245867968 ], [ 372337.254856333020143, 6930317.108404507860541 ], [ 372336.612135293195024, 6930321.397112750448287 ], [ 372336.392876048514154, 6930325.728167369961739 ], [ 372336.599190185370389, 6930330.059857941232622 ], [ 372337.229090785840526, 6930334.350467916578054 ], [ 372338.276511562813539, 6930338.55867637693882 ], [ 372339.731365281681065, 6930342.643955973908305 ], [ 372341.579640905722044, 6930346.566963231191039 ], [ 372343.803538530366495, 6930350.289917445741594 ], [ 372346.381640805804636, 6930353.776964532211423 ], [ 372348.75181208999129, 6930356.673843260854483 ] ] ] } },
{ "type": "Feature", "properties": { "id": "49", "_id": 50, "width": 50.84, "depth": 49.6, "manning_n": 0.4292 }, "geometry": { "type": "Polygon", "coordinates": [ [ [ 371944.726276712259278, 6930459.105263224802911 ], [ 371947.089756755449343, 6930461.932365723885596 ], [ 371948.764939291111659, 6930463.748900745995343 ], [ 371950.60858091909904, 6930465.394203623756766 ], [ 371952.603260170435533, 6930466.852727088145912 ], [ 371954.730128347757272, 6930468.110688840039074 ], [ 371956.969087636272889, 6930469.156201785430312 ], [ 371959.298981017374899, 6930469.979386361315846 ], [ 371961.69779219198972, 6930470.572463895194232 ], [ 371964.14285362319788, 6930470.929830108769238 ], [ 371974.034305549634155, 6930471.887402749620378 ], [ 371983.994765335111879, 6930472.844710384495556 ], [ 371993.937645096564665, 6930473.800352621823549 ], [ 371994.217853794398252, 6930473.825720157474279 ], [ 372004.016268670558929, 6930474.658135663717985 ], [ 372013.81910049286671, 6930475.600377206690609 ], [ 372023.76195922010811, 6930476.55610837135464 ], [ 372026.263734938169364, 6930476.672639827243984 ], [ 372028.76483547850512, 6930476.542419204488397 ], [ 372031.240982553688809, 6930476.166710560210049 ], [ 372033.668140100548044, 6930475.549160913564265 ], [ 372034.020620945142582, 6930475.421408934518695 ], [ 372034.213054938183632, 6930475.535232770256698 ], [ 372036.451991645852104, 6930476.580802374519408 ], [ 372038.781868168036453, 6930477.404045212082565 ], [ 372041.180668302287813, 6930477.997182037681341 ], [ 372043.625724551617168, 6930478.354607995599508 ], [ 372053.517120335774962, 6930479.312416396103799 ], [ 372063.477523870533332, 6930480.269961446523666 ], [ 372073.420347341743764, 6930481.225840672850609 ], [ 372073.700556296680588, 6930481.251215051859617 ], [ 372083.498917388205882, 6930482.083864049986005 ], [ 372093.301692849257961, 6930483.026339157484472 ], [ 372102.786585935449693, 6930483.938280810602009 ], [ 372104.971792169264518, 6930486.593722541816533 ], [ 372106.651731269492302, 6930488.442055141553283 ], [ 372108.504954025615007, 6930490.116598122753203 ], [ 372110.513568444759585, 6930491.60118456184864 ], [ 372112.65818230091827, 6930492.881481476128101 ], [ 372114.91809035744518, 6930493.945128201507032 ], [ 372117.271474266482983, 6930494.781855730339885 ], [ 372119.695613214862533, 6930495.383585851639509 ], [ 372122.16710328287445, 6930495.744509145617485 ], [ 372132.109932182938792, 6930496.700570415705442 ], [ 372132.390142113610636, 6930496.725949984975159 ], [ 372142.188433630566578, 6930497.558771035633981 ], [ 372151.991114173200913, 6930498.5014159809798 ], [ 372161.933868898835499, 6930499.457561063580215 ], [ 372171.876593162422068, 6930500.41373355127871 ], [ 372172.156803236692213, 6930500.439116545952857 ], [ 372181.946272073953878, 6930501.271306694485247 ], [ 372191.688652878860012, 6930502.215101094916463 ], [ 372201.648895294230897, 6930503.173055320978165 ], [ 372211.591625296801794, 6930504.12934947758913 ], [ 372211.87183547753375, 6930504.154735889285803 ], [ 372221.810325019236188, 6930504.999714755453169 ], [ 372224.278076917515136, 6930505.08915145136416 ], [ 372226.742862933780998, 6930504.938724564388394 ], [ 372229.181423524452839, 6930504.549853635020554 ], [ 372231.570746628451161, 6930503.926208335906267 ], [ 372233.888284826069139, 6930503.073673846200109 ], [ 372236.112168113177177, 6930502.00029531121254 ], [ 372238.221410282421857, 6930500.716201924718916 ], [ 372240.196106964896899, 6930499.233511340804398 ], [ 372242.907395632006228, 6930496.983763352036476 ], [ 372252.265503396163695, 6930497.883942750282586 ], [ 372257.258433634997346, 6930498.36424021795392 ], [ 372256.800713693315629, 6930500.213467258028686 ], [ 372256.442054940678645, 6930502.671880995854735 ], [ 372255.482994596357457, 6930512.633364484645426 ], [ 372255.366071129625197, 6930515.131514684297144 ], [ 372255.495190419780556, 6930517.629064229317009 ], [ 372255.869102704455145, 6930520.101839011535048 ], [ 372256.484188838046975, 6930522.525904721580446 ], [ 372257.334495321614668, 6930524.877798512578011 ], [ 372258.411791928112507, 6930527.134756097570062 ], [ 372259.705651363357902, 6930529.274932090193033 ], [ 372261.203550193517003, 6930531.277611449360847 ], [ 372270.2386160127935, 6930542.193640901707113 ], [ 372270.26945093710674, 6930542.230823210440576 ], [ 372279.233166200807318, 6930553.018846875987947 ], [ 372288.252650714479387, 6930563.916236384771764 ], [ 372289.935607030871324, 6930565.757619019597769 ], [ 372291.790946512599476, 6930567.425176327116787 ], [ 372293.800801226287149, 6930568.902848820202053 ], [ 372295.945815172337461, 6930570.17640570551157 ], [ 372298.205330693803262, 6930571.233581933192909 ], [ 372300.557587421149947, 6930572.064196318387985 ], [ 372302.979931836132891, 6930572.660249589942396 ], [ 372305.449035437894054, 6930573.016001430340111 ], [ 372307.941119408933446, 6930573.128025754354894 ], [ 372310.43218361842446, 6930572.995243705809116 ], [ 372312.898237756104209, 6930572.618934049271047 ], [ 372315.315532372682355, 6930572.002720851451159 ], [ 372317.660787599510513, 6930571.152538583613932 ], [ 372319.911417346738745, 6930570.07657496444881 ], [ 372322.045746819581836, 6930568.785192113369703 ], [ 372324.043221258441918, 6930567.290826750919223 ], [ 372325.884603892511223, 6930565.607870435342193 ], [ 372327.55216120055411, 6930563.752530952915549 ], [ 372329.029833693988621, 6930561.742676239460707 ], [ 372330.303390578948893, 6930559.597662293352187 ], [ 372331.360566806455608, 6930557.338146772235632 ], [ 372332.19118119153427, 6930554.985890044830739 ], [ 372332.787234463554341, 6930552.563545629382133 ], [ 372333.142986303719226, 6930550.094442027620971 ], [ 372333.255010627326556, 6930547.602358057163656 ], [ 372333.122228578897193, 6930545.111293847672641 ], [ 372332.745918922126293, 6930542.645239709876478 ], [ 372332.129705724772066, 6930540.2279450930655 ], [ 372331.279523456702009, 6930537.882689866237342 ], [ 372330.20355983794434, 6930535.632060118950903 ], [ 372328.912176986341365, 6930533.497730646282434 ], [ 372327.417811624705791, 6930531.500256207771599 ], [ 372318.382859682256822, 6930520.584178868681192 ], [ 372318.351889490557369, 6930520.546833130531013 ], [ 372316.483322250482161, 6930518.297972360625863 ], [ 372316.766021944233216, 6930518.126678048633039 ], [ 372318.769897761638276, 6930516.624310119077563 ], [ 372329.620217170449905, 6930507.621405432000756 ], [ 372331.463552907807752, 6930505.932142059318721 ], [ 372333.132017770374659, 6930504.069959902204573 ], [ 372334.609470030118246, 6930502.052874825894833 ], [ 372335.881615929363761, 6930499.900401319377124 ], [ 372336.93614796694601, 6930497.633363700471818 ], [ 372337.762863968557213, 6930495.2736946484074 ], [ 372338.353765788604505, 6930492.844223014079034 ], [ 372338.703136689087842, 6930490.368452960625291 ], [ 372338.807596646773163, 6930487.870336569845676 ], [ 372338.666135053441394, 6930485.374042115174234 ], [ 372338.280120493262075, 6930482.903720244765282 ], [ 372337.653287502180319, 6930480.483270331285894 ], [ 372336.791700437897816, 6930478.136109256185591 ], [ 372335.703694809577428, 6930475.88494485989213 ], [ 372334.399796634970699, 6930473.751556256785989 ], [ 372332.892620605882257, 6930471.756583123467863 ], [ 372323.861816427204758, 6930460.951838889159262 ], [ 372322.186809595441446, 6930459.135090504772961 ], [ 372320.34331967838807, 6930457.489560953341424 ], [ 372318.348767243791372, 6930456.030800120905042 ], [ 372316.222000366367865, 6930454.772592972032726 ], [ 372313.983116517949384, 6930453.726829283870757 ], [ 372311.653272650495637, 6930452.903391287662089 ], [ 372309.254485267971177, 6930452.310060289688408 ], [ 372306.809422374994028, 6930451.952443135902286 ], [ 372296.918202146072872, 6930450.993897972628474 ], [ 372286.957807747588959, 6930450.035655436106026 ], [ 372277.014978797873482, 6930449.079139322973788 ], [ 372276.734616425528657, 6930449.053733991459012 ], [ 372266.936306466872338, 6930448.22052389010787 ], [ 372257.133574577281252, 6930447.277545101940632 ], [ 372247.190724605112337, 6930446.32111791241914 ], [ 372237.247867506055627, 6930445.364720368757844 ], [ 372234.746059031691402, 6930445.248022847808897 ], [ 372232.244909759610891, 6930445.378085418604314 ], [ 372229.768699234584346, 6930445.753645520657301 ], [ 372227.341464912227821, 6930446.371057456359267 ], [ 372224.986768818693236, 6930447.224327788688242 ], [ 372222.727468825818505, 6930448.305173520930111 ], [ 372220.585496761428658, 6930449.603102497756481 ], [ 372218.581645509751979, 6930451.105515262112021 ], [ 372215.750473880558275, 6930453.45473862439394 ], [ 372206.516194881987758, 6930452.56658345554024 ], [ 372196.582087878254242, 6930451.611148964613676 ], [ 372186.699566370691173, 6930450.653778415173292 ], [ 372186.401630836131517, 6930450.626684531569481 ], [ 372176.603289742954075, 6930449.793740164488554 ], [ 372166.800523805024568, 6930448.85102719720453 ], [ 372156.857639442721847, 6930447.894869647920132 ], [ 372146.914747970353346, 6930446.938741745427251 ], [ 372146.634385194745846, 6930446.913347478024662 ], [ 372137.52185126679251, 6930446.138813462108374 ], [ 372135.244290055939928, 6930443.371142844669521 ], [ 372133.53940851817606, 6930441.497974836267531 ], [ 372131.656578689755406, 6930439.803769629448652 ], [ 372129.614493713539559, 6930438.305347661487758 ], [ 372127.433427852054592, 6930437.017585589550436 ], [ 372125.135035200219136, 6930435.953268595971167 ], [ 372122.742134698841255, 6930435.122963449917734 ], [ 372120.278483582951594, 6930434.534913601353765 ], [ 372117.768541515280958, 6930434.19495733641088 ], [ 372107.970124032814056, 6930433.36221422161907 ], [ 372098.167279345972929, 6930432.419702555984259 ], [ 372088.224316815671045, 6930431.463749344460666 ], [ 372087.943955014576204, 6930431.438360271044075 ], [ 372078.14551739214221, 6930430.605704769492149 ], [ 372068.342651708691847, 6930429.663280749693513 ], [ 372058.895901693438645, 6930428.755121656693518 ], [ 372056.546876851585694, 6930425.945165637880564 ], [ 372054.85900168470107, 6930424.116064235568047 ], [ 372053.000343573337886, 6930422.46079249214381 ], [ 372050.9887204412953, 6930420.995218579657376 ], [ 372048.843416603107471, 6930419.733392140828073 ], [ 372046.584997895988636, 6930418.68740960676223 ], [ 372044.235114526702091, 6930417.867298230528831 ], [ 372041.816293522890192, 6930417.280919964425266 ], [ 372039.351722779043484, 6930416.933896092697978 ], [ 372036.865028767148033, 6930416.829553339630365 ], [ 372034.380050042527728, 6930416.968891981057823 ], [ 372031.920608717016876, 6930417.350576255470514 ], [ 372029.510282089642715, 6930417.97094716783613 ], [ 372027.172176624066196, 6930418.824057565070689 ], [ 372024.928706439735834, 6930419.901729153469205 ], [ 372022.801378440170083, 6930421.193630890920758 ], [ 372020.810586138046347, 6930422.687378034926951 ], [ 372018.09918777103303, 6930424.937462802045047 ], [ 372008.740445742325392, 6930424.037906868383288 ], [ 372008.460084187507164, 6930424.012524640187621 ], [ 371998.66159284877358, 6930423.18010263890028 ], [ 371988.858670725952834, 6930422.237912181764841 ], [ 371979.411816217703745, 6930421.329973344691098 ], [ 371977.062697017099708, 6930418.520048725418746 ], [ 371975.385927677853033, 6930416.701952734962106 ], [ 371973.540410997986328, 6930415.055411926470697 ], [ 371971.543617559887934, 6930413.596013277769089 ], [ 371969.414450007316191, 6930412.337572186253965 ], [ 371967.173064103350043, 6930411.292001682333648 ], [ 371964.84067792625865, 6930410.469199658371508 ], [ 371962.439371008018497, 6930409.876955170184374 ], [ 371960.512541002884973, 6930409.59662514179945 ], [ 371958.581684310047422, 6930407.268199404701591 ], [ 371956.897003176854923, 6930405.428394674323499 ], [ 371955.040101845341269, 6930403.76257673278451 ], [ 371953.028863290383015, 6930402.28678831923753 ], [ 371950.882656838744879, 6930401.015242081135511 ], [ 371948.62215163174551, 6930399.960183705203235 ], [ 371946.269117570249364, 6930399.131773979403079 ], [ 371943.846215658588335, 6930398.537990942597389 ], [ 371941.376779766695108, 6930398.18455305043608 ], [ 371938.88459191203583, 6930398.074864102527499 ], [ 371936.393653226143215, 6930398.209980464540422 ], [ 371933.927952810190618, 6930398.588600889779627 ], [ 371931.511236707097851, 6930399.207079058513045 ], [ 371929.166779213992413, 6930400.059458686970174 ], [ 371926.917158738186117, 6930401.137530893087387 ], [ 371924.784040354599711, 6930402.430913253687322 ], [ 371922.787967159412801, 6930403.927149788476527 ], [ 371920.948162428627256, 6930405.611830920912325 ], [ 371919.28234448749572, 6930407.468732252717018 ], [ 371917.806556073424872, 6930409.479970808140934 ], [ 371916.535009835672099, 6930411.626177259720862 ], [ 371915.479951459506992, 6930413.886682466603816 ], [ 371914.651541733939666, 6930416.239716527983546 ], [ 371914.057758697425015, 6930418.662618439644575 ], [ 371913.704320805205498, 6930421.132054331712425 ], [ 371913.594631857355125, 6930423.624242185615003 ], [ 371913.729748218494933, 6930426.115180872380733 ], [ 371914.108368644083384, 6930428.580881288275123 ], [ 371914.726846812583972, 6930430.997597390785813 ], [ 371915.579226441041101, 6930433.342054883949459 ], [ 371916.657298647682182, 6930435.591675359755754 ], [ 371917.950681007932872, 6930437.724793743342161 ], [ 371919.446917542431038, 6930439.720866939052939 ], [ 371928.049792488454841, 6930450.09509901702404 ], [ 371929.728298898960929, 6930451.928789630532265 ], [ 371931.577888270490803, 6930453.589760488830507 ], [ 371933.580871777608991, 6930455.06212664861232 ], [ 371935.718093586794566, 6930456.331806913018227 ], [ 371937.969114056206308, 6930457.386658505536616 ], [ 371940.312405213655438, 6930458.216593194752932 ], [ 371942.725556642224547, 6930458.813673774711788 ], [ 371944.726276712259278, 6930459.105263224802911 ] ] ] } },
{ "type": "Feature", "properties": { "id": "50", "_id": 51, "width": 90.05, "depth": 10.06, "manning_n": 0.6962 }, "geometry": { "type": "Polygon", "coordinates": [ [ [ 372776.253746170084924, 6930486.323126976378262 ], [ 372779.224281420523766, 6930488.997185395099223 ], [ 372782.840735739096999, 6930491.651991406455636 ], [ 372786.703433734772261, 6930493.933723421767354 ], [ 372790.774026174971368, 6930495.819728189148009 ], [ 372795.012099831132218, 6930497.291281273588538 ], [ 372799.375578705454245, 6930498.333772956393659 ], [ 372803.821141765103675, 6930498.936853281222284 ], [ 372805.239605992275756, 6930499.05770718306303 ], [ 372808.111489853123203, 6930501.633542573079467 ], [ 372811.655587658111472, 6930504.23615672532469 ], [ 372815.436649148468859, 6930506.480661944486201 ], [ 372819.418613705667667, 6930508.34565200842917 ], [ 372823.563504664984066, 6930509.813340193592012 ], [ 372827.83179150527576, 6930510.869728911668062 ], [ 372832.182766858139075, 6930511.504743204452097 ], [ 372842.125172484957147, 6930512.46291695535183 ], [ 372843.979140354669653, 6930512.641593991778791 ], [ 372847.086834164452739, 6930515.410650325007737 ], [ 372850.649271680158563, 6930518.007466505281627 ], [ 372854.448585701873526, 6930520.243451364338398 ], [ 372858.448353773739655, 6930522.0971694374457 ], [ 372862.610231769445818, 6930523.550849894993007 ], [ 372866.894321481813677, 6930524.590556902810931 ], [ 372871.259553110226989, 6930525.206323217600584 ], [ 372875.664078980218619, 6930525.392245742492378 ], [ 372880.065674719517119, 6930525.146542115136981 ], [ 372881.079317148425616, 6930524.989492321386933 ], [ 372882.559303662623279, 6930525.503423009067774 ], [ 372886.922772408521269, 6930526.546039839275181 ], [ 372891.36833810218377, 6930527.149243796244264 ], [ 372901.058128045755439, 6930527.975082690827549 ], [ 372910.75241412431933, 6930528.909551130607724 ], [ 372912.621249040181283, 6930529.08970080781728 ], [ 372915.538431465858594, 6930531.715199684724212 ], [ 372919.083951738430187, 6930534.32739276625216 ], [ 372922.867705109005328, 6930536.580718559212983 ], [ 372926.853493230475578, 6930538.453619985841215 ], [ 372930.151622580480762, 6930539.625583601184189 ], [ 372935.3767178839189, 6930545.941133259795606 ], [ 372935.90497187821893, 6930549.344829926267266 ], [ 372937.004935029719491, 6930553.617109898477793 ], [ 372938.517719176830724, 6930557.76123576797545 ], [ 372940.428801077534445, 6930561.737422517500818 ], [ 372942.719833695853595, 6930565.50749740190804 ], [ 372945.36882233992219, 6930569.035266422666609 ], [ 372954.34568092005793, 6930579.843786533921957 ], [ 372957.316882965038531, 6930583.085184221155941 ], [ 372960.590092273021583, 6930586.021304345689714 ], [ 372964.134090936917346, 6930588.624143954366446 ], [ 372967.915078423044179, 6930590.868878724053502 ], [ 372971.896993940637913, 6930592.73409972153604 ], [ 372976.041860367637128, 6930594.202017587609589 ], [ 372980.310146454139613, 6930595.25863220077008 ], [ 372984.661143847450148, 6930595.893866206519306 ], [ 372994.603361228888389, 6930596.852504722774029 ], [ 372999.017018346756231, 6930597.06026076246053 ], [ 373003.429786152206361, 6930596.834402351640165 ], [ 373007.799167278979439, 6930596.177104629576206 ], [ 373012.083082198223565, 6930595.09469773247838 ], [ 373016.240274467505515, 6930593.597605830058455 ], [ 373020.230708052695263, 6930591.70024673640728 ], [ 373024.015952896908857, 6930589.420893057249486 ], [ 373027.559555023210123, 6930586.781496213749051 ], [ 373030.827387605851982, 6930583.807475040666759 ], [ 373033.787979630811606, 6930580.527470987290144 ], [ 373036.412818978365976, 6930576.973072286695242 ], [ 373038.676627010747325, 6930573.178509740158916 ], [ 373040.557602019049227, 6930569.180327059701085 ], [ 373042.03762918576831, 6930565.017028930597007 ], [ 373043.102455040207133, 6930560.728710189461708 ], [ 373043.741824727214407, 6930556.356669689528644 ], [ 373043.949580767308362, 6930551.943012571893632 ], [ 373043.723722356138751, 6930547.53024476673454 ], [ 373043.066424633783754, 6930543.160863639786839 ], [ 373041.984017736511305, 6930538.876948720775545 ], [ 373040.486925834498834, 6930534.719756451435387 ], [ 373038.589566741196904, 6930530.729322865605354 ], [ 373036.31021306180628, 6930526.944078021682799 ], [ 373033.670816218305845, 6930523.400475895032287 ], [ 373030.696795045165345, 6930520.132643313147128 ], [ 373027.416790992021561, 6930517.172051288187504 ], [ 373023.862392290960997, 6930514.547211940400302 ], [ 373022.804766898683738, 6930513.916240430437028 ], [ 373022.403029453416821, 6930512.815729517489672 ], [ 373020.491920748609118, 6930508.839523307979107 ], [ 373018.200857106479816, 6930505.0694331638515 ], [ 373015.551833807257935, 6930501.541653711348772 ], [ 373006.602230528777, 6930490.766063836403191 ], [ 372997.596739684522618, 6930479.881166754290462 ], [ 372997.458221630076878, 6930479.714558420702815 ], [ 372988.429655312560499, 6930468.908074059523642 ], [ 372985.463439222367015, 6930465.689555246382952 ], [ 372982.198734126228373, 6930462.774250479415059 ], [ 372978.666391137812752, 6930460.189709077589214 ], [ 372974.899790520023089, 6930457.960354679264128 ], [ 372970.934526245167945, 6930456.107254444621503 ], [ 372967.554983803071082, 6930454.912068538367748 ], [ 372966.6270984140574, 6930453.897620766423643 ], [ 372963.297951423039194, 6930450.914623134769499 ], [ 372959.689425338932779, 6930448.276435487903655 ], [ 372955.837087419000454, 6930446.009060990996659 ], [ 372951.778908039501403, 6930444.134847907349467 ], [ 372947.55488644290017, 6930442.67226932477206 ], [ 372943.206656487134751, 6930441.635741076432168 ], [ 372938.777076283702627, 6930441.03547964990139 ], [ 372929.087170984013937, 6930440.209542588330805 ], [ 372919.392756850982551, 6930439.275032235309482 ], [ 372917.576647201087326, 6930439.099970643408597 ], [ 372914.71763079642551, 6930436.516430137678981 ], [ 372911.154733426461462, 6930433.883613548241556 ], [ 372907.350346809718758, 6930431.613678895868361 ], [ 372903.341301489970647, 6930429.728601580485702 ], [ 372899.16640932665905, 6930428.246631175279617 ], [ 372894.866087754780892, 6930427.182114741764963 ], [ 372890.481968500476796, 6930426.545357941649854 ], [ 372886.056494541291613, 6930426.342525264248252 ], [ 372881.632509212824516, 6930426.575580347329378 ], [ 372880.253045466728508, 6930426.785566599108279 ], [ 372879.236954259336926, 6930426.426800661720335 ], [ 372874.983905727567617, 6930425.376606637611985 ], [ 372870.648928725335281, 6930424.74470182415098 ], [ 372860.706410489685368, 6930423.786456562578678 ], [ 372858.902205021877307, 6930423.612575400620699 ], [ 372855.914730863412842, 6930420.933071420527995 ], [ 372852.370600971393287, 6930418.330443941988051 ], [ 372848.589504562609363, 6930416.085931425914168 ], [ 372844.607503142033238, 6930414.220940494909883 ], [ 372840.462574309087358, 6930412.753258152864873 ], [ 372836.194249552907422, 6930411.696882149204612 ], [ 372831.843237228575163, 6930411.061887471936643 ], [ 372830.026711001060903, 6930410.886835440061986 ], [ 372827.17715363035677, 6930408.310957462526858 ], [ 372823.619914867100306, 6930405.680643320083618 ], [ 372819.821709933516104, 6930403.412132930010557 ], [ 372815.81920936529059, 6930401.52732808329165 ], [ 372811.651056111557409, 6930400.044426009058952 ], [ 372807.357492448820267, 6930398.977743684314191 ], [ 372802.979971453547478, 6930398.337579608894885 ], [ 372793.037345999560785, 6930397.379535504616797 ], [ 372792.540764825767837, 6930397.334460055455565 ], [ 372782.850669491919689, 6930396.508946477435529 ], [ 372773.156060685054399, 6930395.574859681539237 ], [ 372763.213278735871427, 6930394.616891445592046 ], [ 372753.270489643095061, 6930393.658952855505049 ], [ 372752.773908703238703, 6930393.613883473910391 ], [ 372743.091522285074461, 6930392.789144328795373 ], [ 372723.513448750891257, 6930390.896198477596045 ], [ 372719.099846546363551, 6930390.687279097735882 ], [ 372714.687019362754654, 6930390.911974389106035 ], [ 372710.317465137981344, 6930391.568120412528515 ], [ 372706.03326506796293, 6930392.649398122914135 ], [ 372701.875678341370076, 6930394.14539422467351 ], [ 372697.884744791139383, 6930396.041701458394527 ], [ 372694.098899288976099, 6930398.3200573483482 ], [ 372690.554601596668363, 6930400.958520081825554 ], [ 372687.285985238442663, 6930403.931679819710553 ], [ 372684.324528776749503, 6930407.210903409868479 ], [ 372681.698752656113356, 6930410.764610134996474 ], [ 372679.433944535965566, 6930414.558575858362019 ], [ 372677.551915756659582, 6930418.55626261420548 ], [ 372676.070791284029838, 6930422.719170494936407 ], [ 372675.004835156549234, 6930427.007208421826363 ], [ 372674.364313114376273, 6930431.379080245271325 ], [ 372674.155393734923564, 6930435.79268244933337 ], [ 372674.380089026060887, 6930440.205509632825851 ], [ 372675.036235049192328, 6930444.575063858181238 ], [ 372676.117512759577949, 6930448.859263927675784 ], [ 372677.613508861628361, 6930453.016850654035807 ], [ 372679.509816095232964, 6930457.007784204557538 ], [ 372681.788171985012013, 6930460.793629706837237 ], [ 372684.426634718256537, 6930464.337927399203181 ], [ 372687.399794456607196, 6930467.606543757021427 ], [ 372690.679018046415877, 6930470.568000218831003 ], [ 372694.232724771951325, 6930473.193776339292526 ], [ 372698.026690494734794, 6930475.458584459498525 ], [ 372702.024377250869293, 6930477.340613239444792 ], [ 372706.18728513160022, 6930478.821737711317837 ], [ 372710.475323058315553, 6930479.887693839147687 ], [ 372714.847194881702308, 6930480.528215881437063 ], [ 372734.681018496630713, 6930482.445889449678361 ], [ 372735.192784220504109, 6930482.49242440611124 ], [ 372744.882771068369038, 6930483.317810949869454 ], [ 372754.577139281493146, 6930484.251815415918827 ], [ 372764.519769976555835, 6930485.209769079461694 ], [ 372774.462273891258519, 6930486.167740857228637 ], [ 372774.958584342210088, 6930486.212790220975876 ], [ 372776.253746170084924, 6930486.323126976378262 ] ] ] } },
{ "type": "Feature", "properties": { "id": "51", "_id": 52, "width": 53.77, "depth": 5.72, "manning_n": 0.7287 }, "geometry": { "type": "Polygon", "coordinates": [ [ [ 371253.342806002125144, 6930710.992011804133654 ], [ 371252.539247569977306, 6930719.840731629170477 ], [ 371252.429821034893394, 6930722.47261361964047 ], [ 371252.578478343319148, 6930725.102571411058307 ], [ 371252.983792412618641, 6930727.70535789616406 ], [ 371253.641872302861884, 6930730.255986806005239 ], [ 371254.546400569088291, 6930732.729972577653825 ], [ 371255.688693907635752, 6930735.103565404191613 ], [ 371257.057786514225882, 6930737.353979236446321 ], [ 371258.640535353275482, 6930739.459610517136753 ], [ 371267.606283845670987, 6930750.243867265991867 ], [ 371276.602968068851624, 6930761.107444670051336 ], [ 371285.564532948308624, 6930771.99272699188441 ], [ 371287.354938637290616, 6930773.96038296725601 ], [ 371289.331042695848737, 6930775.741459976881742 ], [ 371291.473496388876811, 6930777.318518866784871 ], [ 371293.761322192905936, 6930778.676118092611432 ], [ 371296.172119194583502, 6930779.800964918918908 ], [ 371298.682282425928861, 6930780.682045573368669 ], [ 371301.267233989085071, 6930781.310733080841601 ], [ 371303.90166370710358, 6930781.680871741846204 ], [ 371323.782034898351412, 6930783.476774260401726 ], [ 371326.41818612505449, 6930783.584926425479352 ], [ 371329.052244329126552, 6930783.434169804677367 ], [ 371331.658842090109829, 6930783.025956265628338 ], [ 371334.212876446603332, 6930782.364217127673328 ], [ 371336.689750651654322, 6930781.455325299873948 ], [ 371339.065611052559689, 6930780.308033908717334 ], [ 371341.31757681502495, 6930778.933391996659338 ], [ 371343.42396027763607, 6930777.344638117589056 ], [ 371345.36447581613902, 6930775.557072838768363 ], [ 371347.120435205171816, 6930773.587911391630769 ], [ 371348.674927595886402, 6930771.456117876805365 ], [ 371350.012982376792934, 6930769.182222631759942 ], [ 371351.121713348897174, 6930766.788124511018395 ], [ 371351.990442826820072, 6930764.296879987232387 ], [ 371352.610804470838048, 6930761.732481108047068 ], [ 371352.976823859207798, 6930759.119624436832964 ], [ 371353.084976025042124, 6930756.483473209664226 ], [ 371352.934219403890893, 6930753.84941500518471 ], [ 371352.526005864492618, 6930751.242817244492471 ], [ 371351.864266726362985, 6930748.68878288846463 ], [ 371350.955374899087474, 6930746.211908683180809 ], [ 371349.808083507872652, 6930743.836048281751573 ], [ 371348.433441595989279, 6930741.584082519635558 ], [ 371346.844687716453336, 6930739.477699057199061 ], [ 371345.05712243769085, 6930737.537183518521488 ], [ 371343.087960990436841, 6930735.781224129721522 ], [ 371340.956167475960683, 6930734.226731739006937 ], [ 371338.68227223114809, 6930732.888676958158612 ], [ 371336.288174110173713, 6930731.779945985414088 ], [ 371333.796929586795159, 6930730.911216507665813 ], [ 371331.232530707551632, 6930730.29085486382246 ], [ 371328.619674035522621, 6930729.924835475161672 ], [ 371319.932918507081922, 6930729.140113400295377 ], [ 371318.090089418925345, 6930726.901696877554059 ], [ 371318.040443405276164, 6930726.841571594588459 ], [ 371309.00252820312744, 6930715.928207411430776 ], [ 371308.969762364868075, 6930715.888719135895371 ], [ 371307.094249354791827, 6930713.632798857055604 ], [ 371307.897821121616289, 6930704.78401084151119 ], [ 371308.007249587972183, 6930702.152105374261737 ], [ 371307.858589599025436, 6930699.522124161012471 ], [ 371307.453268288634717, 6930696.919314984232187 ], [ 371306.79517673572991, 6930694.368664776906371 ], [ 371305.890632610186003, 6930691.89465974457562 ], [ 371304.748319523059763, 6930689.521050301380455 ], [ 371303.379203664255328, 6930687.270623066462576 ], [ 371301.796428526868112, 6930685.164982109330595 ], [ 371299.926377072522882, 6930682.915659565478563 ], [ 371300.763232082361355, 6930674.195158265531063 ], [ 371300.772441860986874, 6930674.097306521609426 ], [ 371301.573511343449354, 6930665.416071128100157 ], [ 371303.887283427175134, 6930663.494972188957036 ], [ 371305.83649375551613, 6930661.707489038817585 ], [ 371307.600648513878696, 6930659.737140108831227 ], [ 371309.162676098290831, 6930657.602992329746485 ], [ 371310.507460875611287, 6930655.325697702355683 ], [ 371311.621989456412848, 6930652.927293449640274 ], [ 371312.495476624520961, 6930650.430988763459027 ], [ 371313.119469704921357, 6930647.860940213315189 ], [ 371313.487930359609891, 6930645.242017979733646 ], [ 371314.386240188847296, 6930635.350610961206257 ], [ 371315.33572451910004, 6930625.457178819924593 ], [ 371315.348494123551063, 6930625.320451067760587 ], [ 371316.253032178618014, 6930615.360643000341952 ], [ 371316.362479336676188, 6930612.728683213703334 ], [ 371316.213827242143452, 6930610.098646416328847 ], [ 371315.808503012638539, 6930607.495781981386244 ], [ 371315.150397917896044, 6930604.945078414864838 ], [ 371314.245830021798611, 6930602.471023458987474 ], [ 371313.103483526560012, 6930600.097369002178311 ], [ 371311.73432540113572, 6930597.846903043799102 ], [ 371310.151500093867071, 6930595.741230931133032 ], [ 371308.223903919104487, 6930593.422735958360136 ], [ 371308.28455459442921, 6930591.962908879853785 ], [ 371308.135505131504033, 6930589.33095523621887 ], [ 371307.729410035884939, 6930586.726251318119466 ], [ 371307.070173711283132, 6930584.173840066418052 ], [ 371306.164134389022365, 6930581.698261654935777 ], [ 371305.020003189332783, 6930579.323317544534802 ], [ 371303.648780368210282, 6930577.071841650642455 ], [ 371302.063649555377197, 6930574.965480799786747 ], [ 371295.678859319654293, 6930567.294939179904759 ], [ 371293.893493818060961, 6930565.352399552240968 ], [ 371291.926323160005268, 6930563.59421020373702 ], [ 371289.796292274317238, 6930562.037303460761905 ], [ 371287.523914522782434, 6930560.696673185564578 ], [ 371285.131074145436287, 6930559.585230380296707 ], [ 371282.640815503080375, 6930558.713678847067058 ], [ 371280.077121147769503, 6930558.090412102639675 ], [ 371277.464680857665371, 6930557.72143254801631 ], [ 371274.828653860779013, 6930557.610293657518923 ], [ 371272.194426538189873, 6930557.758065759204328 ], [ 371269.587367938947864, 6930558.163325726985931 ], [ 371267.032585462555289, 6930558.822170685045421 ], [ 371264.554683060850948, 6930559.728255597874522 ], [ 371262.177524288534187, 6930560.87285437155515 ], [ 371259.924002484010998, 6930562.244943893514574 ], [ 371257.815820294257719, 6930563.831310193054378 ], [ 371255.873280666070059, 6930565.61667569540441 ], [ 371254.115091318148188, 6930567.583846352994442 ], [ 371252.558184574882034, 6930569.713877238333225 ], [ 371251.217554299393669, 6930571.986254990100861 ], [ 371250.106111494067591, 6930574.379095367155969 ], [ 371249.234559960663319, 6930576.869354009628296 ], [ 371248.611293216934428, 6930579.43304836563766 ], [ 371248.242313662311062, 6930582.045488655567169 ], [ 371248.131174771580845, 6930584.681515651755035 ], [ 371248.278946873091627, 6930587.315742975100875 ], [ 371248.684206840698607, 6930589.922801573760808 ], [ 371249.343051799340174, 6930592.477584050036967 ], [ 371250.249136711936444, 6930594.955486452206969 ], [ 371251.393735485442448, 6930597.332645224407315 ], [ 371252.765825007925741, 6930599.586167029105127 ], [ 371253.675186505774036, 6930600.794651926495135 ], [ 371253.611536809068639, 6930602.32533014845103 ], [ 371253.760191446053796, 6930604.955362413078547 ], [ 371254.165517337445635, 6930607.558222154155374 ], [ 371254.823623210482765, 6930610.108920995146036 ], [ 371255.72819101496134, 6930612.582971317693591 ], [ 371256.870536578295287, 6930614.956621360965073 ], [ 371258.239692976989318, 6930617.207083240151405 ], [ 371259.822515823063441, 6930619.312751720659435 ], [ 371261.692498421005439, 6930621.561949612572789 ], [ 371260.954325551458169, 6930629.25355963781476 ], [ 371258.691782224457711, 6930631.13212391640991 ], [ 371256.754632195341401, 6930632.907410131767392 ], [ 371255.000032772833947, 6930634.863317146897316 ], [ 371253.444743830070365, 6930636.981162203475833 ], [ 371252.103621433139779, 6930639.240715721622109 ], [ 371250.989475936803501, 6930641.620394522324204 ], [ 371250.112949620233849, 6930644.09746799711138 ], [ 371249.482415032456629, 6930646.648275225423276 ], [ 371249.103895017993636, 6930649.248450985178351 ], [ 371248.147902852622792, 6930659.210256701335311 ], [ 371248.138688858656678, 6930659.30815237108618 ], [ 371247.234427593590226, 6930669.107682961970568 ], [ 371246.283146170375403, 6930679.020572041161358 ], [ 371246.270373768697027, 6930679.157341253012419 ], [ 371245.365921184420586, 6930689.117155070416629 ], [ 371245.256496121059172, 6930691.749056292697787 ], [ 371245.405158652225509, 6930694.379032974131405 ], [ 371245.810481624386739, 6930696.981837457977235 ], [ 371246.468573955527972, 6930699.532482939772308 ], [ 371247.373117989394814, 6930702.006483339704573 ], [ 371248.51543014467461, 6930704.380088368430734 ], [ 371249.884544276865199, 6930706.630511525087059 ], [ 371251.467316953232512, 6930708.736148850060999 ], [ 371253.342806002125144, 6930710.992011804133654 ] ] ] } },
{ "type": "Feature", "properties": { "id": "52", "_id": 53, "width": 78.36, "depth": 27.11, "manning_n": 0.7389 }, "geometry": { "type": "Polygon", "coordinates": [ [ [ 373221.623383832396939, 6930536.602311484515667 ], [ 373220.411653871531598, 6930537.711827527731657 ], [ 373217.845875557977706, 6930540.571352786384523 ], [ 373215.572492869279813, 6930543.66842143330723 ], [ 373213.613364945631474, 6930546.973254385404289 ], [ 373211.987329289549962, 6930550.454074849374592 ], [ 373210.710020638303831, 6930554.077413870953023 ], [ 373209.793720632500481, 6930557.808432144112885 ], [ 373209.247239724558312, 6930561.611255000345409 ], [ 373209.075832464441191, 6930565.44931735098362 ], [ 373209.281146975583397, 6930569.285715272650123 ], [ 373209.861209107912146, 6930573.083560843020678 ], [ 373210.810441419598646, 6930576.806336834095418 ], [ 373212.119716805929784, 6930580.418247827328742 ], [ 373213.776446258241776, 6930583.884564399719238 ], [ 373215.764699910650961, 6930587.171957055106759 ], [ 373218.065360209729988, 6930590.248816695064306 ], [ 373227.097012806974817, 6930601.167438560165465 ], [ 373229.722024987044279, 6930604.037948206067085 ], [ 373232.618733674578834, 6930606.634020885452628 ], [ 373235.75858732155757, 6930608.930068282410502 ], [ 373239.110637810314074, 6930610.9034592974931 ], [ 373242.641845494741574, 6930612.534743105992675 ], [ 373246.317404857312795, 6930613.807840881869197 ], [ 373250.101087571238168, 6930614.710204276256263 ], [ 373253.955599586886819, 6930615.232939099892974 ], [ 373263.66365478298394, 6930616.061422382481396 ], [ 373273.324674794857856, 6930617.00054500438273 ], [ 373277.211387513321824, 6930617.375652930699289 ], [ 373284.743694780860096, 6930626.535949726589024 ], [ 373284.936197213304695, 6930626.76822984777391 ], [ 373293.963295187160838, 6930637.575679873116314 ], [ 373296.546545660065021, 6930640.379109503701329 ], [ 373299.390013758442365, 6930642.918221527710557 ], [ 373302.466780609975103, 6930645.168978386558592 ], [ 373305.747718722908758, 6930647.110072355717421 ], [ 373309.201767733320594, 6930648.723127261735499 ], [ 373312.796228451072238, 6930649.992872451432049 ], [ 373316.497072420315817, 6930650.907287352718413 ], [ 373320.269264063972514, 6930651.457715278491378 ], [ 373324.094127905962523, 6930651.826908542774618 ], [ 373331.788638229598291, 6930661.039228501729667 ], [ 373340.759649880114011, 6930671.885511226952076 ], [ 373340.807155475078616, 6930671.942836251109838 ], [ 373349.782440239330754, 6930682.752395816147327 ], [ 373352.367598707787693, 6930685.573394919745624 ], [ 373355.215602476149797, 6930688.128772540949285 ], [ 373358.29928810155252, 6930690.394156219437718 ], [ 373361.589244274946395, 6930692.347939377650619 ], [ 373365.054092338017654, 6930693.971487389877439 ], [ 373368.660785563697573, 6930695.24931532330811 ], [ 373369.42562183534028, 6930695.438750465400517 ], [ 373377.706082187942229, 6930705.411718307994306 ], [ 373386.713083522976376, 6930716.30195418279618 ], [ 373389.337958265619818, 6930719.172676805406809 ], [ 373392.234555585833732, 6930721.768970269709826 ], [ 373395.374324087577406, 6930724.065243238583207 ], [ 373398.726315467210952, 6930726.038861636072397 ], [ 373402.257489566807635, 6930727.670371755957603 ], [ 373405.933040046889801, 6930728.943692005239427 ], [ 373409.716737468144856, 6930729.846271428279579 ], [ 373413.571286400489043, 6930730.369213411584496 ], [ 373423.292488039354794, 6930731.199314816854894 ], [ 373433.018136822152883, 6930732.13840295933187 ], [ 373442.959623354661744, 6930733.098362269811332 ], [ 373443.391531263128854, 6930733.137656227685511 ], [ 373453.099155304837041, 6930733.966686733067036 ], [ 373456.709183292812668, 6930734.31782737467438 ], [ 373464.358845250215381, 6930743.56743779964745 ], [ 373464.406347854062915, 6930743.624764716252685 ], [ 373473.381043584551662, 6930754.434652204625309 ], [ 373475.966097074793652, 6930757.25580102019012 ], [ 373478.81401354575064, 6930759.811335008591413 ], [ 373481.897629826969933, 6930762.076879715546966 ], [ 373485.187534664291888, 6930764.030826579779387 ], [ 373488.652349241892807, 6930765.654539033770561 ], [ 373492.259026470652316, 6930766.93253025226295 ], [ 373495.97316618822515, 6930767.852610872127116 ], [ 373499.759343264799099, 6930768.406005246564746 ], [ 373501.781328015669715, 6930768.60129296220839 ], [ 373502.108542244590353, 6930770.734437871724367 ], [ 373503.058322812081315, 6930774.451487626880407 ], [ 373504.367084188794252, 6930778.057827276177704 ], [ 373506.022277742275037, 6930781.518878607079387 ], [ 373508.008033187943511, 6930784.801456453278661 ], [ 373510.30531075631734, 6930787.874086887575686 ], [ 373519.335490323079284, 6930798.793488367460668 ], [ 373519.382991334307007, 6930798.850816166959703 ], [ 373528.333486576040741, 6930809.63208185415715 ], [ 373537.339725082623772, 6930820.522718608379364 ], [ 373539.932491019426379, 6930823.361935254186392 ], [ 373542.791063975950237, 6930825.933344794437289 ], [ 373545.887914332095534, 6930828.212183146737516 ], [ 373549.193217725958675, 6930830.176503854803741 ], [ 373552.67514227895299, 6930831.807389434427023 ], [ 373556.300155154312961, 6930833.089133567176759 ], [ 373560.033345496398397, 6930834.009392355568707 ], [ 373563.838760641403496, 6930834.55930320546031 ], [ 373567.67975236120401, 6930834.733570173382759 ], [ 373571.519329805916641, 6930834.530514974147081 ], [ 373575.320515745785087, 6930833.95209313929081 ], [ 373579.046702682273462, 6930833.003875188529491 ], [ 373582.662005398189649, 6930831.694992978125811 ], [ 373586.131606552167796, 6930830.038051759824157 ], [ 373589.422091988322791, 6930828.049008783884346 ], [ 373592.501772533170879, 6930825.747019619680941 ], [ 373595.340989179559983, 6930823.154253683052957 ], [ 373597.912398719112389, 6930820.295680726878345 ], [ 373600.191237072227523, 6930817.198830370791256 ], [ 373602.155557779886294, 6930813.893526976928115 ], [ 373603.786443359858822, 6930810.411602423526347 ], [ 373605.068187492433935, 6930806.786589547991753 ], [ 373605.988446281000506, 6930803.053399206139147 ], [ 373606.538357130310033, 6930799.247984061017632 ], [ 373606.712624098290689, 6930795.406992341391742 ], [ 373606.509568898822181, 6930791.567414896562696 ], [ 373605.93114706443157, 6930787.766228957101703 ], [ 373604.982929113553837, 6930784.040042020380497 ], [ 373603.674046903441194, 6930780.424739304929972 ], [ 373602.017105685314164, 6930776.955138150602579 ], [ 373600.028062708792277, 6930773.664652714505792 ], [ 373597.726073545170948, 6930770.58497216925025 ], [ 373588.696007877530064, 6930759.665522836148739 ], [ 373588.648298456508201, 6930759.607943023554981 ], [ 373580.423064182046801, 6930749.70028611086309 ], [ 373580.387997023994103, 6930749.047996085137129 ], [ 373579.811861386522651, 6930745.269331455230713 ], [ 373578.870266205747612, 6930741.564788678660989 ], [ 373577.57217322854558, 6930737.969626195728779 ], [ 373575.929937213019002, 6930734.518061401322484 ], [ 373573.959188340581022, 6930731.242944983765483 ], [ 373571.678683453646954, 6930728.175448264926672 ], [ 373562.699939668062143, 6930717.254110011272132 ], [ 373562.5072504975833, 6930717.02156441193074 ], [ 373553.481168948113918, 6930706.213558433577418 ], [ 373550.898072927840985, 6930703.409849602729082 ], [ 373548.054724884801544, 6930700.870452004484832 ], [ 373544.978043976530898, 6930698.619407170452178 ], [ 373541.697158419585321, 6930696.678026677109301 ], [ 373538.243129720853176, 6930695.064690380357206 ], [ 373534.648658605117816, 6930693.794672406278551 ], [ 373530.947775424108841, 6930692.879996541887522 ], [ 373527.175517976575065, 6930692.329322403296828 ], [ 373523.365410265454557, 6930691.961322232149541 ], [ 373515.713076434971299, 6930682.708481104113162 ], [ 373515.592569317610469, 6930682.563481378369033 ], [ 373506.566246187372599, 6930671.755600457079709 ], [ 373503.983110671048053, 6930668.951953523792326 ], [ 373501.13973055180395, 6930666.4126200042665 ], [ 373498.063025025825482, 6930664.161640589125454 ], [ 373494.782122256117873, 6930662.220326024107635 ], [ 373491.328083606669679, 6930660.607055361382663 ], [ 373487.733609574846923, 6930659.337101954035461 ], [ 373484.03273020486813, 6930658.422488859854639 ], [ 373480.260482914745808, 6930657.871875016018748 ], [ 373470.332384220964741, 6930656.913117780350149 ], [ 373460.45579206221737, 6930655.952440212480724 ], [ 373459.996562705375254, 6930655.910498409532011 ], [ 373450.275263269548304, 6930655.080300026573241 ], [ 373440.549504029040691, 6930654.141171546652913 ], [ 373436.675427528680302, 6930653.7670988868922 ], [ 373429.066551659547258, 6930644.602985887788236 ], [ 373420.059332329547033, 6930633.712671520188451 ], [ 373417.472928264643997, 6930630.880137925967574 ], [ 373414.621946426865179, 6930628.314083539880812 ], [ 373411.533711737778503, 6930626.039102428592741 ], [ 373408.237823043193202, 6930624.076998897828162 ], [ 373404.765869425609708, 6930622.4465785138309 ], [ 373401.151127442542929, 6930621.163467860780656 ], [ 373400.328528211510275, 6930620.959412973374128 ], [ 373392.110931988398079, 6930611.02403718419373 ], [ 373391.990417324821465, 6930610.879042291082442 ], [ 373383.060200485808309, 6930600.187261871062219 ], [ 373374.176309746224433, 6930589.382935442961752 ], [ 373371.549631772446446, 6930586.494695502333343 ], [ 373368.648557648353744, 6930583.88219936657697 ], [ 373365.501891446008813, 6930581.571385884657502 ], [ 373362.140875662327744, 6930579.585198573768139 ], [ 373358.598881020152476, 6930577.943357811309397 ], [ 373354.91107513802126, 6930576.662165042944252 ], [ 373351.114073359582108, 6930575.754340925253928 ], [ 373347.245575208449736, 6930575.228899027220905 ], [ 373343.759815490106121, 6930574.931340993382037 ], [ 373336.289431759912986, 6930565.846351531334221 ], [ 373336.096719480061438, 6930565.61382017750293 ], [ 373327.069508179323748, 6930554.806417997926474 ], [ 373324.486221551778726, 6930552.002997416071594 ], [ 373321.642717191658448, 6930549.46389920823276 ], [ 373318.565914566279389, 6930547.213161026127636 ], [ 373315.284941778809298, 6930545.272090619429946 ], [ 373311.83085981226759, 6930543.659064107574522 ], [ 373308.236368474841584, 6930542.389352021738887 ], [ 373304.535496830940247, 6930541.474974729120731 ], [ 373303.77964672568487, 6930541.364692230708897 ], [ 373305.409395991184283, 6930539.148264478892088 ], [ 373307.365830037393607, 6930535.856555602513254 ], [ 373308.991591883299407, 6930532.389585755765438 ], [ 373310.27115228358889, 6930528.780471364967525 ], [ 373310.500005770823918, 6930527.857047920115292 ], [ 373312.414425958646461, 6930526.103620163165033 ], [ 373314.987135498377029, 6930523.233737248927355 ], [ 373317.265421580465045, 6930520.12496339995414 ], [ 373319.227236983017065, 6930516.807382557541132 ], [ 373320.853597005363554, 6930513.313099312596023 ], [ 373322.128763184999116, 6930509.675928223878145 ], [ 373323.040395600255579, 6930505.931066590361297 ], [ 373323.579672285239212, 6930502.114753844216466 ], [ 373324.490205473441165, 6930492.155553014948964 ], [ 373324.652015451749321, 6930488.32000386621803 ], [ 373324.437682650983334, 6930484.487030972726643 ], [ 373323.849264795309864, 6930480.693433186039329 ], [ 373322.892411050444935, 6930476.975631327368319 ], [ 373321.576307788898703, 6930473.369318536482751 ], [ 373319.91359039460076, 6930469.909117586910725 ], [ 373317.920221956330352, 6930466.628248492255807 ], [ 373316.974908862030134, 6930465.36911762971431 ], [ 373317.326132168411277, 6930461.527497111819685 ], [ 373318.278564150910825, 6930451.665965558029711 ], [ 373318.297294351912569, 6930451.466715249232948 ], [ 373319.205247422738466, 6930441.535856645554304 ], [ 373320.117407868034206, 6930431.716344613581896 ], [ 373320.284823479072656, 6930427.886489938944578 ], [ 373320.077159666048829, 6930424.058606639504433 ], [ 373319.496404471166898, 6930420.269340454600751 ], [ 373318.54811767837964, 6930416.554967429488897 ], [ 373317.241377587313764, 6930412.951046627014875 ], [ 373315.588694103178568, 6930409.492079712450504 ], [ 373313.605888975202106, 6930406.211180652491748 ], [ 373311.311944328830577, 6930403.139758706092834 ], [ 373303.631595189683139, 6930393.842267618514597 ], [ 373301.040354461118113, 6930391.00165890622884 ], [ 373298.183162922156043, 6930388.428714508190751 ], [ 373295.087536889244802, 6930386.148213284090161 ], [ 373291.783288933336735, 6930384.182117708027363 ], [ 373288.302240768447518, 6930382.549362355843186 ], [ 373284.677916791464668, 6930381.265671552158892 ], [ 373280.945221223460976, 6930380.343407943844795 ], [ 373277.140101963304915, 6930379.791453431360424 ], [ 373273.299204389506485, 6930379.615123638883233 ], [ 373269.459518445364665, 6930379.816116719506681 ], [ 373265.658022405579686, 6930380.39249699935317 ], [ 373261.93132675497327, 6930381.338713621720672 ], [ 373258.315321610076353, 6930382.64565400313586 ], [ 373254.844831076974515, 6930384.300731592811644 ], [ 373251.553277876693755, 6930386.288007088936865 ], [ 373248.472361465974245, 6930388.588341942057014 ], [ 373245.631752754037734, 6930391.179582670331001 ], [ 373243.058808355592191, 6930394.036774209700525 ], [ 373240.778307131666224, 6930397.132400242611766 ], [ 373238.812211555719841, 6930400.436648198403418 ], [ 373237.179456202953588, 6930403.917696363292634 ], [ 373235.895765399967786, 6930407.542020340450108 ], [ 373234.973501790955197, 6930411.274715907871723 ], [ 373234.421547278529033, 6930415.079835168085992 ], [ 373234.245217486459296, 6930418.92073274217546 ], [ 373234.446210567082744, 6930422.760418686084449 ], [ 373235.022590846987441, 6930426.561914726160467 ], [ 373235.968807469180319, 6930430.288610376417637 ], [ 373237.275747850246262, 6930433.904615521430969 ], [ 373238.930825439863838, 6930437.375106055289507 ], [ 373240.640005430206656, 6930440.206045639701188 ], [ 373240.271870784985367, 6930444.232567743398249 ], [ 373239.319435759214684, 6930454.094130807556212 ], [ 373239.300699794956017, 6930454.293444152921438 ], [ 373238.39017152460292, 6930464.252646808512509 ], [ 373237.479648399399593, 6930474.211881073191762 ], [ 373237.317843388183974, 6930478.047424036078155 ], [ 373237.532179900677875, 6930481.88039031997323 ], [ 373238.120600184192881, 6930485.673981264233589 ], [ 373239.050412081938703, 6930489.286702535115182 ], [ 373237.465745120076463, 6930492.666011662222445 ], [ 373236.186166726169176, 6930496.275153479538858 ], [ 373235.957258378854021, 6930497.198793453164399 ], [ 373234.042782543459907, 6930498.952295667491853 ], [ 373231.470084778731689, 6930501.822205804288387 ], [ 373229.191814075282309, 6930504.931006310507655 ], [ 373227.230017648136709, 6930508.248612790368497 ], [ 373225.603680136613548, 6930511.742920201271772 ], [ 373224.328539886686485, 6930515.380113531835377 ], [ 373223.416936648602132, 6930519.12499504070729 ], [ 373222.877692162641324, 6930522.941324870102108 ], [ 373221.96983730077045, 6930532.872222116217017 ], [ 373221.623383832396939, 6930536.602311484515667 ] ] ] } },
{ "type": "Feature", "properties": { "id": "53", "_id": 54, "width": 21.41, "depth": 31.27, "manning_n": 0.1984 }, "geometry": { "type": "MultiPolygon", "coordinates": [ [ [ [ 366065.066148350306321, 6929424.531683736480772 ], [ 366065.070689421670977, 6929424.54442691616714 ], [ 366065.518628775083926, 6929425.494680740870535 ], [ 366066.057552340615075, 6929426.396453099325299 ], [ 366066.682269989629276, 6929427.241059430874884 ], [ 366070.482365854899399, 6929431.88367394823581 ], [ 366070.546499495743774, 6929431.961279233917594 ], [ 366079.532806860341225, 6929442.731671370565891 ], [ 366088.523632048279978, 6929453.613351436331868 ], [ 366088.543387330253609, 6929453.637191145680845 ], [ 366097.602072801964823, 6929464.536649685353041 ], [ 366097.615091267973185, 6929464.552283328026533 ], [ 366106.617706619261298, 6929475.342495683580637 ], [ 366107.329490135714877, 6929476.115150989033282 ], [ 366108.113579683587886, 6929476.814318764023483 ], [ 366108.962424051773269, 6929477.433265638537705 ], [ 366109.867848405090626, 6929477.966030818410218 ], [ 366110.82113301201025, 6929478.407483481802046 ], [ 366111.81309722061269, 6929478.753372198902071 ], [ 366112.834187873406336, 6929479.000365871936083 ], [ 366113.874571309133898, 6929479.146085817366838 ], [ 366114.924228066578507, 6929479.189128672704101 ], [ 366115.973049377382267, 6929479.129079910926521 ], [ 366117.010934519057628, 6929478.966517834924161 ], [ 366118.027888090175111, 6929478.703008005395532 ], [ 366119.014116272039246, 6929478.341088167391717 ], [ 366119.960121148091275, 6929477.884243806824088 ], [ 366120.85679217427969, 6929477.336874582804739 ], [ 366121.695493918319698, 6929476.704251962713897 ], [ 366122.468149224121589, 6929475.992468445561826 ], [ 366123.167316998529714, 6929475.208378897979856 ], [ 366123.786263873800635, 6929474.359534529969096 ], [ 366124.319029053149279, 6929473.454110176302493 ], [ 366124.760481716599315, 6929472.500825569964945 ], [ 366125.106370433757547, 6929471.508861361071467 ], [ 366125.353364107199013, 6929470.487770708277822 ], [ 366125.499084052746184, 6929469.447387272492051 ], [ 366125.542126907675993, 6929468.39773051533848 ], [ 366125.482078145840205, 6929467.348909203894436 ], [ 366125.319516069605015, 6929466.311024062335491 ], [ 366125.056006240600254, 6929465.294070491567254 ], [ 366124.69408640259644, 6929464.307842309586704 ], [ 366124.237242041446734, 6929463.36183743365109 ], [ 366123.689872818009462, 6929462.465166407637298 ], [ 366123.057250197220128, 6929461.626464663073421 ], [ 366114.061151548172347, 6929450.844062993302941 ], [ 366105.01886270637624, 6929439.964332966133952 ], [ 366096.021515687811188, 6929429.074759467504919 ], [ 366095.988656101631932, 6929429.035183234140277 ], [ 366087.018120692519005, 6929418.283694317564368 ], [ 366083.249909172882326, 6929413.680033219046891 ], [ 366082.545413812738843, 6929412.900726935826242 ], [ 366081.767925417050719, 6929412.194225845858455 ], [ 366080.924931623972952, 6929411.567333940416574 ], [ 366080.024550924543291, 6929411.026088532060385 ], [ 366079.075454477162566, 6929410.575702110305429 ], [ 366078.086782599450089, 6929410.220512141473591 ], [ 366077.068056742020417, 6929409.96393929887563 ], [ 366076.190407466900069, 6929409.832596487365663 ], [ 366076.178633491683286, 6929409.799679396674037 ], [ 366075.729571219359059, 6929408.849955715239048 ], [ 366075.189582105202135, 6929407.948821012862027 ], [ 366074.563866539625451, 6929407.104953709058464 ], [ 366073.858450505533256, 6929406.326480707153678 ], [ 366073.080127544992138, 6929405.620899127796292 ], [ 366072.23639333358733, 6929404.995004107244313 ], [ 366071.335373493027873, 6929404.454823357053101 ], [ 366070.385745336825494, 6929404.005559113807976 ], [ 366069.396654303360265, 6929403.651538035832345 ], [ 366068.37762587988982, 6929403.396169541403651 ], [ 366067.338473867275752, 6929403.241912967525423 ], [ 366065.299439072434325, 6929403.040866638533771 ], [ 366059.537003687059041, 6929396.076193550601602 ], [ 366058.828403534425888, 6929395.300617751665413 ], [ 366058.047195763268974, 6929394.598231523297727 ], [ 366057.200903831573669, 6929393.975799228064716 ], [ 366056.297677993192337, 6929393.439315229654312 ], [ 366055.346216806734446, 6929392.99394616112113 ], [ 366054.355683363566641, 6929392.643981172703207 ], [ 366053.335617042146623, 6929392.392790615558624 ], [ 366052.295841638871934, 6929392.242793593555689 ], [ 366051.246370759152342, 6929392.195434659719467 ], [ 366050.19731138140196, 6929392.251169906929135 ], [ 366049.158766520849895, 6929392.409462573938072 ], [ 366048.140737932175398, 6929392.668788216076791 ], [ 366047.153029787237756, 6929393.026649384759367 ], [ 366046.205154255439993, 6929393.479599682614207 ], [ 366045.306239896279294, 6929394.023276950232685 ], [ 366044.464943746395875, 6929394.652445277199149 ], [ 366043.689367947692517, 6929395.361045429483056 ], [ 366042.986981719033793, 6929396.142253200523555 ], [ 366042.364549423800781, 6929396.988545132800937 ], [ 366041.828065425215755, 6929397.891770971007645 ], [ 366041.382696357439272, 6929398.843232157640159 ], [ 366041.032731368090026, 6929399.833765600807965 ], [ 366040.781540811352897, 6929400.853831921704113 ], [ 366040.631543789582793, 6929401.893607324920595 ], [ 366040.584184856037609, 6929402.943078204989433 ], [ 366040.63992010318907, 6929403.992137582972646 ], [ 366040.798212770198006, 6929405.030682443641126 ], [ 366041.057538412045687, 6929406.048711031675339 ], [ 366041.415399581077509, 6929407.036419176496565 ], [ 366041.868349878641311, 6929407.984294708818197 ], [ 366042.412027145677712, 6929408.883209068328142 ], [ 366043.041195472993422, 6929409.7245052177459 ], [ 366051.613921556214336, 6929420.085790099576116 ], [ 366052.318629896792118, 6929420.857503052800894 ], [ 366053.095227860321756, 6929421.55682438891381 ], [ 366053.936314162740018, 6929422.177089300006628 ], [ 366054.833872920717113, 6929422.712386417202652 ], [ 366055.779350046184845, 6929423.15761414822191 ], [ 366056.763734770182054, 6929423.508529298938811 ], [ 366057.777645519119687, 6929423.761787508614361 ], [ 366058.811419324716553, 6929423.914975128136575 ], [ 366065.066148350306321, 6929424.531683736480772 ] ] ], [ [ [ 365934.527782136923634, 6929300.646172182634473 ], [ 365928.361905238416512, 6929293.184600290842354 ], [ 365919.353716602199711, 6929282.283526896499097 ], [ 365918.644794576743152, 6929281.506733213551342 ], [ 365917.863073652202729, 6929280.803248130716383 ], [ 365917.016098237421829, 6929280.179861002601683 ], [ 365916.112042514141649, 6929279.642588154412806 ], [ 365915.159631547576282, 6929279.196614819578826 ], [ 365914.16805708076572, 6929278.846245098859072 ], [ 365913.146888824587222, 6929278.594860418699682 ], [ 365912.105982100416441, 6929278.444886900484562 ], [ 365906.554205771943089, 6929277.921727468259633 ], [ 365901.026060764270369, 6929271.281032267026603 ], [ 365900.31512888224097, 6929270.507593287155032 ], [ 365899.531810054497328, 6929269.807562137953937 ], [ 365898.683648069621995, 6929269.187680501490831 ], [ 365897.778811191150453, 6929268.65391817688942 ], [ 365896.826013492944185, 6929268.211415586993098 ], [ 365895.834430937597062, 6929267.864434273913503 ], [ 365894.813613007194363, 6929267.616315856575966 ], [ 365893.773390736489091, 6929267.469449851661921 ], [ 365892.723782034474425, 6929267.425250659696758 ], [ 365891.674895206873771, 6929267.484143941663206 ], [ 365890.636831607145723, 6929267.645562523975968 ], [ 365889.619588355184533, 6929267.907951856963336 ], [ 365888.632962059637066, 6929268.268784988671541 ], [ 365887.686454471026082, 6929268.724586898460984 ], [ 365886.789180974941701, 6929269.270967964082956 ], [ 365885.949782805517316, 6929269.90266623813659 ], [ 365885.176343826111406, 6929270.613598119467497 ], [ 365884.476312676793896, 6929271.396916947327554 ], [ 365883.856431040272582, 6929272.245078932493925 ], [ 365883.322668715612963, 6929273.149915810674429 ], [ 365882.880166125658434, 6929274.102713509462774 ], [ 365882.533184812346008, 6929275.094296064227819 ], [ 365882.285066395357717, 6929276.115113995037973 ], [ 365882.13820039073471, 6929277.155336265452206 ], [ 365882.094001198303886, 6929278.204944967292249 ], [ 365882.152894480503164, 6929279.253831795416772 ], [ 365882.314313062874135, 6929280.29189539514482 ], [ 365882.576702396152541, 6929281.309138647280633 ], [ 365882.937535527627915, 6929282.295764942653477 ], [ 365883.393337437009905, 6929283.242272530682385 ], [ 365883.9397185028065, 6929284.13954602740705 ], [ 365884.571416776569095, 6929284.978944196365774 ], [ 365892.925334508006927, 6929295.014104509726167 ], [ 365893.633615517290309, 6929295.784928573295474 ], [ 365894.413797203451395, 6929296.482888644561172 ], [ 365895.258419094840065, 6929297.101310494355857 ], [ 365896.159404511679895, 6929297.634280477650464 ], [ 365897.108137799310498, 6929298.076702079735696 ], [ 365898.095546714903321, 6929298.424344651401043 ], [ 365899.112189180741552, 6929298.673883869312704 ], [ 365900.148343573964667, 6929298.822933518327773 ], [ 365905.677541317709256, 6929299.343965307809412 ], [ 365911.857763027539477, 6929306.822832943871617 ], [ 365920.865856981894467, 6929317.723884287290275 ], [ 365921.578176922805142, 6929318.504056947305799 ], [ 365922.363927115511615, 6929319.210219614207745 ], [ 365923.215455079858657, 6929319.835494915954769 ], [ 365924.124467720568646, 6929320.373793249949813 ], [ 365925.082112094969489, 6929320.819872087799013 ], [ 365926.079061632219236, 6929321.169387034140527 ], [ 365927.105606965487823, 6929321.418934136629105 ], [ 365928.15175049228128, 6929321.566083036363125 ], [ 365935.819599615759216, 6929322.260982713662088 ], [ 365936.869243100751191, 6929322.304348025470972 ], [ 365937.918082809308544, 6929322.244621468707919 ], [ 365938.956017841643188, 6929322.08237824216485 ], [ 365939.973052316112444, 6929321.819180837832391 ], [ 365940.95939163462026, 6929321.457563989795744 ], [ 365941.905536810401827, 6929321.001010267063975 ], [ 365942.802375948231202, 6929320.453916530124843 ], [ 365943.64127199689392, 6929319.821551591157913 ], [ 365944.414145928865764, 6929319.110005470924079 ], [ 365945.113554545678198, 6929318.326130747795105 ], [ 365945.732762160070706, 6929317.47747656237334 ], [ 365946.265805464179721, 6929316.57221591938287 ], [ 365946.707550959603395, 6929315.619066973216832 ], [ 365947.053744395729154, 6929314.627209070138633 ], [ 365947.301051740534604, 6929313.60619434248656 ], [ 365947.447091289039236, 6929312.56585572194308 ], [ 365947.490456600673497, 6929311.516212237067521 ], [ 365947.430730043677613, 6929310.467372528277338 ], [ 365947.26848681748379, 6929309.42943749576807 ], [ 365947.005289413093124, 6929308.412403021939099 ], [ 365946.643672565289307, 6929307.426063703373075 ], [ 365946.187118842091877, 6929306.479918527416885 ], [ 365945.640025105385575, 6929305.583079389296472 ], [ 365945.007660166884307, 6929304.744183341041207 ], [ 365944.296114046766888, 6929303.971309408545494 ], [ 365943.51223932299763, 6929303.271900791674852 ], [ 365942.663585137750488, 6929302.652693177573383 ], [ 365941.75832449470181, 6929302.119649873115122 ], [ 365940.805175548768602, 6929301.677904377691448 ], [ 365939.813317645341158, 6929301.331710942089558 ], [ 365938.792302918154746, 6929301.084403596818447 ], [ 365937.75196429726202, 6929300.938364048488438 ], [ 365934.527782136923634, 6929300.646172182634473 ] ] ] ] } },
{ "type": "Feature", "properties": { "id": "54", "_id": 55, "width": 52.48, "depth": 21.46, "manning_n": 0.9532 }, "geometry": { "type": "MultiPolygon", "coordinates": [ [ [ [ 366515.8746021988336, 6929935.922661032527685 ], [ 366513.333041388657875, 6929938.028884384781122 ], [ 366511.433329994848464, 6929939.767300359904766 ], [ 366509.713160793238785, 6929941.683549664914608 ], [ 366508.189099953568075, 6929943.759177771396935 ], [ 366506.875825014780276, 6929945.974195247516036 ], [ 366505.785983532492537, 6929948.307270261459053 ], [ 366504.930071275914088, 6929950.735934028401971 ], [ 366504.316331148089375, 6929953.236797186546028 ], [ 366503.950673801766243, 6929955.785775057040155 ], [ 366503.836620717251208, 6929958.35831959079951 ], [ 366503.975270287948661, 6929960.929655775427818 ], [ 366504.365287242806517, 6929963.475020240060985 ], [ 366505.002915505319834, 6929965.969899731688201 ], [ 366505.882014366681688, 6929968.390267197974026 ], [ 366506.994117624417413, 6929970.712813177146018 ], [ 366508.328515116125345, 6929972.915170282125473 ], [ 366509.872355864557903, 6929974.97612860891968 ], [ 366511.610771839332301, 6929976.875840002670884 ], [ 366513.527021144283935, 6929978.596009204164147 ], [ 366515.602649251115508, 6929980.120070043951273 ], [ 366517.817666726419702, 6929981.433344982564449 ], [ 366520.150741741177626, 6929982.52318646479398 ], [ 366522.579405507538468, 6929983.37909872084856 ], [ 366525.08026866579894, 6929983.992838849313557 ], [ 366527.629246536642313, 6929984.35849619563669 ], [ 366530.201791069761384, 6929984.472549280151725 ], [ 366532.773127255029976, 6929984.333899709396064 ], [ 366535.31849171925569, 6929983.943882754072547 ], [ 366537.813371211290359, 6929983.306254492141306 ], [ 366540.233738677809015, 6929982.427155630663037 ], [ 366542.556284656922799, 6929981.315052372403443 ], [ 366544.75864176126197, 6929979.980654881335795 ], [ 366546.819600087939762, 6929978.43681413307786 ], [ 366557.708681616117246, 6929969.412895559333265 ], [ 366559.602818541112356, 6929967.680105921812356 ], [ 366561.3185680595343, 6929965.770520047284663 ], [ 366562.839507931959815, 6929963.702415474690497 ], [ 366564.151080533280037, 6929961.495586995966733 ], [ 366565.240732190199196, 6929959.171157198026776 ], [ 366566.098033338261303, 6929956.751374281942844 ], [ 366566.714778348221444, 6929954.259399118833244 ], [ 366567.085064065817278, 6929951.719083566218615 ], [ 366568.03185698366724, 6929941.867129530757666 ], [ 366568.047895863070153, 6929941.69422931689769 ], [ 366568.932732167711947, 6929931.799784813076258 ], [ 366569.7921751429094, 6929922.712995587848127 ], [ 366572.313284443982411, 6929920.614319670945406 ], [ 366574.198492585041095, 6929918.882522343657911 ], [ 366575.905980842188001, 6929916.975268933922052 ], [ 366577.419498257455416, 6929914.910711657255888 ], [ 366578.724639983614907, 6929912.708499861881137 ], [ 366579.808984381437767, 6929910.389593019150198 ], [ 366580.662211242306512, 6929907.976061241701245 ], [ 366581.276200010383036, 6929905.490875231102109 ], [ 366581.5084240786382, 6929903.896253742277622 ], [ 366584.075453717610799, 6929901.759380075149238 ], [ 366594.94243736891076, 6929892.754200598224998 ], [ 366594.987130962021183, 6929892.717080677859485 ], [ 366605.802686520270072, 6929883.714052868075669 ], [ 366616.669788535218686, 6929874.708945520222187 ], [ 366616.714482406678144, 6929874.671826070174575 ], [ 366627.530156132706907, 6929865.66886998899281 ], [ 366638.356086908548605, 6929856.698049077764153 ], [ 366649.1573317454895, 6929847.821891279891133 ], [ 366651.067212749214377, 6929846.088321409188211 ], [ 366652.797667301667389, 6929844.1756173055619 ], [ 366654.331975098291878, 6929842.102260237559676 ], [ 366655.655311078531668, 6929839.888283763080835 ], [ 366656.754888671217486, 6929837.555080157704651 ], [ 366657.620083342830185, 6929835.12519371509552 ], [ 366658.242535256256815, 6929832.622102913446724 ], [ 366658.616230046318378, 6929830.06999356020242 ], [ 366659.199764015211258, 6929824.024401001632214 ], [ 366659.321099551569205, 6929821.452189663425088 ], [ 366659.189730024430901, 6929818.880471264012158 ], [ 366658.806920594186522, 6929816.334012856706977 ], [ 366658.176357924879994, 6929813.837338227778673 ], [ 366657.304114679747727, 6929811.414491719566286 ], [ 366656.198591038119048, 6929809.088806668296456 ], [ 366654.870433796895668, 6929806.88268069177866 ], [ 366653.332433836418204, 6929804.817359989508986 ], [ 366651.59940293704858, 6929802.912734729237854 ], [ 366649.688031133671757, 6929801.187147492542863 ], [ 366647.616725981701165, 6929799.657216629013419 ], [ 366645.405435282038525, 6929798.337676208466291 ], [ 366643.075454972800799, 6929797.241234125569463 ], [ 366640.649224038235843, 6929796.378449718467891 ], [ 366638.150108408473898, 6929795.757632072083652 ], [ 366635.602175933192484, 6929795.384759999811649 ], [ 366633.029964594927151, 6929795.263424463570118 ], [ 366630.458246195048559, 6929795.39479399099946 ], [ 366627.911787787568755, 6929795.777603421360254 ], [ 366625.415113158989698, 6929796.40816609095782 ], [ 366622.99226665077731, 6929797.280409336090088 ], [ 366620.66658159927465, 6929798.385932977311313 ], [ 366618.460455622931477, 6929799.714090218767524 ], [ 366616.395134920836426, 6929801.252090179361403 ], [ 366614.490509660390671, 6929802.985121078789234 ], [ 366612.764922424044926, 6929804.896492881700397 ], [ 366611.234991560108028, 6929806.967798033729196 ], [ 366609.915451139211655, 6929809.179088733159006 ], [ 366608.81900905695511, 6929811.509069042280316 ], [ 366608.047827685717493, 6929813.677703620865941 ], [ 366604.995225749618839, 6929816.186245635151863 ], [ 366604.91250780824339, 6929816.254504569806159 ], [ 366594.022826251806691, 6929825.278152055107057 ], [ 366593.977944744110573, 6929825.315426989458501 ], [ 366583.162177487800363, 6929834.318460925482213 ], [ 366572.294981720042415, 6929843.323645962402225 ], [ 366572.250100500765257, 6929843.360921362414956 ], [ 366561.434451217937749, 6929852.364027190022171 ], [ 366550.567373680474702, 6929861.369284467771649 ], [ 366550.52249274024507, 6929861.406560339964926 ], [ 366539.684635229234118, 6929870.428323068656027 ], [ 366537.799400856660213, 6929872.160123312845826 ], [ 366536.091888326744083, 6929874.067383568733931 ], [ 366534.578349098504987, 6929876.131951254792511 ], [ 366533.273188466555439, 6929878.334176595322788 ], [ 366532.188828456564806, 6929880.65309964120388 ], [ 366531.335589597409125, 6929883.066649760119617 ], [ 366530.721592694229912, 6929885.551855692639947 ], [ 366530.489349932351615, 6929887.146601003594697 ], [ 366527.899879815697204, 6929889.302183298394084 ], [ 366526.011185491632205, 6929891.037512456066906 ], [ 366524.300933253020048, 6929892.948944070376456 ], [ 366522.785463459207676, 6929895.018215643242002 ], [ 366521.479255448502954, 6929897.225556615740061 ], [ 366520.394789197656792, 6929899.549877266399562 ], [ 366519.542426083586179, 6929901.968970207497478 ], [ 366518.930309887160547, 6929904.459722563624382 ], [ 366518.564288984518498, 6929906.998336798511446 ], [ 366517.62193620740436, 6929916.961633157916367 ], [ 366516.679589698964264, 6929926.924951662309468 ], [ 366516.667303357913624, 6929927.058493066579103 ], [ 366515.8746021988336, 6929935.922661032527685 ] ] ], [ [ [ 366530.112055030826014, 6929734.064237918704748 ], [ 366532.124704099551309, 6929736.502065433189273 ], [ 366539.189581313810777, 6929745.045642966404557 ], [ 366540.925979999476112, 6929746.947198404930532 ], [ 366542.840402477071621, 6929748.669400500133634 ], [ 366544.91441181168193, 6929750.195663505233824 ], [ 366547.128034159599338, 6929751.511288672685623 ], [ 366549.459951127530076, 6929752.603605813346803 ], [ 366551.887705080385786, 6929753.462095315568149 ], [ 366554.387915420345962, 6929754.078489456325769 ], [ 366556.936503755161539, 6929754.446852023713291 ], [ 366559.508925785950851, 6929754.563635483384132 ], [ 366562.080407682282384, 6929754.427715147845447 ], [ 366564.626184667868074, 6929754.040400004014373 ], [ 366567.121739518595859, 6929753.405420107766986 ], [ 366569.543038677074946, 6929752.52889066375792 ], [ 366571.866763708821964, 6929751.419253129512072 ], [ 366574.070535871433094, 6929750.087193920277059 ], [ 366576.133131634327583, 6929748.545541495084763 ], [ 366578.034687072737142, 6929746.809142810292542 ], [ 366579.756889168405905, 6929744.894720332697034 ], [ 366581.283152173564304, 6929742.820710998028517 ], [ 366582.598777341190726, 6929740.607088649645448 ], [ 366583.69109448173549, 6929738.275171682238579 ], [ 366584.549583983956836, 6929735.847417728975415 ], [ 366585.165978124772664, 6929733.347207388840616 ], [ 366585.534340691519901, 6929730.79861905425787 ], [ 366585.651124151365366, 6929728.226197023876011 ], [ 366585.515203815826681, 6929725.654715127311647 ], [ 366585.127888671879191, 6929723.108938141725957 ], [ 366584.492908776213881, 6929720.613383290357888 ], [ 366583.61637933232123, 6929718.192084132693708 ], [ 366582.506741797842551, 6929715.868359101004899 ], [ 366581.174682588840369, 6929713.664586937986314 ], [ 366579.633030163764488, 6929711.601991174742579 ], [ 366572.588010308565572, 6929703.082440081983805 ], [ 366566.356091062887572, 6929695.534008294343948 ], [ 366564.621198821580037, 6929693.631078344769776 ], [ 366562.708140808739699, 6929691.907360699959099 ], [ 366560.635340818786062, 6929690.379455702379346 ], [ 366558.422761048772372, 6929689.062077911570668 ], [ 366558.096411443548277, 6929688.908893875777721 ], [ 366557.130354395951144, 6929688.065813305787742 ], [ 366555.033590943436138, 6929686.570963311940432 ], [ 366552.800403058354277, 6929685.288830186240375 ], [ 366550.452297560928855, 6929684.231761572882533 ], [ 366548.011887990578543, 6929683.409937619231641 ], [ 366546.853328483353835, 6929683.142755058594048 ], [ 366545.335697829315905, 6929681.307076008059084 ], [ 366543.599505946389399, 6929679.405331749469042 ], [ 366541.685270768008195, 6929677.682921472005546 ], [ 366539.611427425406873, 6929676.156432929448783 ], [ 366537.397948163619731, 6929674.840567040257156 ], [ 366535.066149997932371, 6929673.747996311634779 ], [ 366532.638489419419784, 6929672.889242799021304 ], [ 366530.138346126535907, 6929672.272576766088605 ], [ 366527.589797865890432, 6929671.903937044553459 ], [ 366525.017388550448231, 6929671.786873837001622 ], [ 366522.445891888055485, 6929671.92251452524215 ], [ 366519.900072797376197, 6929672.309552815742791 ], [ 366517.404448907938786, 6929672.944261319003999 ], [ 366514.983054441981949, 6929673.820527443662286 ], [ 366512.65920875192387, 6929674.929912268184125 ], [ 366510.455291742051486, 6929676.261731810867786 ], [ 366508.392528338066768, 6929677.803159921430051 ], [ 366506.490784079069272, 6929679.539351804181933 ], [ 366504.768373801955022, 6929681.453586982563138 ], [ 366503.241885259165429, 6929683.527430325746536 ], [ 366501.926019369857386, 6929685.740909587591887 ], [ 366500.833448641933501, 6929688.07270775269717 ], [ 366499.974695128679741, 6929690.500368331559002 ], [ 366499.358029095921665, 6929693.00051162391901 ], [ 366498.989389374677557, 6929695.549059884622693 ], [ 366498.87232616689289, 6929698.121469200588763 ], [ 366499.007966855366249, 6929700.692965862341225 ], [ 366499.395005146041512, 6929703.238784953020513 ], [ 366500.029713648604229, 6929705.734408843331039 ], [ 366500.905979773262516, 6929708.155803308822215 ], [ 366502.015364598133601, 6929710.479648998938501 ], [ 366503.347184140991885, 6929712.68356600869447 ], [ 366504.88861225155415, 6929714.746329412795603 ], [ 366513.18808416678803, 6929724.785113674588501 ], [ 366514.959624390699901, 6929726.721885374747217 ], [ 366516.915793534135446, 6929728.471982990391552 ], [ 366519.03701836138498, 6929730.017895217053592 ], [ 366521.302074105886277, 6929731.344153810292482 ], [ 366523.688296842970885, 6929732.437488357536495 ], [ 366526.171810263127554, 6929733.286959059536457 ], [ 366528.727764575800393, 6929733.884066197089851 ], [ 366530.112055030826014, 6929734.064237918704748 ] ] ] ] } },
{ "type": "Feature", "properties": { "id": "55", "_id": 56, "width": 46.2, "depth": 32.24, "manning_n": 0.5151 }, "geometry": { "type": "Polygon", "coordinates": [ [ [ 366521.882544333639089, 6929934.252661016769707 ], [ 366518.974118462705519, 6929930.765418952330947 ], [ 366517.446500964229926, 6929929.105735340155661 ], [ 366515.764293197833467, 6929927.602957264520228 ], [ 366513.943535625061486, 6929926.271414259448647 ], [ 366512.00158982980065, 6929925.12380306981504 ], [ 366509.956972969695926, 6929924.171066584996879 ], [ 366507.829181208042428, 6929923.422289493493736 ], [ 366505.638503811263945, 6929922.884611655026674 ], [ 366503.405829683004413, 6929922.56316002458334 ], [ 366502.997088266885839, 6929922.52456315048039 ], [ 366500.093345740460791, 6929919.008810373023152 ], [ 366498.563873202423565, 6929917.332052542828023 ], [ 366496.877242587681394, 6929915.813474182970822 ], [ 366495.049734517058823, 6929914.46773374825716 ], [ 366493.098989466147032, 6929913.307821333408356 ], [ 366491.043837486067787, 6929912.344933279789984 ], [ 366488.904116441786755, 6929911.588364103808999 ], [ 366486.700480522122234, 6929911.045416777022183 ], [ 366484.454200870241039, 6929910.721332234330475 ], [ 366474.507338857685681, 6929909.782124374061823 ], [ 366472.242712896200828, 6929909.680020233616233 ], [ 366469.978983771812636, 6929909.800379912368953 ], [ 366467.737952433468308, 6929910.142044281587005 ], [ 366465.541201237996574, 6929910.701722926460207 ], [ 366463.409886100271251, 6929911.474025837145746 ], [ 366461.364532750158105, 6929912.451515312306583 ], [ 366459.424839058541693, 6929913.624777594581246 ], [ 366457.609485335997306, 6929914.98251352738589 ], [ 366455.9359544312465, 6929916.511647370643914 ], [ 366454.420363361830823, 6929918.197452730499208 ], [ 366453.077308098145295, 6929920.023694379255176 ], [ 366451.919722996593919, 6929921.972784611396492 ], [ 366450.95875623455504, 6929924.025952623225749 ], [ 366450.203662447223905, 6929926.163425283506513 ], [ 366449.661713600507937, 6929928.364617561921477 ], [ 366449.338128958130255, 6929930.608330775052309 ], [ 366449.236024817102589, 6929932.872956736013293 ], [ 366449.356384496029932, 6929935.136685860343277 ], [ 366449.698048865480814, 6929937.377717198804021 ], [ 366450.257727510819677, 6929939.574468394741416 ], [ 366451.030030420632102, 6929941.705783532001078 ], [ 366452.007519895851146, 6929943.751136882230639 ], [ 366453.180782178358641, 6929945.690830573439598 ], [ 366454.538518111105077, 6929947.506184296682477 ], [ 366456.067651954770554, 6929949.179715201258659 ], [ 366457.75345731456764, 6929950.695306270383298 ], [ 366459.5796989632654, 6929952.03836153447628 ], [ 366461.528789195581339, 6929953.195946635678411 ], [ 366463.581957207003143, 6929954.156913397833705 ], [ 366465.719429867225699, 6929954.9120071856305 ], [ 366467.920622146048117, 6929955.453956032171845 ], [ 366470.164335358596873, 6929955.777540674433112 ], [ 366470.573033605702221, 6929955.81613099668175 ], [ 366473.476724363281392, 6929959.331821093335748 ], [ 366475.006184599886183, 6929961.00856670178473 ], [ 366476.692800633260049, 6929962.527135371230543 ], [ 366478.520292231813073, 6929963.872868965379894 ], [ 366480.471019348187838, 6929965.0327776549384 ], [ 366482.526152391743381, 6929965.995665302500129 ], [ 366484.665853983198758, 6929966.752237538807094 ], [ 366486.869470436591655, 6929967.2951914742589 ], [ 366489.115731121448334, 6929967.619286190718412 ], [ 366489.589009491610341, 6929967.663977198302746 ], [ 366492.494374176370911, 6929971.147548859007657 ], [ 366494.021263971342705, 6929972.806515473872423 ], [ 366495.702611140150111, 6929974.308725303970277 ], [ 366497.522397928580176, 6929975.639867189340293 ], [ 366499.463287704566028, 6929976.787259690463543 ], [ 366501.506790119747166, 6929977.739971900358796 ], [ 366503.633437262033112, 6929978.488927577622235 ], [ 366505.822969121101778, 6929979.026991619728506 ], [ 366508.054526600637473, 6929979.349038030020893 ], [ 366527.89654452126706, 6929981.229774611070752 ], [ 366530.161133598943707, 6929981.33269356098026 ], [ 366532.424905882391613, 6929981.213148382492363 ], [ 366534.66606000700267, 6929980.87229036167264 ], [ 366536.863012433459517, 6929980.31340214703232 ], [ 366538.994605308922473, 6929979.541866136714816 ], [ 366541.040310228767339, 6929978.565112646669149 ], [ 366542.98042593622813, 6929977.392548344098032 ], [ 366544.796268056612462, 6929976.035465666092932 ], [ 366546.470349037495907, 6929974.506934060715139 ], [ 366547.986546564032324, 6929972.821674121543765 ], [ 366549.33025882509537, 6929970.99591582454741 ], [ 366550.488545137166511, 6929969.047242218628526 ], [ 366551.450250569789205, 6929966.994420097209513 ], [ 366552.206113373918924, 6929964.857219259254634 ], [ 366552.748854177654721, 6929962.656222117133439 ], [ 366553.073246090265457, 6929960.412625475786626 ], [ 366553.176165040349588, 6929958.148036397993565 ], [ 366553.056619862152729, 6929955.88426411524415 ], [ 366552.715761841041967, 6929953.643109990283847 ], [ 366552.156873626168817, 6929951.446157563477755 ], [ 366551.385337616549805, 6929949.314564688131213 ], [ 366550.408584125689231, 6929947.268859768286347 ], [ 366549.236019823641982, 6929945.328744061291218 ], [ 366547.878937145636883, 6929943.512901940383017 ], [ 366546.35040553973522, 6929941.838820959441364 ], [ 366544.665145600913092, 6929940.322623433545232 ], [ 366542.839387303567491, 6929938.978911171667278 ], [ 366540.890713698172476, 6929937.820624860003591 ], [ 366538.837891576869879, 6929936.858919427730143 ], [ 366536.700690738798585, 6929936.103056623600423 ], [ 366534.499693596386351, 6929935.560315819457173 ], [ 366532.256096955330577, 6929935.23592390678823 ], [ 366521.882544333639089, 6929934.252661016769707 ] ] ] } },
{ "type": "Feature", "properties": { "id": "56", "_id": 57, "width": 83.56, "depth": 16.85, "manning_n": 0.0219 }, "geometry": { "type": "Polygon", "coordinates": [ [ [ 366424.640807394345757, 6930101.580304549075663 ], [ 366424.08100392279448, 6930102.092898922972381 ], [ 366421.33007167064352, 6930105.162564523518085 ], [ 366418.895007287268527, 6930108.488363165408373 ], [ 366416.799512451223563, 6930112.037923215888441 ], [ 366415.063983643660322, 6930115.776695061475039 ], [ 366413.705313619342633, 6930119.668287399224937 ], [ 366412.736726981413085, 6930123.674821447581053 ], [ 366412.167651459749322, 6930127.757299642078578 ], [ 366411.286717940820381, 6930137.612260526046157 ], [ 366410.354811362805776, 6930147.469339405186474 ], [ 366409.412864859041292, 6930157.432702300138772 ], [ 366409.227799158368725, 6930161.549466142430902 ], [ 366409.449191774765495, 6930165.664436270482838 ], [ 366410.074888860806823, 6930169.737579652108252 ], [ 366411.098803239350673, 6930173.729270169511437 ], [ 366412.510973623429891, 6930177.600674133747816 ], [ 366414.29766152612865, 6930181.314128076657653 ], [ 366416.441484916955233, 6930184.833505168557167 ], [ 366418.921587325457949, 6930188.124566682614386 ], [ 366427.857063172967173, 6930198.838600974529982 ], [ 366435.569359493209049, 6930208.176846506074071 ], [ 366436.192005620279815, 6930212.203130516223609 ], [ 366437.204741773894057, 6930216.152097844518721 ], [ 366438.597525582066737, 6930219.983563718385994 ], [ 366440.357096014427952, 6930223.661047827452421 ], [ 366442.466699776763562, 6930227.149535959586501 ], [ 366444.906250823347364, 6930230.415813377127051 ], [ 366453.910292621818371, 6930241.318344805389643 ], [ 366456.673129360249732, 6930244.347785525023937 ], [ 366459.719599400705192, 6930247.091833303682506 ], [ 366463.020363571471535, 6930249.52406146004796 ], [ 366466.543633709021378, 6930251.621046308428049 ], [ 366470.25547879608348, 6930253.362592738121748 ], [ 366474.120151735201944, 6930254.731928705237806 ], [ 366478.100433613464702, 6930255.715866754762828 ], [ 366482.157992140506394, 6930256.304931026883423 ], [ 366486.253750809584744, 6930256.493448509834707 ], [ 366490.348265225766227, 6930256.279603677801788 ], [ 366494.402102976979222, 6930255.665455972775817 ], [ 366498.376223389524966, 6930254.656919972971082 ], [ 366502.232353511441033, 6930253.263708431273699 ], [ 366505.933356701687444, 6930251.499238736927509 ], [ 366509.443590276292525, 6930249.380503696389496 ], [ 366512.729248767078388, 6930246.927907888777554 ], [ 366515.758689486654475, 6930244.165071150287986 ], [ 366518.502737264905591, 6930241.118601109832525 ], [ 366520.934965421562083, 6930237.817836939357221 ], [ 366523.031950269942172, 6930234.29456680174917 ], [ 366524.773496699577663, 6930230.582721713930368 ], [ 366526.142832666402683, 6930226.718048775568604 ], [ 366527.126770716451574, 6930222.737766897305846 ], [ 366527.715834988455754, 6930218.680208370089531 ], [ 366527.904352471465245, 6930214.584449701011181 ], [ 366527.690507638966665, 6930210.489935284480453 ], [ 366527.076359933766071, 6930206.43609753344208 ], [ 366526.06782393384492, 6930202.461977120488882 ], [ 366524.674612392263953, 6930198.605846999213099 ], [ 366522.91014269774314, 6930194.904843809083104 ], [ 366520.791407658078242, 6930191.394610234536231 ], [ 366519.576436516072135, 6930189.766955063678324 ], [ 366519.566996953391936, 6930189.598009397275746 ], [ 366518.943940320750698, 6930185.569114021025598 ], [ 366517.931188524118625, 6930181.620122842490673 ], [ 366516.538384345069062, 6930177.788635658100247 ], [ 366514.778789183532353, 6930174.111133462749422 ], [ 366512.669156790943816, 6930170.622631105594337 ], [ 366510.229573751741555, 6930167.356343897990882 ], [ 366501.225454602681566, 6930156.453833696432412 ], [ 366495.953974369273055, 6930150.070990676060319 ], [ 366497.112067970039789, 6930148.779426016844809 ], [ 366499.544154216069728, 6930145.460865598171949 ], [ 366501.63804364297539, 6930141.919183253310621 ], [ 366503.37343047343893, 6930138.188724928535521 ], [ 366504.733485557953827, 6930134.305667250417173 ], [ 366505.705019577406347, 6930130.307666699402034 ], [ 366506.278610948706046, 6930126.23349442705512 ], [ 366507.166644651792012, 6930116.459687300957739 ], [ 366508.101461905345786, 6930106.572476221248507 ], [ 366508.371875243319664, 6930103.712441272102296 ], [ 366508.751667314325459, 6930103.36900413967669 ], [ 366511.525374373886734, 6930100.311554896645248 ], [ 366513.983815535379108, 6930096.995304938405752 ], [ 366516.102989794744644, 6930093.452629792504013 ], [ 366517.862208306381945, 6930089.718115505762398 ], [ 366519.244296361750457, 6930085.828220991417766 ], [ 366520.235761060670484, 6930081.820922090671957 ], [ 366520.826923038635869, 6930077.735340829007328 ], [ 366521.768998651125003, 6930067.772022406570613 ], [ 366521.788548741256818, 6930067.559469976462424 ], [ 366522.669600531691685, 6930057.704554666765034 ], [ 366522.9313741918304, 6930054.93610548786819 ], [ 366523.529194700880907, 6930054.386788118630648 ], [ 366526.252135202346835, 6930051.343330486677587 ], [ 366528.664943425450474, 6930048.048577718436718 ], [ 366530.744567567831837, 6930044.534007650800049 ], [ 366532.471139044850133, 6930040.833198244683444 ], [ 366533.828162312391214, 6930036.981506774201989 ], [ 366533.85344778758008, 6930036.878607385791838 ], [ 366543.118732327246107, 6930029.200117125175893 ], [ 366546.134566526045091, 6930026.441098411567509 ], [ 366548.866367269656621, 6930023.400587784126401 ], [ 366551.287987546471413, 6930020.107687024399638 ], [ 366553.376249189546797, 6930016.593913626857102 ], [ 366555.111164722882677, 6930012.892899135127664 ], [ 366556.476128668524325, 6930009.040067240595818 ], [ 366557.458076483453624, 6930005.07229473348707 ], [ 366558.047609604836907, 6930001.027558539994061 ], [ 366558.994304140447639, 6929991.175596226938069 ], [ 366559.019838573818561, 6929990.900303572416306 ], [ 366559.027208979707211, 6929990.817876803688705 ], [ 366565.577782438544091, 6929980.260436897166073 ], [ 366567.565914345555939, 6929976.674616288393736 ], [ 366569.193000972212758, 6929972.911191381514072 ], [ 366570.443372584879398, 6929969.006406016647816 ], [ 366571.304987421375699, 6929964.997865410521626 ], [ 366571.769547659845557, 6929960.924174001440406 ], [ 366571.832579331239685, 6929956.824563662521541 ], [ 366571.493475406081416, 6929952.738515884615481 ], [ 366570.755501640553121, 6929948.705381540581584 ], [ 366569.625765125383623, 6929944.764001918956637 ], [ 366568.11514584091492, 6929940.952334660105407 ], [ 366566.238191876502242, 6929937.307088202796876 ], [ 366564.012979324965272, 6929933.863368263468146 ], [ 366561.460938199597877, 6929930.654339748434722 ], [ 366558.606646051513962, 6929927.710907355882227 ], [ 366555.477591274364386, 6929925.061417949385941 ], [ 366552.103908376186155, 6929922.73138755839318 ], [ 366548.51808776758844, 6929920.743255651555955 ], [ 366544.754662861232646, 6929919.116169025190175 ], [ 366540.849877496191766, 6929917.865797412581742 ], [ 366536.841336890123785, 6929917.004182576201856 ], [ 366532.76764548040228, 6929916.539622337557375 ], [ 366528.668035142181907, 6929916.476590665988624 ], [ 366524.581987364159431, 6929916.815694591030478 ], [ 366520.548853019950911, 6929917.553668356500566 ], [ 366516.607473398151342, 6929918.683404872193933 ], [ 366512.795806139067281, 6929920.194024156779051 ], [ 366509.150559682049789, 6929922.070978120900691 ], [ 366505.70683974318672, 6929924.296190672554076 ], [ 366502.49781122803688, 6929926.848231798037887 ], [ 366499.554378835426178, 6929929.702523945830762 ], [ 366496.904889428289607, 6929932.831578723154962 ], [ 366494.574859038053546, 6929936.205261620692909 ], [ 366482.795118447218556, 6929955.19045492913574 ], [ 366480.898617592931259, 6929958.591158856637776 ], [ 366479.326944634085521, 6929962.153650513850152 ], [ 366478.093750667991117, 6929965.846987126395106 ], [ 366477.209746861073654, 6929969.639089440926909 ], [ 366476.682611414929852, 6929973.497020351700485 ], [ 366476.465806373395026, 6929975.921654685400426 ], [ 366468.002041329164058, 6929982.967697388492525 ], [ 366464.994941427721642, 6929985.730787527747452 ], [ 366462.271962150873151, 6929988.774256073869765 ], [ 366459.859119086759165, 6929992.069025455974042 ], [ 366457.779464754275978, 6929995.583617151714861 ], [ 366456.052868357277475, 6929999.28445243742317 ], [ 366454.695825952396262, 6930003.136173201724887 ], [ 366454.626134852471296, 6930003.419780043885112 ], [ 366453.220974989410024, 6930004.710691122338176 ], [ 366450.502408434462268, 6930007.747536346316338 ], [ 366448.092689739831258, 6930011.034828369505703 ], [ 366446.014752831368241, 6930014.54128116928041 ], [ 366444.288373980496544, 6930018.233522912487388 ], [ 366442.929983588284813, 6930022.076413566246629 ], [ 366441.952509812952485, 6930026.03337932843715 ], [ 366441.365255529235583, 6930030.066760718822479 ], [ 366440.418688055302482, 6930039.918734446167946 ], [ 366440.412705023307353, 6930039.981503972783685 ], [ 366439.470612916047685, 6930049.944821595214307 ], [ 366439.451056342804804, 6930050.157442590221763 ], [ 366439.215451281808782, 6930052.792779068462551 ], [ 366438.801377161522396, 6930053.167457313276827 ], [ 366436.012698240345344, 6930056.247339610010386 ], [ 366433.543707857606933, 6930059.588969686999917 ], [ 366431.418822537059896, 6930063.159301248379052 ], [ 366429.659055852913298, 6930066.923026305623353 ], [ 366428.281810620916076, 6930070.842924347147346 ], [ 366427.300706797337625, 6930074.880230424925685 ], [ 366426.725446787197143, 6930078.995018512941897 ], [ 366425.844444620131981, 6930088.849973067641258 ], [ 366424.912468654627446, 6930098.707045404240489 ], [ 366424.640807394345757, 6930101.580304549075663 ] ] ] } },
{ "type": "Feature", "properties": { "id": "57", "_id": 58, "width": 70.74, "depth": 23.87, "manning_n": 0.5486 }, "geometry": { "type": "Polygon", "coordinates": [ [ [ 370338.040424093254842, 6930659.605340411886573 ], [ 370338.147194673772901, 6930661.48523869831115 ], [ 370338.681373751780484, 6930664.909408192150295 ], [ 370339.548089171061292, 6930668.264864702709019 ], [ 370340.739020235196222, 6930671.519394963048398 ], [ 370342.242733692051843, 6930674.641754624433815 ], [ 370344.044793496024795, 6930677.601968210190535 ], [ 370346.12789939797949, 6930680.371616890653968 ], [ 370355.091671199013945, 6930691.147239109501243 ], [ 370355.108815252664499, 6930691.167928687296808 ], [ 370355.208914868184365, 6930693.050413495860994 ], [ 370355.739513176435139, 6930696.510911579243839 ], [ 370356.609614400251303, 6930699.902003646828234 ], [ 370357.81069403764559, 6930703.190466701053083 ], [ 370359.330984945234377, 6930706.344083213247359 ], [ 370361.155592622817494, 6930709.331956766545773 ], [ 370363.266641136433464, 6930712.124814751558006 ], [ 370372.215897888119798, 6930722.819876316934824 ], [ 370381.118728853471112, 6930733.627644523978233 ], [ 370381.226904295443092, 6930733.75832637026906 ], [ 370390.190430186281446, 6930744.534041062928736 ], [ 370399.209800012758933, 6930755.419079247862101 ], [ 370401.546958244696725, 6930757.974028895609081 ], [ 370404.122742518084124, 6930760.288205138407648 ], [ 370406.91246623074403, 6930762.339428653940558 ], [ 370409.889392361335922, 6930764.108040289022028 ], [ 370413.024989720026497, 6930765.577089474536479 ], [ 370416.289206394052599, 6930766.732496678829193 ], [ 370419.65075776912272, 6930767.563188352622092 ], [ 370423.077426364296116, 6930768.061203054152429 ], [ 370433.020177186641376, 6930769.012184622697532 ], [ 370438.399589113309048, 6930769.526718760840595 ], [ 370447.028906390070915, 6930779.901120844297111 ], [ 370456.015273588127457, 6930790.746815261431038 ], [ 370464.971719910681713, 6930801.62043516151607 ], [ 370465.079890229972079, 6930801.751119999215007 ], [ 370474.06455524044577, 6930812.553006023168564 ], [ 370476.400526727375109, 6930815.097674435004592 ], [ 370478.973577904631384, 6930817.402345290407538 ], [ 370481.759167606127448, 6930819.445037173107266 ], [ 370484.73072752263397, 6930821.206267360597849 ], [ 370487.859915604116395, 6930822.669237648136914 ], [ 370491.116886379662901, 6930823.819994564168155 ], [ 370494.470575616578571, 6930824.647562455385923 ], [ 370497.888996603898704, 6930825.144048171117902 ], [ 370507.831583580584265, 6930826.095254840329289 ], [ 370517.774057027301751, 6930827.046480975113809 ], [ 370518.16399407206336, 6930827.081610644236207 ], [ 370527.90706165129086, 6930827.905034408904612 ], [ 370537.654593601822853, 6930828.837669330649078 ], [ 370543.031994193443097, 6930829.352190491743386 ], [ 370551.696574662637431, 6930839.810277449898422 ], [ 370554.031434658332728, 6930842.363229562528431 ], [ 370556.604538367013447, 6930844.675862908363342 ], [ 370559.391267947677989, 6930846.726051663048565 ], [ 370562.364961721177679, 6930848.494180909357965 ], [ 370565.497169252252206, 6930849.963334294967353 ], [ 370568.757923545548692, 6930851.11945588234812 ], [ 370572.116027751122601, 6930851.951484628021717 ], [ 370575.539353635977022, 6930852.45146020129323 ], [ 370585.430313371645752, 6930853.40490161255002 ], [ 370585.84470755874645, 6930853.442388512194157 ], [ 370595.58766894065775, 6930854.266009183600545 ], [ 370600.764754709030967, 6930854.761458109132946 ], [ 370602.819969121715985, 6930857.005583013407886 ], [ 370605.434477473492734, 6930859.345663577318192 ], [ 370608.267977113719098, 6930861.415183027274907 ], [ 370611.29258317197673, 6930863.193774930201471 ], [ 370614.478530072432477, 6930864.663935911841691 ], [ 370617.79446446133079, 6930865.81119791045785 ], [ 370621.207753759692423, 6930866.624270557425916 ], [ 370624.684807305107825, 6930867.095152291469276 ], [ 370634.387461943202652, 6930867.9217230072245 ], [ 370644.146125741652213, 6930868.855749213136733 ], [ 370654.088413942314219, 6930869.807380901649594 ], [ 370664.030623383587226, 6930870.759035374969244 ], [ 370673.972969052672852, 6930871.710733212530613 ], [ 370674.362910164811183, 6930871.745882175862789 ], [ 370684.300955561979208, 6930872.586265376769006 ], [ 370687.769843617104925, 6930872.708678179420531 ], [ 370691.234026580990758, 6930872.490491043776274 ], [ 370694.660142477951013, 6930871.933805231936276 ], [ 370698.01519593904959, 6930871.043981930240989 ], [ 370701.266875965287909, 6930869.829590626060963 ], [ 370704.383867100579664, 6930868.302326570264995 ], [ 370707.336151016294025, 6930866.476898151449859 ], [ 370710.095295604493003, 6930864.370885241776705 ], [ 370712.634728794510011, 6930862.004569897428155 ], [ 370714.929994456411805, 6930859.400741029530764 ], [ 370716.958987927238923, 6930856.584474932402372 ], [ 370718.702168890740722, 6930853.582893788814545 ], [ 370720.142749561229721, 6930850.424904465675354 ], [ 370721.266856359434314, 6930847.14092012681067 ], [ 370722.06366352236364, 6930843.762567336671054 ], [ 370722.525497361377347, 6930840.322381477802992 ], [ 370722.647910164261702, 6930836.853493423201144 ], [ 370722.429723028733861, 6930833.389310458675027 ], [ 370721.873037216195371, 6930829.963194562122226 ], [ 370720.983213915373199, 6930826.60814110096544 ], [ 370719.76882261101855, 6930823.356461075134575 ], [ 370718.24155855528079, 6930820.23946993984282 ], [ 370716.416130135941785, 6930817.287186023779213 ], [ 370714.310117226501461, 6930814.528041435405612 ], [ 370711.943801882560365, 6930811.988608245737851 ], [ 370709.339973014430143, 6930809.69334258325398 ], [ 370706.523706917476375, 6930807.664349112659693 ], [ 370703.522125773830339, 6930805.921168149448931 ], [ 370700.364136450691149, 6930804.480587478727102 ], [ 370697.080152111593634, 6930803.356480680406094 ], [ 370693.701799320871942, 6930802.559673517942429 ], [ 370690.261613462760579, 6930802.097839678637683 ], [ 370680.518635893589817, 6930801.273951847106218 ], [ 370670.771128763852175, 6930800.34090427774936 ], [ 370660.828634826408233, 6930799.389222572557628 ], [ 370650.886133779073134, 6930798.437570511363447 ], [ 370645.465801991871558, 6930797.918776951730251 ], [ 370643.547031775524374, 6930795.820894383825362 ], [ 370640.971355502202641, 6930793.506483720615506 ], [ 370638.181711917335633, 6930791.455022376030684 ], [ 370635.204838453035336, 6930789.686172649264336 ], [ 370632.069267052575015, 6930788.216888139024377 ], [ 370628.805050704686437, 6930787.061251251958311 ], [ 370625.443475400214083, 6930786.230338229797781 ], [ 370622.016760269878432, 6930785.732112984173 ], [ 370612.074308519484475, 6930784.780586536042392 ], [ 370602.13174324366264, 6930783.829079548828304 ], [ 370601.741590956924483, 6930783.793921029195189 ], [ 370596.804328324680682, 6930783.376549821346998 ], [ 370588.101975067460444, 6930772.91358323674649 ], [ 370585.766037211520597, 6930770.368835895322263 ], [ 370583.19300949620083, 6930768.064085784368217 ], [ 370580.407433366694022, 6930766.021315527148545 ], [ 370577.435877547308337, 6930764.260008992627263 ], [ 370574.306684629933443, 6930762.796965457499027 ], [ 370571.04970074351877, 6930761.646139380522072 ], [ 370567.695990882464685, 6930760.818507296964526 ], [ 370564.277542610128876, 6930760.321963132359087 ], [ 370554.334990847622976, 6930759.370608241297305 ], [ 370544.39232555765193, 6930758.419272813946009 ], [ 370534.449653158779256, 6930757.467967032454908 ], [ 370534.05950341821881, 6930757.432817013002932 ], [ 370524.316329420951661, 6930756.609384254552424 ], [ 370519.135958941362333, 6930756.113762736320496 ], [ 370510.584818296134472, 6930745.73220628593117 ], [ 370510.519484363554511, 6930745.65312126185745 ], [ 370501.478857727022842, 6930734.741940840147436 ], [ 370501.435738091997337, 6930734.690000493079424 ], [ 370492.472393877338618, 6930723.914022056385875 ], [ 370483.4530944355065, 6930713.028766439296305 ], [ 370481.083162312454078, 6930710.441310270689428 ], [ 370478.468526531476527, 6930708.101398429833353 ], [ 370475.634917835181113, 6930706.032058088108897 ], [ 370472.610221887996886, 6930704.253653714433312 ], [ 370469.42420485225739, 6930702.78368666023016 ], [ 370466.108220458030701, 6930701.636622935533524 ], [ 370462.69490144966403, 6930700.823750843293965 ], [ 370459.217838445678353, 6930700.353069892153144 ], [ 370449.51471510832198, 6930699.527014564722776 ], [ 370444.356640716374386, 6930699.033651089295745 ], [ 370435.665400703321211, 6930688.585271306335926 ], [ 370426.729827138653491, 6930677.737754571251571 ], [ 370426.624666909745429, 6930677.611091162078083 ], [ 370426.534334419353399, 6930675.882939776405692 ], [ 370426.012113352189772, 6930672.442617550492287 ], [ 370425.154367343115155, 6930669.070258785039186 ], [ 370423.969398341316264, 6930665.798503855243325 ], [ 370422.468675420968793, 6930662.659019410610199 ], [ 370420.666723774163984, 6930659.682191884145141 ], [ 370418.580984124739189, 6930656.896833384409547 ], [ 370409.539829995948821, 6930645.985897865146399 ], [ 370409.500632115988992, 6930645.938685336150229 ], [ 370409.393851056986023, 6930644.058634838089347 ], [ 370408.85966290225042, 6930640.634443587623537 ], [ 370407.992934146081097, 6930637.278966875746846 ], [ 370406.801985722966492, 6930634.024418588727713 ], [ 370405.298251202737447, 6930630.90204366017133 ], [ 370403.496167023957241, 6930627.941818109713495 ], [ 370401.413033898221329, 6930625.172161256894469 ], [ 370392.81864836596651, 6930614.840698435902596 ], [ 370393.011811569915153, 6930612.895401775836945 ], [ 370393.184895487094764, 6930609.428672597743571 ], [ 370393.017347077606246, 6930605.961671478115022 ], [ 370392.51077992428327, 6930602.527787532657385 ], [ 370391.670072545588482, 6930599.160090940073133 ], [ 370390.5033214133, 6930595.891014461405575 ], [ 370389.021762978634797, 6930592.75204108748585 ], [ 370387.23966545908479, 6930589.773400850594044 ], [ 370385.174191428057384, 6930586.983779682777822 ], [ 370382.8452325296239, 6930584.410043160431087 ], [ 370380.275217910995707, 6930582.076977775432169 ], [ 370377.488898217910901, 6930580.007052220404148 ], [ 370374.513107232167386, 6930578.220201011747122 ], [ 370371.376503447711002, 6930576.733632502146065 ], [ 370368.109294073597994, 6930575.561663160100579 ], [ 370364.742944122233894, 6930574.715579690411687 ], [ 370361.309873383725062, 6930574.20353033952415 ], [ 370357.84314420609735, 6930574.030446422286332 ], [ 370354.376143086468801, 6930574.197994831949472 ], [ 370350.942259140778333, 6930574.704561985097826 ], [ 370347.574562548601534, 6930575.545269363559783 ], [ 370344.30548606911907, 6930576.712020495906472 ], [ 370341.166512695897836, 6930578.193578930571675 ], [ 370338.187872458423954, 6930579.975676449947059 ], [ 370335.398251290491316, 6930582.041150481440127 ], [ 370332.824514768901281, 6930584.370109379291534 ], [ 370330.491449383320287, 6930586.940123998560011 ], [ 370328.421523828816134, 6930589.726443691179156 ], [ 370326.634672619926278, 6930592.702234677039087 ], [ 370325.148104110674467, 6930595.838838461786509 ], [ 370323.976134768454358, 6930599.106047836132348 ], [ 370323.130051298590843, 6930602.472397787496448 ], [ 370322.618001947528683, 6930605.905468525364995 ], [ 370321.951023459725548, 6930612.622436343692243 ], [ 370321.922009453177452, 6930612.928117242641747 ], [ 370321.02024238568265, 6930622.888207443989813 ], [ 370320.877059993392322, 6930626.329643114469945 ], [ 370321.069294032873586, 6930629.768687565810978 ], [ 370321.595121487684082, 6930633.172727247700095 ], [ 370322.449555768806022, 6930636.509480569511652 ], [ 370323.624494004296139, 6930639.747304037213326 ], [ 370325.108793881372549, 6930642.855492343194783 ], [ 370326.888379312353209, 6930645.804569548927248 ], [ 370328.946373922692146, 6930648.566568616777658 ], [ 370337.936203604796901, 6930659.479442229494452 ], [ 370338.040424093254842, 6930659.605340411886573 ] ] ] } },
{ "type": "Feature", "properties": { "id": "58", "_id": 59, "width": 75.01, "depth": 49.82, "manning_n": 0.4753 }, "geometry": { "type": "Polygon", "coordinates": [ [ [ 374683.862209893937688, 6930586.609608178026974 ], [ 374691.952078425500076, 6930596.398580732755363 ], [ 374694.463658657798078, 6930599.147512825205922 ], [ 374697.235440811200533, 6930601.633852827362716 ], [ 374700.240104296128266, 6930603.833093662746251 ], [ 374703.448033084277995, 6930605.723558103665709 ], [ 374706.827607625105884, 6930607.286612432450056 ], [ 374710.345516509318259, 6930608.506850111298263 ], [ 374713.967084809381049, 6930609.372243640013039 ], [ 374717.656615859363228, 6930609.874263104051352 ], [ 374721.961292411840986, 6930610.243535886518657 ], [ 374723.437350806780159, 6930611.846932323649526 ], [ 374726.155476033396553, 6930614.276863655075431 ], [ 374729.096696543681901, 6930616.431392125785351 ], [ 374732.233217459695879, 6930618.290157190524042 ], [ 374735.535398291947786, 6930619.835593300871551 ], [ 374738.972033045254648, 6930621.053095906041563 ], [ 374740.122584639466368, 6930621.338591293431818 ], [ 374748.906243464618456, 6930631.864076344296336 ], [ 374751.37788353394717, 6930634.548769599758089 ], [ 374754.098732011159882, 6930636.980552088469267 ], [ 374757.043030501401518, 6930639.136402015574276 ], [ 374760.182905198074877, 6930640.995909852907062 ], [ 374763.48863076599082, 6930642.541471555829048 ], [ 374766.928911752183922, 6930643.758455221541226 ], [ 374770.471178861509543, 6930644.635339612141252 ], [ 374774.081897291587666, 6930645.163823221810162 ], [ 374778.689091310312506, 6930645.610568548552692 ], [ 374780.051240749424323, 6930647.111780850216746 ], [ 374782.783540112373885, 6930649.584786648862064 ], [ 374785.7453550666105, 6930651.777700159698725 ], [ 374788.908088756375946, 6930653.669348408468068 ], [ 374792.241204419231508, 6930655.241467191837728 ], [ 374795.712520224333275, 6930656.478877418674529 ], [ 374797.140159737144131, 6930656.834491527639329 ], [ 374799.193751962215174, 6930659.065180632285774 ], [ 374801.914568066655193, 6930661.497018908150494 ], [ 374804.858840509317815, 6930663.652926479466259 ], [ 374807.998695531161502, 6930665.512493127025664 ], [ 374811.304407770687249, 6930667.058114122599363 ], [ 374814.744681677490007, 6930668.275156898424029 ], [ 374816.105336669599637, 6930668.612008052878082 ], [ 374818.179015375499148, 6930670.862657477147877 ], [ 374820.926276388403494, 6930673.311968575231731 ], [ 374823.900383058236912, 6930675.480206903070211 ], [ 374827.072693112015259, 6930677.346491140313447 ], [ 374830.412655469786841, 6930678.89284794870764 ], [ 374833.888104468176607, 6930680.10438506770879 ], [ 374837.465569633466657, 6930680.969434731639922 ], [ 374841.110598020488396, 6930681.479666039347649 ], [ 374844.788086013286375, 6930681.630165185779333 ], [ 374848.462617392186075, 6930681.419482780620456 ], [ 374852.09880441124551, 6930680.849647811613977 ], [ 374855.661628601839766, 6930679.926148099824786 ], [ 374859.116778019291814, 6930678.65787745360285 ], [ 374862.430977685959078, 6930677.057050011120737 ], [ 374865.572310047340579, 6930675.139082617126405 ], [ 374868.510522355558351, 6930672.922446344979107 ], [ 374871.217318019887898, 6930670.428488614968956 ], [ 374873.666629118379205, 6930667.68122760206461 ], [ 374875.834867446275894, 6930664.707120931707323 ], [ 374877.701151683111675, 6930661.53481087833643 ], [ 374879.247508491622284, 6930658.194848520681262 ], [ 374880.459045610215981, 6930654.719399522058666 ], [ 374881.324095274321735, 6930651.1419343566522 ], [ 374881.834326582727954, 6930647.496905969455838 ], [ 374881.984825728985015, 6930643.819417976774275 ], [ 374881.774143324058969, 6930640.14488659799099 ], [ 374881.204308354703244, 6930636.508699579164386 ], [ 374880.280808643146884, 6930632.94587538857013 ], [ 374879.012537996459287, 6930629.490725970827043 ], [ 374877.411710554268211, 6930626.176526304334402 ], [ 374875.493743159982841, 6930623.03519394248724 ], [ 374873.277106888068374, 6930620.096981634385884 ], [ 374864.255207895243075, 6930609.285459411330521 ], [ 374861.783601596427616, 6930606.600670614279807 ], [ 374859.062774366408121, 6930604.168793199583888 ], [ 374856.118485068553127, 6930602.012850456871092 ], [ 374852.978608146600891, 6930600.153253324329853 ], [ 374849.672869729576632, 6930598.607607149519026 ], [ 374846.232566205202602, 6930597.390545015223324 ], [ 374844.872139252373017, 6930597.053748328238726 ], [ 374842.82023384020431, 6930594.824893184937537 ], [ 374840.0993939723121, 6930592.393039194867015 ], [ 374837.155094729154371, 6930590.237120508216321 ], [ 374834.015210554061923, 6930588.377547766081989 ], [ 374830.709467543812934, 6930586.831926024518907 ], [ 374827.269162023614626, 6930585.614888085983694 ], [ 374826.08644388942048, 6930585.322094088420272 ], [ 374824.046787624596618, 6930583.077332925051451 ], [ 374821.270826429186855, 6930580.575278860516846 ], [ 374818.259641666780226, 6930578.361910064704716 ], [ 374815.043131080805324, 6930576.459202848374844 ], [ 374811.6532310739276, 6930574.886048995889723 ], [ 374808.123599614365958, 6930573.658068190328777 ], [ 374804.489282049646135, 6930572.787452925927937 ], [ 374800.78636314481264, 6930572.282847451977432 ], [ 374796.591612283082213, 6930571.922916049137712 ], [ 374788.563513810571749, 6930562.20833445712924 ], [ 374786.091108357300982, 6930559.498185667209327 ], [ 374783.365759784181137, 6930557.042545150965452 ], [ 374780.413542495924048, 6930554.864906918257475 ], [ 374777.262701433384791, 6930552.986105229705572 ], [ 374773.943381843273528, 6930551.424115265719593 ], [ 374770.487340868101455, 6930550.193881154991686 ], [ 374769.13524046621751, 6930549.857077656313777 ], [ 374767.064249339862727, 6930547.607621921226382 ], [ 374764.343359006044921, 6930545.175861622206867 ], [ 374761.399020068754908, 6930543.020039138384163 ], [ 374758.259106968354899, 6930541.160563921555877 ], [ 374754.953345671179704, 6930539.615039865486324 ], [ 374751.513032250048127, 6930538.398098649457097 ], [ 374747.970736600342207, 6930537.521261212415993 ], [ 374744.359994096448645, 6930536.992828690446913 ], [ 374739.798833180626389, 6930536.550616234540939 ], [ 374731.728907789685763, 6930526.823641458526254 ], [ 374729.255329692095984, 6930524.122264438308775 ], [ 374726.530042325612158, 6930521.675054766237736 ], [ 374723.579038777563255, 6930519.505353296175599 ], [ 374720.430464958015364, 6930517.633854080922902 ], [ 374717.114351151452865, 6930516.078406997956336 ], [ 374713.662325595272705, 6930514.853847498074174 ], [ 374710.107312818232458, 6930513.971855114214122 ], [ 374706.483219614601694, 6930513.440842063166201 ], [ 374696.541733981634025, 6930512.477118467912078 ], [ 374691.791793447453529, 6930512.016675647348166 ], [ 374691.266391671844758, 6930511.440543485805392 ], [ 374688.53170751221478, 6930508.977198102511466 ], [ 374685.568741534138098, 6930506.793760321103036 ], [ 374682.406028719735332, 6930504.91125784162432 ], [ 374679.074027722352184, 6930503.347820192575455 ], [ 374675.604827533010393, 6930502.118504132144153 ], [ 374672.03183844598243, 6930501.235148645937443 ], [ 374668.389470299414825, 6930500.706260931678116 ], [ 374664.712801089684945, 6930500.536934465169907 ], [ 374661.037239151075482, 6930500.72879995405674 ], [ 374657.398182154400274, 6930501.280009628273547 ], [ 374653.830676207784563, 6930502.185255037620664 ], [ 374650.369078343792353, 6930503.435818173922598 ], [ 374647.046725642052479, 6930505.019655430689454 ], [ 374643.89561417530058, 6930506.92151358909905 ], [ 374640.946090869547334, 6930509.123076715506613 ], [ 374638.22656124655623, 6930511.603142553009093 ], [ 374635.763215863320511, 6930514.337826712988317 ], [ 374633.579778082377743, 6930517.300792690366507 ], [ 374631.69727560330648, 6930520.463505504652858 ], [ 374630.133837953850161, 6930523.795506502501667 ], [ 374628.90452189341886, 6930527.264706691727042 ], [ 374628.021166407619603, 6930530.837695779278874 ], [ 374627.492278692661785, 6930534.480063925497234 ], [ 374627.322952226328198, 6930538.156733134761453 ], [ 374627.514817715098616, 6930541.832295074127614 ], [ 374628.066027389431838, 6930545.471352070569992 ], [ 374628.971272798837163, 6930549.038858016952872 ], [ 374630.221835935197305, 6930552.500455881468952 ], [ 374631.805673191789538, 6930555.822808583267033 ], [ 374633.707531350082718, 6930558.973920049145818 ], [ 374635.909094476373866, 6930561.923443355597556 ], [ 374644.125497966422699, 6930571.872806414030492 ], [ 374646.637336322397459, 6930574.623876673169434 ], [ 374649.409703785611782, 6930577.112188981845975 ], [ 374652.415248263627291, 6930579.31319372728467 ], [ 374655.62431714637205, 6930581.205175863578916 ], [ 374659.005249858484603, 6930582.769469152204692 ], [ 374662.524690221063793, 6930583.990640323609114 ], [ 374666.147915543115232, 6930584.856641341932118 ], [ 374669.839179194415919, 6930585.358928265981376 ], [ 374679.569558871211484, 6930586.19349342212081 ], [ 374683.862209893937688, 6930586.609608178026974 ] ] ] } },
{ "type": "Feature", "properties": { "id": "59", "_id": 60, "width": 88.2, "depth": 33.28, "manning_n": 0.3566 }, "geometry": { "type": "Polygon", "coordinates": [ [ [ 373758.912344122014474, 6930624.494066533632576 ], [ 373760.941507018636912, 6930625.442029002122581 ], [ 373764.987139684380963, 6930626.871768591925502 ], [ 373766.268858693365473, 6930627.18864410277456 ], [ 373766.863634472421836, 6930628.420633872039616 ], [ 373769.123633610841352, 6930632.122091177850962 ], [ 373771.736271260888316, 6930635.583666947670281 ], [ 373780.761702778574545, 6930646.392431150190532 ], [ 373783.66614988836227, 6930649.545660812407732 ], [ 373786.863041773205623, 6930652.401978826150298 ], [ 373790.322167450329289, 6930654.934392668306828 ], [ 373794.010837798123248, 6930657.118970747105777 ], [ 373797.894194472464733, 6930658.935068557970226 ], [ 373801.935539321915712, 6930660.365523774176836 ], [ 373806.096681189141236, 6930661.396818434819579 ], [ 373810.338296821748372, 6930662.01920669246465 ], [ 373812.476225129154045, 6930662.227387674152851 ], [ 373812.525660358893219, 6930662.28105376008898 ], [ 373815.725753037899267, 6930665.139541026204824 ], [ 373819.18849548290018, 6930667.673501831479371 ], [ 373822.881105864304118, 6930669.85894713550806 ], [ 373826.768626189557835, 6930671.675187297165394 ], [ 373830.527403452957515, 6930673.003646999597549 ], [ 373831.489530860271771, 6930674.048223151825368 ], [ 373834.686384711822029, 6930676.904606700874865 ], [ 373838.145479778409936, 6930679.437088259495795 ], [ 373841.83412699442124, 6930681.621735425665975 ], [ 373845.717467985406984, 6930683.437902893871069 ], [ 373849.758804486074951, 6930684.868427557870746 ], [ 373853.919945145433303, 6930685.899790703319013 ], [ 373858.161566441762261, 6930686.522245765663683 ], [ 373868.051621120655909, 6930687.485441105440259 ], [ 373870.250635839707684, 6930687.69807109888643 ], [ 373873.366673695039935, 6930690.503553600050509 ], [ 373876.842294238973409, 6930693.064729504287243 ], [ 373880.551695718779229, 6930695.273779264651239 ], [ 373884.459326274809428, 6930697.10953077673912 ], [ 373888.52773416886339, 6930698.554389727301896 ], [ 373892.717926731333137, 6930699.594508214853704 ], [ 373896.98974407708738, 6930700.219917475245893 ], [ 373899.106647512642667, 6930700.424624930135906 ], [ 373902.148578278371133, 6930703.176430128514767 ], [ 373905.631890817545354, 6930705.754045536741614 ], [ 373909.351360422442667, 6930707.977356872521341 ], [ 373913.271074797550682, 6930709.824897577054799 ], [ 373917.353188240260351, 6930711.278829239308834 ], [ 373921.558287049178034, 6930712.325113830156624 ], [ 373925.845770072366577, 6930712.953649242408574 ], [ 373935.787232654285617, 6930713.915092839859426 ], [ 373936.273369763395749, 6930713.959393065422773 ], [ 373937.692633349099196, 6930714.08080991730094 ], [ 373943.844154425838497, 6930721.565158290788531 ], [ 373944.060772106691729, 6930721.826650910079479 ], [ 373953.085413971566595, 6930732.635875164531171 ], [ 373955.992425540403929, 6930735.792015379294753 ], [ 373959.192404078319669, 6930738.650699460878968 ], [ 373962.655054695904255, 6930741.18486362695694 ], [ 373966.347595729981549, 6930743.370516397058964 ], [ 373970.235069095215295, 6930745.186965722590685 ], [ 373974.280671239597723, 6930746.617014885880053 ], [ 373978.446101571782492, 6930747.647125300019979 ], [ 373982.691925060993526, 6930748.267544688656926 ], [ 373984.518872454296798, 6930748.444262919016182 ], [ 373990.752602034131996, 6930756.028922894969583 ], [ 373990.969214171404019, 6930756.290418855845928 ], [ 373999.993614437873475, 6930767.099768137559295 ], [ 374002.919981012179051, 6930770.275073625147343 ], [ 374006.142861418367829, 6930773.148960915394127 ], [ 374009.631355759804137, 6930775.693876138888299 ], [ 374013.352017522207461, 6930777.885419502854347 ], [ 374017.269174247980118, 6930779.702579224482179 ], [ 374021.345269551675301, 6930781.127932985313237 ], [ 374025.54122319817543, 6930782.147814970463514 ], [ 374029.816805790527724, 6930782.75244689360261 ], [ 374034.131024476257153, 6930782.936031748540699 ], [ 374038.442515973059926, 6930782.696809382177889 ], [ 374042.709943145920988, 6930782.037073380313814 ], [ 374046.892391333705746, 6930780.963149070739746 ], [ 374050.949760625488125, 6930779.485332878306508 ], [ 374054.843150324653834, 6930777.617793610319495 ], [ 374058.53523191617569, 6930775.378436607308686 ], [ 374061.990606959385332, 6930772.788732072338462 ], [ 374069.767020122846588, 6930766.342543167993426 ], [ 374071.185559110366739, 6930766.549866203218699 ], [ 374081.126670696714427, 6930767.511729389429092 ], [ 374091.067902379960287, 6930768.473634522408247 ], [ 374091.554045903321821, 6930768.517958922311664 ], [ 374092.866230780782644, 6930768.630278758704662 ], [ 374096.657648186024744, 6930773.171897538006306 ], [ 374096.435288399166893, 6930774.716365670785308 ], [ 374096.241213059693109, 6930779.036140291020274 ], [ 374096.471127676253673, 6930783.354155723005533 ], [ 374097.122821765195113, 6930787.628896980546415 ], [ 374098.190029700112063, 6930791.819265129975975 ], [ 374099.662490951770451, 6930795.884972432628274 ], [ 374101.526048736472148, 6930799.786929683759809 ], [ 374103.762786125007551, 6930803.48762203194201 ], [ 374105.410355112922844, 6930805.69242078345269 ], [ 374103.484367594646756, 6930807.454595013521612 ], [ 374100.603755228337832, 6930810.660425228066742 ], [ 374098.049831845622975, 6930814.132132347673178 ], [ 374095.846990487130824, 6930817.8365573938936 ], [ 374094.016270937572699, 6930821.738318650051951 ], [ 374092.575158771011047, 6930825.800149603746831 ], [ 374091.537418342079036, 6930829.983254882507026 ], [ 374090.912961320253089, 6930834.247680799104273 ], [ 374089.948578913754318, 6930844.208575874567032 ], [ 374089.74347256636247, 6930848.568484173156321 ], [ 374089.97035736538237, 6930852.92731340508908 ], [ 374090.627010804309975, 6930857.24236557725817 ], [ 374091.707000471418723, 6930861.471371524967253 ], [ 374093.199747060018126, 6930865.572904970496893 ], [ 374095.090628000441939, 6930869.506788325496018 ], [ 374097.361120699089952, 6930873.234486260451376 ], [ 374099.988983981311321, 6930876.719483183696866 ], [ 374108.944727663998492, 6930887.447667622938752 ], [ 374117.905019603786059, 6930898.286900594830513 ], [ 374117.958472321450245, 6930898.351437197066844 ], [ 374126.930588318151422, 6930909.163072714582086 ], [ 374129.839629994879942, 6930912.339199759997427 ], [ 374133.044622876681387, 6930915.21640797611326 ], [ 374136.514996573852841, 6930917.767253500409424 ], [ 374140.217649397382047, 6930919.967405439354479 ], [ 374142.985710770648438, 6930921.265309078618884 ], [ 374142.87834947463125, 6930923.799942659214139 ], [ 374143.119896704505663, 6930928.120965498499572 ], [ 374143.783815120405052, 6930932.397505662404001 ], [ 374144.863710825098678, 6930936.588377732783556 ], [ 374146.349183832644485, 6930940.653221319429576 ], [ 374148.225928225903772, 6930944.552889756858349 ], [ 374150.475869930407498, 6930948.249827106483281 ], [ 374153.077340777614154, 6930951.708429841324687 ], [ 374156.005287181178574, 6930954.895389724522829 ], [ 374159.231511416670401, 6930957.780014591291547 ], [ 374162.724943181034178, 6930960.334523927420378 ], [ 374166.451938816695474, 6930962.534316412173212 ], [ 374170.376605318277143, 6930964.358206839300692 ], [ 374174.461146001936868, 6930965.788630149327219 ], [ 374178.666224508022424, 6930966.811810581944883 ], [ 374182.951343631895725, 6930967.417894352227449 ], [ 374187.275235333829187, 6930967.601044540293515 ], [ 374191.596258173056412, 6930967.359497310593724 ], [ 374195.87279833748471, 6930966.69557889457792 ], [ 374200.063670407631435, 6930965.615683189593256 ], [ 374204.128513994452078, 6930964.130210181698203 ], [ 374208.028182432113681, 6930962.253465788438916 ], [ 374211.72511978179682, 6930960.003524084575474 ], [ 374215.183722515881527, 6930957.402053236961365 ], [ 374218.370682399428915, 6930954.474106833338737 ], [ 374221.255307266488671, 6930951.247882598079741 ], [ 374223.809816602733918, 6930947.754450833424926 ], [ 374226.009609086846467, 6930944.027455197647214 ], [ 374227.83349951467244, 6930940.102788696065545 ], [ 374229.263922824291512, 6930936.018248013220727 ], [ 374230.287103257374838, 6930931.813169506378472 ], [ 374230.893187026958913, 6930927.528050382621586 ], [ 374231.792855955951381, 6930917.714408339001238 ], [ 374232.747293921478558, 6930908.010078275576234 ], [ 374232.959043065609876, 6930903.66871836129576 ], [ 374232.742396731220651, 6930899.327600074931979 ], [ 374232.099459460761864, 6930895.028893842361867 ], [ 374231.036476865701843, 6930890.814358089119196 ], [ 374229.563774955342524, 6930886.724933595396578 ], [ 374227.695659828081261, 6930882.800345784984529 ], [ 374225.450278699339833, 6930879.078718829900026 ], [ 374222.849443616112694, 6930875.596205300651491 ], [ 374213.821754079777747, 6930864.675092892721295 ], [ 374213.686155173636507, 6930864.511855525895953 ], [ 374204.662619999377057, 6930853.702117994427681 ], [ 374201.755767622089479, 6930850.545631093904376 ], [ 374198.55590427754214, 6930847.686597188934684 ], [ 374195.512724458705634, 6930845.459073454141617 ], [ 374198.71210434375098, 6930842.529992685653269 ], [ 374201.608444253099151, 6930839.300506407395005 ], [ 374204.173478823155165, 6930835.802083313465118 ], [ 374206.382388271740638, 6930832.06857483740896 ], [ 374208.213798753800802, 6930828.13610714673996 ], [ 374209.649989179102704, 6930824.042731577530503 ], [ 374210.677062684728298, 6930819.82805644068867 ], [ 374211.285081104142591, 6930815.532863768748939 ], [ 374212.1980706131435, 6930805.573928162455559 ], [ 374212.381435016344767, 6930801.283591026440263 ], [ 374212.146652390540112, 6930796.99576029740274 ], [ 374211.495948935917113, 6930792.751093024387956 ], [ 374210.435494598001242, 6930788.589836983010173 ], [ 374208.975344564940315, 6930784.551449047401547 ], [ 374207.129343924520072, 6930780.674221058376133 ], [ 374204.914996385225095, 6930776.994916746392846 ], [ 374202.353298307280056, 6930773.548423136584461 ], [ 374194.939921371056698, 6930764.527487979270518 ], [ 374194.401309128093999, 6930761.023924613371491 ], [ 374193.327058156719431, 6930756.829938622191548 ], [ 374191.846748643263709, 6930752.761496980674565 ], [ 374189.97464739595307, 6930748.857810189947486 ], [ 374187.728797201882116, 6930745.156500888057053 ], [ 374185.130842935643159, 6930741.693241257220507 ], [ 374176.185184434987605, 6930730.913872271776199 ], [ 374167.183682153467089, 6930720.025175664573908 ], [ 374167.048076293198392, 6930719.861940962262452 ], [ 374158.132838486460969, 6930709.182660071179271 ], [ 374149.263837941281963, 6930698.390937055461109 ], [ 374146.351295529748313, 6930695.182303324341774 ], [ 374143.137905924697407, 6930692.275008883327246 ], [ 374139.654696208948735, 6930689.69712529424578 ], [ 374135.935298730211798, 6930687.473543472588062 ], [ 374132.015626361826435, 6930685.625733351334929 ], [ 374127.933525743777864, 6930684.171536575071514 ], [ 374123.72841185197467, 6930683.12499423045665 ], [ 374119.440887424803805, 6930682.496211273595691 ], [ 374109.499666955671273, 6930681.534246607683599 ], [ 374109.013258261140436, 6930681.489896548911929 ], [ 374099.319438917736989, 6930680.660129172727466 ], [ 374097.396562090259977, 6930680.474073244258761 ], [ 374097.335295750934165, 6930680.407593719661236 ], [ 374094.112442713405471, 6930677.533670321106911 ], [ 374090.623971869819798, 6930674.988716769963503 ], [ 374086.903329564840533, 6930672.797133268788457 ], [ 374082.986188129114453, 6930670.979932020418346 ], [ 374078.910103864211123, 6930669.554535770788789 ], [ 374074.714156964735594, 6930668.534610764123499 ], [ 374070.438576830027159, 6930667.929935714229941 ], [ 374066.124356357438955, 6930667.746308054775 ], [ 374061.812858915596735, 6930667.985488346777856 ], [ 374057.545421765535139, 6930668.645183407701552 ], [ 374053.362959732185118, 6930669.719068291597068 ], [ 374049.305572926416062, 6930671.196846932172775 ], [ 374045.412162277498282, 6930673.064350861124694 ], [ 374041.72005656384863, 6930675.303675045259297 ], [ 374039.613744863483589, 6930676.882264643907547 ], [ 374037.766222013160586, 6930674.876370104961097 ], [ 374034.56623876967933, 6930672.017629445530474 ], [ 374031.103575599787291, 6930669.483412665314972 ], [ 374027.411014914978296, 6930667.297712204046547 ], [ 374023.523515657929238, 6930665.481220957823098 ], [ 374019.477882332692388, 6930664.051136374473572 ], [ 374015.312416561297141, 6930663.020997634157538 ], [ 374011.066554467426613, 6930662.400557468645275 ], [ 374009.239146699255798, 6930662.223789131268859 ], [ 374003.004846467054449, 6930654.638726149685681 ], [ 374002.787992635450792, 6930654.376950684003532 ], [ 373993.763237432285678, 6930643.567774256691337 ], [ 373990.856185164768249, 6930640.41164421942085 ], [ 373987.656165806401987, 6930637.552975681610405 ], [ 373984.193474916624837, 6930635.018832531757653 ], [ 373980.500894846743904, 6930632.833206277340651 ], [ 373976.613384378957562, 6930631.016788906417787 ], [ 373972.567747761146165, 6930629.586776998825371 ], [ 373968.402286269585602, 6930628.556708912365139 ], [ 373964.156435599259567, 6930627.936336616054177 ], [ 373954.214986948820297, 6930626.974833745509386 ], [ 373953.728584658470936, 6930626.930507873184979 ], [ 373952.127676723059267, 6930626.793551494367421 ], [ 373948.960991739993915, 6930623.940828756429255 ], [ 373945.419621469744015, 6930621.33917626645416 ], [ 373941.636914954113308, 6930619.102877876721323 ], [ 373937.650430453766603, 6930617.25413765758276 ], [ 373933.499749528593384, 6930615.811311636120081 ], [ 373929.226084034598898, 6930614.788725542835891 ], [ 373924.871866934059653, 6930614.196532574482262 ], [ 373923.220400516525842, 6930614.055265900678933 ], [ 373919.978239772783127, 6930611.148401139304042 ], [ 373916.444545913429465, 6930608.563259600661695 ], [ 373912.671925421687774, 6930606.34125966951251 ], [ 373908.697564934147522, 6930604.504303551279008 ], [ 373904.560639634088147, 6930603.070498079992831 ], [ 373900.301927102380432, 6930602.053976245224476 ], [ 373895.96340537420474, 6930601.464757880195975 ], [ 373886.269259822613094, 6930600.635607147589326 ], [ 373884.406098418112379, 6930600.455453898757696 ], [ 373884.35501439217478, 6930600.399997141212225 ], [ 373881.154908618016634, 6930597.541463859379292 ], [ 373877.692146342422348, 6930595.007461705245078 ], [ 373873.999510200461373, 6930592.821980564855039 ], [ 373870.111959087080322, 6930591.00571080762893 ], [ 373866.352595356758684, 6930589.677034128457308 ], [ 373865.387872674618848, 6930588.629747584462166 ], [ 373862.18775204900885, 6930585.771241849288344 ], [ 373858.724978087935597, 6930583.237267984077334 ], [ 373855.032333425944671, 6930581.051815522834659 ], [ 373851.144776920031291, 6930579.235574495978653 ], [ 373847.099112688971218, 6930577.80573954526335 ], [ 373845.819740565901157, 6930577.489421024918556 ], [ 373845.267953578615561, 6930576.340635099448264 ], [ 373843.024961211136542, 6930572.647505440749228 ], [ 373840.43131794850342, 6930569.191606706939638 ], [ 373831.45732481504092, 6930558.380909844301641 ], [ 373828.547920484095812, 6930555.2053043814376 ], [ 373825.342626676894724, 6930552.328640476800501 ], [ 373821.872014671098441, 6930549.778355018235743 ], [ 373818.169186282204464, 6930547.57877198047936 ], [ 373814.269458146416582, 6930545.750870429910719 ], [ 373810.210024879837874, 6930544.312084424309433 ], [ 373806.029604325478431, 6930543.276136740110815 ], [ 373801.768068272387609, 6930542.65290798433125 ], [ 373799.599838446360081, 6930542.443316153250635 ], [ 373799.527984451386146, 6930542.365393101237714 ], [ 373796.291512287396472, 6930539.48307391256094 ], [ 373792.787754010991193, 6930536.932349718175828 ], [ 373789.050548092636745, 6930534.7378548104316 ], [ 373785.115987585042603, 6930532.920783103443682 ], [ 373781.022071545012295, 6930531.498683447018266 ], [ 373776.80833804741269, 6930530.485290143638849 ], [ 373772.515482335875276, 6930529.890390307642519 ], [ 373768.995477793563623, 6930529.577893432229757 ], [ 373764.671077486302238, 6930529.407173122279346 ], [ 373760.350766832008958, 6930529.661140229552984 ], [ 373756.076152783934958, 6930530.337348910979927 ], [ 373751.888402212178335, 6930531.429286908358335 ], [ 373747.827845443913247, 6930532.926438261754811 ], [ 373745.132025623635855, 6930534.233378803357482 ], [ 373744.374740076076705, 6930533.675493599846959 ], [ 373740.655571749433875, 6930531.462493283674121 ], [ 373736.737400272220839, 6930529.624691412784159 ], [ 373732.657959777803626, 6930528.179787023924291 ], [ 373728.456537508114707, 6930527.141695335507393 ], [ 373724.173595456290059, 6930526.520413738675416 ], [ 373719.850380695716012, 6930526.321925515308976 ], [ 373715.52852814772632, 6930526.548142214305699 ], [ 373711.249659615044948, 6930527.196885245852172 ], [ 373707.054982940549962, 6930528.261906859464943 ], [ 373702.984895153786056, 6930529.732950314879417 ], [ 373699.078593425045256, 6930531.59584866091609 ], [ 373695.373697575356346, 6930533.832661165855825 ], [ 373691.905887777043972, 6930536.421846103854477 ], [ 373688.708560934232082, 6930539.338468208909035 ], [ 373685.812509052164387, 6930542.554438814520836 ], [ 373683.245622693677433, 6930546.038786366581917 ], [ 373681.032622377562802, 6930549.75795469339937 ], [ 373679.194820506614633, 6930553.676126170903444 ], [ 373677.749916117580142, 6930557.755566664971411 ], [ 373676.711824429454282, 6930561.956988935358822 ], [ 373676.09054283273872, 6930566.239930986426771 ], [ 373675.892054608848412, 6930570.563145747408271 ], [ 373676.118271307903342, 6930574.884998295456171 ], [ 373676.767014339391608, 6930579.163866828195751 ], [ 373677.832035953295417, 6930583.358543502166867 ], [ 373679.30307940923376, 6930587.428631288930774 ], [ 373681.165977754630148, 6930591.334933018311858 ], [ 373683.402790259977337, 6930595.039828867651522 ], [ 373685.991975198150612, 6930598.50763866584748 ], [ 373693.940976897778455, 6930608.130420953035355 ], [ 373696.895521031983662, 6930611.365381716750562 ], [ 373700.15646683605155, 6930614.291220852173865 ], [ 373703.691630405490287, 6930616.879061790183187 ], [ 373707.466121443780139, 6930619.103363835252821 ], [ 373711.442687611677684, 6930620.942174237221479 ], [ 373715.582082189677749, 6930622.377344858832657 ], [ 373719.843451423279475, 6930623.394711282104254 ], [ 373724.184737729025073, 6930623.984232609160244 ], [ 373733.879006633884273, 6930624.812925580888987 ], [ 373743.577739615633618, 6930625.750305235385895 ], [ 373747.753073235682677, 6930625.954794921912253 ], [ 373751.929010231688153, 6930625.763021420687437 ], [ 373756.068027428525966, 6930625.176707925274968 ], [ 373758.912344122014474, 6930624.494066533632576 ] ] ] } },
{ "type": "Feature", "properties": { "id": "60", "_id": 61, "width": 21.22, "depth": 17.99, "manning_n": 0.5915 }, "geometry": { "type": "Polygon", "coordinates": [ [ [ 374740.747912704187911, 6931064.788018067367375 ], [ 374742.704546318738721, 6931063.166584392078221 ], [ 374743.470686563814525, 6931062.465705456212163 ], [ 374744.164647307305131, 6931061.693293232470751 ], [ 374744.779781876131892, 6931060.856745792552829 ], [ 374745.310198584629688, 6931059.964075487107038 ], [ 374745.750817164778709, 6931059.023832208476961 ], [ 374746.097417424374726, 6931058.045021492056549 ], [ 374746.346679667476565, 6931057.037018272094429 ], [ 374746.496216489933431, 6931056.009477082639933 ], [ 374746.544595645973459, 6931054.972239590249956 ], [ 374746.49135376571212, 6931053.935240332968533 ], [ 374746.337000793660991, 6931052.90841156616807 ], [ 374746.083015104057267, 6931051.901588132604957 ], [ 374745.731829341617413, 6931050.924413266591728 ], [ 374745.286807121708989, 6931049.986246233806014 ], [ 374744.75221081415657, 6931049.096072685904801 ], [ 374744.133160718833096, 6931048.262418598867953 ], [ 374735.159208252793178, 6931037.337903377600014 ], [ 374735.107054646709003, 6931037.274910297244787 ], [ 374726.102056603878736, 6931026.483276105485857 ], [ 374717.09271399048157, 6931015.580392699688673 ], [ 374717.079800459672697, 6931015.564795399084687 ], [ 374708.116307428048458, 6931004.759461401030421 ], [ 374699.097039435582701, 6930993.844752101227641 ], [ 374699.064422763243783, 6930993.805473723448813 ], [ 374690.069041542185005, 6930983.025730947963893 ], [ 374681.120676349382848, 6930972.132920791395009 ], [ 374681.068520891130902, 6930972.069928687997162 ], [ 374672.046855847467668, 6930961.258871966041625 ], [ 374671.347610051685479, 6930960.49933054484427 ], [ 374670.577855375420768, 6930959.811343922279775 ], [ 374669.744879960082471, 6930959.201426050625741 ], [ 374668.856570529518649, 6930958.675351711921394 ], [ 374667.92133771738736, 6930958.238101851195097 ], [ 374666.948036434361711, 6930957.893816408701241 ], [ 374665.945882028492633, 6930957.645755124278367 ], [ 374664.924363033089321, 6930957.496266677975655 ], [ 374654.984093216829933, 6930956.532671614550054 ], [ 374654.867061236174777, 6930956.521980595774949 ], [ 374649.366899247339461, 6930956.050233681686223 ], [ 374643.177033636253327, 6930948.559890086762607 ], [ 374643.164119545079302, 6930948.544293105602264 ], [ 374634.200216224999167, 6930937.739154553972185 ], [ 374625.180534572456963, 6930926.824641958810389 ], [ 374624.480416082311422, 6930926.057268344797194 ], [ 374623.708614011586178, 6930925.362034766934812 ], [ 374622.872526251594536, 6930924.745605191215873 ], [ 374621.980166886176448, 6930924.213888229802251 ], [ 374621.040089374582749, 6930923.771980506367981 ], [ 374620.061304565228056, 6930923.424117801710963 ], [ 374619.053194324194919, 6930923.173634457401931 ], [ 374618.02542160829762, 6930923.022931409999728 ], [ 374612.418149442179129, 6930922.479455787688494 ], [ 374606.185503979155328, 6930915.011001342907548 ], [ 374605.486243151477538, 6930914.251483045518398 ], [ 374604.716476205678191, 6930913.563520402647555 ], [ 374603.883491302491166, 6930912.953627050854266 ], [ 374602.995175151154399, 6930912.427577466703951 ], [ 374602.059938337828498, 6930911.990352293476462 ], [ 374601.086635693791322, 6930911.646091182716191 ], [ 374600.084482458070852, 6930911.398053602315485 ], [ 374599.062967027362902, 6930911.248587974347174 ], [ 374593.473569306952413, 6930910.706878770142794 ], [ 374587.300578943861183, 6930903.266207594424486 ], [ 374578.28065446409164, 6930892.351820113137364 ], [ 374578.248035551456269, 6930892.312543051317334 ], [ 374569.252002880442888, 6930881.533120949752629 ], [ 374560.302984012814704, 6930870.640629810281098 ], [ 374560.250824958377052, 6930870.57763980422169 ], [ 374551.228506699495483, 6930859.766904843039811 ], [ 374542.206103422679007, 6930848.956159820780158 ], [ 374541.506827997858636, 6930848.196668008342385 ], [ 374540.737049720599316, 6930847.508732446469367 ], [ 374539.904056723986287, 6930846.898866394534707 ], [ 374539.015735647175461, 6930846.372843964025378 ], [ 374538.080496966489591, 6930845.935645446181297 ], [ 374537.107195366406813, 6930845.591410165652633 ], [ 374536.105045904580038, 6930845.343397283926606 ], [ 374535.083536765712779, 6930845.193954945541918 ], [ 374525.142879186780192, 6930844.230744065716863 ], [ 374515.202182552719023, 6930843.267559730447829 ], [ 374515.085154135886114, 6930843.256874332204461 ], [ 374509.602552096475847, 6930842.786880260333419 ], [ 374503.465121665154584, 6930835.316909433342516 ], [ 374502.764482836937532, 6930834.54484083596617 ], [ 374501.99145140388282, 6930833.845264471136034 ], [ 374501.153491678589489, 6930833.224935377016664 ], [ 374500.258694914518856, 6930832.689843387342989 ], [ 374499.31570117775118, 6930832.245155295357108 ], [ 374498.333615919284057, 6930831.895164964720607 ], [ 374497.32192205399042, 6930831.643251866102219 ], [ 374496.290388394438196, 6930831.491848445497453 ], [ 374490.682746971666347, 6930830.948558107949793 ], [ 374487.272024955658708, 6930826.861967076547444 ], [ 374487.780920541437808, 6930821.316475139930844 ], [ 374488.321700820932165, 6930815.736926485784352 ], [ 374495.808145331975538, 6930809.532613070681691 ], [ 374496.577893790032249, 6930808.828043906018138 ], [ 374497.274707106582355, 6930808.051267490722239 ], [ 374497.891844879777636, 6930807.209797726012766 ], [ 374498.423337423766498, 6930806.311774300411344 ], [ 374498.864043514477089, 6930805.365883958525956 ], [ 374499.209700121660717, 6930804.381276469677687 ], [ 374499.456963646225631, 6930803.367476121522486 ], [ 374499.603442263090983, 6930802.334289588965476 ], [ 374499.647719057917129, 6930801.291711072437465 ], [ 374499.589365733205341, 6930800.249825624749064 ], [ 374499.428946751344483, 6930799.218711592257023 ], [ 374499.168013874266762, 6930798.208343129605055 ], [ 374498.809091153147165, 6930797.228493713773787 ], [ 374498.355650512792636, 6930796.288641607388854 ], [ 374497.812078166985884, 6930795.397878170013428 ], [ 374497.183632189931814, 6930794.564819918014109 ], [ 374488.177246185950935, 6930783.773817195557058 ], [ 374479.166508167632855, 6930772.871565653011203 ], [ 374479.153592753980774, 6930772.855969397351146 ], [ 374470.182277287181932, 6930762.043506180867553 ], [ 374469.482457722362597, 6930761.279309357516468 ], [ 374468.711430124938488, 6930760.587022819556296 ], [ 374467.876548772037495, 6930759.973249787464738 ], [ 374466.985776995832566, 6930759.443844602443278 ], [ 374466.047611226909794, 6930759.003856877796352 ], [ 374465.070999953022692, 6930758.657483340241015 ], [ 374464.065258365997579, 6930758.408027797937393 ], [ 374463.039979510591365, 6930758.257869627326727 ], [ 374457.432063782704063, 6930757.714620082639158 ], [ 374451.198655516898725, 6930750.246299362741411 ], [ 374450.499359331675805, 6930749.486846128478646 ], [ 374449.729565071233083, 6930748.798949939198792 ], [ 374448.896560817607678, 6930748.189123502001166 ], [ 374448.008233097731136, 6930747.663140391930938 ], [ 374447.07299221761059, 6930747.225980391725898 ], [ 374446.099692636809777, 6930746.881782343611121 ], [ 374445.09754913841607, 6930746.633804968558252 ], [ 374444.076049587340094, 6930746.484396008774638 ], [ 374438.468085273460019, 6930745.941175836138427 ], [ 374432.234603854361922, 6930738.472878926433623 ], [ 374431.535959543078206, 6930737.714078593067825 ], [ 374430.766937315172981, 6930737.026701962575316 ], [ 374429.934804946067743, 6930736.417245204560459 ], [ 374429.047426644654479, 6930735.891468093730509 ], [ 374428.113188730785623, 6930735.454339576885104 ], [ 374427.14092037914088, 6930735.109990811906755 ], [ 374426.139810177439358, 6930734.861676125787199 ], [ 374425.119319288351107, 6930734.711742256768048 ], [ 374415.229801422916353, 6930733.746911823749542 ], [ 374405.281396131089423, 6930732.783339248038828 ], [ 374395.340318570379168, 6930731.820509335026145 ], [ 374395.223293691349681, 6930731.80982883926481 ], [ 374385.344955218199175, 6930730.963396209292114 ], [ 374375.462346598505974, 6930730.006289488635957 ], [ 374374.41806759708561, 6930729.956900607794523 ], [ 374373.373997449874878, 6930730.010523569770157 ], [ 374372.340272990986705, 6930730.166637751273811 ], [ 374371.326930608833209, 6930730.423727445304394 ], [ 374370.343808802834246, 6930730.779296578839421 ], [ 374369.400452662375756, 6930731.229892946779728 ], [ 374368.50602119328687, 6930731.771141725592315 ], [ 374367.669198394112755, 6930732.397787955589592 ], [ 374360.160602682910394, 6930738.6207633651793 ], [ 374358.989577539614402, 6930738.520433961413801 ], [ 374352.79850032296963, 6930731.030412557534873 ], [ 374352.765877443889622, 6930730.99113791808486 ], [ 374346.585604544670787, 6930723.587032979354262 ], [ 374347.122807427716907, 6930718.042246052064002 ], [ 374347.127895386714954, 6930717.988295166753232 ], [ 374348.041437354346272, 6930708.029415731318295 ], [ 374348.954987190838438, 6930698.070538081228733 ], [ 374348.999121022992767, 6930697.031939880922437 ], [ 374348.941406513331458, 6930695.994007776491344 ], [ 374348.782397691218648, 6930694.966705380938947 ], [ 374348.523620959313121, 6930693.959894265979528 ], [ 374348.16756044048816, 6930692.983239299617708 ], [ 374347.717634131899104, 6930692.046115863136947 ], [ 374347.178161093674134, 6930691.157519859261811 ], [ 374346.554319988179486, 6930690.325981349684298 ], [ 374344.361828188470099, 6930687.683809152804315 ], [ 374347.04257285798667, 6930685.46206131670624 ], [ 374347.812431751517579, 6930684.757345071062446 ], [ 374348.509327268227935, 6930683.980399550870061 ], [ 374349.126515875163022, 6930683.138742894865572 ], [ 374349.658025325916242, 6930682.240519422106445 ], [ 374350.098712451581378, 6930681.294420822523534 ], [ 374350.444312928360887, 6930680.30960205104202 ], [ 374350.691482541617006, 6930679.295592738315463 ], [ 374350.83782954630442, 6930678.262204981409013 ], [ 374351.348865339707118, 6930672.691399877890944 ], [ 374358.810995814274065, 6930666.507016428746283 ], [ 374359.578508692909963, 6930665.804678891785443 ], [ 374360.273547027842142, 6930665.030549867078662 ], [ 374360.889428190421313, 6930664.192072421312332 ], [ 374361.420230629388243, 6930663.297308315522969 ], [ 374361.860850805300288, 6930662.354860494844615 ], [ 374362.207052259589545, 6930661.373790371231735 ], [ 374362.455506347469054, 6930660.36353070102632 ], [ 374362.60382424184354, 6930659.333794892765582 ], [ 374362.650579901295714, 6930658.294483609497547 ], [ 374362.595323781308252, 6930657.255589584819973 ], [ 374362.438587156299036, 6930656.227101536467671 ], [ 374362.18187701178249, 6930655.218908134847879 ], [ 374361.827661554911174, 6930654.240702918730676 ], [ 374361.37934648321243, 6930653.301891100592911 ], [ 374360.841242239752319, 6930652.411499131470919 ], [ 374360.218522569048218, 6930651.578087921254337 ], [ 374354.004458970797714, 6930644.060446166433394 ], [ 374354.541249093250372, 6930638.605997066013515 ], [ 374354.547892508329824, 6930638.536121192388237 ], [ 374355.461498987569939, 6930628.577241394668818 ], [ 374355.505654753826093, 6930627.541152174584568 ], [ 374355.448452435724903, 6930626.505701307207346 ], [ 374355.290438501804601, 6930625.480780725367367 ], [ 374355.033122500404716, 6930624.476181760430336 ], [ 374354.678962638310622, 6930623.501501610502601 ], [ 374354.231342296930961, 6930622.56605164706707 ], [ 374353.694537710107397, 6930621.678768469020724 ], [ 374353.073677111940924, 6930620.848128521814942 ], [ 374344.045849438931327, 6930609.926593022421002 ], [ 374344.03293287823908, 6930609.910997371189296 ], [ 374337.862268186872825, 6930602.474899682216346 ], [ 374338.375083875725977, 6930596.88467874750495 ], [ 374339.2886636282783, 6930586.925802946090698 ], [ 374340.199878505140077, 6930576.992793843150139 ], [ 374340.45705450407695, 6930574.332603729330003 ], [ 374340.506274121929891, 6930573.292551668360829 ], [ 374340.453313804988284, 6930572.252683375962079 ], [ 374340.298683590139262, 6930571.223013351671398 ], [ 374340.043872650829144, 6930570.213457882404327 ], [ 374339.691334955627099, 6930569.233739537186921 ], [ 374339.244465635390952, 6930568.293293541297317 ], [ 374338.707568285870366, 6930567.401176902465522 ], [ 374338.085813522047829, 6930566.5659811925143 ], [ 374337.385189182241447, 6930565.795749801211059 ], [ 374336.612442661775276, 6930565.097900479100645 ], [ 374335.775015932042152, 6930564.479153896681964 ], [ 374334.880973870342132, 6930563.945468921214342 ], [ 374333.93892659037374, 6930563.501985230483115 ], [ 374332.957946522452403, 6930563.152973815798759 ], [ 374331.947481040901039, 6930562.901795848272741 ], [ 374330.917261480644811, 6930562.75087030697614 ], [ 374329.877209419268183, 6930562.701650689356029 ], [ 374328.837341126636602, 6930562.754611006006598 ], [ 374327.807671102927998, 6930562.909241220913827 ], [ 374326.798115633253474, 6930563.164052160456777 ], [ 374325.818397288676351, 6930563.516589855775237 ], [ 374324.877951292437501, 6930563.963459176011384 ], [ 374323.985834653663915, 6930564.500356525182724 ], [ 374323.150638943130616, 6930565.122111288830638 ], [ 374322.380407552176621, 6930565.822735629044473 ], [ 374321.682558230182622, 6930566.595482149161398 ], [ 374321.063811647472903, 6930567.432908878661692 ], [ 374320.530126672005281, 6930568.326950941234827 ], [ 374320.086642981797922, 6930569.268998220562935 ], [ 374319.737631567171775, 6930570.249978289008141 ], [ 374319.486453598947264, 6930571.260443770326674 ], [ 374319.335528058116324, 6930572.290663330815732 ], [ 374319.075852567213587, 6930574.976707816123962 ], [ 374319.070980202930514, 6930575.028428493067622 ], [ 374318.157391678483691, 6930584.987312352284789 ], [ 374317.243810375395697, 6930594.946205055341125 ], [ 374316.330237068934366, 6930604.905098151415586 ], [ 374316.286101073317695, 6930605.943714177235961 ], [ 374316.343816927517764, 6930606.981664135120809 ], [ 374316.502830570214428, 6930608.008983897976577 ], [ 374316.761615499912295, 6930609.015811388380826 ], [ 374317.117687429476064, 6930609.992481248453259 ], [ 374317.567628134449478, 6930610.929617630317807 ], [ 374318.107118267798796, 6930611.818224197253585 ], [ 374318.7309788246057, 6930612.649770491756499 ], [ 374327.696676301653497, 6930623.454085038974881 ], [ 374333.930540275294334, 6930630.995585514232516 ], [ 374333.4198310112115, 6930636.562634662725031 ], [ 374332.45394935895456, 6930646.377182450145483 ], [ 374332.402941134176217, 6930647.421722537837923 ], [ 374332.455011673853733, 6930648.466210206970572 ], [ 374332.609655099920928, 6930649.500498002395034 ], [ 374332.865369013044983, 6930650.514537561684847 ], [ 374333.21966908936156, 6930651.49847723916173 ], [ 374333.669113215815742, 6930652.44275781698525 ], [ 374334.209334931452759, 6930653.33820537570864 ], [ 374334.835085848579183, 6930654.176120420917869 ], [ 374337.111727749288548, 6930656.930353290401399 ], [ 374334.415439842792694, 6930659.164953497238457 ], [ 374333.645570306864101, 6930659.869670864194632 ], [ 374332.948664940835442, 6930660.64661911316216 ], [ 374332.331467483949382, 6930661.488279952667654 ], [ 374331.799950366665144, 6930662.386508890427649 ], [ 374331.35925691697048, 6930663.332614040002227 ], [ 374331.013651590270456, 6930664.317440231330693 ], [ 374330.766478703124449, 6930665.331457604654133 ], [ 374330.620130071823951, 6930666.364853825420141 ], [ 374330.109090586309321, 6930671.935699176974595 ], [ 374322.64700664911652, 6930678.120125850662589 ], [ 374321.878613125591073, 6930678.823362123221159 ], [ 374321.182878300896846, 6930679.598554303869605 ], [ 374320.566507667244878, 6930680.438231090083718 ], [ 374320.035441804677248, 6930681.334299676120281 ], [ 374319.594799125741702, 6930682.278123755007982 ], [ 374319.248826544382609, 6930683.260606750845909 ], [ 374319.000858544313814, 6930684.272279490716755 ], [ 374318.853285041055642, 6930685.303391475230455 ], [ 374318.807528347882908, 6930686.344004846177995 ], [ 374318.864029467804357, 6930687.384090172126889 ], [ 374319.022243843122851, 6930688.413623112253845 ], [ 374319.28064660372911, 6930689.42268102709204 ], [ 374319.636747263837606, 6930690.401538616977632 ], [ 374320.087113725428935, 6930691.34076165407896 ], [ 374320.627405356673989, 6930692.231297905556858 ], [ 374321.252414827293251, 6930693.064564384520054 ], [ 374327.422969077830203, 6930700.500700238160789 ], [ 374326.910158370621502, 6930706.091001814231277 ], [ 374325.999090394645464, 6930716.022911296226084 ], [ 374325.036655163159594, 6930725.956771403551102 ], [ 374324.987238665984478, 6930727.005744616501033 ], [ 374325.041760295687709, 6930728.054464875720441 ], [ 374325.199685943545774, 6930729.092658635228872 ], [ 374325.45946852711495, 6930730.110155466012657 ], [ 374325.818563145876396, 6930731.096987693570554 ], [ 374326.273452011577319, 6930732.043488043360412 ], [ 374326.819678909727372, 6930732.940384340472519 ], [ 374327.451892853423487, 6930733.7788903452456 ], [ 374336.458889968460426, 6930744.569474016316235 ], [ 374345.470130190486088, 6930755.471354218199849 ], [ 374346.180731139145792, 6930756.248968201689422 ], [ 374346.964938552118838, 6930756.952286017127335 ], [ 374347.815022399474401, 6930757.574374971911311 ], [ 374348.722603298781905, 6930758.109103059396148 ], [ 374349.678735112014692, 6930758.551199396140873 ], [ 374350.673993128817528, 6930758.896306185051799 ], [ 374351.698566966864746, 6930759.14102166518569 ], [ 374352.742357274168171, 6930759.28293364495039 ], [ 374362.679196879675146, 6930760.13428785931319 ], [ 374363.709267035708763, 6930760.172287146560848 ], [ 374364.738163445901591, 6930760.110153024084866 ], [ 374365.756175084447023, 6930759.948471929877996 ], [ 374366.753693659033161, 6930759.688769859261811 ], [ 374367.721304297097959, 6930759.333497955463827 ], [ 374368.649874405818991, 6930758.886009380221367 ], [ 374369.530639868404251, 6930758.350527659989893 ], [ 374370.355287762184162, 6930757.732106829993427 ], [ 374377.810919591051061, 6930751.553026837296784 ], [ 374383.357871158630587, 6930752.090235668234527 ], [ 374383.474832241015974, 6930752.100909984670579 ], [ 374393.353138834587298, 6930752.947339883074164 ], [ 374403.235701599973254, 6930753.904502423480153 ], [ 374413.173024583549704, 6930754.866999009624124 ], [ 374418.730372238205746, 6930755.409178944304585 ], [ 374424.966588022944052, 6930762.880751880817115 ], [ 374425.665882847679313, 6930763.640193147584796 ], [ 374426.435673959611449, 6930764.328078264370561 ], [ 374427.268673443992157, 6930764.937894752249122 ], [ 374428.15699496754678, 6930765.463869239203632 ], [ 374429.092228441382758, 6930765.901022117584944 ], [ 374430.065519642957952, 6930766.245214689522982 ], [ 374431.067654042039067, 6930766.493188349530101 ], [ 374432.08914403867675, 6930766.642595432698727 ], [ 374437.697063060302753, 6930767.185811217874289 ], [ 374443.930447415856179, 6930774.654103291220963 ], [ 374444.62973791337572, 6930775.413550921715796 ], [ 374445.399525450717192, 6930776.101442665793002 ], [ 374446.232522122212686, 6930776.711265959776938 ], [ 374447.120841594529338, 6930777.237247345969081 ], [ 374448.056073769635987, 6930777.674407136626542 ], [ 374449.029364407178946, 6930778.018606553785503 ], [ 374450.031498951197136, 6930778.266586915589869 ], [ 374451.052989768038969, 6930778.41600048635155 ], [ 374456.642937055206858, 6930778.957509392872453 ], [ 374462.816487804288045, 6930786.398033655248582 ], [ 374471.837010562769137, 6930797.31212392821908 ], [ 374471.869574678770732, 6930797.351331675425172 ], [ 374474.070077401527669, 6930799.987864337861538 ], [ 374471.413025423884392, 6930802.189868668094277 ], [ 374470.647926149424165, 6930802.889744706451893 ], [ 374469.954798192542512, 6930803.660962576046586 ], [ 374469.340261785895564, 6930804.496156190522015 ], [ 374468.810186515329406, 6930805.387348411604762 ], [ 374468.369635258160997, 6930806.326027248054743 ], [ 374468.022815825999714, 6930807.303227150812745 ], [ 374467.773040775151458, 6930808.309614647179842 ], [ 374467.622695767553523, 6930809.335577486082911 ], [ 374466.657277898921166, 6930819.29636225104332 ], [ 374466.652186508872546, 6930819.350328463129699 ], [ 374465.738289128290489, 6930829.309170112945139 ], [ 374465.69414449762553, 6930830.351579215377569 ], [ 374465.75259551621275, 6930831.39328404981643 ], [ 374465.913076966127846, 6930832.424211394041777 ], [ 374466.17403700138675, 6930833.434392241761088 ], [ 374466.532952154055238, 6930834.414058203808963 ], [ 374466.986351735948119, 6930835.353735970333219 ], [ 374467.52985140029341, 6930836.244338911958039 ], [ 374468.158195537514985, 6930837.077254951931536 ], [ 374477.180826785624959, 6930847.887811708264053 ], [ 374477.880109705089126, 6930848.647280510514975 ], [ 374478.649892435409129, 6930849.335193303413689 ], [ 374479.482886969170067, 6930849.945037191733718 ], [ 374480.371206833631732, 6930850.471038409508765 ], [ 374481.306441757129505, 6930850.908216977491975 ], [ 374482.279737294069491, 6930851.25243385694921 ], [ 374483.281878655659966, 6930851.500430135056376 ], [ 374484.303377951902803, 6930851.649857877753675 ], [ 374489.863371503772214, 6930852.188531902618706 ], [ 374496.044586803065613, 6930859.711794036440551 ], [ 374496.755618499708362, 6930860.494226871058345 ], [ 374497.540989706933033, 6930861.202011642046273 ], [ 374498.392902202904224, 6930861.828120510093868 ], [ 374499.302897054585628, 6930862.366336623206735 ], [ 374500.261938609124627, 6930862.811315849423409 ], [ 374501.260504212230444, 6930863.158639835193753 ], [ 374502.288678761397023, 6930863.404859881848097 ], [ 374503.336253156943712, 6930863.547531185671687 ], [ 374513.214180834940635, 6930864.394312953576446 ], [ 374523.096348462393507, 6930865.35182623565197 ], [ 374528.703863102593459, 6930865.895172494463623 ], [ 374534.936794827692211, 6930873.363541348837316 ], [ 374543.932883762288839, 6930884.142847772687674 ], [ 374552.881874508864712, 6930895.03530468326062 ], [ 374552.933976757864002, 6930895.098226623609662 ], [ 374561.939825020439457, 6930905.889410177245736 ], [ 374570.949908988142852, 6930916.791890335269272 ], [ 374570.962766987911891, 6930916.807418844662607 ], [ 374579.933347616053652, 6930927.620191387832165 ], [ 374580.633134508330841, 6930928.384434964507818 ], [ 374581.404134960728697, 6930929.076770317740738 ], [ 374582.238994778890628, 6930929.690593601204455 ], [ 374583.12975064542843, 6930930.220049856230617 ], [ 374584.067906077718362, 6930930.660088858567178 ], [ 374585.04451247229008, 6930931.006513293832541 ], [ 374586.050254460598808, 6930931.256018789485097 ], [ 374587.07553876406746, 6930931.406225434504449 ], [ 374592.682814223575406, 6930931.949667300097644 ], [ 374598.915435776929371, 6930939.418093094602227 ], [ 374599.61469091696199, 6930940.177605788223445 ], [ 374600.384451139776502, 6930940.865563984960318 ], [ 374601.217428460717201, 6930941.475454192608595 ], [ 374602.105736364144832, 6930942.001502052880824 ], [ 374603.040964472049382, 6930942.438727015629411 ], [ 374604.01425817242125, 6930942.782989495433867 ], [ 374605.016402453184128, 6930943.031030061654747 ], [ 374606.037909149075858, 6930943.180500300601125 ], [ 374611.61544590559788, 6930943.721093866974115 ], [ 374617.849291168735363, 6930951.264528908766806 ], [ 374617.862148839107249, 6930951.280057615600526 ], [ 374626.826023928762879, 6930962.085162137635052 ], [ 374635.845563473529182, 6930972.999688317999244 ], [ 374636.556096646294463, 6930973.777408781461418 ], [ 374637.340249359433074, 6930974.480836837552488 ], [ 374638.190291639242787, 6930975.103038276545703 ], [ 374639.097843989788089, 6930975.637879598885775 ], [ 374640.053959995973855, 6930976.080088475719094 ], [ 374641.049214514554478, 6930976.425305728800595 ], [ 374642.073796585144009, 6930976.67012829426676 ], [ 374643.117606143990997, 6930976.812142777256668 ], [ 374652.995141674357001, 6930977.659335443750024 ], [ 374658.543742707232013, 6930978.197208626195788 ], [ 374664.749898164882325, 6930985.634316782467067 ], [ 374673.698235217365436, 6930996.527092684060335 ], [ 374673.750333871634211, 6930996.59001671615988 ], [ 374682.755529936868697, 6931007.381521249189973 ], [ 374691.764958029205445, 6931018.284322747960687 ], [ 374691.777815141365863, 6931018.299851772375405 ], [ 374700.741279966547154, 6931029.105151767842472 ], [ 374709.760405827430077, 6931040.019874618388712 ], [ 374709.792965207481757, 6931040.059085003100336 ], [ 374718.78809181106044, 6931050.83888921327889 ], [ 374721.030320937803481, 6931053.568485376425087 ], [ 374718.310208753915504, 6931055.822602582164109 ], [ 374717.540474323031958, 6931056.527109919115901 ], [ 374716.843665074149612, 6931057.303820000961423 ], [ 374716.226520696887746, 6931058.145220321603119 ], [ 374715.695010344847105, 6931059.04317267332226 ], [ 374715.254274901177268, 6931059.988991868682206 ], [ 374714.908577254333068, 6931060.973529739305377 ], [ 374714.661261066619772, 6931061.987263621762395 ], [ 374714.514718433609232, 6931063.020388463512063 ], [ 374714.470366747467779, 6931064.062911656685174 ], [ 374714.528634987189434, 6931065.104749692603946 ], [ 374714.688959569728468, 6931066.135825688950717 ], [ 374714.949789801146835, 6931067.146166855469346 ], [ 374715.308602875098586, 6931068.126000952906907 ], [ 374715.76192827388877, 6931069.065850815735757 ], [ 374716.305381336365826, 6931069.956626011990011 ], [ 374716.933705667150207, 6931070.789710771292448 ], [ 374725.954931886051781, 6931081.600929625332355 ], [ 374726.654158037097659, 6931082.360497009940445 ], [ 374727.423896061314736, 6931083.048510960303247 ], [ 374728.256857893138658, 6931083.658457195386291 ], [ 374729.14515684871003, 6931084.184560595080256 ], [ 374730.080382299085613, 6931084.621839887462556 ], [ 374731.0536793039646, 6931084.966154804453254 ], [ 374732.055832452257164, 6931085.214245291426778 ], [ 374733.077353115950245, 6931085.363762366585433 ], [ 374738.68402683804743, 6931085.907417436130345 ], [ 374744.915932809119113, 6931093.375970300287008 ], [ 374745.615154631668702, 6931094.135544047690928 ], [ 374746.3848890796653, 6931094.82356462534517 ], [ 374747.217848096915986, 6931095.433517665602267 ], [ 374748.106144999561366, 6931095.959627966396511 ], [ 374749.041369149636012, 6931096.396914170123637 ], [ 374750.014665588969365, 6931096.74123593326658 ], [ 374751.016818880743813, 6931096.989333122968674 ], [ 374752.038340363418683, 6931097.138856685720384 ], [ 374757.627042719745077, 6931097.680803114548326 ], [ 374763.805588490853552, 6931105.129375202581286 ], [ 374764.505332990724128, 6931105.89369257260114 ], [ 374765.276300137047656, 6931106.58610362559557 ], [ 374766.111135686922353, 6931107.200003464706242 ], [ 374767.001876157883089, 6931107.729536107741296 ], [ 374767.940024791227188, 6931108.169650353491306 ], [ 374768.916632602573372, 6931108.516147958114743 ], [ 374769.922383746132255, 6931108.765723687596619 ], [ 374770.947684378246777, 6931108.915996842086315 ], [ 374780.887515523587354, 6931109.879940235987306 ], [ 374786.494053417933173, 6931110.42366729862988 ], [ 374792.725787384959403, 6931117.892284778878093 ], [ 374793.424998292292003, 6931118.651873588562012 ], [ 374794.194723580381833, 6931119.339909950271249 ], [ 374795.027675227436703, 6931119.949879298917949 ], [ 374795.915966563043185, 6931120.476006238721311 ], [ 374796.851186941785272, 6931120.913309218361974 ], [ 374797.824481377960183, 6931121.25764770526439 ], [ 374798.826634387776721, 6931121.505761384963989 ], [ 374799.848157244618051, 6931121.655301032587886 ], [ 374805.4546784684062, 6931122.199060550890863 ], [ 374811.68633928115014, 6931129.667701832950115 ], [ 374812.385545859870035, 6931130.427297007292509 ], [ 374813.15526757191401, 6931131.115339995361865 ], [ 374813.988216404803097, 6931131.725316151045263 ], [ 374814.876505687949248, 6931132.25144999101758 ], [ 374815.811724766856059, 6931132.688759883865714 ], [ 374816.785018638183828, 6931133.033105216920376 ], [ 374817.787171792122535, 6931133.281225599348545 ], [ 374818.808695468527731, 6931133.430771735496819 ], [ 374828.748433544300497, 6931134.394857242703438 ], [ 374834.336944806214888, 6931134.93692104332149 ], [ 374840.515220858447719, 6931142.385597410611808 ], [ 374841.21494769846322, 6931143.149938561022282 ], [ 374841.985899955732748, 6931143.842374594882131 ], [ 374842.820723449869547, 6931144.456300306133926 ], [ 374843.711454726930242, 6931144.985859402455389 ], [ 374844.649597023962997, 6931145.426000374369323 ], [ 374845.626201320032123, 6931145.772524678148329 ], [ 374846.631951701885555, 6931146.022126790136099 ], [ 374847.657254229241516, 6931146.172425732016563 ], [ 374853.263671546475962, 6931146.716260336339474 ], [ 374859.495160354301333, 6931154.184966227971017 ], [ 374860.194356016872916, 6931154.944576463662088 ], [ 374860.964068567962386, 6931155.632635234855115 ], [ 374861.797010029491503, 6931156.242627698928118 ], [ 374862.685293744376395, 6931156.768778177909553 ], [ 374863.62050905067008, 6931157.206104846671224 ], [ 374864.593800917558838, 6931157.550466903485358 ], [ 374865.595953788317274, 6931157.798603776842356 ], [ 374866.617478837782983, 6931157.948165996931493 ], [ 374872.223847564833704, 6931158.492029959335923 ], [ 374878.455263219075277, 6931165.960759651847184 ], [ 374879.154454552917741, 6931166.720376251265407 ], [ 374879.924163527903147, 6931167.408441650681198 ], [ 374880.757102175208274, 6931168.018440920859575 ], [ 374881.645383837574627, 6931168.544598300009966 ], [ 374882.580597844091244, 6931168.981931881979108 ], [ 374883.553889146074653, 6931169.326300784014165 ], [ 374884.556042160955258, 6931169.574444361031055 ], [ 374885.577568029926624, 6931169.72401306964457 ], [ 374895.513486012467183, 6931170.687939367257059 ], [ 374901.069186715467367, 6931171.230834754183888 ], [ 374907.286907953617629, 6931178.683309799991548 ], [ 374916.295158733555581, 6931189.586708533577621 ], [ 374917.005626423982903, 6931190.364533103071153 ], [ 374917.789726471994072, 6931191.068068826571107 ], [ 374918.639728943177033, 6931191.690380001440644 ], [ 374919.547254213830456, 6931192.225331665948033 ], [ 374920.503355580323841, 6931192.667650076560676 ], [ 374921.498607458779588, 6931193.012974703684449 ], [ 374922.523198305687401, 6931193.257901215925813 ], [ 374923.567027343669906, 6931193.400015040300786 ], [ 374929.066272512834985, 6931193.872178596444428 ], [ 374935.25485523144016, 6931201.362821895629168 ], [ 374935.267710620013531, 6931201.378351950086653 ], [ 374944.236377980967518, 6931212.192089487798512 ], [ 374944.936080924875569, 6931212.956466492265463 ], [ 374945.707013571460266, 6931213.64893979113549 ], [ 374946.541821781022009, 6931214.262903689406812 ], [ 374947.432542087044567, 6931214.792501415126026 ], [ 374948.370677662023809, 6931215.232680990360677 ], [ 374949.347279371053446, 6931215.579243418760598 ], [ 374950.353031140228268, 6931215.828882746398449 ], [ 374951.378338825015817, 6931215.979217594489455 ], [ 374956.984470955212601, 6931216.523211698047817 ], [ 374963.19919354072772, 6931223.972441521473229 ], [ 374972.207144780550152, 6931234.87598894815892 ], [ 374972.239699494384695, 6931234.915202151983976 ], [ 374981.233472895168234, 6931245.695703516714275 ], [ 374990.180111326510087, 6931256.589315074495971 ], [ 374990.891026569821406, 6931257.371934352442622 ], [ 374991.676304444379639, 6931258.07991180755198 ], [ 374992.528146774857305, 6931258.706216893158853 ], [ 374993.438094370008912, 6931259.244630109518766 ], [ 374994.397111026046332, 6931259.689804760739207 ], [ 374995.395673260674812, 6931260.037320055998862 ], [ 374996.423864885524381, 6931260.283725006505847 ], [ 374997.471475478552748, 6931260.426572696305811 ], [ 375007.348027159983758, 6931261.274807141162455 ], [ 375012.865797813108657, 6931261.81032744422555 ], [ 375019.097922859713435, 6931269.354204836301506 ], [ 375019.808366540411953, 6931270.132067640312016 ], [ 375020.592447287752293, 6931270.835642900317907 ], [ 375021.442435181117617, 6931271.457994366064668 ], [ 375022.349950549076311, 6931271.992986535653472 ], [ 375023.306046581128612, 6931272.435345149599016 ], [ 375024.301297530531883, 6931272.780709179118276 ], [ 375025.325891638640314, 6931273.025673827156425 ], [ 375026.369727865152527, 6931273.167824090458453 ], [ 375036.246230185381137, 6931274.016143831424415 ], [ 375046.126968209340703, 6931274.975196654908359 ], [ 375051.732825076614972, 6931275.519334333017468 ], [ 375057.963534794747829, 6931282.98828442953527 ], [ 375058.66268513945397, 6931283.747962336987257 ], [ 375059.432360404578503, 6931284.436091477051377 ], [ 375060.265272695512976, 6931285.046156099066138 ], [ 375061.153535339515656, 6931285.572379628196359 ], [ 375062.088737563055474, 6931286.009779363870621 ], [ 375063.062024131242651, 6931286.354213658720255 ], [ 375064.064179196720943, 6931286.60242113750428 ], [ 375065.08571356232278, 6931286.752051573246717 ], [ 375070.673631273501087, 6931287.29448193218559 ], [ 375076.844523733132519, 6931294.735652885399759 ], [ 375085.861727164301556, 6931305.651377877220511 ], [ 375085.894279961648863, 6931305.69059228617698 ], [ 375094.903812481730711, 6931316.490950437262654 ], [ 375103.855355814972427, 6931327.285444574430585 ], [ 375112.87238839128986, 6931338.201241127215326 ], [ 375113.572386420040857, 6931338.968790500424802 ], [ 375114.344088987621944, 6931339.664207230322063 ], [ 375115.180098463140894, 6931340.280824970453978 ], [ 375116.072400762292091, 6931340.812732751481235 ], [ 375117.012442171107978, 6931341.254831643775105 ], [ 375117.991211343032774, 6931341.602883635088801 ], [ 375118.999325682641938, 6931341.853552258573472 ], [ 375120.027121288294438, 6931342.004434576258063 ], [ 375129.966113251866773, 6931342.969412915408611 ], [ 375130.08309287490556, 6931342.980117154307663 ], [ 375135.581732438062318, 6931343.452592209912837 ], [ 375141.769465747347567, 6931350.943469281308353 ], [ 375142.47988076810725, 6931351.721375064924359 ], [ 375143.263938083022367, 6931352.424995016306639 ], [ 375144.113907820254099, 6931353.047392281703651 ], [ 375145.021410289977212, 6931353.582430763170123 ], [ 375145.977498598047532, 6931354.024835620075464 ], [ 375146.972746851795819, 6931354.370245264843106 ], [ 375147.997343088092748, 6931354.615254371427 ], [ 375149.041186007671058, 6931354.757447441108525 ], [ 375158.917397057404742, 6931355.606128371320665 ], [ 375164.464466597011779, 6931356.144761792384088 ], [ 375170.694715816003736, 6931363.613843961618841 ], [ 375171.393840415286832, 6931364.373561728745699 ], [ 375172.163494703476317, 6931365.061732179485261 ], [ 375172.99639081658097, 6931365.671839019283652 ], [ 375173.884642053453717, 6931366.1981051415205 ], [ 375174.819837554590777, 6931366.635547327809036 ], [ 375175.793121944880113, 6931366.980023433454335 ], [ 375176.795279185054824, 6931367.228271610103548 ], [ 375177.816819838655647, 6931367.377941194921732 ], [ 375187.755711911595426, 6931368.343091258779168 ], [ 375193.343264037859626, 6931368.885706644505262 ], [ 375199.513673061679583, 6931376.327024552971125 ], [ 375208.530261612206232, 6931387.2430764362216 ], [ 375209.240661030926276, 6931388.021004033274949 ], [ 375210.024705355230253, 6931388.72464682534337 ], [ 375210.874664759088773, 6931389.347067657858133 ], [ 375211.782159565656912, 6931389.882130137644708 ], [ 375212.738242861465551, 6931390.32455912977457 ], [ 375213.733488703204785, 6931390.669992763549089 ], [ 375214.758085047535133, 6931390.915025440044701 ], [ 375215.801930486923084, 6931391.05724140163511 ], [ 375221.300369437492918, 6931391.529848359525204 ], [ 375227.487783883581869, 6931399.020835241302848 ], [ 375228.19817887240788, 6931399.798769319429994 ], [ 375228.982219550642185, 6931400.502418866381049 ], [ 375229.832176101917867, 6931401.124846637248993 ], [ 375230.739668848866131, 6931401.659916150383651 ], [ 375231.695750867773313, 6931402.102352183312178 ], [ 375232.690996195771731, 6931402.44779278151691 ], [ 375233.715592761116568, 6931402.692832264117897 ], [ 375234.759439119545277, 6931402.83505479991436 ], [ 375240.257829555252101, 6931403.307690714485943 ], [ 375246.445170726277865, 6931410.798700834624469 ], [ 375247.14448443352012, 6931411.565643475390971 ], [ 375247.915386991517153, 6931412.260589458979666 ], [ 375248.750501371745486, 6931412.876888613216579 ], [ 375249.641836080816574, 6931413.408643360249698 ], [ 375250.580861634109169, 6931413.850765159353614 ], [ 375251.558592177112587, 6931414.199023196473718 ], [ 375252.565671473916154, 6931414.450084871612489 ], [ 375253.592462440603413, 6931414.601547691039741 ], [ 375259.150856200198177, 6931415.14534776378423 ], [ 375265.383497378556058, 6931422.617854993790388 ], [ 375266.08260034956038, 6931423.377604581415653 ], [ 375266.852236773935147, 6931424.065808165818453 ], [ 375267.685118833207525, 6931424.675949029624462 ], [ 375268.573359825240914, 6931425.202249647118151 ], [ 375269.508548844663892, 6931425.639726386405528 ], [ 375270.481830427306704, 6931425.98423670604825 ], [ 375271.483988404041156, 6931426.232518378645182 ], [ 375272.505533170071431, 6931426.382220383733511 ], [ 375282.444210082641803, 6931427.347651310265064 ], [ 375282.561192268331069, 6931427.358361447229981 ], [ 375292.495687165705021, 6931428.212470043450594 ], [ 375293.525916046579368, 6931428.250771565362811 ], [ 375294.554998769133817, 6931428.188906359486282 ], [ 375295.57321934873471, 6931428.02745852060616 ], [ 375296.570964354672469, 6931427.767952342517674 ], [ 375297.538813674298581, 6931427.41283792629838 ], [ 375298.467629452294204, 6931426.965468052774668 ], [ 375299.348642364609987, 6931426.430066519416869 ], [ 375300.173534413508605, 6931425.811688268557191 ], [ 375307.628104348201305, 6931419.635589557699859 ], [ 375313.171999938262161, 6931420.174167636781931 ], [ 375314.212028863024898, 6931420.223873741924763 ], [ 375315.25192181445891, 6931420.171399837359786 ], [ 375316.281664055073634, 6931420.017251275479794 ], [ 375317.291338604118209, 6931419.76291259098798 ], [ 375318.271221743780188, 6931419.410833206027746 ], [ 375319.211876663728617, 6931418.964403835125268 ], [ 375320.104244342888705, 6931418.427923838607967 ], [ 375320.939730792713817, 6931417.806559812277555 ], [ 375321.710289821901824, 6931417.106295831501484 ], [ 375322.408500525809359, 6931416.333875820040703 ], [ 375323.027638753701467, 6931415.496738605201244 ], [ 375323.561741865996737, 6931414.602946276776493 ], [ 375324.005666157696396, 6931413.661106542684138 ], [ 375324.355136395199224, 6931412.680289834737778 ], [ 375324.606786989141256, 6931411.669941954314709 ], [ 375324.758194406691473, 6931410.639793103560805 ], [ 375324.807900511659682, 6931409.59976417850703 ], [ 375324.755426607094705, 6931408.559871227480471 ], [ 375324.601278045331128, 6931407.530128986574709 ], [ 375324.346939361363184, 6931406.520454437471926 ], [ 375323.994859975704458, 6931405.540571297518909 ], [ 375323.548430605325848, 6931404.599916378036141 ], [ 375323.011950609099586, 6931403.707548698410392 ], [ 375322.390586582652759, 6931402.872062249109149 ], [ 375321.690322601178195, 6931402.101503219455481 ], [ 375320.917902589775622, 6931401.403292516246438 ], [ 375320.080765375227202, 6931400.784154287539423 ], [ 375319.186973046627827, 6931400.250051176175475 ], [ 375318.245133312710095, 6931399.806126884184778 ], [ 375317.264316604938358, 6931399.45665664691478 ], [ 375316.253968724398874, 6931399.205006052739918 ], [ 375315.223819873470347, 6931399.053598634898663 ], [ 375305.285135026148055, 6931398.088075798004866 ], [ 375304.240697756933514, 6931398.038376475684345 ], [ 375303.196440428029746, 6931398.091723105870187 ], [ 375302.16250504279742, 6931398.247597577981651 ], [ 375301.148933356162161, 6931398.504486013203859 ], [ 375300.165569347445853, 6931398.859893467277288 ], [ 375299.221963613759726, 6931399.310368162579834 ], [ 375298.327280613302719, 6931399.851535013876855 ], [ 375297.490209658164531, 6931400.478138116188347 ], [ 375289.982654830091633, 6931406.698134723119438 ], [ 375284.437376744695939, 6931406.221384799107909 ], [ 375278.890523039503023, 6931405.682570210658014 ], [ 375272.6606157355709, 6931398.213340708054602 ], [ 375271.962163195014, 6931397.45423240121454 ], [ 375271.193295650242362, 6931396.766537649556994 ], [ 375270.361280778131913, 6931396.15675684902817 ], [ 375269.473983151838183, 6931395.630653916858137 ], [ 375268.539789901755285, 6931395.193201811052859 ], [ 375267.567531436448917, 6931394.848535524681211 ], [ 375266.566397973743733, 6931394.599912993609905 ], [ 375265.545852670737077, 6931394.44968431070447 ], [ 375260.017092084104661, 6931393.908783370628953 ], [ 375253.78307765891077, 6931386.361265970394015 ], [ 375253.072681467339862, 6931385.583319827914238 ], [ 375252.288637750491034, 6931384.879659114405513 ], [ 375251.438676497316919, 6931384.257221312262118 ], [ 375250.531177586060949, 6931383.722143116407096 ], [ 375249.575088166398928, 6931383.279699932783842 ], [ 375248.579834447999019, 6931382.934253864921629 ], [ 375247.555228766519576, 6931382.689210711978376 ], [ 375246.511372842418496, 6931382.546986385248601 ], [ 375241.01293679169612, 6931382.074346549808979 ], [ 375234.825498582504224, 6931374.583330898545682 ], [ 375234.115097960922867, 6931373.805391236208379 ], [ 375233.331050597829744, 6931373.101737277582288 ], [ 375232.48108649183996, 6931372.479306413792074 ], [ 375231.573585520789493, 6931371.944235252216458 ], [ 375230.617494824051391, 6931371.501799108460546 ], [ 375229.622240591736045, 6931371.156360005028546 ], [ 375228.59763513103826, 6931370.911323658190668 ], [ 375227.553780125745106, 6931370.769105905666947 ], [ 375222.05529555917019, 6931370.296495026908815 ], [ 375215.867784074915107, 6931362.80550261773169 ], [ 375215.854873998672701, 6931362.789903203956783 ], [ 375206.887462479586247, 6931351.975488848052919 ], [ 375206.187812700460199, 6931351.211019451729953 ], [ 375205.416921843541786, 6931350.518451362848282 ], [ 375204.582144108193461, 6931349.904391591437161 ], [ 375203.691443165938836, 6931349.374698187224567 ], [ 375202.753316188522149, 6931348.934424356557429 ], [ 375201.776712785998825, 6931348.587770257145166 ], [ 375200.770949628436938, 6931348.338042921386659 ], [ 375199.745621566369664, 6931348.187624717131257 ], [ 375189.806736632541288, 6931347.222445018589497 ], [ 375184.201146258739755, 6931346.678095018491149 ], [ 375177.970873134152498, 6931339.20898419059813 ], [ 375177.271742848039139, 6931338.449260816909373 ], [ 375176.502081837155856, 6931337.761085920035839 ], [ 375175.669178141630255, 6931337.150975933298469 ], [ 375174.780918656440917, 6931336.62470808532089 ], [ 375173.845714449125808, 6931336.18726568762213 ], [ 375172.872421114007011, 6931335.84279094915837 ], [ 375171.870254917419516, 6931335.594545757398009 ], [ 375170.848705527256243, 6931335.444880782626569 ], [ 375160.909770482510794, 6931334.479786952957511 ], [ 375160.792726698156912, 6931334.469075778499246 ], [ 375155.294090034265537, 6931333.996567844413221 ], [ 375149.10633296117885, 6931326.505662004463375 ], [ 375148.395912307489198, 6931325.727750636637211 ], [ 375147.611848307657056, 6931325.024126273579895 ], [ 375146.761871015653014, 6931324.401725916191936 ], [ 375145.854360321769491, 6931323.866685785353184 ], [ 375144.898263335868251, 6931323.424280818551779 ], [ 375143.903006177919451, 6931323.078872668556869 ], [ 375142.878401046385989, 6931322.833866697736084 ], [ 375141.834549480117857, 6931322.691678412258625 ], [ 375131.958263933251146, 6931321.843050581403077 ], [ 375126.44074446085142, 6931321.307353722862899 ], [ 375120.208984449505806, 6931313.763339228928089 ], [ 375120.196073763770983, 6931313.747740210965276 ], [ 375111.228221699595451, 6931302.933579687960446 ], [ 375111.208494971273467, 6931302.909861863590777 ], [ 375102.205405248212628, 6931292.117227145470679 ], [ 375093.197983153455425, 6931281.213342894800007 ], [ 375093.185072238964494, 6931281.197743998840451 ], [ 375084.217050698585808, 6931270.383654817007482 ], [ 375083.517372649454046, 6931269.619227641262114 ], [ 375082.746458564244676, 6931268.92670345120132 ], [ 375081.911662692611571, 6931268.312688685953617 ], [ 375081.020948693796527, 6931267.783040829002857 ], [ 375080.082813666434959, 6931267.342812535353005 ], [ 375079.106207089091185, 6931266.996203428134322 ], [ 375078.100445445335936, 6931266.746520036831498 ], [ 375077.075123347807676, 6931266.596144253388047 ], [ 375071.469237855053507, 6931266.051969725638628 ], [ 375065.238504230976105, 6931258.582990972325206 ], [ 375064.539348199265078, 6931257.823307459242642 ], [ 375063.76966621138854, 6931257.135173872113228 ], [ 375062.936746338149533, 6931256.52510610409081 ], [ 375062.048475445888471, 6931255.998880849219859 ], [ 375061.113264516403433, 6931255.561480902135372 ], [ 375060.139969003561419, 6931255.2170479753986 ], [ 375059.137804981961381, 6931254.96884348243475 ], [ 375058.11626188014634, 6931254.819217656739056 ], [ 375048.177040019829292, 6931253.854457899928093 ], [ 375038.237779102812055, 6931252.889724675565958 ], [ 375038.120737835823093, 6931252.87901832908392 ], [ 375032.621767751057632, 6931252.40669677965343 ], [ 375026.433523593237624, 6931244.915936429053545 ], [ 375025.733498151530512, 6931244.148414937779307 ], [ 375024.961771168920677, 6931243.45302848238498 ], [ 375024.125740479794331, 6931242.836443090811372 ], [ 375023.233420339005534, 6931242.30456939805299 ], [ 375022.293364596378524, 6931241.862505987286568 ], [ 375021.31458469905192, 6931241.514490513131022 ], [ 375020.306463306769729, 6931241.263859076425433 ], [ 375019.278664349229075, 6931241.113014251925051 ], [ 375009.339385242550634, 6931240.148369997739792 ], [ 375009.222344351001084, 6931240.137664750218391 ], [ 375003.741332133184187, 6931239.666935339570045 ], [ 374997.606016636709683, 6931232.196448595263064 ], [ 374997.553870528179687, 6931232.133451008237898 ], [ 374988.550227166968398, 6931221.341118889860809 ], [ 374979.54224760166835, 6931210.437537176534534 ], [ 374979.509635984140914, 6931210.398255764506757 ], [ 374970.489554607891478, 6931199.586404025554657 ], [ 374969.790376939286944, 6931198.826752344146371 ], [ 374969.020677080436144, 6931198.13865190371871 ], [ 374968.187743147253059, 6931197.528618172742426 ], [ 374967.299462005263194, 6931197.002427426166832 ], [ 374966.364244590338785, 6931196.565062046051025 ], [ 374965.390946267463733, 6931196.220663347281516 ], [ 374964.388782981201075, 6931195.972492364235222 ], [ 374963.367243992048316, 6931195.82289897184819 ], [ 374957.778989215381444, 6931195.280639606527984 ], [ 374951.607535450079013, 6931187.83956965059042 ], [ 374942.589539058622904, 6931176.924211916513741 ], [ 374941.879070163937286, 6931176.1463752835989 ], [ 374941.09496707591461, 6931175.442828393541276 ], [ 374940.244959901669063, 6931174.820507189258933 ], [ 374939.337428465776611, 6931174.285546842962503 ], [ 374938.381319697888102, 6931173.843221281655133 ], [ 374937.386059428681619, 6931173.497891186736524 ], [ 374936.361459465464577, 6931173.252961005084217 ], [ 374935.317620861809701, 6931173.110845390707254 ], [ 374929.818330078851432, 6931172.638677918352187 ], [ 374923.629650320624933, 6931165.148029102012515 ], [ 374923.597037678933702, 6931165.108748297207057 ], [ 374914.576658040925395, 6931154.297045491635799 ], [ 374913.878123764065094, 6931153.538061336614192 ], [ 374913.109189261856955, 6931152.85049547534436 ], [ 374912.277122336614411, 6931152.24084662925452 ], [ 374911.389787504449487, 6931151.714877068996429 ], [ 374910.455571661819704, 6931151.277558143250644 ], [ 374909.483304814377334, 6931150.933023297227919 ], [ 374908.48217661754461, 6931150.684528998099267 ], [ 374907.461649517994374, 6931150.534423960372806 ], [ 374897.573561594123021, 6931149.568173688836396 ], [ 374891.959828562743496, 6931149.023558617569506 ], [ 374885.728389002673794, 6931141.554800272919238 ], [ 374885.029191981826443, 6931140.795178068801761 ], [ 374884.259476284205448, 6931140.107108223251998 ], [ 374883.426530054886825, 6931139.497105807997286 ], [ 374882.538240144727752, 6931138.970946704037488 ], [ 374881.603017432731576, 6931138.533612910658121 ], [ 374880.62971718685003, 6931138.189245376735926 ], [ 374879.62755521654617, 6931137.94110478553921 ], [ 374878.606020612176508, 6931137.791540687903762 ], [ 374872.999606588622555, 6931137.247672331519425 ], [ 374866.768093873164617, 6931129.778937784954906 ], [ 374866.068892523355316, 6931129.019321944564581 ], [ 374865.299173249455635, 6931128.33125872630626 ], [ 374864.466224205738399, 6931127.721263117156923 ], [ 374863.577932242827956, 6931127.195110914297402 ], [ 374862.642708230821881, 6931126.757784034125507 ], [ 374861.669407419802155, 6931126.413423345424235 ], [ 374860.667245593445841, 6931126.165289457887411 ], [ 374859.645711808465421, 6931126.015731847845018 ], [ 374854.057171948021278, 6931125.473631395958364 ], [ 374847.878872104163747, 6931118.02492634486407 ], [ 374847.179139605606906, 6931117.260579589754343 ], [ 374846.408180650265422, 6931116.568139107897878 ], [ 374845.573349595244508, 6931115.954210250638425 ], [ 374844.682610088901129, 6931115.424649429507554 ], [ 374843.744459103152622, 6931114.984508248046041 ], [ 374842.767845879250672, 6931114.637985315173864 ], [ 374841.762086558621377, 6931114.388386195525527 ], [ 374840.736775314086117, 6931114.23809187207371 ], [ 374830.797044375154655, 6931113.273976729251444 ], [ 374825.190494522743393, 6931112.730180361308157 ], [ 374818.95880980277434, 6931105.261510426178575 ], [ 374818.259597536816727, 6931104.501909647136927 ], [ 374817.489869101846125, 6931103.813862212002277 ], [ 374816.656912686710712, 6931103.203882912173867 ], [ 374815.768615155597217, 6931102.677747347392142 ], [ 374814.833387370978016, 6931102.240437243133783 ], [ 374813.860084555577487, 6931101.896093279123306 ], [ 374812.857922446157318, 6931101.647975882515311 ], [ 374811.836390034295619, 6931101.498434357345104 ], [ 374806.2298235137132, 6931100.954670445993543 ], [ 374799.998065639345441, 6931093.486024313606322 ], [ 374799.298849044833332, 6931092.726429899223149 ], [ 374798.529117033991497, 6931092.038389092311263 ], [ 374797.696157804806717, 6931091.428416597656906 ], [ 374796.807858221407514, 6931090.902287933975458 ], [ 374795.872629137244076, 6931090.464984742924571 ], [ 374794.899325757171027, 6931090.120647624135017 ], [ 374793.897163792105857, 6931089.872536930255592 ], [ 374792.875632200040855, 6931089.723001893609762 ], [ 374782.935808191425167, 6931088.759028865024447 ], [ 374777.347077239013743, 6931088.21704578679055 ], [ 374771.168507676629815, 6931080.768445016816258 ], [ 374770.468757518334314, 6931080.004122042097151 ], [ 374769.697783674113452, 6931079.311706542037427 ], [ 374768.862940563587472, 6931078.697803556919098 ], [ 374767.972191863693297, 6931078.168269189074636 ], [ 374767.034034542040899, 6931077.728154733777046 ], [ 374766.057417803327553, 6931077.381658500991762 ], [ 374765.051657721458469, 6931077.132085763849318 ], [ 374764.026348372630309, 6931076.98181722778827 ], [ 374758.419677942467388, 6931076.438128402456641 ], [ 374752.187748061609454, 6931068.969546884298325 ], [ 374751.488520551472902, 6931068.209967531263828 ], [ 374750.718779380200431, 6931067.521942507475615 ], [ 374749.885812780354172, 6931066.911986323073506 ], [ 374748.997507629392203, 6931066.385874298401177 ], [ 374748.06227477331413, 6931065.948587882332504 ], [ 374747.08896938955877, 6931065.604267488233745 ], [ 374746.086807142070029, 6931065.356173285283148 ], [ 374745.065276923822239, 6931065.206654332578182 ], [ 374740.747912704187911, 6931064.788018067367375 ] ] ] } },
{ "type": "Feature", "properties": { "id": "61", "_id": 62, "width": 57.84, "depth": 36.03, "manning_n": 0.9839 }, "geometry": { "type": "Polygon", "coordinates": [ [ [ 371608.841961910540704, 6930713.93235008046031 ], [ 371600.89759756217245, 6930713.169670777395368 ], [ 371597.979028566100169, 6930713.037729248404503 ], [ 371595.06204019812867, 6930713.20092365052551 ], [ 371592.176401490985882, 6930713.657588521018624 ], [ 371589.351561541494448, 6930714.403063410893083 ], [ 371586.616348970972467, 6930715.429740451276302 ], [ 371583.998677717405371, 6930716.727141993120313 ], [ 371581.525262162729632, 6930718.282027534209192 ], [ 371579.221344501653221, 6930720.07852884568274 ], [ 371577.110437135270331, 6930722.098311914131045 ], [ 371575.214082717255224, 6930724.320764045231044 ], [ 371573.551634302770253, 6930726.723204225301743 ], [ 371561.798666707763914, 6930745.688190402463078 ], [ 371560.423833159264177, 6930748.171031184494495 ], [ 371559.298980763414875, 6930750.776673663407564 ], [ 371558.434942463762127, 6930753.480024075135589 ], [ 371557.840039421396796, 6930756.255047679878771 ], [ 371557.520000877906568, 6930759.075019482523203 ], [ 371557.477908979344647, 6930761.912781612947583 ], [ 371557.714169093756936, 6930764.741004870273173 ], [ 371558.2265059070196, 6930767.532451919279993 ], [ 371559.009985335636884, 6930770.260239598341286 ], [ 371560.05706204433227, 6930772.898097820580006 ], [ 371561.357652112084907, 6930775.420622570440173 ], [ 371562.899230145558249, 6930777.803520554676652 ], [ 371564.66694990551332, 6930780.023843163624406 ], [ 371566.643787284381688, 6930782.060207475908101 ], [ 371568.810704257513862, 6930783.89300219155848 ], [ 371571.146832229977008, 6930785.504576493985951 ], [ 371573.629673012241255, 6930786.87941004242748 ], [ 371576.235315490397625, 6930788.004262438043952 ], [ 371578.938665902940556, 6930788.868300737813115 ], [ 371581.713689507683739, 6930789.463203780353069 ], [ 371584.533661310211755, 6930789.783242323435843 ], [ 371587.37142344051972, 6930789.825334222055972 ], [ 371590.199646698136348, 6930789.589074107818305 ], [ 371592.991093746910337, 6930789.076737294904888 ], [ 371595.718881425855216, 6930788.293257866054773 ], [ 371598.356739648384973, 6930787.246181157417595 ], [ 371600.879264397954103, 6930785.945591089315712 ], [ 371603.262162382190581, 6930784.404013056308031 ], [ 371605.482484990847297, 6930782.636293295770884 ], [ 371607.518849303538445, 6930780.659455916844308 ], [ 371609.351644018664956, 6930778.492538943886757 ], [ 371610.96321832126705, 6930776.156410971656442 ], [ 371613.252863675588742, 6930772.461761756800115 ], [ 371615.254637470759917, 6930772.653943269513547 ], [ 371618.093054343305994, 6930772.786211565136909 ], [ 371620.930750633822754, 6930772.639293195679784 ], [ 371623.74033181933919, 6930772.214606480672956 ], [ 371626.494674794317689, 6930771.516251254826784 ], [ 371629.167189711239189, 6930770.550969295203686 ], [ 371631.732076673419215, 6930769.328079228289425 ], [ 371634.164574801805429, 6930767.859386578202248 ], [ 371636.441201271431055, 6930766.159069795161486 ], [ 371647.34043673647102, 6930757.1519167246297 ], [ 371647.389754311181605, 6930757.111068592406809 ], [ 371658.237534732848871, 6930748.105939339846373 ], [ 371660.334434152173344, 6930746.183373291045427 ], [ 371662.232293944165576, 6930744.064086712896824 ], [ 371663.912749132781755, 6930741.768587258644402 ], [ 371665.359538496122696, 6930739.319087732583284 ], [ 371666.270747911243234, 6930737.358709939755499 ], [ 371668.639280894072726, 6930737.586140410043299 ], [ 371668.958096321148332, 6930737.614973533898592 ], [ 371678.89612259081332, 6930738.458326537162066 ], [ 371681.70380534225842, 6930738.559630789794028 ], [ 371684.508068962721154, 6930738.388019218109548 ], [ 371687.28244775463827, 6930737.945111436769366 ], [ 371690.000758063455578, 6930737.235087458044291 ], [ 371692.637345389986876, 6930736.264648251235485 ], [ 371695.167326509312261, 6930735.042952495627105 ], [ 371697.56682430987712, 6930733.581530143506825 ], [ 371699.813193138048518, 6930731.894173610024154 ], [ 371701.517386157414876, 6930730.479518291540444 ], [ 371702.205770423111971, 6930730.511613605543971 ], [ 371705.043444401875604, 6930730.364769387058914 ], [ 371707.853011044149753, 6930729.940161195583642 ], [ 371710.607347883284092, 6930729.241888031363487 ], [ 371713.279865619610064, 6930728.276690755039454 ], [ 371715.844764803652652, 6930727.053887004964054 ], [ 371718.277284893323667, 6930725.585281255654991 ], [ 371720.553943283099215, 6930723.885050856508315 ], [ 371731.453540307178628, 6930714.878177378326654 ], [ 371731.50285900948802, 6930714.837330934591591 ], [ 371742.350977593276184, 6930705.832498863339424 ], [ 371742.925422467233147, 6930705.355666794814169 ], [ 371741.97464784438489, 6930715.248026415705681 ], [ 371741.842089443234727, 6930718.090037888847291 ], [ 371741.989426393934991, 6930720.931321536190808 ], [ 371742.415232725907117, 6930723.744378576055169 ], [ 371743.115387359866872, 6930726.501983411610126 ], [ 371744.083113992412109, 6930729.177447129972279 ], [ 371745.309046679642051, 6930731.744875801727176 ], [ 371746.781320483016316, 6930734.179421096108854 ], [ 371748.48568630189402, 6930736.457520764321089 ], [ 371757.521996264171321, 6930747.372178976424038 ], [ 371759.438600067805964, 6930749.468456079252064 ], [ 371761.551597387646325, 6930751.366610488854349 ], [ 371763.840605853591114, 6930753.048332247883081 ], [ 371766.283545258804224, 6930754.497399153187871 ], [ 371768.856850549636874, 6930755.699833231978118 ], [ 371771.535699138534255, 6930756.64403557870537 ], [ 371774.294250347418711, 6930757.320898239500821 ], [ 371777.105894671753049, 6930757.723892070353031 ], [ 371779.943510460783727, 6930757.849129715003073 ], [ 371782.77972553804284, 6930757.695403110235929 ], [ 371785.587181238690391, 6930757.264195129275322 ], [ 371788.338796316238586, 6930756.559665286913514 ], [ 371791.008028173353523, 6930755.588609610684216 ], [ 371793.569128896750044, 6930754.36039508599788 ], [ 371795.997393626428675, 6930752.886869302019477 ], [ 371798.269398863310926, 6930751.18224616535008 ], [ 371809.117582950857468, 6930742.177613209933043 ], [ 371819.940982405736577, 6930733.193637724965811 ], [ 371830.816012750612572, 6930724.207572979852557 ], [ 371830.865332638088148, 6930724.166727863252163 ], [ 371832.574671622889582, 6930722.747915839776397 ], [ 371840.34748088568449, 6930723.494671924039721 ], [ 371850.228214215487242, 6930724.450898879207671 ], [ 371860.190402201376855, 6930725.408062424510717 ], [ 371860.509215527155902, 6930725.43691383022815 ], [ 371870.447201407689136, 6930726.280838713981211 ], [ 371873.283474572235718, 6930726.381933582946658 ], [ 371876.115999336238019, 6930726.204538268968463 ], [ 371878.917496937850956, 6930725.750361183658242 ], [ 371881.660987423674669, 6930725.023776302114129 ], [ 371884.320049480651505, 6930724.031781032681465 ], [ 371886.869074887537863, 6930722.783928833901882 ], [ 371889.283515136223286, 6930721.292237202636898 ], [ 371891.540117847325746, 6930719.571071946062148 ], [ 371893.617150703037623, 6930717.637008826248348 ], [ 371895.494610741559882, 6930715.508673927746713 ], [ 371897.154416996461805, 6930713.206564279273152 ], [ 371898.580584626120981, 6930710.752850455231965 ], [ 371899.759378856630065, 6930708.171163061633706 ], [ 371900.679447255213745, 6930705.48636515904218 ], [ 371901.331929060164839, 6930702.724312818609178 ], [ 371901.710540515021421, 6930699.911606115289032 ], [ 371901.811635384568945, 6930697.075332950800657 ], [ 371901.634240069892257, 6930694.242808186449111 ], [ 371901.180062984873075, 6930691.441310584545135 ], [ 371900.453478103096131, 6930688.697820099070668 ], [ 371899.461482834187336, 6930686.038758042268455 ], [ 371898.213630634825677, 6930683.489732635207474 ], [ 371896.721939003909938, 6930681.075292386114597 ], [ 371895.000773747218773, 6930678.818689675070345 ], [ 371893.066710627055727, 6930676.741656819358468 ], [ 371890.9383757286123, 6930674.86419678106904 ], [ 371888.636266080313362, 6930673.204390525817871 ], [ 371886.182552256679628, 6930671.778222896158695 ], [ 371883.600864863023162, 6930670.599428665824234 ], [ 371880.91606696031522, 6930669.679360267706215 ], [ 371878.154014619998634, 6930669.026878462173045 ], [ 371875.341307916038204, 6930668.648267007432878 ], [ 371865.562808545248117, 6930667.817885575816035 ], [ 371855.789807276800275, 6930666.878905839286745 ], [ 371845.908987788716331, 6930665.922670545987785 ], [ 371835.946612015541177, 6930664.96554945781827 ], [ 371835.6276249178336, 6930664.93668523337692 ], [ 371825.689612235641107, 6930664.092878726311028 ], [ 371822.881913852819707, 6930663.991447196342051 ], [ 371820.077622444659937, 6930664.162935569882393 ], [ 371817.30320435174508, 6930664.605725373141468 ], [ 371814.584843976306729, 6930665.315637644380331 ], [ 371811.948196659155656, 6930666.285972374491394 ], [ 371809.418146549549419, 6930667.507571739144623 ], [ 371807.018571753636934, 6930668.968906527385116 ], [ 371804.772118977562059, 6930670.656184953637421 ], [ 371799.31128969846759, 6930675.188867064192891 ], [ 371799.000734260014724, 6930674.537828301079571 ], [ 371797.546750144974794, 6930672.125963922590017 ], [ 371795.865071066014934, 6930669.866956382989883 ], [ 371786.880156318889931, 6930658.950328691862524 ], [ 371784.940310140023939, 6930656.819346581585705 ], [ 371782.798019913665485, 6930654.891995928250253 ], [ 371780.47455594263738, 6930653.187412950210273 ], [ 371777.992987361678388, 6930651.722522055730224 ], [ 371775.377953089424409, 6930650.511867807246745 ], [ 371772.655417194589972, 6930649.567470509558916 ], [ 371769.852411104482599, 6930648.898706865496933 ], [ 371766.996765216172207, 6930648.512216872535646 ], [ 371757.218162443314213, 6930647.682152706198394 ], [ 371747.435101320093963, 6930646.742534053511918 ], [ 371737.492619852302596, 6930645.787634128704667 ], [ 371734.64620209322311, 6930645.655283798463643 ], [ 371731.8005764594418, 6930645.803693438880146 ], [ 371728.983368848159444, 6930646.231422259472311 ], [ 371726.221929268911481, 6930646.934317784383893 ], [ 371723.543066324084066, 6930647.905556164681911 ], [ 371720.972786945698317, 6930649.135708426125348 ], [ 371718.536043915140908, 6930650.61283200699836 ], [ 371716.256493616499938, 6930652.322586698457599 ], [ 371705.408293342625257, 6930661.327401623129845 ], [ 371694.584685500944033, 6930670.311887758783996 ], [ 371692.842863789992407, 6930671.751240767538548 ], [ 371692.107559266500175, 6930671.717060375027359 ], [ 371689.261919230455533, 6930671.865507915616035 ], [ 371686.444701258908026, 6930672.293277464807034 ], [ 371683.68325577583164, 6930672.996216104365885 ], [ 371681.004391748749185, 6930673.967499487102032 ], [ 371678.434116418822668, 6930675.197698095813394 ], [ 371675.997382814472076, 6930676.67486877925694 ], [ 371673.71784749958897, 6930678.384670707397163 ], [ 371672.008478445699438, 6930679.803622666746378 ], [ 371664.235331133881118, 6930679.057237572968006 ], [ 371654.354464584903326, 6930678.101570781320333 ], [ 371651.513627289037686, 6930677.967301281169057 ], [ 371648.673338502878323, 6930678.112712599337101 ], [ 371645.861066269979347, 6930678.536398484371603 ], [ 371643.104007689864375, 6930679.234261526726186 ], [ 371640.428825898154173, 6930680.199552789330482 ], [ 371637.861392211343627, 6930681.422937071882188 ], [ 371635.426535928854719, 6930682.892583194188774 ], [ 371633.147804212232586, 6930684.594278409145772 ], [ 371622.248413279885426, 6930693.601355496793985 ], [ 371620.141573344415519, 6930695.524960340932012 ], [ 371618.234513371950015, 6930697.646787942387164 ], [ 371616.545791757875122, 6930699.946189912967384 ], [ 371615.091842156252824, 6930702.400789812207222 ], [ 371613.886813556775451, 6930704.986700905486941 ], [ 371612.942432595067658, 6930707.678758614696562 ], [ 371612.267889436043333, 6930710.450765402987599 ], [ 371612.165152150671929, 6930711.179730113595724 ], [ 371610.4701766782091, 6930712.586789679713547 ], [ 371608.841961910540704, 6930713.93235008046031 ] ] ] } },
{ "type": "Feature", "properties": { "id": "62", "_id": 63, "width": 13.73, "depth": 47.75, "manning_n": 0.0109 }, "geometry": { "type": "Polygon", "coordinates": [ [ [ 371345.430010540003423, 6930765.441808105446398 ], [ 371345.501314177410677, 6930765.448272614739835 ], [ 371355.352114715613425, 6930766.289596791379154 ], [ 371365.258761535806116, 6930767.239934481680393 ], [ 371365.932545481657144, 6930767.271281244233251 ], [ 371366.606153354339767, 6930767.236354763619602 ], [ 371367.273082264349796, 6930767.13549221213907 ], [ 371367.926893799740355, 6930766.969667300581932 ], [ 371368.561276181251742, 6930766.740480871871114 ], [ 371369.170105195313226, 6930766.450145450420678 ], [ 371369.747503315855283, 6930766.101463883183897 ], [ 371370.287896445137449, 6930765.697802278213203 ], [ 371378.991662648622878, 6930758.503863906487823 ], [ 371386.099579875648487, 6930759.1857650578022 ], [ 371386.775266605662182, 6930759.217110611498356 ], [ 371387.450758199556731, 6930759.181808948516846 ], [ 371388.119496780040208, 6930759.080202788114548 ], [ 371388.774990030215122, 6930758.913278554566205 ], [ 371389.410874222754501, 6930758.682656797580421 ], [ 371390.020976001163945, 6930758.390576465055346 ], [ 371390.599372312310152, 6930758.039873160421848 ], [ 371391.140447909536306, 6930757.633951617404819 ], [ 371399.7899312399677, 6930750.452624476514757 ], [ 371406.888980202900711, 6930751.133718309924006 ], [ 371406.964661380799953, 6930751.140556780621409 ], [ 371416.86480780254351, 6930751.979909907095134 ], [ 371426.766905812895857, 6930752.929993009194732 ], [ 371436.655323919665534, 6930753.885725434869528 ], [ 371446.602358447853476, 6930754.840182265266776 ], [ 371446.678039656486362, 6930754.84702165890485 ], [ 371456.57815921434667, 6930755.686492699198425 ], [ 371466.482611987798009, 6930756.636922384612262 ], [ 371476.42487925151363, 6930757.5910110687837 ], [ 371486.367139397538267, 6930758.545129401609302 ], [ 371486.442820642492734, 6930758.551969720050693 ], [ 371496.342913411848713, 6930759.391558830626309 ], [ 371506.244955107104033, 6930760.341877930797637 ], [ 371516.133317157335114, 6930761.297846057452261 ], [ 371526.080295443593059, 6930762.252539989538491 ], [ 371526.155976722424384, 6930762.259381231851876 ], [ 371536.056042682845145, 6930763.099088256247342 ], [ 371545.96043914015172, 6930764.049753997474909 ], [ 371555.902650160016492, 6930765.004079665057361 ], [ 371565.844854061841033, 6930765.958434978500009 ], [ 371565.882637469330803, 6930765.961956459097564 ], [ 371585.762767506588716, 6930767.759411528706551 ], [ 371586.435898241004907, 6930767.787080717273057 ], [ 371587.108499721740372, 6930767.74863832257688 ], [ 371587.774094428867102, 6930767.644454563967884 ], [ 371588.426272321492434, 6930767.475532788783312 ], [ 371589.058752569952048, 6930767.243499806150794 ], [ 371589.665444043755997, 6930766.950590221211314 ], [ 371590.240503972338047, 6930766.599624912254512 ], [ 371590.778394214226864, 6930766.19398386683315 ], [ 371591.273934592376463, 6930765.737573631107807 ], [ 371591.722352781973314, 6930765.234789684414864 ], [ 371592.119330270856153, 6930764.690474111586809 ], [ 371592.461043948715087, 6930764.109868968836963 ], [ 371592.744202925998252, 6930763.498565800487995 ], [ 371592.966080227051862, 6930762.862451790831983 ], [ 371593.124539052078035, 6930762.207653066143394 ], [ 371593.218053356045857, 6930761.54047569539398 ], [ 371593.245722545078024, 6930760.867344960570335 ], [ 371593.207280149741564, 6930760.194743479602039 ], [ 371593.10309639130719, 6930759.529148772358894 ], [ 371592.934174616355449, 6930758.876970879733562 ], [ 371592.702141633897554, 6930758.244490631856024 ], [ 371592.409232048434205, 6930757.637799157761037 ], [ 371592.05826673930278, 6930757.062739228829741 ], [ 371591.65262569434708, 6930756.524848987348378 ], [ 371591.196215458621737, 6930756.02930860966444 ], [ 371590.693431512103416, 6930755.580890419892967 ], [ 371590.149115939100739, 6930755.183912931010127 ], [ 371589.56851079617627, 6930754.842199252918363 ], [ 371588.95720762811834, 6930754.559040275402367 ], [ 371588.321093618753366, 6930754.33716297429055 ], [ 371587.666294893657323, 6930754.178704149089754 ], [ 371586.999117522442248, 6930754.08518984541297 ], [ 371567.137884013471194, 6930752.289443299174309 ], [ 371557.214546335220803, 6930751.33689896017313 ], [ 371547.272294006659649, 6930750.382569327019155 ], [ 371537.330034564889502, 6930749.428269336000085 ], [ 371537.254312004719395, 6930749.421424131840467 ], [ 371527.354225347866304, 6930748.581715352833271 ], [ 371517.452156703337096, 6930747.631333412602544 ], [ 371507.563774047070183, 6930746.675363293848932 ], [ 371497.616740344266873, 6930745.720724540762603 ], [ 371497.541017817507964, 6930745.71388026047498 ], [ 371487.640904392523225, 6930744.874289398081601 ], [ 371477.736445277405437, 6930743.923798677511513 ], [ 371467.794136702723335, 6930742.969706028699875 ], [ 371457.851821015588939, 6930742.015643022954464 ], [ 371457.776098525209818, 6930742.00879966840148 ], [ 371447.875958273943979, 6930741.169326873496175 ], [ 371437.973833482537884, 6930740.219180949963629 ], [ 371428.085394537833054, 6930739.263446510769427 ], [ 371418.138304595195223, 6930738.309044859372079 ], [ 371418.062582135084085, 6930738.302202427759767 ], [ 371408.162415060738567, 6930737.462847550399601 ], [ 371398.257899689197075, 6930736.512592892162502 ], [ 371397.582207943487447, 6930736.481243255548179 ], [ 371396.9067109831376, 6930736.516541860066354 ], [ 371396.237966838292778, 6930736.618146012537181 ], [ 371395.582467979751527, 6930736.785069292411208 ], [ 371394.946578287053853, 6930737.015691133216023 ], [ 371394.336471265123691, 6930737.30777255538851 ], [ 371393.758070108946413, 6930737.658477897755802 ], [ 371393.216990198590793, 6930738.06440235581249 ], [ 371384.567488072789274, 6930745.245745101943612 ], [ 371377.468431243964005, 6930744.564693977124989 ], [ 371376.794642269494943, 6930744.533343129791319 ], [ 371376.121029018191621, 6930744.568266551941633 ], [ 371375.454094531945884, 6930744.669127092696726 ], [ 371374.80027737619821, 6930744.834951049648225 ], [ 371374.165889481897466, 6930745.064137562178075 ], [ 371373.557055210578255, 6930745.354474069550633 ], [ 371372.979652229929343, 6930745.703157673589885 ], [ 371372.439254770695698, 6930746.106822192668915 ], [ 371363.735469707287848, 6930753.300776152871549 ], [ 371356.627544555522036, 6930752.618917871266603 ], [ 371356.55618941609282, 6930752.612448422238231 ], [ 371346.705363042652607, 6930751.771122039295733 ], [ 371326.856348209374119, 6930749.867170918732882 ], [ 371326.183378570072819, 6930749.835827111266553 ], [ 371325.510577233217191, 6930749.870596793480217 ], [ 371324.844423643429764, 6930749.971145112998784 ], [ 371324.191333224007394, 6930750.136503733694553 ], [ 371323.557595592632424, 6930750.365080163814127 ], [ 371322.949313989200164, 6930750.654673086479306 ], [ 371322.372346498072147, 6930751.002493562176824 ], [ 371321.832249631523155, 6930751.405191891826689 ], [ 371321.334224817634095, 6930751.858889868482947 ], [ 371320.883068307710346, 6930752.35921813454479 ], [ 371320.483124985417817, 6930752.901358253322542 ], [ 371320.138246523740236, 6930753.480089120566845 ], [ 371319.851754290633835, 6930754.089837240055203 ], [ 371319.626407363044564, 6930754.724730405956507 ], [ 371319.464375954994466, 6930755.37865424901247 ], [ 371319.367220517597161, 6930756.045311124995351 ], [ 371319.335876710771117, 6930756.718280764296651 ], [ 371319.370646392460912, 6930757.391082101501524 ], [ 371319.47119471168844, 6930758.057235691696405 ], [ 371319.636553333199117, 6930758.710326110944152 ], [ 371319.865129763027653, 6930759.344063742086291 ], [ 371320.154722685227171, 6930759.952345345169306 ], [ 371320.50254316162318, 6930760.529312836937606 ], [ 371320.9052414909238, 6930761.069409702904522 ], [ 371321.358939468045719, 6930761.567434516735375 ], [ 371321.859267733467277, 6930762.018591026775539 ], [ 371322.40140785247786, 6930762.418534349650145 ], [ 371322.980138719372917, 6930762.763412810862064 ], [ 371323.58988683950156, 6930763.049905044026673 ], [ 371324.22478000522824, 6930763.275251971557736 ], [ 371324.878703848284204, 6930763.43728337995708 ], [ 371325.545360724499915, 6930763.534438816830516 ], [ 371345.430010540003423, 6930765.441808105446398 ] ] ] } },
{ "type": "Feature", "properties": { "id": "63", "_id": 64, "width": 71.06, "depth": 27.05, "manning_n": 0.8101 }, "geometry": { "type": "Polygon", "coordinates": [ [ [ 371613.334956401435193, 6930737.816267845220864 ], [ 371611.467790926923044, 6930735.762194631621242 ], [ 371608.880869248940144, 6930733.424406277947128 ], [ 371606.077260976773687, 6930731.351437679491937 ], [ 371603.083966390695423, 6930729.563252656720579 ], [ 371599.929812553920783, 6930728.077072408981621 ], [ 371596.645175692101475, 6930726.907209664583206 ], [ 371593.261688653728925, 6930726.064930841326714 ], [ 371589.811936268699355, 6930725.558347544632852 ], [ 371586.329141538182739, 6930725.392338449135423 ], [ 371582.84684567945078, 6930725.568502311594784 ], [ 371579.398585105140228, 6930726.085142579860985 ], [ 371576.017568449606188, 6930726.93728372361511 ], [ 371572.736356751585845, 6930728.116719159297645 ], [ 371569.586549873289187, 6930729.612090278416872 ], [ 371566.598482176894322, 6930731.408995839767158 ], [ 371563.80093038774794, 6930733.490130661055446 ], [ 371561.220836458844133, 6930735.835452274419367 ], [ 371558.883048105228227, 6930738.42237395234406 ], [ 371556.810079506598413, 6930741.225982224568725 ], [ 371555.021894483827055, 6930744.219276810996234 ], [ 371553.535714236204512, 6930747.37343064788729 ], [ 371552.365851491922513, 6930750.658067509531975 ], [ 371551.523572668724228, 6930754.041554547846317 ], [ 371551.016989372088574, 6930757.491306932643056 ], [ 371550.850980276183691, 6930760.974101663567126 ], [ 371551.027144139225129, 6930764.456397522240877 ], [ 371551.543784407025669, 6930767.904658096842468 ], [ 371552.395925551303662, 6930771.285674751736224 ], [ 371553.575360987044405, 6930774.56688645016402 ], [ 371555.07073210622184, 6930777.716693328693509 ], [ 371556.867637667572126, 6930780.704761024564505 ], [ 371558.948772488161922, 6930783.50231281388551 ], [ 371567.934092457406223, 6930794.41846395470202 ], [ 371570.282583362481091, 6930797.001717548817396 ], [ 371572.87326356919948, 6930799.342013412155211 ], [ 371575.681119401240721, 6930801.416755393147469 ], [ 371578.679040296527091, 6930803.205911330878735 ], [ 371581.838080566201825, 6930804.692206468433142 ], [ 371585.127738873008639, 6930805.861290249973536 ], [ 371588.516252729401458, 6930806.701874871738255 ], [ 371591.970905172114726, 6930807.20584427844733 ], [ 371601.913072588969953, 6930808.16031698603183 ], [ 371602.304764637548942, 6930808.195733674801886 ], [ 371612.046577117056586, 6930809.022254068404436 ], [ 371617.206395054468885, 6930809.517640832811594 ], [ 371619.133234661770985, 6930811.618094682693481 ], [ 371621.717133527272381, 6930813.934103209525347 ], [ 371624.514626221440267, 6930815.987019055522978 ], [ 371627.499030613922514, 6930817.757261768914759 ], [ 371630.641881834366359, 6930819.227947000414133 ], [ 371633.913203766569495, 6930820.385047540068626 ], [ 371637.281794957059901, 6930821.217527111060917 ], [ 371640.715526210493408, 6930821.717445626854897 ], [ 371650.657613324816339, 6930822.672061809338629 ], [ 371660.599619188462384, 6930823.626700513064861 ], [ 371670.541601546981838, 6930824.581367286853492 ], [ 371670.933295021473896, 6930824.616792431101203 ], [ 371680.871082642406691, 6930825.460150564089417 ], [ 371684.3205585659598, 6930825.584617003798485 ], [ 371687.765833953395486, 6930825.373776906169951 ], [ 371691.174392227025237, 6930824.829620186239481 ], [ 371694.514063346199691, 6930823.95728260371834 ], [ 371697.753327428363264, 6930822.764997298829257 ], [ 371700.861612234672066, 6930821.264017084613442 ], [ 371701.001395158993546, 6930821.178880017250776 ], [ 371701.1929733826546, 6930821.350604682229459 ], [ 371703.990418882167432, 6930823.403593138791621 ], [ 371706.974783632962499, 6930825.173912307247519 ], [ 371710.117603062128183, 6930826.644677061587572 ], [ 371713.388901271915529, 6930827.801859393715858 ], [ 371716.757476946746465, 6930828.634422213770449 ], [ 371720.191200948378537, 6930829.134424620307982 ], [ 371730.133248184167314, 6930830.089279349893332 ], [ 371740.075181397260167, 6930831.044153457507491 ], [ 371750.017107500112616, 6930831.999057210050523 ], [ 371750.408801317913458, 6930832.03449191711843 ], [ 371760.150483394041657, 6930832.861444484442472 ], [ 371765.265603711886797, 6930833.352773585356772 ], [ 371773.883877766726073, 6930843.762894431129098 ], [ 371776.230547074752394, 6930846.330461771227419 ], [ 371778.817034955951385, 6930848.656260414049029 ], [ 371781.618551280698739, 6930850.717998799867928 ], [ 371784.608244984119665, 6930852.495916246436536 ], [ 371787.757461420027539, 6930853.972972348332405 ], [ 371791.036017000442371, 6930855.135010296478868 ], [ 371794.412488489586394, 6930855.970892567187548 ], [ 371797.854514178878162, 6930856.472607667557895 ], [ 371803.169161720375996, 6930856.983166720718145 ], [ 371811.80044565082062, 6930867.307851554825902 ], [ 371820.697688437416218, 6930878.118941539898515 ], [ 371820.763094077992719, 6930878.198182509280741 ], [ 371829.798807930666953, 6930889.113045581616461 ], [ 371829.841909927781671, 6930889.165010870434344 ], [ 371838.821766173932701, 6930899.970533203333616 ], [ 371841.179198239231482, 6930902.539566526189446 ], [ 371843.777087924536318, 6930904.865160500630736 ], [ 371846.590416131890379, 6930906.924918388016522 ], [ 371849.592088972800411, 6930908.699003592133522 ], [ 371852.753198696998879, 6930910.170330702327192 ], [ 371856.043302089674398, 6930911.324730034917593 ], [ 371859.430713656649459, 6930912.151084094308317 ], [ 371862.882810772804078, 6930912.641434636898339 ], [ 371866.366347855830099, 6930912.791059320792556 ], [ 371869.847776539216284, 6930912.598517177626491 ], [ 371873.293568761728238, 6930912.065662493929267 ], [ 371876.670539660495706, 6930911.197626951150596 ], [ 371879.946167159767356, 6930910.002770206891 ], [ 371883.088905176147819, 6930908.492599383927882 ], [ 371886.068487424403429, 6930906.68165825214237 ], [ 371888.856218898843508, 6930904.587387166917324 ], [ 371891.425252221291885, 6930902.229955101385713 ], [ 371893.750846196548082, 6930899.632065416313708 ], [ 371895.810604083351791, 6930896.818737208843231 ], [ 371897.584689287177753, 6930893.817064368166029 ], [ 371899.056016397837084, 6930890.655954643152654 ], [ 371900.210415730834939, 6930887.365851250477135 ], [ 371901.036769789585378, 6930883.978439684025943 ], [ 371901.527120332757477, 6930880.52634256798774 ], [ 371901.676745016593486, 6930877.042805484496057 ], [ 371901.484202873543836, 6930873.561376801691949 ], [ 371900.951348189788405, 6930870.11558457929641 ], [ 371900.083312647126149, 6930866.738613680005074 ], [ 371898.888455902342685, 6930863.462986180558801 ], [ 371897.378285079146735, 6930860.320248164236546 ], [ 371895.567343948059715, 6930857.340665915980935 ], [ 371893.473072862136178, 6930854.552934441715479 ], [ 371884.514792298490647, 6930843.773374275304377 ], [ 371875.533364824426826, 6930832.924087470397353 ], [ 371866.5817517680116, 6930822.046931862831116 ], [ 371866.406907719094306, 6930821.836138900369406 ], [ 371857.463102611713111, 6930811.137618298642337 ], [ 371848.565652982331812, 6930800.32646075822413 ], [ 371846.182477100519463, 6930797.708281422965229 ], [ 371843.550567683181725, 6930795.340277383103967 ], [ 371840.696057397406548, 6930793.245960945263505 ], [ 371837.647289151500445, 6930791.44612692669034 ], [ 371834.434534673287999, 6930789.958646178245544 ], [ 371831.089693937450647, 6930788.798288145102561 ], [ 371827.645978424989153, 6930787.976574214175344 ], [ 371824.137581361050252, 6930787.501663322560489 ], [ 371819.210480262350757, 6930787.083322007209063 ], [ 371810.560771777876653, 6930776.675733049400151 ], [ 371808.21520655718632, 6930774.118579644709826 ], [ 371805.631385663233232, 6930771.802423492074013 ], [ 371802.833953826921061, 6930769.749356308020651 ], [ 371799.849593220453244, 6930767.978960446082056 ], [ 371796.706768960750196, 6930766.508122109808028 ], [ 371793.435457606101409, 6930765.350870297290385 ], [ 371790.066861237050034, 6930764.518242985010147 ], [ 371786.633109847840387, 6930764.018181852996349 ], [ 371776.691097865870688, 6930763.063178912736475 ], [ 371766.748971863999031, 6930762.108195348642766 ], [ 371766.35706440184731, 6930762.072740120813251 ], [ 371756.615275389864109, 6930761.245778475888073 ], [ 371746.868991207971703, 6930760.309665771201253 ], [ 371741.513100550160743, 6930759.795258643105626 ], [ 371739.586205668048933, 6930757.694639882072806 ], [ 371737.002338736027014, 6930755.378548468463123 ], [ 371734.204867912922055, 6930753.325549502857029 ], [ 371731.220475605572574, 6930751.555224584415555 ], [ 371728.07762708660448, 6930750.084459155797958 ], [ 371724.806298991490621, 6930748.92728144582361 ], [ 371721.437693399842829, 6930748.094728668220341 ], [ 371718.00394022843102, 6930747.594741751439869 ], [ 371708.061850081954617, 6930746.639943143352866 ], [ 371698.119645923376083, 6930745.68516391236335 ], [ 371694.622558540955652, 6930745.522596412338316 ], [ 371691.126448454160709, 6930745.704976819455624 ], [ 371687.665258266264573, 6930746.23053446225822 ], [ 371684.272591554792598, 6930747.094166870228946 ], [ 371680.981386624858715, 6930748.287489316426218 ], [ 371677.823596721864305, 6930749.798916218802333 ], [ 371674.829879807890393, 6930751.613773621618748 ], [ 371672.474959386629052, 6930753.380160589702427 ], [ 371667.3917202813318, 6930752.892048731446266 ], [ 371662.035731054784264, 6930752.377762712538242 ], [ 371660.10875612689415, 6930750.277162930928171 ], [ 371657.524834821582772, 6930747.961139536462724 ], [ 371654.727316803648137, 6930745.908213183283806 ], [ 371651.742884854553267, 6930744.137964720837772 ], [ 371648.600004544481635, 6930742.667278815992177 ], [ 371645.328652727184817, 6930741.510182897560298 ], [ 371641.960031620285008, 6930740.677713370881975 ], [ 371638.526271197595634, 6930740.177810344845057 ], [ 371628.584124798013363, 6930739.223248712718487 ], [ 371618.641864374338184, 6930738.26870646327734 ], [ 371618.249958677915856, 6930738.233269263058901 ], [ 371613.334956401435193, 6930737.816267845220864 ] ] ] } },
{ "type": "Feature", "properties": { "id": "64", "_id": 65, "width": 50.04, "depth": 29.89, "manning_n": 0.5386 }, "geometry": { "type": "Polygon", "coordinates": [ [ [ 372692.736849283450283, 6930664.137952733784914 ], [ 372691.851022917078808, 6930673.692747194319963 ], [ 372691.847693754418287, 6930673.728942571207881 ], [ 372690.938949621398933, 6930683.688318403437734 ], [ 372690.835957721224986, 6930686.122559823095798 ], [ 372690.970216665475164, 6930688.555277059786022 ], [ 372691.340453324257396, 6930690.963401524350047 ], [ 372691.943156875495333, 6930693.324097830802202 ], [ 372692.772612096101511, 6930695.61498033721 ], [ 372693.820953558082692, 6930697.814325421117246 ], [ 372695.078240213042591, 6930699.901277477853 ], [ 372696.532549659663346, 6930701.856046685017645 ], [ 372698.973956782545429, 6930704.824109495617449 ], [ 372698.104648449458182, 6930714.351235649548471 ], [ 372697.150524352560751, 6930724.248979741707444 ], [ 372697.138583569729235, 6930724.376252469606698 ], [ 372696.229850678413641, 6930734.33562726713717 ], [ 372695.328643997549079, 6930744.212604940868914 ], [ 372694.372218735690694, 6930753.980235814116895 ], [ 372694.356629951274954, 6930754.145059331320226 ], [ 372693.447921169747133, 6930764.104435309767723 ], [ 372692.545024253311567, 6930774.000201222486794 ], [ 372691.590948927390855, 6930783.897948836907744 ], [ 372691.582335964078084, 6930783.989045112393796 ], [ 372690.669391292380169, 6930793.837072752416134 ], [ 372690.562902327626944, 6930796.275640207342803 ], [ 372690.694537739385851, 6930798.71297958586365 ], [ 372691.063044689188246, 6930801.125893542543054 ], [ 372691.664915916626342, 6930803.491417195647955 ], [ 372692.494423119642306, 6930805.787036704830825 ], [ 372693.543671473744325, 6930807.990903539583087 ], [ 372694.802674770413432, 6930810.082042422145605 ], [ 372696.259450461191591, 6930812.040550966747105 ], [ 372705.240843557403423, 6930822.959711438044906 ], [ 372706.894017960352357, 6930824.77941869571805 ], [ 372708.717803759442177, 6930826.428092547692358 ], [ 372710.694591468898579, 6930827.889814293943346 ], [ 372712.805294299614616, 6930829.150470342487097 ], [ 372715.029532450484112, 6930830.197888481430709 ], [ 372717.345829885161947, 6930831.021955411881208 ], [ 372719.731821692723315, 6930831.614714389666915 ], [ 372721.874370840087067, 6930831.92802067194134 ], [ 372724.333873260882683, 6930834.871694222092628 ], [ 372725.983826618408784, 6930836.661734241992235 ], [ 372727.799935164803173, 6930838.2829495575279 ], [ 372729.765005093999207, 6930839.719991493970156 ], [ 372731.860432324290741, 6930840.959255015477538 ], [ 372734.066378630930558, 6930841.989007531665266 ], [ 372736.361959461821243, 6930842.799499976448715 ], [ 372738.725441660091747, 6930843.38305910024792 ], [ 372741.134449220262468, 6930843.73416012339294 ], [ 372750.756627611117437, 6930844.661287355236709 ], [ 372753.131923291832209, 6930847.521073167212307 ], [ 372762.149329894396942, 6930858.420018531382084 ], [ 372762.17967178899562, 6930858.456620594486594 ], [ 372764.563010434154421, 6930861.326138644479215 ], [ 372764.475300618796609, 6930863.422354894690216 ], [ 372764.614382290048525, 6930865.878801703453064 ], [ 372764.99405788758304, 6930868.309711219742894 ], [ 372765.610655917553231, 6930870.691576351411641 ], [ 372766.458213827048894, 6930873.001364270225167 ], [ 372767.528535662277136, 6930875.216739137656987 ], [ 372768.811271324346308, 6930877.316278100945055 ], [ 372770.294016655127052, 6930879.279678447172046 ], [ 372772.616108225949574, 6930882.059026665054262 ], [ 372771.737126840045676, 6930891.690825731493533 ], [ 372770.83406608965015, 6930901.586571809835732 ], [ 372769.879828891775105, 6930911.484298410825431 ], [ 372769.764460118487477, 6930913.957917349413037 ], [ 372769.894178267742973, 6930916.430825314484537 ], [ 372770.267712661996484, 6930918.878798488527536 ], [ 372770.881404277170077, 6930921.27785730548203 ], [ 372771.729241585591808, 6930923.604501348920166 ], [ 372772.802919442940038, 6930925.8359395544976 ], [ 372774.091920442762785, 6930927.950313463807106 ], [ 372775.58361794159282, 6930929.926911342889071 ], [ 372777.925247777020559, 6930932.729692284017801 ], [ 372777.832172806665767, 6930934.725245196372271 ], [ 372777.961885346798226, 6930937.198141207918525 ], [ 372778.33541177934967, 6930939.646103222854435 ], [ 372778.94909319456201, 6930942.045152023434639 ], [ 372779.796918223961256, 6930944.371787522919476 ], [ 372780.870581925613806, 6930946.603218965232372 ], [ 372782.159567135619, 6930948.717588174156845 ], [ 372783.65124749019742, 6930950.694183668121696 ], [ 372792.640667715459131, 6930961.454057455062866 ], [ 372795.011641665420029, 6930964.319907444529235 ], [ 372794.125603973458055, 6930973.875477245077491 ], [ 372794.122274579363875, 6930973.911669371649623 ], [ 372793.252850125893019, 6930983.438584639690816 ], [ 372790.344414431077894, 6930985.851490557193756 ], [ 372788.529851618572138, 6930987.514173856005073 ], [ 372786.887421942374203, 6930989.347089214250445 ], [ 372785.433017484261654, 6930991.332501419819891 ], [ 372784.180711001448799, 6930993.451199705712497 ], [ 372783.142619759659283, 6930995.682683634571731 ], [ 372782.32878828671528, 6930998.005361462011933 ], [ 372781.747091182391159, 6931000.396759050898254 ], [ 372781.403156923595816, 6931002.833737339824438 ], [ 372780.500128048704937, 6931012.729463840834796 ], [ 372779.545922607358079, 6931022.627190684899688 ], [ 372779.537309033970814, 6931022.718280432745814 ], [ 372778.624232678557746, 6931032.566283947788179 ], [ 372778.620903621602338, 6931032.602475486695766 ], [ 372777.712092716305051, 6931042.56182901468128 ], [ 372777.609082802722696, 6931044.995861639268696 ], [ 372777.743283279414754, 6931047.428373940289021 ], [ 372778.113421788148116, 6931049.836303205229342 ], [ 372778.715989036369137, 6931052.196819795295596 ], [ 372778.882216315949336, 6931052.655988463200629 ], [ 372778.629709713859484, 6931053.082520185038447 ], [ 372777.591747218859382, 6931055.308572730049491 ], [ 372776.777048671559896, 6931057.625670559704304 ], [ 372776.193465204967652, 6931060.011484134942293 ], [ 372775.846620729251299, 6931062.443021710962057 ], [ 372775.739857734937686, 6931064.896850910037756 ], [ 372775.874205081607215, 6931067.349324531853199 ], [ 372776.248368083208334, 6931069.77680843975395 ], [ 372776.858740984520409, 6931072.155909319408238 ], [ 372777.69944170943927, 6931074.46370011754334 ], [ 372778.76236854569288, 6931076.677940984256566 ], [ 372780.037278219766449, 6931078.777293598279357 ], [ 372781.511884609761182, 6931080.741526799276471 ], [ 372783.895153791178018, 6931083.611165704205632 ], [ 372783.807427746069152, 6931085.692965555004776 ], [ 372783.943448274687398, 6931088.134413651190698 ], [ 372784.317139776889235, 6931090.550924576818943 ], [ 372784.924932981550228, 6931092.919417306780815 ], [ 372785.761022622231394, 6931095.21726945694536 ], [ 372786.817422885505948, 6931097.422533358447254 ], [ 372788.084043686336372, 6931099.514145688153803 ], [ 372789.548787043080665, 6931101.472128652967513 ], [ 372791.967025220859796, 6931104.395211501978338 ], [ 372791.874168209149502, 6931106.315493925474584 ], [ 372791.998096632887609, 6931108.778265286237001 ], [ 372792.363850789261051, 6931111.216876556165516 ], [ 372792.967877956805751, 6931113.607640494592488 ], [ 372793.80431096960092, 6931115.927334622479975 ], [ 372794.865025207516737, 6931118.153426788747311 ], [ 372796.139717514044605, 6931120.264294040389359 ], [ 372797.6160062753479, 6931122.23943264875561 ], [ 372800.06962899514474, 6931125.205318409018219 ], [ 372799.151656673231628, 6931134.579244143329561 ], [ 372799.032554479024839, 6931137.042235602624714 ], [ 372799.156478238001, 6931139.504989175125957 ], [ 372799.52222424489446, 6931141.943583467043936 ], [ 372800.12623990920838, 6931144.334331747144461 ], [ 372800.962658262404148, 6931146.654012026265264 ], [ 372802.023354945296887, 6931148.880092618986964 ], [ 372803.298027122451458, 6931150.990950999781489 ], [ 372804.774293556052726, 6931152.966083824634552 ], [ 372807.227920582634397, 6931155.932012284174562 ], [ 372806.309936130593996, 6931165.306018745526671 ], [ 372806.190832819382194, 6931167.768992129713297 ], [ 372806.314751913654618, 6931170.231727915816009 ], [ 372806.680489771126304, 6931172.670305228792131 ], [ 372807.284493932267651, 6931175.061037849634886 ], [ 372808.120897625922225, 6931177.380704280920327 ], [ 372809.181576754024718, 6931179.606773300096393 ], [ 372810.456228801922407, 6931181.717622809112072 ], [ 372811.932472908170894, 6931183.692749850451946 ], [ 372820.964085553481709, 6931194.610242732800543 ], [ 372820.994424372853246, 6931194.646845703944564 ], [ 372829.954963306139689, 6931205.436614389531314 ], [ 372838.971243561943993, 6931216.335758573375642 ], [ 372839.048073499696329, 6931216.428179994225502 ], [ 372848.013440085574985, 6931227.160392690449953 ], [ 372850.405072381079663, 6931230.068624246865511 ], [ 372849.482924293202814, 6931239.632923704572022 ], [ 372849.474310436286032, 6931239.724007555283606 ], [ 372848.561143764352892, 6931249.571992194280028 ], [ 372848.557814583240543, 6931249.60818138718605 ], [ 372847.654717538855039, 6931259.503894923254848 ], [ 372846.70044771162793, 6931269.401607812382281 ], [ 372846.688506895443425, 6931269.528859963640571 ], [ 372845.781269429076929, 6931279.47011979855597 ], [ 372844.87403206404997, 6931289.254503823816776 ], [ 372843.918043778277934, 6931299.170295515097678 ], [ 372843.906103374727536, 6931299.297546597197652 ], [ 372842.997240433993284, 6931309.256883305497468 ], [ 372842.127799184003379, 6931318.784320649690926 ], [ 372839.21974550554296, 6931321.197102621197701 ], [ 372837.408520088065416, 6931322.856549017131329 ], [ 372835.768753460608423, 6931324.685610323213041 ], [ 372834.316252072690986, 6931326.666655394248664 ], [ 372833.065017239423469, 6931328.780588043853641 ], [ 372832.027110177092254, 6931331.007031122222543 ], [ 372831.212535739352461, 6931333.324522943235934 ], [ 372830.629145976214204, 6931335.710724158212543 ], [ 372830.28256444435101, 6931338.142633099108934 ], [ 372829.373727518657688, 6931347.945096574723721 ], [ 372828.417816999950446, 6931357.860894626937807 ], [ 372828.302413043566048, 6931360.313527495600283 ], [ 372828.427964848873671, 6931362.765661831013858 ], [ 372828.793263283208944, 6931365.193682241253555 ], [ 372829.3947903229855, 6931367.574205562472343 ], [ 372830.22675293404609, 6931369.884306051768363 ], [ 372831.281138861610088, 6931372.101736180484295 ], [ 372832.547793792793527, 6931374.205140883103013 ], [ 372834.014519148215186, 6931376.174263223074377 ], [ 372835.667189560888801, 6931377.990139476023614 ], [ 372837.489888911310118, 6931379.635281760245562 ], [ 372839.46506360830972, 6931381.093846457079053 ], [ 372841.573691639874596, 6931382.351786791346967 ], [ 372843.7954657652881, 6931383.396988108754158 ], [ 372846.108989085245412, 6931384.219384550116956 ], [ 372848.491981105471496, 6931384.811055988073349 ], [ 372850.921492310124449, 6931385.166304302401841 ], [ 372853.374125178204849, 6931385.281708259135485 ], [ 372855.826259514433332, 6931385.156156453303993 ], [ 372858.254279924614821, 6931384.790858019143343 ], [ 372860.63480324507691, 6931384.189330979250371 ], [ 372862.944903734722175, 6931383.357368368655443 ], [ 372865.162333863147069, 6931382.302982441149652 ], [ 372867.265738565998618, 6931381.036327509209514 ], [ 372869.234860906144604, 6931379.569602154195309 ], [ 372871.050737158977427, 6931377.91693174187094 ], [ 372872.695879443606827, 6931376.094232390634716 ], [ 372874.154444140440319, 6931374.119057694450021 ], [ 372875.412384474184364, 6931372.010429662652314 ], [ 372876.45758579170797, 6931369.788655537180603 ], [ 372877.279982232954353, 6931367.475132216699421 ], [ 372877.871653670619708, 6931365.092140196822584 ], [ 372878.226901985355653, 6931362.662628992460668 ], [ 372879.149885519174859, 6931353.088387316092849 ], [ 372882.020468066213652, 6931350.706694753840566 ], [ 372883.823640803224407, 6931349.055384854786098 ], [ 372885.457024076022208, 6931347.235957641154528 ], [ 372886.905019197962247, 6931345.265788503922522 ], [ 372888.153797925682738, 6931343.163692410103977 ], [ 372889.191434517095331, 6931340.949744215235114 ], [ 372890.008019621483982, 6931338.645086959004402 ], [ 372890.595754913112614, 6931336.271729942411184 ], [ 372890.949027564551216, 6931333.852338545024395 ], [ 372891.909379182790872, 6931323.891032504849136 ], [ 372891.92131549824262, 6931323.763822759501636 ], [ 372892.83017043833388, 6931313.804485660977662 ], [ 372893.733223869174253, 6931303.908809669315815 ], [ 372894.687467392883264, 6931294.011115163564682 ], [ 372894.69607691525016, 6931293.920073193497956 ], [ 372895.609211664937902, 6931284.072086985222995 ], [ 372895.612537062552292, 6931284.035937961190939 ], [ 372896.515616217453498, 6931274.140243764966726 ], [ 372897.469884104037192, 6931264.242551004514098 ], [ 372897.481821245688479, 6931264.115339117124677 ], [ 372898.38907299929997, 6931254.17410022765398 ], [ 372899.296338281361386, 6931244.389758731238544 ], [ 372900.25237346306676, 6931234.47399043943733 ], [ 372900.264311017352156, 6931234.346777483820915 ], [ 372901.173238333081827, 6931224.387443934567273 ], [ 372901.276277498283889, 6931221.953505455516279 ], [ 372901.14212432585191, 6931219.521083511412144 ], [ 372900.772050628438592, 6931217.113238199613988 ], [ 372900.16956481692614, 6931214.752796622924507 ], [ 372899.340378639521077, 6931212.46213648468256 ], [ 372898.292353032506071, 6931210.262973936274648 ], [ 372897.035423596447799, 6931208.176157705485821 ], [ 372895.581506403686944, 6931206.221471442840993 ], [ 372886.601628082687967, 6931195.301914303563535 ], [ 372886.478561695374083, 6931195.153435360640287 ], [ 372877.489901735214517, 6931184.393338757567108 ], [ 372868.49670695111854, 6931173.522100969217718 ], [ 372868.466235013504047, 6931173.48533708229661 ], [ 372859.505629347404465, 6931162.695488041266799 ], [ 372857.123986476741266, 6931159.816537170670927 ], [ 372858.000723714591004, 6931150.208967540413141 ], [ 372858.103681164211594, 6931147.76592764351517 ], [ 372857.967673493665643, 6931145.324504680000246 ], [ 372857.593999737116974, 6931142.908017125912011 ], [ 372856.98622892081039, 6931140.539545296691358 ], [ 372856.150165974919219, 6931138.241710897535086 ], [ 372855.093796289293095, 6931136.036460965871811 ], [ 372853.82720944378525, 6931133.944858246482909 ], [ 372852.362502840755042, 6931131.986880018375814 ], [ 372849.965712292527314, 6931129.089655126444995 ], [ 372850.842437332612462, 6931119.482165441848338 ], [ 372850.945393425179645, 6931117.039107658900321 ], [ 372850.809380917868111, 6931114.597667123191059 ], [ 372850.435698909859639, 6931112.181162820197642 ], [ 372849.827916558308061, 6931109.81267555989325 ], [ 372848.991838987974916, 6931107.514827526174486 ], [ 372847.935451844881754, 6931105.309566205367446 ], [ 372846.668845022679307, 6931103.217954757623374 ], [ 372845.204116290376987, 6931101.259970838204026 ], [ 372842.785869173065294, 6931098.336846335791051 ], [ 372842.878730189520866, 6931096.416468200273812 ], [ 372842.754798558773473, 6931093.953680790029466 ], [ 372842.389038051187526, 6931091.515054102055728 ], [ 372841.785001496609766, 6931089.124275836162269 ], [ 372840.94855622923933, 6931086.804568916559219 ], [ 372839.887827094818931, 6931084.578465914353728 ], [ 372838.613117529952433, 6931082.467590171843767 ], [ 372837.136809478572104, 6931080.492445768788457 ], [ 372834.666088066645898, 6931077.505922997370362 ], [ 372834.75504737556912, 6931075.388850411400199 ], [ 372834.617818779486697, 6931072.941495588980615 ], [ 372834.2417702297098, 6931070.51931376196444 ], [ 372833.630511055525858, 6931068.145553130656481 ], [ 372833.510365558089688, 6931067.816453943029046 ], [ 372833.724800784373656, 6931067.455097790807486 ], [ 372834.762590195634402, 6931065.237235968932509 ], [ 372835.57861198252067, 6931062.92855098284781 ], [ 372836.165050176146906, 6931060.551155734807253 ], [ 372836.516287790844217, 6931058.127821243368089 ], [ 372836.628960624337196, 6931055.681758538819849 ], [ 372836.501989480864722, 6931053.236396346241236 ], [ 372836.136590507405344, 6931050.815156682394445 ], [ 372835.536263545684051, 6931048.441230512224138 ], [ 372834.706758609740064, 6931046.13735562749207 ], [ 372833.656020812049974, 6931043.925598858855665 ], [ 372832.394114263763186, 6931041.827144717797637 ], [ 372830.933125679206569, 6931039.862092484720051 ], [ 372828.479067183099687, 6931036.87820284999907 ], [ 372829.359379852190614, 6931027.383572736755013 ], [ 372830.289999926520977, 6931017.730490818619728 ], [ 372833.14466815040214, 6931015.362191646359861 ], [ 372834.947984120401088, 6931013.710873523727059 ], [ 372836.581501044216566, 6931011.891416877508163 ], [ 372838.02961754030548, 6931009.921198959462345 ], [ 372839.278502948232926, 6931007.819036914035678 ], [ 372840.316229422402103, 6931005.605008053593338 ], [ 372841.132885852421168, 6931003.300258110277355 ], [ 372841.720672522031236, 6931000.926799271255732 ], [ 372842.073975602572318, 6930998.507299950346351 ], [ 372843.034365677507594, 6930988.545982149429619 ], [ 372843.046303604962304, 6930988.418759959749877 ], [ 372843.953540241520386, 6930978.477509135380387 ], [ 372844.860791504266672, 6930968.693159273825586 ], [ 372845.81681565369945, 6930958.777380445040762 ], [ 372845.932234995416366, 6930956.318813350982964 ], [ 372845.805533720413223, 6930953.860801844857633 ], [ 372845.437937930691987, 6930951.427132369019091 ], [ 372844.83300489053363, 6930949.041355808265507 ], [ 372843.996588602545671, 6930946.726559581235051 ], [ 372842.93678315798752, 6930944.505144221708179 ], [ 372841.663844409049489, 6930942.398606607690454 ], [ 372840.190090722288005, 6930940.427331930957735 ], [ 372831.157874027499929, 6930929.509886752814054 ], [ 372831.080904342816211, 6930929.417306185699999 ], [ 372828.739264867443126, 6930926.614484136924148 ], [ 372828.832343667687383, 6930924.618835198692977 ], [ 372828.702627871418372, 6930922.145923121832311 ], [ 372828.329095022170804, 6930919.697945683263242 ], [ 372827.715404140530154, 6930917.298882568255067 ], [ 372826.867566766391974, 6930914.972234309650958 ], [ 372825.793888071319088, 6930912.740792088210583 ], [ 372824.504885503905825, 6930910.626414470374584 ], [ 372823.013185763615184, 6930908.649813293479383 ], [ 372820.691068575659301, 6930905.870387741364539 ], [ 372821.570052784169093, 6930896.238472579047084 ], [ 372822.473115957924165, 6930886.342787444591522 ], [ 372823.427375624480192, 6930876.445082727819681 ], [ 372823.542750386637636, 6930873.971430538222194 ], [ 372823.413031595293432, 6930871.498489066027105 ], [ 372823.039489968912676, 6930869.050483114086092 ], [ 372822.425784701190423, 6930866.651393217034638 ], [ 372821.577927616250236, 6930864.324720731936395 ], [ 372820.504224276810419, 6930862.093257618136704 ], [ 372819.215192623378243, 6930859.978863169439137 ], [ 372817.723459941509645, 6930858.00224987976253 ], [ 372815.337035715230741, 6930855.145900886505842 ], [ 372815.422875121061224, 6930853.10324515402317 ], [ 372815.285635264939629, 6930850.655762512236834 ], [ 372814.90955057030078, 6930848.233456511050463 ], [ 372814.298231091233902, 6930845.859578974545002 ], [ 372813.457544910896104, 6930843.556916861794889 ], [ 372812.395561813900713, 6930841.3475735289976 ], [ 372811.122475823794957, 6930839.25275656208396 ], [ 372809.650507350452244, 6930837.29257420450449 ], [ 372800.68889560183743, 6930826.502875173464417 ], [ 372791.671422401908785, 6930815.60384931601584 ], [ 372791.640947029052768, 6930815.567086547613144 ], [ 372782.664034078188706, 6930804.759148613549769 ], [ 372781.012832701264415, 6930802.957904380746186 ], [ 372779.193799344997387, 6930801.326320972293615 ], [ 372777.224284399766475, 6930799.879960833117366 ], [ 372775.123073586553801, 6930798.632619705051184 ], [ 372772.91020877432311, 6930797.596195035614073 ], [ 372770.60679681529291, 6930796.780572501011193 ], [ 372768.234808223030996, 6930796.193531710654497 ], [ 372765.816867611836642, 6930795.840672004036605 ], [ 372756.152166801912244, 6930794.909418120980263 ], [ 372753.70575671485858, 6930791.981414226815104 ], [ 372752.055789939535316, 6930790.191361001692712 ], [ 372750.239665535569657, 6930788.570135213434696 ], [ 372748.274577724805567, 6930787.133085873909295 ], [ 372746.179131045588292, 6930785.893818298354745 ], [ 372743.973164213355631, 6930784.864065296947956 ], [ 372741.842281101795379, 6930784.111732000485063 ], [ 372742.360285537550226, 6930778.737861584872007 ], [ 372742.372221820172854, 6930778.610631263814867 ], [ 372743.280921012163162, 6930768.651272309944034 ], [ 372744.182107835484203, 6930758.774336395785213 ], [ 372745.138531132775825, 6930749.006725585088134 ], [ 372745.154116253950633, 6930748.841942216269672 ], [ 372746.062841144565027, 6930738.882567029446363 ], [ 372746.965764390712138, 6930728.986863784492016 ], [ 372747.919886547839269, 6930719.08913981448859 ], [ 372747.931823656719644, 6930718.961907351389527 ], [ 372748.838921275455505, 6930709.020632065832615 ], [ 372749.750260176078882, 6930699.190704303793609 ], [ 372749.856766538636293, 6930696.752070125192404 ], [ 372749.725135364453308, 6930694.314662999473512 ], [ 372749.356619520985987, 6930691.901682199910283 ], [ 372748.754726546874736, 6930689.536094511859119 ], [ 372747.925185267638881, 6930687.240415629930794 ], [ 372746.875891268369742, 6930685.036495856940746 ], [ 372745.616831743507646, 6930682.94531213119626 ], [ 372744.159990438842215, 6930680.986768366768956 ], [ 372741.705974836775567, 6930678.003377200104296 ], [ 372742.586136440862902, 6930668.509684600867331 ], [ 372743.542021448840387, 6930658.593880649656057 ], [ 372743.657405606121756, 6930656.135135580785573 ], [ 372743.530634504801128, 6930653.676951311528683 ], [ 372743.162935098225717, 6930651.243119360879064 ], [ 372742.557866162678692, 6930648.857195556163788 ], [ 372741.721283853927162, 6930646.542272046208382 ], [ 372740.661285028443672, 6930644.320753802545369 ], [ 372739.388128877966665, 6930642.214141775853932 ], [ 372737.914137636020314, 6930640.242824795655906 ], [ 372735.853996713238303, 6930637.753043293952942 ], [ 372738.302949492470361, 6930635.721470939926803 ], [ 372740.117647203151137, 6930634.058766106143594 ], [ 372741.760200646647718, 6930632.225808569230139 ], [ 372743.214715071255341, 6930630.2403355948627 ], [ 372744.467115351813845, 6930628.121560315601528 ], [ 372745.505282192258164, 6930625.889985813759267 ], [ 372746.319169402471744, 6930623.567206712439656 ], [ 372746.900901113986038, 6930621.175700208172202 ], [ 372747.182594952872023, 6930619.17971262242645 ], [ 372750.071378180349711, 6930616.794104077853262 ], [ 372751.894666175590828, 6930615.130513524636626 ], [ 372753.54517192277126, 6930613.295372270978987 ], [ 372755.006833552091848, 6930611.3065389636904 ], [ 372756.265426927362569, 6930609.183367901481688 ], [ 372757.308704067778308, 6930606.946520688943565 ], [ 372758.126512338931207, 6930604.617765168659389 ], [ 372758.710893253039103, 6930602.219763586297631 ], [ 372759.056159916741308, 6930599.775852054357529 ], [ 372759.965003854071256, 6930589.816500252112746 ], [ 372760.866333850426599, 6930579.939575530588627 ], [ 372761.822902176936623, 6930570.171976246871054 ], [ 372761.838490520021878, 6930570.007184565998614 ], [ 372762.747359666507691, 6930560.047821891494095 ], [ 372763.616697897843551, 6930550.521722109988332 ], [ 372766.525614483514801, 6930548.108688291162252 ], [ 372768.340128867886961, 6930546.446246898733079 ], [ 372769.982548720086925, 6930544.613590121269226 ], [ 372771.436984625237528, 6930542.62844780087471 ], [ 372772.689365798782092, 6930540.510024984367192 ], [ 372773.727576213306747, 6930538.278816126286983 ], [ 372774.541571813286282, 6930535.956406817771494 ], [ 372775.123477685381658, 6930533.56526495795697 ], [ 372775.467664243711624, 6930531.128523394465446 ], [ 372775.570801692083478, 6930528.66975612193346 ], [ 372775.431892238440923, 6930526.212750221602619 ], [ 372775.052279747324064, 6930523.781275732442737 ], [ 372774.43563673918834, 6930521.398855694569647 ], [ 372773.587928860797547, 6930519.088538576848805 ], [ 372772.517357171163894, 6930516.872675293125212 ], [ 372771.234278801537585, 6930514.772702976129949 ], [ 372769.751106756273657, 6930512.808937583118677 ], [ 372760.783639147819486, 6930502.076941094361246 ], [ 372758.392633414361626, 6930499.170260320417583 ], [ 372759.314629160333425, 6930489.756041353568435 ], [ 372759.330218461574987, 6930489.591245870105922 ], [ 372760.239123453386128, 6930479.631877922452986 ], [ 372761.148034626094159, 6930469.672530303709209 ], [ 372761.250965987506788, 6930467.223141624592245 ], [ 372761.113691434613429, 6930464.775437504984438 ], [ 372760.73752891184995, 6930462.352917840704322 ], [ 372760.126089877448976, 6930459.978840742260218 ], [ 372759.285244630533271, 6930457.675999228842556 ], [ 372758.223065951606259, 6930455.466502403840423 ], [ 372756.949751597479917, 6930453.371563187800348 ], [ 372755.477526394708548, 6930451.411294655874372 ], [ 372749.114101473765913, 6930443.750834717415273 ], [ 372742.516436467238236, 6930426.688563071191311 ], [ 372741.519594905897975, 6930424.44467515964061 ], [ 372740.30761393281864, 6930422.30929974000901 ], [ 372738.892165587283671, 6930420.303001646883786 ], [ 372737.286881410691421, 6930418.44510262645781 ], [ 372735.507221167150419, 6930416.753495262004435 ], [ 372733.570323957654182, 6930415.244470656849444 ], [ 372731.494843161141034, 6930413.932561542838812 ], [ 372729.300766792264767, 6930412.830402323044837 ], [ 372727.009225005924236, 6930411.948607392609119 ], [ 372724.642286602116656, 6930411.295668917708099 ], [ 372722.222746491606813, 6930410.877875054255128 ], [ 372719.773906168353278, 6930410.699249384924769 ], [ 372717.319349303259514, 6930410.761512173339725 ], [ 372714.882714620791376, 6930411.064063793048263 ], [ 372712.48746824497357, 6930411.603990508243442 ], [ 372710.156677707680501, 6930412.376092528924346 ], [ 372707.912789795955177, 6930413.372934089973569 ], [ 372705.777414377080277, 6930414.584915063343942 ], [ 372703.771116283664014, 6930416.000363408587873 ], [ 372701.913217263005208, 6930417.605647585354745 ], [ 372700.221609898319002, 6930419.385307828895748 ], [ 372698.712585293338634, 6930421.322205037809908 ], [ 372697.400676179910079, 6930423.397685835137963 ], [ 372696.298516959883273, 6930425.591762203723192 ], [ 372695.416722029040102, 6930427.88330398965627 ], [ 372694.763783554721158, 6930430.25024239346385 ], [ 372694.345989691268187, 6930432.669782504439354 ], [ 372694.167364022054244, 6930435.118622827343643 ], [ 372694.229626809828915, 6930437.573179692961276 ], [ 372694.532178429944906, 6930440.009814375080168 ], [ 372695.072105144965462, 6930442.405060750432312 ], [ 372695.844207165355328, 6930444.735851287841797 ], [ 372703.917555091262329, 6930465.614397753961384 ], [ 372705.026946941157803, 6930468.078712277114391 ], [ 372706.395659730012994, 6930470.408995876088738 ], [ 372708.007724576920737, 6930472.578060945495963 ], [ 372710.37485439365264, 6930475.427674692124128 ], [ 372709.504830107092857, 6930484.961005535908043 ], [ 372708.548223758989479, 6930494.728622865863144 ], [ 372708.532630793924909, 6930494.893458496779203 ], [ 372707.62374191073468, 6930504.85282723698765 ], [ 372707.520715422870126, 6930507.287169537506998 ], [ 372707.654959709674586, 6930509.719989991746843 ], [ 372708.025201673561241, 6930512.128217094577849 ], [ 372708.627930147398729, 6930514.489012571051717 ], [ 372709.457429192087147, 6930516.779987958259881 ], [ 372710.505832303664647, 6930518.979416931979358 ], [ 372711.763197014748584, 6930521.066441338509321 ], [ 372713.217599183088169, 6930523.02126901037991 ], [ 372716.934974665462505, 6930527.540381487458944 ], [ 372716.55360560445115, 6930528.353994481265545 ], [ 372715.736851259192917, 6930530.658889146521688 ], [ 372715.148997331154533, 6930533.032505551353097 ], [ 372714.795659067924134, 6930535.452170641161501 ], [ 372713.835256436781492, 6930545.41350834351033 ], [ 372713.823313175234944, 6930545.54078749474138 ], [ 372712.91443553334102, 6930555.500155200250447 ], [ 372712.013085685088299, 6930565.377121614292264 ], [ 372711.056515393487643, 6930575.144740964286029 ], [ 372711.040923386637587, 6930575.309572792612016 ], [ 372710.17052220221376, 6930584.847574423998594 ], [ 372707.305482361058239, 6930587.213575257919729 ], [ 372705.482184376218356, 6930588.877175872214139 ], [ 372703.831670719315298, 6930590.712329057976604 ], [ 372702.370003521442413, 6930592.701175847090781 ], [ 372701.111407136137132, 6930594.824361586943269 ], [ 372700.068129714112729, 6930597.061224292963743 ], [ 372699.250324008928146, 6930599.389995723962784 ], [ 372698.665948574896902, 6930601.788013217039406 ], [ 372698.378218073979951, 6930603.824727270752192 ], [ 372695.502878601546399, 6930606.210016292519867 ], [ 372693.688170954817906, 6930607.872731172479689 ], [ 372692.045609645661898, 6930609.705700610764325 ], [ 372690.59108968405053, 6930611.691187024116516 ], [ 372689.338686410221271, 6930613.809976927936077 ], [ 372688.300519288168289, 6930616.041566863656044 ], [ 372687.486634625878651, 6930618.364361812360585 ], [ 372686.904908357653767, 6930620.755884164944291 ], [ 372686.560969828686211, 6930623.192991241812706 ], [ 372685.659735022461973, 6930633.069948001764715 ], [ 372684.703277986031026, 6930642.837578061036766 ], [ 372684.58419357839739, 6930645.300858750939369 ], [ 372684.708191897720098, 6930647.763896970078349 ], [ 372685.07406823313795, 6930650.202762968838215 ], [ 372685.678267897921614, 6930652.593761843629181 ], [ 372686.514920765184797, 6930654.913663744926453 ], [ 372687.575898299342953, 6930657.139929570257664 ], [ 372688.850892529066186, 6930659.250929941423237 ], [ 372690.327516195189673, 6930661.226155347190797 ], [ 372692.736849283450283, 6930664.137952733784914 ] ] ] } },
{ "type": "Feature", "properties": { "id": "65", "_id": 66, "width": 23.08, "depth": 6.21, "manning_n": 0.7017 }, "geometry": { "type": "Polygon", "coordinates": [ [ [ 370997.872608239937108, 6931318.895897685550153 ], [ 371003.033180486992933, 6931319.390451355837286 ], [ 371012.973985500575509, 6931320.343139911070466 ], [ 371022.914783410436939, 6931321.295858107507229 ], [ 371024.050756847718731, 6931321.348440939560533 ], [ 371025.186390081536956, 6931321.288961844518781 ], [ 371026.310655223147478, 6931321.117998410947621 ], [ 371027.412634776963387, 6931320.837210826575756 ], [ 371028.481627657893114, 6931320.449325759895146 ], [ 371029.507253107265569, 6931319.95810987893492 ], [ 371030.47955149813788, 6931319.368333273567259 ], [ 371031.389081051340327, 6931318.685723138973117 ], [ 371042.223450837074779, 6931309.686779376119375 ], [ 371049.477614244562574, 6931303.688736530020833 ], [ 371054.650869988836348, 6931304.126829326152802 ], [ 371064.472618447965942, 6931305.075144214555621 ], [ 371074.421418884128798, 6931306.028784271329641 ], [ 371075.554187019995879, 6931306.081393552012742 ], [ 371076.686649496492464, 6931306.022570721805096 ], [ 371077.807871031342074, 6931305.852883787825704 ], [ 371078.907024886982981, 6931305.573971278965473 ], [ 371079.973497415718157, 6931305.188526430167258 ], [ 371080.996990547340829, 6931304.700271173380315 ], [ 371081.967621229065116, 6931304.113920198753476 ], [ 371082.876016858732328, 6931303.435135426931083 ], [ 371090.082572788698599, 6931297.476613859646022 ], [ 371095.258148724911734, 6931297.972747867926955 ], [ 371105.198977122607175, 6931298.925712339580059 ], [ 371106.334944150876254, 6931298.978322743438184 ], [ 371107.470573746948503, 6931298.918872221373022 ], [ 371108.594838156772312, 6931298.747938079759479 ], [ 371109.69681999029126, 6931298.467180208303034 ], [ 371110.765818236861378, 6931298.079324961639941 ], [ 371111.791452179197222, 6931297.588138682767749 ], [ 371112.7637621978065, 6931296.998391133733094 ], [ 371113.673306485579815, 6931296.315809173509479 ], [ 371120.881195965164807, 6931290.329330713488162 ], [ 371126.043586058483925, 6931290.766613755375147 ], [ 371135.920834588527214, 6931291.713573787361383 ], [ 371145.861663891293574, 6931292.666659814305604 ], [ 371155.80248608184047, 6931293.619775483384728 ], [ 371155.929725734633394, 6931293.63126465678215 ], [ 371165.798582598392386, 6931294.467331473715603 ], [ 371175.620311705744825, 6931295.41597443819046 ], [ 371176.754041681531817, 6931295.46940282639116 ], [ 371177.887536706810351, 6931295.411202496849 ], [ 371179.009832234238274, 6931295.241936434991658 ], [ 371180.110072051757015, 6931294.963241988793015 ], [ 371181.177613297011703, 6931294.577815029770136 ], [ 371182.202129408135079, 6931294.089383879676461 ], [ 371183.173710014903918, 6931293.502673239447176 ], [ 371184.082956803787965, 6931292.823358491063118 ], [ 371194.979180374764837, 6931283.81472535431385 ], [ 371194.998856932041235, 6931283.798420724458992 ], [ 371205.843633758719079, 6931274.791818321682513 ], [ 371216.678557644539978, 6931265.793483697809279 ], [ 371227.565070092328824, 6931256.793134570121765 ], [ 371227.584746836510021, 6931256.776830246672034 ], [ 371234.735441406664904, 6931250.838336633518338 ], [ 371239.896217818604782, 6931251.333273055963218 ], [ 371241.032171429833397, 6931251.385928285308182 ], [ 371242.167792144231498, 6931251.326524808071554 ], [ 371243.292052513745148, 6931251.155639462172985 ], [ 371244.394035405130126, 6931250.874931629747152 ], [ 371245.463040010479745, 6931250.487127125263214 ], [ 371246.488685757678468, 6931249.995991724543273 ], [ 371247.461013110994827, 6931249.406294601038098 ], [ 371248.370580282877199, 6931248.723762008361518 ], [ 371259.215614932007156, 6931239.71733651868999 ], [ 371260.04696166125359, 6931238.955301680602133 ], [ 371260.799957014794927, 6931238.115758663974702 ], [ 371261.467409628734458, 6931237.206725392490625 ], [ 371262.042945101507939, 6931236.236883447505534 ], [ 371262.521066871937364, 6931235.215495150536299 ], [ 371262.897208712995052, 6931234.152315111830831 ], [ 371263.167778340983205, 6931233.057497065514326 ], [ 371263.330191723187454, 6931231.941496898420155 ], [ 371263.831474411592353, 6931226.715847719460726 ], [ 371271.016298815375194, 6931220.74917911272496 ], [ 371271.847652492229827, 6931219.987147687003016 ], [ 371272.600654888316058, 6931219.147607205435634 ], [ 371273.268114536534995, 6931218.238575606606901 ], [ 371273.843656936369371, 6931217.268734497949481 ], [ 371274.321785432985052, 6931216.247346241958439 ], [ 371274.697933712275699, 6931215.184165494516492 ], [ 371274.968509411264677, 6931214.089346047490835 ], [ 371275.130928426166065, 6931212.973343855701387 ], [ 371276.086584877455607, 6931203.011528288014233 ], [ 371276.090536107658409, 6931202.969533182680607 ], [ 371276.997064828581642, 6931193.142070148140192 ], [ 371277.496362511941697, 6931187.937453424558043 ], [ 371284.681304753525183, 6931181.9708112757653 ], [ 371285.517850445816293, 6931181.203544576652348 ], [ 371286.274968795478344, 6931180.357803075574338 ], [ 371286.945334275078494, 6931179.441769775003195 ], [ 371287.522460738022346, 6931178.46430779248476 ], [ 371288.000764175143559, 6931177.434874596074224 ], [ 371288.37561674346216, 6931176.363430507481098 ], [ 371288.64339154260233, 6931175.260342325083911 ], [ 371288.801497707259841, 6931174.136283018626273 ], [ 371289.703043404500932, 6931164.205821429379284 ], [ 371290.655954870278947, 6931154.273353111930192 ], [ 371290.661433348839637, 6931154.21467356570065 ], [ 371291.562208525603637, 6931144.29287735093385 ], [ 371292.518556778435595, 6931134.480412963777781 ], [ 371292.52571018069284, 6931134.404413862153888 ], [ 371293.42995278921444, 6931124.444603126496077 ], [ 371294.33153826527996, 6931114.514147758483887 ], [ 371295.284490623627789, 6931104.581681895069778 ], [ 371295.288442431075964, 6931104.539685639552772 ], [ 371296.197018055361696, 6931094.691218924708664 ], [ 371296.245635052619036, 6931093.5665138149634 ], [ 371296.184433561749756, 6931092.442423260770738 ], [ 371296.013996005698573, 6931091.329644650220871 ], [ 371295.735944350366481, 6931090.238767721690238 ], [ 371295.352924669568893, 6931089.180173785425723 ], [ 371294.86858196335379, 6931088.163936933502555 ], [ 371294.287525470601395, 6931087.199728164821863 ], [ 371293.615284805244301, 6931086.296723356470466 ], [ 371287.641407918476034, 6931079.03991979919374 ], [ 371288.113745365990326, 6931073.837407276965678 ], [ 371289.070121900062077, 6931064.024943366646767 ], [ 371289.077275661344174, 6931063.948942725546658 ], [ 371289.978880755719729, 6931054.018483375199139 ], [ 371290.931853313813917, 6931044.086017330177128 ], [ 371290.937332322122529, 6931044.027335936203599 ], [ 371291.408267670485657, 6931038.840452672913671 ], [ 371294.872827411105391, 6931035.963517767377198 ], [ 371300.034484002913814, 6931036.458604861982167 ], [ 371301.167179173440672, 6931036.511283717118204 ], [ 371302.299576220510062, 6931036.452544131316245 ], [ 371303.420741836889647, 6931036.282953236252069 ], [ 371304.519851154938806, 6931036.004148433916271 ], [ 371305.586292261024937, 6931035.618821587413549 ], [ 371306.609768653172068, 6931035.130693032406271 ], [ 371307.580398654565215, 6931034.544475656934083 ], [ 371308.488810820621438, 6931033.865829396061599 ], [ 371315.693180356989615, 6931027.91044488735497 ], [ 371320.813940848864149, 6931028.40523068793118 ], [ 371321.947598881088197, 6931028.458701177500188 ], [ 371323.081026799161918, 6931028.400556685402989 ], [ 371324.203262054827064, 6931028.231359587050974 ], [ 371325.303450355888344, 6931027.952746360562742 ], [ 371326.370950648619328, 6931027.567411762662232 ], [ 371327.395438038918655, 6931027.079082760959864 ], [ 371328.367003654653672, 6931026.492482487112284 ], [ 371329.276250484457705, 6931025.813284555450082 ], [ 371340.17377796425717, 6931016.805142108350992 ], [ 371341.014329143683426, 6931016.037479409016669 ], [ 371341.775158017640933, 6931015.190737578086555 ], [ 371342.448861306416802, 6931014.273155873641372 ], [ 371343.028883509570733, 6931013.293662867508829 ], [ 371343.509580694604665, 6931012.261789561249316 ], [ 371343.886275415774435, 6931011.187576644122601 ], [ 371344.155302227998618, 6931010.081476793624461 ], [ 371344.314043353602756, 6931008.954252964816988 ], [ 371345.215841297933366, 6930999.023811369203031 ], [ 371346.169007546093781, 6930989.091363923624158 ], [ 371346.174487780837808, 6930989.032681732438505 ], [ 371346.645520428719465, 6930983.84584551025182 ], [ 371353.804519817524124, 6930977.90138911921531 ], [ 371354.634417458204553, 6930977.140930471010506 ], [ 371355.386279545084108, 6930976.30323670245707 ], [ 371356.052952676836867, 6930975.39627783652395 ], [ 371356.628093960869592, 6930974.428682903759181 ], [ 371357.10623136110371, 6930973.409657842479646 ], [ 371357.482815760478843, 6930972.348897907882929 ], [ 371357.754264242015779, 6930971.256495431065559 ], [ 371357.91799417801667, 6930970.14284379966557 ], [ 371358.878336043329909, 6930960.292405599728227 ], [ 371358.885492026456632, 6930960.216402913443744 ], [ 371359.78735904005589, 6930950.285966652445495 ], [ 371360.740595102193765, 6930940.353524811565876 ], [ 371360.746075823553838, 6930940.294841836206615 ], [ 371361.21714146877639, 6930935.108042299747467 ], [ 371368.376283927413169, 6930929.163613488897681 ], [ 371369.20772588357795, 6930928.40161360707134 ], [ 371369.960816028993577, 6930927.562093041837215 ], [ 371370.628361499926541, 6930926.653070164844394 ], [ 371371.203986481414177, 6930925.683227173984051 ], [ 371371.682193103246391, 6930924.661827167496085 ], [ 371372.058413950668182, 6930923.59862567204982 ], [ 371372.329055688809603, 6930922.503777464851737 ], [ 371372.49153338256292, 6930921.387739586643875 ], [ 371373.447639263933524, 6930911.425958335399628 ], [ 371373.451592709927354, 6930911.383959890343249 ], [ 371373.919583262351807, 6930906.31306479498744 ], [ 371381.119543720327783, 6930900.36178686004132 ], [ 371381.960130933381151, 6930899.59413739759475 ], [ 371382.720995671290439, 6930898.747404022142291 ], [ 371383.394734074943699, 6930897.829826165921986 ], [ 371383.974790098669473, 6930896.850332639180124 ], [ 371384.455519305542111, 6930895.818454744294286 ], [ 371384.832243792887311, 6930894.744233529083431 ], [ 371385.101297712069936, 6930893.638122075237334 ], [ 371385.26006294041872, 6930892.510883785784245 ], [ 371385.731176769477315, 6930887.324121707119048 ], [ 371392.890476460102946, 6930881.379742274060845 ], [ 371393.72193476674147, 6930880.617749692872167 ], [ 371394.475041378289461, 6930879.778234332799911 ], [ 371395.142603183165193, 6930878.869214615784585 ], [ 371395.718244129850063, 6930877.899372819811106 ], [ 371396.196466126246378, 6930876.877972148358822 ], [ 371396.572701553115621, 6930875.814768258482218 ], [ 371396.843356890836731, 6930874.719916077330709 ], [ 371397.00584704184439, 6930873.603872817009687 ], [ 371397.96205199213, 6930863.642099916003644 ], [ 371397.967533728748094, 6930863.58341573830694 ], [ 371398.868780763354152, 6930853.661658282391727 ], [ 371399.825601249176543, 6930843.849234442226589 ], [ 371399.832758880336769, 6930843.773229349404573 ], [ 371400.737475925532635, 6930833.813449029810727 ], [ 371400.784524759685155, 6930832.690702777355909 ], [ 371400.72215042996686, 6930831.568703587166965 ], [ 371400.550944388320204, 6930830.458090588450432 ], [ 371400.272530061367434, 6930829.369394945912063 ], [ 371399.889547456579749, 6930828.312939994037151 ], [ 371399.40562812902499, 6930827.298743354156613 ], [ 371398.825360745715443, 6930826.336421940475702 ], [ 371398.154247574857436, 6930825.435100769624114 ], [ 371392.180309042101726, 6930818.178252949379385 ], [ 371392.656306637858506, 6930812.938051090575755 ], [ 371392.703304608119652, 6930811.808374722488225 ], [ 371392.639527688501403, 6930810.679521317593753 ], [ 371392.465588103979826, 6930809.562327275983989 ], [ 371392.183155583392363, 6930808.467517074197531 ], [ 371391.794941330736037, 6930807.405600316822529 ], [ 371391.304671999241691, 6930806.386770847253501 ], [ 371390.717053917294834, 6930805.420808894559741 ], [ 371390.037727910443209, 6930804.516987184993923 ], [ 371381.056080352398567, 6930793.712756138294935 ], [ 371380.294147645821795, 6930792.882300149649382 ], [ 371379.454840561549645, 6930792.130128482356668 ], [ 371378.546164460130967, 6930791.463415394537151 ], [ 371377.576786347839516, 6930790.888520035892725 ], [ 371376.555952210503165, 6930790.410925790667534 ], [ 371375.493398824532051, 6930790.035187982954085 ], [ 371374.399260887003038, 6930789.764890420250595 ], [ 371373.283974350255448, 6930789.602611217647791 ], [ 371368.054985346738249, 6930789.100982572883368 ], [ 371362.059131379704922, 6930781.93099099304527 ], [ 371361.297772806603462, 6930781.105693855322897 ], [ 371360.459811675711535, 6930780.358296112157404 ], [ 371359.553181258845143, 6930779.695873640477657 ], [ 371358.586464944004547, 6930779.124697827734053 ], [ 371357.568814973696135, 6930778.65017619356513 ], [ 371356.509865797066595, 6930778.2768012015149 ], [ 371355.419642857334111, 6930778.00810772459954 ], [ 371354.308467677503359, 6930777.846639576368034 ], [ 371349.131209639948793, 6930777.350005050189793 ], [ 371344.362708343833219, 6930771.557697575539351 ], [ 371336.955756862589624, 6930752.517065576277673 ], [ 371336.493890906684101, 6930751.483046647161245 ], [ 371335.932897383172531, 6930750.499277582392097 ], [ 371335.278178966254927, 6930749.575232614763081 ], [ 371334.536040952196345, 6930748.719810803420842 ], [ 371333.713630535872653, 6930747.941250327974558 ], [ 371332.818867979105562, 6930747.24704915098846 ], [ 371331.860370334412437, 6930746.64389280974865 ], [ 371330.847368458111305, 6930746.137590029276907 ], [ 371329.789618112030439, 6930745.733016781508923 ], [ 371328.697306010231841, 6930745.434069328941405 ], [ 371327.580951715412084, 6930745.243626698851585 ], [ 371326.451306329632644, 6930745.163522957824171 ], [ 371325.319248955463991, 6930745.194529548287392 ], [ 371324.195681924349628, 6930745.33634786028415 ], [ 371323.091425800928846, 6930745.587612105533481 ], [ 371322.017115175374784, 6930745.945902472361922 ], [ 371320.983096246258356, 6930746.407768428325653 ], [ 371319.999327181081753, 6930746.9687619516626 ], [ 371319.075282213801984, 6930747.623480368405581 ], [ 371318.21986040257616, 6930748.365618382580578 ], [ 371317.441299927013461, 6930749.188028798438609 ], [ 371316.747098750143778, 6930750.08279135543853 ], [ 371316.143942408787552, 6930751.041288999840617 ], [ 371315.637639628199395, 6930752.054290876723826 ], [ 371315.233066380955279, 6930753.112041222862899 ], [ 371314.934118928562384, 6930754.204353324137628 ], [ 371314.743676298414357, 6930755.320707619190216 ], [ 371314.663572557212319, 6930756.450353004969656 ], [ 371314.69457914767554, 6930757.582410379312932 ], [ 371314.836397459497675, 6930758.705977410078049 ], [ 371315.087661704688799, 6930759.810233533382416 ], [ 371315.44595207128441, 6930760.884544159285724 ], [ 371323.5232700468041, 6930781.648449458181858 ], [ 371324.025860239751637, 6930782.762039163149893 ], [ 371324.64336540288059, 6930783.8162527596578 ], [ 371325.368864113173913, 6930784.799273896031082 ], [ 371334.355002115189563, 6930795.714752594940364 ], [ 371335.117846013512462, 6930796.553726488724351 ], [ 371335.95934624079382, 6930797.313782654702663 ], [ 371336.871377883653622, 6930797.987582542933524 ], [ 371337.845135028590448, 6930798.568620433099568 ], [ 371338.871215785737149, 6930799.051286246627569 ], [ 371339.93971306621097, 6930799.4309197133407 ], [ 371341.040310238371603, 6930799.703855369240046 ], [ 371342.162380737252533, 6930799.86745794583112 ], [ 371347.391369547462091, 6930800.369054806418717 ], [ 371353.38719748321455, 6930807.53901525773108 ], [ 371354.148549865174573, 6930808.364306307397783 ], [ 371354.986503680120222, 6930809.111699223518372 ], [ 371355.893125848204363, 6930809.774118283763528 ], [ 371356.859833192022052, 6930810.345292231068015 ], [ 371357.877473695378285, 6930810.81981364544481 ], [ 371358.936413147603162, 6930811.193190135993063 ], [ 371360.026626352395397, 6930811.461886869743466 ], [ 371361.137792038382031, 6930811.62336004152894 ], [ 371366.347235807566904, 6930812.123113667592406 ], [ 371369.239298556582071, 6930815.602042665705085 ], [ 371368.76623528735945, 6930820.809940867125988 ], [ 371368.719187900889665, 6930821.932685304433107 ], [ 371368.781563312513754, 6930823.054682557471097 ], [ 371368.952770061907358, 6930824.165293550118804 ], [ 371369.231184721167665, 6930825.253987173549831 ], [ 371369.614167288411409, 6930826.310440144501626 ], [ 371370.098086221143603, 6930827.324634896591306 ], [ 371370.678352871269453, 6930828.286954564042389 ], [ 371371.349464996077586, 6930829.18827417679131 ], [ 371377.323397953703534, 6930836.445115224458277 ], [ 371376.85084754350828, 6930841.647292302921414 ], [ 371375.894026154710446, 6930851.459725404158235 ], [ 371375.886866840708535, 6930851.535749022848904 ], [ 371374.984831848123576, 6930861.466181045398116 ], [ 371374.486072748084553, 6930866.662268856540322 ], [ 371367.300189610105008, 6930872.628720574080944 ], [ 371366.4635457599652, 6930873.395957496017218 ], [ 371365.706330633023754, 6930874.241682438179851 ], [ 371365.035871367203072, 6930875.157711803913116 ], [ 371364.45865561341634, 6930876.13518170081079 ], [ 371363.980268758430611, 6930877.164633711799979 ], [ 371363.605339878355153, 6930878.2361064190045 ], [ 371363.337496945459861, 6930879.339231791906059 ], [ 371363.179331722785719, 6930880.463335518725216 ], [ 371362.709572466439568, 6930885.635184330865741 ], [ 371355.517163908865768, 6930891.580220084637403 ], [ 371354.678047188557684, 6930892.346387448720634 ], [ 371353.918346879887395, 6930893.191363626159728 ], [ 371353.245428452268243, 6930894.106956379488111 ], [ 371352.665816004679073, 6930895.084288826212287 ], [ 371352.185129013087135, 6930896.113885502330959 ], [ 371351.808027848543134, 6930897.185764231719077 ], [ 371351.538168593484443, 6930898.28953290451318 ], [ 371351.378167595597915, 6930899.414490228518844 ], [ 371350.4711979101412, 6930909.241928209550679 ], [ 371349.971686945296824, 6930914.446392548270524 ], [ 371342.785961784073152, 6930920.412893692962825 ], [ 371341.949334429693408, 6930921.180137918330729 ], [ 371341.192135906196199, 6930922.025868033058941 ], [ 371340.521693097834941, 6930922.941900495439768 ], [ 371339.944493413669989, 6930923.919371495954692 ], [ 371339.466122013982385, 6930924.948822726495564 ], [ 371339.091207766381558, 6930926.020292902365327 ], [ 371338.823378455534112, 6930927.123414152301848 ], [ 371338.665225679520518, 6930928.247512337751687 ], [ 371337.76334170618793, 6930938.177957112900913 ], [ 371336.810104753414635, 6930948.110408233478665 ], [ 371336.80462234467268, 6930948.16910978872329 ], [ 371335.903541401727125, 6930958.090890645049512 ], [ 371335.407600276987068, 6930963.177868081256747 ], [ 371328.214189733669627, 6930969.150897684507072 ], [ 371327.377576891565695, 6930969.918146744370461 ], [ 371326.620392740529496, 6930970.763879757374525 ], [ 371325.949963929364458, 6930971.679913260042667 ], [ 371325.372777646931354, 6930972.6573835471645 ], [ 371324.894418850773945, 6930973.686832443810999 ], [ 371324.519516225846019, 6930974.75829881709069 ], [ 371324.251697396975942, 6930975.861414968036115 ], [ 371324.093553826853167, 6930976.985506948083639 ], [ 371323.191738921916112, 6930986.915957068093121 ], [ 371322.238571784109809, 6930996.848413784988225 ], [ 371322.233089862158522, 6930996.907114556059241 ], [ 371321.763418664399069, 6931002.079051825217903 ], [ 371318.264424795110244, 6931004.971399218775332 ], [ 371313.143614407046698, 6931004.476608596742153 ], [ 371312.0099456855678, 6931004.423138129524887 ], [ 371310.876507186039817, 6931004.481284743174911 ], [ 371309.754261765163392, 6931004.650486032478511 ], [ 371308.654064017813653, 6931004.929105445742607 ], [ 371307.586555289162789, 6931005.314448118209839 ], [ 371306.562060749216471, 6931005.802786933258176 ], [ 371305.590489525697194, 6931006.389398575760424 ], [ 371304.681238860881422, 6931007.068609212525189 ], [ 371297.473216502228752, 6931013.027013272047043 ], [ 371292.296565085824113, 6931012.530487929470837 ], [ 371291.160658336535562, 6931012.477818114683032 ], [ 371290.025082583306357, 6931012.537197918631136 ], [ 371288.900863942864817, 6931012.708050781860948 ], [ 371287.798918257467449, 6931012.988717772066593 ], [ 371286.729945105442312, 6931013.376473690383136 ], [ 371285.704323911224492, 6931013.867553540505469 ], [ 371284.732013164146338, 6931014.457189074717462 ], [ 371283.822453723929357, 6931015.139655101113021 ], [ 371272.976597885310184, 6931024.145942647010088 ], [ 371272.140010021277703, 6931024.913206883706152 ], [ 371271.382851620204747, 6931025.758952010422945 ], [ 371270.712448976875748, 6931026.674994563683867 ], [ 371270.135288933699485, 6931027.652470880188048 ], [ 371269.656956114107743, 6931028.681922859512269 ], [ 371269.282078885415103, 6931029.753389483317733 ], [ 371269.014284574368503, 6931030.856503199785948 ], [ 371268.856164369382896, 6931031.980590235441923 ], [ 371267.954542315041181, 6931041.911058099940419 ], [ 371267.001568866544403, 6931051.843533425591886 ], [ 371266.996088171261363, 6931051.902233400382102 ], [ 371266.095268895325717, 6931061.824037588201463 ], [ 371265.138891458685976, 6931071.636510759592056 ], [ 371265.131736015318893, 6931071.712529927492142 ], [ 371264.227481661597267, 6931081.672347052022815 ], [ 371264.180484452284873, 6931082.795025557279587 ], [ 371264.242896774027031, 6931083.916952678002417 ], [ 371264.414126888324972, 6931085.027491291053593 ], [ 371264.692551342013758, 6931086.116112248040736 ], [ 371265.075530359812547, 6931087.172494202852249 ], [ 371265.559432872163597, 6931088.186621474102139 ], [ 371266.13967094180407, 6931089.148879 ], [ 371266.810743262583856, 6931090.050143502652645 ], [ 371272.77839092008071, 6931097.299380065873265 ], [ 371272.307975335337687, 6931102.398429725319147 ], [ 371271.354222047200892, 6931112.339243548922241 ], [ 371271.348741564142983, 6931112.397942499257624 ], [ 371270.44449046527734, 6931122.357758198864758 ], [ 371269.543697556713596, 6931132.279572097584605 ], [ 371268.587348401430063, 6931142.092045743949711 ], [ 371268.58019331714604, 6931142.168063372373581 ], [ 371267.678630659822375, 6931152.098533473908901 ], [ 371266.725718303758185, 6931162.031011071056128 ], [ 371266.720238138339482, 6931162.089709198102355 ], [ 371266.249329993617721, 6931167.27672884427011 ], [ 371259.090919586247765, 6931173.221337975002825 ], [ 371258.259549382550176, 6931173.983369705267251 ], [ 371257.506531470629852, 6931174.822912912815809 ], [ 371256.839057623874396, 6931175.731949456036091 ], [ 371256.263502618356142, 6931176.701797490008175 ], [ 371255.785363350179978, 6931177.723194384016097 ], [ 371255.409206336538773, 6931178.786385182291269 ], [ 371255.138624102866743, 6931179.881215776316822 ], [ 371254.976200872042682, 6931180.997229874134064 ], [ 371254.020527997345198, 6931190.959044623188674 ], [ 371254.016574958281126, 6931191.001058584079146 ], [ 371253.110045367327984, 6931200.828531051054597 ], [ 371252.61074985115556, 6931206.033215055242181 ], [ 371245.425901755515952, 6931211.999903337098658 ], [ 371244.594543450861238, 6931212.761939440853894 ], [ 371243.841537384374533, 6931213.601485460065305 ], [ 371243.174075142072979, 6931214.510523308068514 ], [ 371242.598531323601492, 6931215.480371217243373 ], [ 371242.120402661443222, 6931216.501766652800143 ], [ 371241.744255524361506, 6931217.564954776316881 ], [ 371241.473682306415867, 6931218.659781605936587 ], [ 371241.311267117736861, 6931219.775790996849537 ], [ 371240.809980229008943, 6931225.001483961939812 ], [ 371237.319441656931303, 6931227.90025529731065 ], [ 371232.158615304622799, 6931227.405314085073769 ], [ 371231.022651002393104, 6931227.352658887393773 ], [ 371229.88701970706461, 6931227.412064500153065 ], [ 371228.762749176530633, 6931227.582954054698348 ], [ 371227.660756847762968, 6931227.863668096251786 ], [ 371226.591743821220007, 6931228.251480699516833 ], [ 371225.566090945736505, 6931228.742625937797129 ], [ 371224.59375801339047, 6931229.33233445417136 ], [ 371223.68418704305077, 6931230.014879775233567 ], [ 371212.849062735564075, 6931239.013210758566856 ], [ 371201.962509041070007, 6931248.01359398663044 ], [ 371201.942749820183963, 6931248.029966806061566 ], [ 371191.097914050216787, 6931257.036533185280859 ], [ 371180.262925219198223, 6931266.035006643272936 ], [ 371173.069601815659553, 6931271.982205794192851 ], [ 371167.949856810970232, 6931271.487709354609251 ], [ 371167.814568267262075, 6931271.475445616059005 ], [ 371157.941682657517958, 6931270.63903749268502 ], [ 371148.064413821790367, 6931269.692015253007412 ], [ 371138.123515073326416, 6931268.738922567106783 ], [ 371128.182609210838564, 6931267.785859524272382 ], [ 371128.055300221487414, 6931267.77436525374651 ], [ 371118.118736237403937, 6931266.932683233171701 ], [ 371116.998220411478542, 6931266.892434747889638 ], [ 371115.879087603068911, 6931266.961118181236088 ], [ 371114.771902726439293, 6931267.138085143640637 ], [ 371113.687117904075421, 6931267.421665019355714 ], [ 371112.6349737959099, 6931267.809180738404393 ], [ 371111.625402924779337, 6931268.296974048018456 ], [ 371110.667935910751112, 6931268.880440048873425 ], [ 371109.771611499425489, 6931269.554070664569736 ], [ 371102.621224005823024, 6931275.492791122756898 ], [ 371097.460551034251694, 6931274.998069979250431 ], [ 371087.519646076951176, 6931274.045128493569791 ], [ 371086.386869487410877, 6931273.992512348107994 ], [ 371085.254397968936246, 6931274.051330035552382 ], [ 371084.133167060150299, 6931274.221013592556119 ], [ 371083.034003756358288, 6931274.499924496747553 ], [ 371081.967521960614249, 6931274.885369486175478 ], [ 371080.944019991729874, 6931275.373626570217311 ], [ 371079.973381140618585, 6931275.959980969317257 ], [ 371079.064978233131114, 6931276.638770640827715 ], [ 371071.85839060152648, 6931282.597318419255316 ], [ 371066.686764086945914, 6931282.101594749838114 ], [ 371056.801379279000685, 6931281.14713560976088 ], [ 371056.666090117942076, 6931281.134876356460154 ], [ 371046.729537136270665, 6931280.293407753109932 ], [ 371045.612218362453859, 6931280.253142832778394 ], [ 371044.496247019444127, 6931280.321190372109413 ], [ 371043.392098233220167, 6931280.496911640278995 ], [ 371042.310136156738736, 6931280.77865721937269 ], [ 371041.260516686306801, 6931281.163782488554716 ], [ 371040.253092132334132, 6931281.648672450333834 ], [ 371039.297318740573246, 6931282.228775655850768 ], [ 371038.402167930209544, 6931282.898646936751902 ], [ 371027.506363607302774, 6931291.907749366015196 ], [ 371027.486605286539998, 6931291.924123384989798 ], [ 371020.336437895020936, 6931297.862997128628194 ], [ 371015.175830508116633, 6931297.368408605456352 ], [ 371005.234956047614105, 6931296.415713394992054 ], [ 370995.294074466452003, 6931295.463047829456627 ], [ 370994.158090736542363, 6931295.410471894778311 ], [ 370993.022447990428191, 6931295.469959848560393 ], [ 370991.898174402420409, 6931295.640934007242322 ], [ 370990.796187741390895, 6931295.9217340471223 ], [ 370989.727189349010587, 6931296.309633132070303 ], [ 370988.701560219342355, 6931296.800864393822849 ], [ 370987.729260189575143, 6931297.390657505951822 ], [ 370986.819731220428366, 6931298.073285016231239 ], [ 370975.975616117357276, 6931307.080560670234263 ], [ 370975.141010168532375, 6931307.846033215522766 ], [ 370974.385452505317517, 6931308.689625489525497 ], [ 370973.716219561058097, 6931309.603213236667216 ], [ 370973.139756414864678, 6931310.577998110093176 ], [ 370972.661614721931983, 6931311.604592395946383 ], [ 370972.286399248172529, 6931312.673109431751072 ], [ 370972.017723523720633, 6931313.773258813656867 ], [ 370971.858175042609219, 6931314.89444550126791 ], [ 370971.809290343953762, 6931316.025871854275465 ], [ 370971.871540214167908, 6931317.156641619279981 ], [ 370972.044325152935926, 6931318.27586486376822 ], [ 370972.3259811468306, 6931319.372762857936323 ], [ 370972.713795694697183, 6931320.436771872453392 ], [ 370973.204033930436708, 6931321.457644919864833 ], [ 370973.791974591847975, 6931322.425550434738398 ], [ 370974.471955488959793, 6931323.331166957505047 ], [ 370975.237428033957258, 6931324.165772906504571 ], [ 370976.081020307843573, 6931324.921330570243299 ], [ 370976.994608055916615, 6931325.590563514269888 ], [ 370977.969392928585876, 6931326.167026660405099 ], [ 370978.995987214846537, 6931326.645168352872133 ], [ 370980.064504250360187, 6931327.020383826456964 ], [ 370981.164653632091358, 6931327.289059551432729 ], [ 370982.28584031999344, 6931327.448608032427728 ], [ 370983.417266673408449, 6931327.497492731548846 ], [ 370984.548036438063718, 6931327.435242860578001 ], [ 370985.667259683017619, 6931327.262457922101021 ], [ 370986.76415767648723, 6931326.980801927857101 ], [ 370987.828166691237129, 6931326.592987379990518 ], [ 370988.849039738764986, 6931326.102749144658446 ], [ 370989.816945253638551, 6931325.514808483421803 ], [ 370990.722561776521616, 6931324.834827586077154 ], [ 370997.872608239937108, 6931318.895897685550153 ] ] ] } }
]
}
