datetime,precip_mm,temp_C,shortwave_Wm2,longwave_Wm2,wind_mps,relhum_pct,pressure
2025-01-01 00:00:00,2.447,5.172,0.0,320.125,7.62,86.733,1009.946
2025-01-01 01:00:00,2.383,5.172,129.41,384.656,7.993,74.095,987.605
2025-01-01 02:00:00,3.192,5.172,250.0,384.239,8.049,70.175,997.114
2025-01-01 03:00:00,0.759,5.172,353.553,364.49,7.289,87.534,988.409
2025-01-01 04:00:00,1.788,5.172,433.013,322.71,8.959,91.852,1013.289
2025-01-01 05:00:00,0.81,5.172,482.963,328.45,9.697,75.483,991.719
2025-01-01 06:00:00,2.571,5.172,500.0,356.262,5.684,74.67,993.396
2025-01-01 07:00:00,0.969,5.172,482.963,418.758,6.168,71.558,987.958
2025-01-01 08:00:00,3.021,5.172,433.013,400.766,4.328,77.838,998.262
2025-01-01 09:00:00,2.15,5.172,353.553,339.882,5.767,71.124,980.136
2025-01-01 10:00:00,0.06,5.172,250.0,408.004,7.224,79.747,1011.904
2025-01-01 11:00:00,0.543,5.172,129.41,403.684,7.491,84.928,1007.232
2025-01-01 12:00:00,0.969,5.172,0.0,327.377,5.457,88.07,1006.781
2025-01-01 13:00:00,5.085,5.172,0.0,301.737,6.391,94.831,980.217
2025-01-01 14:00:00,1.388,5.172,0.0,343.424,5.116,82.434,980.311
2025-01-01 15:00:00,0.245,5.172,0.0,333.069,6.18,86.569,1005.218
2025-01-01 16:00:00,0.27,5.172,0.0,405.622,8.235,77.856,1002.012
2025-01-01 17:00:00,1.624,5.172,0.0,302.698,6.153,77.618,1010.638
2025-01-01 18:00:00,0.74,5.172,0.0,397.299,5.165,83.819,1005.487
2025-01-01 19:00:00,0.783,5.172,0.0,383.571,8.627,75.188,1001.576
2025-01-01 20:00:00,1.615,5.172,0.0,363.903,9.254,88.923,1001.22
2025-01-01 21:00:00,0.178,5.172,0.0,316.027,7.448,88.704,987.95
2025-01-01 22:00:00,1.87,5.172,0.0,370.182,9.89,74.501,998.308
2025-01-01 23:00:00,2.195,5.172,0.0,384.904,6.597,88.491,987.071
2025-01-02 00:00:00,2.345,5.344,0.0,388.274,4.842,81.439,990.328
2025-01-02 01:00:00,1.943,5.344,129.41,327.909,9.352,80.272,994.355
2025-01-02 02:00:00,0.586,5.344,250.0,367.925,5.253,90.715,988.637
2025-01-02 03:00:00,0.973,5.344,353.553,322.388,4.694,74.947,990.949
2025-01-02 04:00:00,0.06,5.344,433.013,320.589,7.44,70.242,996.838
2025-01-02 05:00:00,2.676,5.344,482.963,414.245,4.298,73.365,1016.426
2025-01-02 06:00:00,0.675,5.344,500.0,393.946,6.067,91.708,995.051
2025-01-02 07:00:00,3.75,5.344,482.963,367.737,8.048,94.57,983.388
2025-01-02 08:00:00,1.471,5.344,433.013,336.892,9.311,85.524,998.919
2025-01-02 09:00:00,0.128,5.344,353.553,370.415,7.246,79.783,991.909
2025-01-02 10:00:00,1.09,5.344,250.0,304.666,9.37,85.908,1006.076
2025-01-02 11:00:00,0.385,5.344,129.41,416.109,5.915,79.636,1013.229
2025-01-02 12:00:00,1.995,5.344,0.0,369.544,9.17,85.523,981.381
2025-01-02 13:00:00,0.736,5.344,0.0,397.206,4.977,75.054,989.982
2025-01-02 14:00:00,4.211,5.344,0.0,395.078,8.901,73.068,1004.16
2025-01-02 15:00:00,0.128,5.344,0.0,304.676,8.759,77.433,1000.716
2025-01-02 16:00:00,1.306,5.344,0.0,409.434,8.585,91.364,998.486
2025-01-02 17:00:00,0.493,5.344,0.0,409.43,4.138,79.354,991.392
2025-01-02 18:00:00,1.182,5.344,0.0,348.658,8.015,75.819,998.343
2025-01-02 19:00:00,0.548,5.344,0.0,409.977,9.366,94.14,982.204
2025-01-02 20:00:00,3.541,5.344,0.0,376.508,8.806,89.793,986.201
2025-01-02 21:00:00,1.163,5.344,0.0,305.678,8.143,80.981,981.671
2025-01-02 22:00:00,1.451,5.344,0.0,410.293,4.888,87.586,1010.705
2025-01-02 23:00:00,0.105,5.344,0.0,415.503,7.149,91.739,982.403
2025-01-03 00:00:00,0.812,5.516,0.0,400.075,9.409,72.76,999.465
2025-01-03 01:00:00,2.622,5.516,129.41,349.259,5.709,72.321,1010.231
2025-01-03 02:00:00,1.172,5.516,250.0,310.644,6.926,91.936,1001.574
2025-01-03 03:00:00,1.338,5.516,353.553,371.123,9.853,91.59,998.753
2025-01-03 04:00:00,0.382,5.516,433.013,332.272,8.314,89.549,1017.2
2025-01-03 05:00:00,0.951,5.516,482.963,335.498,7.101,74.067,1002.41
2025-01-03 06:00:00,1.562,5.516,500.0,360.271,6.334,89.119,987.697
2025-01-03 07:00:00,0.673,5.516,482.963,366.275,8.639,71.957,980.034
2025-01-03 08:00:00,1.034,5.516,433.013,333.427,7.431,81.702,981.665
2025-01-03 09:00:00,2.11,5.516,353.553,379.918,8.078,77.38,998.24
2025-01-03 10:00:00,0.587,5.516,250.0,352.275,4.489,78.104,985.875
2025-01-03 11:00:00,2.193,5.516,129.41,376.219,7.699,75.339,990.087
2025-01-03 12:00:00,0.554,5.516,0.0,394.849,9.535,70.029,1006.895
2025-01-03 13:00:00,2.902,5.516,0.0,305.849,5.829,88.43,980.198
2025-01-03 14:00:00,0.836,5.516,0.0,369.616,9.218,78.863,999.254
2025-01-03 15:00:00,0.444,5.516,0.0,344.106,6.881,79.757,1014.832
2025-01-03 16:00:00,0.584,5.516,0.0,356.398,9.23,82.456,1013.607
2025-01-03 17:00:00,2.245,5.516,0.0,376.805,8.197,72.751,1017.464
2025-01-03 18:00:00,0.639,5.516,0.0,404.429,8.855,94.239,993.905
2025-01-03 19:00:00,0.44,5.516,0.0,354.507,7.799,89.134,980.169
2025-01-03 20:00:00,3.135,5.516,0.0,392.755,5.429,81.476,1001.563
2025-01-03 21:00:00,1.771,5.516,0.0,321.205,5.843,72.314,990.401
2025-01-03 22:00:00,3.373,5.516,0.0,403.989,4.48,76.077,984.518
2025-01-03 23:00:00,0.759,5.516,0.0,304.82,8.197,89.972,1007.068
2025-01-04 00:00:00,1.429,5.688,0.0,359.007,4.018,74.817,1019.308
2025-01-04 01:00:00,0.821,5.688,129.41,344.497,6.001,91.936,1006.558
2025-01-04 02:00:00,0.708,5.688,250.0,390.139,4.628,90.806,994.303
2025-01-04 03:00:00,0.824,5.688,353.553,344.275,4.103,78.349,1013.17
2025-01-04 04:00:00,1.397,5.688,433.013,397.048,9.304,82.734,1000.831
2025-01-04 05:00:00,1.293,5.688,482.963,403.654,9.12,85.732,1019.479
2025-01-04 06:00:00,0.166,5.688,500.0,374.249,5.92,89.678,1009.217
2025-01-04 07:00:00,0.669,5.688,482.963,400.065,6.497,71.433,1001.008
2025-01-04 08:00:00,1.526,5.688,433.013,413.42,8.937,71.296,1016.406
2025-01-04 09:00:00,4.114,5.688,353.553,315.681,7.517,79.987,988.313
2025-01-04 10:00:00,2.033,5.688,250.0,398.293,6.65,87.515,988.95
2025-01-04 11:00:00,1.353,5.688,129.41,356.648,4.691,75.232,988.839
2025-01-04 12:00:00,1.794,5.688,0.0,383.867,7.023,77.022,993.983
2025-01-04 13:00:00,0.521,5.688,0.0,410.182,8.723,94.586,991.058
2025-01-04 14:00:00,0.923,5.688,0.0,314.739,5.149,94.291,1018.558
2025-01-04 15:00:00,1.693,5.688,0.0,392.183,4.506,71.855,1009.631
2025-01-04 16:00:00,2.474,5.688,0.0,352.544,8.357,74.007,1001.478
2025-01-04 17:00:00,3.197,5.688,0.0,368.609,6.684,93.203,993.136
2025-01-04 18:00:00,1.178,5.688,0.0,407.424,8.05,91.836,985.192
2025-01-04 19:00:00,1.508,5.688,0.0,323.792,5.755,88.655,1018.27
2025-01-04 20:00:00,1.38,5.688,0.0,340.313,9.188,87.684,1017.812
2025-01-04 21:00:00,1.186,5.688,0.0,354.462,4.609,74.072,980.183
2025-01-04 22:00:00,1.259,5.688,0.0,394.997,9.063,89.512,1000.537
2025-01-04 23:00:00,0.872,5.688,0.0,396.525,4.401,90.75,1003.809
2025-01-05 00:00:00,1.632,5.86,0.0,372.36,7.213,86.349,1010.6
2025-01-05 01:00:00,0.599,5.86,129.41,329.634,4.052,73.007,1019.901
2025-01-05 02:00:00,0.395,5.86,250.0,353.166,7.211,76.928,991.74
2025-01-05 03:00:00,1.556,5.86,353.553,352.812,8.588,84.813,992.292
2025-01-05 04:00:00,0.889,5.86,433.013,302.329,6.068,74.016,987.992
2025-01-05 05:00:00,1.661,5.86,482.963,337.911,8.764,80.234,998.826
2025-01-05 06:00:00,0.534,5.86,500.0,324.41,8.068,86.65,996.574
2025-01-05 07:00:00,0.43,5.86,482.963,326.499,6.898,76.737,1007.171
2025-01-05 08:00:00,0.936,5.86,433.013,323.75,6.159,77.879,1001.323
2025-01-05 09:00:00,0.292,5.86,353.553,347.155,5.913,85.551,1010.84
2025-01-05 10:00:00,0.202,5.86,250.0,350.295,9.36,70.486,1006.897
2025-01-05 11:00:00,1.072,5.86,129.41,335.327,4.637,73.216,980.634
2025-01-05 12:00:00,1.659,5.86,0.0,399.325,6.807,78.275,996.35
2025-01-05 13:00:00,1.105,5.86,0.0,300.141,7.897,77.243,994.12
2025-01-05 14:00:00,0.898,5.86,0.0,302.728,8.218,88.541,987.994
2025-01-05 15:00:00,0.987,5.86,0.0,333.142,6.954,81.536,1018.63
2025-01-05 16:00:00,1.288,5.86,0.0,402.501,6.028,83.384,997.356
2025-01-05 17:00:00,1.28,5.86,0.0,377.82,6.113,78.915,1007.052
2025-01-05 18:00:00,1.209,5.86,0.0,376.527,7.795,76.305,987.723
2025-01-05 19:00:00,2.724,5.86,0.0,390.757,8.21,89.743,1013.277
2025-01-05 20:00:00,0.406,5.86,0.0,348.046,4.278,72.38,1010.924
2025-01-05 21:00:00,0.162,5.86,0.0,327.558,8.198,71.745,985.698
2025-01-05 22:00:00,3.515,5.86,0.0,418.225,7.432,88.218,984.043
2025-01-05 23:00:00,0.494,5.86,0.0,325.532,5.201,87.217,1018.12
2025-01-06 00:00:00,2.455,6.031,0.0,411.546,8.867,71.615,988.628
2025-01-06 01:00:00,0.69,6.031,129.41,413.643,4.669,78.033,1008.492
2025-01-06 02:00:00,0.452,6.031,250.0,360.614,8.934,94.059,1007.438
2025-01-06 03:00:00,0.722,6.031,353.553,400.533,5.914,80.048,995.533
2025-01-06 04:00:00,1.848,6.031,433.013,359.262,9.283,92.211,1000.034
2025-01-06 05:00:00,1.967,6.031,482.963,382.696,5.797,76.801,985.386
2025-01-06 06:00:00,3.54,6.031,500.0,348.442,6.797,82.147,991.248
2025-01-06 07:00:00,0.107,6.031,482.963,322.114,5.185,90.44,1016.832
2025-01-06 08:00:00,2.246,6.031,433.013,322.973,5.042,88.398,1015.997
2025-01-06 09:00:00,1.134,6.031,353.553,303.643,9.436,83.372,1009.926
2025-01-06 10:00:00,1.004,6.031,250.0,316.938,9.204,70.353,1005.497
2025-01-06 11:00:00,2.114,6.031,129.41,368.724,7.934,70.397,1011.064
2025-01-06 12:00:00,0.461,6.031,0.0,391.308,7.546,81.507,981.813
2025-01-06 13:00:00,4.897,6.031,0.0,376.181,7.952,76.737,1010.113
2025-01-06 14:00:00,1.22,6.031,0.0,320.985,7.308,86.856,1019.877
2025-01-06 15:00:00,0.924,6.031,0.0,403.206,5.352,77.95,1010.149
2025-01-06 16:00:00,1.818,6.031,0.0,404.305,7.121,90.03,1015.672
2025-01-06 17:00:00,1.866,6.031,0.0,357.42,4.587,73.155,981.217
2025-01-06 18:00:00,1.59,6.031,0.0,324.841,7.901,84.7,982.664
2025-01-06 19:00:00,3.711,6.031,0.0,375.248,9.271,88.213,996.898
2025-01-06 20:00:00,0.523,6.031,0.0,417.104,7.571,86.262,1003.097
2025-01-06 21:00:00,0.174,6.031,0.0,337.705,6.717,83.37,987.037
2025-01-06 22:00:00,1.93,6.031,0.0,337.549,5.804,76.782,1017.208
2025-01-06 23:00:00,0.33,6.031,0.0,328.522,6.803,86.404,984.45
2025-01-07 00:00:00,6.287,6.202,0.0,419.713,6.464,89.297,1000.324
2025-01-07 01:00:00,4.564,6.202,129.41,337.119,7.304,87.811,992.283
2025-01-07 02:00:00,0.707,6.202,250.0,348.028,7.315,75.76,1017.655
2025-01-07 03:00:00,1.22,6.202,353.553,302.905,6.668,78.344,1015.997
2025-01-07 04:00:00,0.758,6.202,433.013,304.897,7.195,77.025,980.452
2025-01-07 05:00:00,0.379,6.202,482.963,342.317,9.898,91.791,989.666
2025-01-07 06:00:00,6.405,6.202,500.0,406.409,5.948,80.281,1011.749
2025-01-07 07:00:00,0.992,6.202,482.963,318.475,9.108,81.849,1005.886
2025-01-07 08:00:00,2.028,6.202,433.013,356.374,7.397,94.462,983.086
2025-01-07 09:00:00,0.239,6.202,353.553,301.728,9.257,90.783,987.615
2025-01-07 10:00:00,1.314,6.202,250.0,361.281,9.935,94.514,999.26
2025-01-07 11:00:00,0.407,6.202,129.41,383.174,7.07,81.061,1009.0
2025-01-07 12:00:00,0.711,6.202,0.0,389.152,9.4,90.928,1005.053
2025-01-07 13:00:00,1.088,6.202,0.0,323.21,5.629,71.027,983.678
2025-01-07 14:00:00,0.804,6.202,0.0,361.182,8.834,72.037,1015.435
2025-01-07 15:00:00,2.51,6.202,0.0,319.196,6.739,87.306,1019.253
2025-01-07 16:00:00,1.184,6.202,0.0,338.099,4.668,87.157,1004.011
2025-01-07 17:00:00,1.825,6.202,0.0,367.069,8.519,88.843,985.429
2025-01-07 18:00:00,1.638,6.202,0.0,322.673,4.38,79.568,998.67
2025-01-07 19:00:00,1.152,6.202,0.0,349.677,7.746,89.171,985.242
2025-01-07 20:00:00,2.831,6.202,0.0,402.624,4.723,92.861,1009.618
2025-01-07 21:00:00,2.512,6.202,0.0,300.508,5.524,78.77,992.655
2025-01-07 22:00:00,3.682,6.202,0.0,398.879,8.483,87.01,981.383
2025-01-07 23:00:00,3.9,6.202,0.0,349.832,8.181,73.423,1001.22
2025-01-08 00:00:00,0.658,6.373,0.0,309.34,9.181,71.714,996.124
2025-01-08 01:00:00,0.414,6.373,129.41,311.482,4.064,81.899,1010.726
2025-01-08 02:00:00,0.569,6.373,250.0,387.349,6.779,70.208,1000.215
2025-01-08 03:00:00,2.607,6.373,353.553,338.301,8.461,90.381,1017.881
2025-01-08 04:00:00,1.396,6.373,433.013,379.692,6.387,70.345,1004.147
2025-01-08 05:00:00,1.338,6.373,482.963,383.345,6.482,70.918,994.074
2025-01-08 06:00:00,0.443,6.373,500.0,359.441,5.228,89.166,1007.275
2025-01-08 07:00:00,1.668,6.373,482.963,307.927,4.937,74.71,1006.516
2025-01-08 08:00:00,1.042,6.373,433.013,303.385,7.092,90.92,996.537
2025-01-08 09:00:00,3.378,6.373,353.553,337.876,9.892,82.623,1016.237
2025-01-08 10:00:00,0.213,6.373,250.0,389.406,5.733,79.073,1002.659
2025-01-08 11:00:00,0.523,6.373,129.41,360.914,7.131,80.929,983.859
2025-01-08 12:00:00,1.486,6.373,0.0,388.089,8.91,70.643,1001.998
2025-01-08 13:00:00,2.314,6.373,0.0,354.574,9.094,72.812,995.867
2025-01-08 14:00:00,0.562,6.373,0.0,320.682,9.448,79.924,988.77
2025-01-08 15:00:00,1.447,6.373,0.0,342.865,6.129,76.442,1007.812
2025-01-08 16:00:00,2.19,6.373,0.0,383.495,7.179,88.603,999.917
2025-01-08 17:00:00,1.868,6.373,0.0,348.537,7.644,92.969,998.602
2025-01-08 18:00:00,1.578,6.373,0.0,339.118,8.173,74.822,1008.837
2025-01-08 19:00:00,0.151,6.373,0.0,354.91,7.346,88.518,993.413
2025-01-08 20:00:00,0.504,6.373,0.0,391.96,6.802,75.507,1019.177
2025-01-08 21:00:00,1.717,6.373,0.0,309.706,9.357,90.802,1010.264
2025-01-08 22:00:00,2.185,6.373,0.0,370.577,4.573,93.427,989.337
2025-01-08 23:00:00,1.194,6.373,0.0,356.433,9.299,93.122,1013.292
2025-01-09 00:00:00,1.611,6.543,0.0,319.209,9.96,83.516,993.213
2025-01-09 01:00:00,0.625,6.543,129.41,329.653,7.983,70.084,1015.958
2025-01-09 02:00:00,0.605,6.543,250.0,414.668,9.038,87.43,1019.225
2025-01-09 03:00:00,0.437,6.543,353.553,332.726,8.654,74.509,1012.513
2025-01-09 04:00:00,3.975,6.543,433.013,322.104,9.675,82.574,1000.701
2025-01-09 05:00:00,0.52,6.543,482.963,315.822,5.662,83.998,986.506
2025-01-09 06:00:00,2.529,6.543,500.0,368.101,9.726,83.416,994.049
2025-01-09 07:00:00,2.166,6.543,482.963,358.074,6.343,76.312,997.243
2025-01-09 08:00:00,0.144,6.543,433.013,319.486,6.251,87.32,986.95
2025-01-09 09:00:00,0.857,6.543,353.553,342.203,4.94,71.784,1015.281
2025-01-09 10:00:00,7.593,6.543,250.0,375.799,5.716,80.454,1016.657
2025-01-09 11:00:00,0.81,6.543,129.41,325.582,4.759,85.326,990.274
2025-01-09 12:00:00,0.983,6.543,0.0,302.775,9.518,90.895,986.91
2025-01-09 13:00:00,3.228,6.543,0.0,394.654,7.99,81.178,988.906
2025-01-09 14:00:00,0.486,6.543,0.0,416.28,9.193,78.369,993.748
2025-01-09 15:00:00,1.439,6.543,0.0,376.282,5.265,83.079,997.224
2025-01-09 16:00:00,1.553,6.543,0.0,312.024,7.532,75.986,1013.54
2025-01-09 17:00:00,1.763,6.543,0.0,330.567,6.631,91.026,982.21
2025-01-09 18:00:00,1.865,6.543,0.0,341.747,9.284,93.956,1004.51
2025-01-09 19:00:00,0.674,6.543,0.0,324.737,6.456,80.611,1012.547
2025-01-09 20:00:00,3.32,6.543,0.0,415.198,6.838,89.291,995.994
2025-01-09 21:00:00,2.464,6.543,0.0,399.025,5.828,82.678,1007.536
2025-01-09 22:00:00,0.587,6.543,0.0,372.547,8.012,74.606,1012.469
2025-01-09 23:00:00,0.363,6.543,0.0,360.879,4.525,79.326,985.288
2025-01-10 00:00:00,1.716,6.713,0.0,323.936,9.662,83.093,999.641
2025-01-10 01:00:00,0.718,6.713,129.41,358.002,5.241,73.444,999.733
2025-01-10 02:00:00,3.861,6.713,250.0,329.83,7.15,80.092,1018.946
2025-01-10 03:00:00,1.24,6.713,353.553,329.202,6.013,90.198,1005.792
2025-01-10 04:00:00,0.946,6.713,433.013,305.759,8.712,81.817,1010.49
2025-01-10 05:00:00,1.345,6.713,482.963,387.288,7.786,88.835,1004.085
2025-01-10 06:00:00,3.382,6.713,500.0,376.092,7.885,71.46,990.687
2025-01-10 07:00:00,0.727,6.713,482.963,312.481,8.948,86.84,984.148
2025-01-10 08:00:00,0.592,6.713,433.013,319.337,5.71,74.619,1016.437
2025-01-10 09:00:00,0.624,6.713,353.553,407.548,4.914,89.905,998.249
2025-01-10 10:00:00,0.09,6.713,250.0,389.513,5.519,91.527,985.871
2025-01-10 11:00:00,0.795,6.713,129.41,402.597,7.103,92.463,1009.005
2025-01-10 12:00:00,0.477,6.713,0.0,370.565,9.896,93.176,992.437
2025-01-10 13:00:00,0.963,6.713,0.0,322.09,5.501,88.002,986.662
2025-01-10 14:00:00,0.455,6.713,0.0,307.068,9.48,85.687,983.185
2025-01-10 15:00:00,0.761,6.713,0.0,414.619,5.584,70.283,995.953
2025-01-10 16:00:00,1.942,6.713,0.0,352.904,4.085,84.359,990.973
2025-01-10 17:00:00,1.133,6.713,0.0,342.291,6.447,93.114,1009.253
2025-01-10 18:00:00,1.263,6.713,0.0,407.366,8.422,72.761,980.666
2025-01-10 19:00:00,1.83,6.713,0.0,313.349,7.998,82.458,1019.646
2025-01-10 20:00:00,3.146,6.713,0.0,307.655,8.721,86.565,999.727
2025-01-10 21:00:00,0.039,6.713,0.0,354.268,5.373,70.201,1014.226
2025-01-10 22:00:00,0.647,6.713,0.0,414.005,9.34,81.869,1018.844
2025-01-10 23:00:00,1.793,6.713,0.0,398.382,7.912,73.25,1015.34
2025-01-11 00:00:00,2.162,6.882,0.0,378.811,9.508,73.744,1002.598
2025-01-11 01:00:00,2.243,6.882,129.41,318.23,7.746,92.732,982.974
2025-01-11 02:00:00,0.813,6.882,250.0,354.581,6.323,94.434,1016.969
2025-01-11 03:00:00,0.416,6.882,353.553,317.253,9.125,79.174,999.989
2025-01-11 04:00:00,1.73,6.882,433.013,336.585,6.357,75.319,984.659
2025-01-11 05:00:00,0.207,6.882,482.963,378.634,7.315,73.05,1012.325
2025-01-11 06:00:00,1.674,6.882,500.0,374.377,5.091,93.715,1003.128
2025-01-11 07:00:00,0.33,6.882,482.963,340.321,7.627,85.15,995.504
2025-01-11 08:00:00,0.182,6.882,433.013,340.916,6.45,76.924,983.799
2025-01-11 09:00:00,0.19,6.882,353.553,348.844,8.86,82.611,996.493
2025-01-11 10:00:00,0.531,6.882,250.0,358.18,9.492,74.328,981.902
2025-01-11 11:00:00,0.481,6.882,129.41,303.353,6.643,92.948,1005.741
2025-01-11 12:00:00,0.981,6.882,0.0,349.739,4.222,83.22,1012.053
2025-01-11 13:00:00,0.421,6.882,0.0,342.81,6.731,89.49,996.619
2025-01-11 14:00:00,0.233,6.882,0.0,350.253,8.751,84.643,1014.773
2025-01-11 15:00:00,3.262,6.882,0.0,405.974,9.289,77.816,1016.777
2025-01-11 16:00:00,0.736,6.882,0.0,390.475,9.241,77.703,986.094
2025-01-11 17:00:00,0.978,6.882,0.0,330.879,5.161,73.626,1006.455
2025-01-11 18:00:00,1.414,6.882,0.0,322.928,9.259,72.563,999.393
2025-01-11 19:00:00,2.122,6.882,0.0,402.094,4.995,77.551,983.843
2025-01-11 20:00:00,1.694,6.882,0.0,330.044,9.86,71.476,1010.229
2025-01-11 21:00:00,1.328,6.882,0.0,414.393,5.201,89.43,980.15
2025-01-11 22:00:00,2.637,6.882,0.0,351.509,4.205,89.481,991.944
2025-01-11 23:00:00,3.414,6.882,0.0,375.829,7.2,74.36,1002.142
2025-01-12 00:00:00,0.739,7.051,0.0,411.1,8.933,74.432,999.346
2025-01-12 01:00:00,1.501,7.051,129.41,347.09,4.834,71.395,998.363
2025-01-12 02:00:00,1.147,7.051,250.0,366.224,7.492,89.993,988.03
2025-01-12 03:00:00,0.757,7.051,353.553,355.82,5.538,80.394,1003.982
2025-01-12 04:00:00,3.347,7.051,433.013,334.841,9.483,74.628,999.035
2025-01-12 05:00:00,0.192,7.051,482.963,312.122,9.108,83.225,982.202
2025-01-12 06:00:00,2.784,7.051,500.0,355.847,6.181,77.715,1004.641
2025-01-12 07:00:00,0.639,7.051,482.963,369.0,6.144,76.394,993.677
2025-01-12 08:00:00,1.857,7.051,433.013,373.427,4.427,75.687,1014.511
2025-01-12 09:00:00,1.599,7.051,353.553,375.398,9.99,86.483,1019.401
2025-01-12 10:00:00,2.286,7.051,250.0,406.765,8.912,86.951,1003.019
2025-01-12 11:00:00,0.3,7.051,129.41,342.394,7.465,94.65,1001.909
2025-01-12 12:00:00,1.119,7.051,0.0,305.857,9.112,91.573,1010.882
2025-01-12 13:00:00,0.844,7.051,0.0,335.767,5.445,75.104,1007.068
2025-01-12 14:00:00,0.792,7.051,0.0,401.647,8.37,77.18,996.374
2025-01-12 15:00:00,1.168,7.051,0.0,365.83,5.483,72.93,985.642
2025-01-12 16:00:00,1.733,7.051,0.0,419.296,6.307,83.366,1004.683
2025-01-12 17:00:00,1.795,7.051,0.0,340.923,9.885,76.682,990.812
2025-01-12 18:00:00,1.302,7.051,0.0,308.109,6.1,82.45,997.346
2025-01-12 19:00:00,0.667,7.051,0.0,381.965,7.401,84.046,980.142
2025-01-12 20:00:00,0.425,7.051,0.0,328.254,7.165,70.042,1013.05
2025-01-12 21:00:00,0.335,7.051,0.0,368.128,7.79,77.023,1009.315
2025-01-12 22:00:00,5.452,7.051,0.0,379.38,8.781,81.401,1006.81
2025-01-12 23:00:00,1.72,7.051,0.0,306.501,9.772,70.806,987.092
2025-01-13 00:00:00,2.93,7.219,0.0,342.057,6.105,71.296,1003.553
2025-01-13 01:00:00,0.597,7.219,129.41,321.766,9.075,93.376,997.554
2025-01-13 02:00:00,0.807,7.219,250.0,308.215,9.044,76.237,1001.292
2025-01-13 03:00:00,0.663,7.219,353.553,419.249,5.995,70.0,1011.366
2025-01-13 04:00:00,0.383,7.219,433.013,315.62,9.229,84.613,1007.036
2025-01-13 05:00:00,3.126,7.219,482.963,310.336,6.272,87.596,986.258
2025-01-13 06:00:00,0.084,7.219,500.0,359.863,5.452,75.923,1008.415
2025-01-13 07:00:00,1.581,7.219,482.963,412.736,8.135,94.746,1015.176
2025-01-13 08:00:00,2.209,7.219,433.013,316.775,7.166,87.325,997.625
2025-01-13 09:00:00,1.681,7.219,353.553,380.962,4.334,74.685,1009.535
2025-01-13 10:00:00,1.973,7.219,250.0,374.958,4.154,73.344,993.583
2025-01-13 11:00:00,2.924,7.219,129.41,337.64,6.085,74.899,989.544
2025-01-13 12:00:00,0.448,7.219,0.0,388.364,6.949,79.679,995.925
2025-01-13 13:00:00,1.958,7.219,0.0,382.711,8.392,73.442,999.254
2025-01-13 14:00:00,2.633,7.219,0.0,409.36,5.921,90.271,1014.697
2025-01-13 15:00:00,2.258,7.219,0.0,300.138,4.17,75.001,1005.853
2025-01-13 16:00:00,0.438,7.219,0.0,396.302,4.269,79.02,1001.271
2025-01-13 17:00:00,0.386,7.219,0.0,340.234,7.024,78.117,981.468
2025-01-13 18:00:00,0.224,7.219,0.0,419.607,9.413,94.1,986.918
2025-01-13 19:00:00,0.372,7.219,0.0,321.866,7.184,89.267,982.793
2025-01-13 20:00:00,1.024,7.219,0.0,353.931,9.809,81.642,996.847
2025-01-13 21:00:00,1.715,7.219,0.0,385.905,5.172,85.864,1010.194
2025-01-13 22:00:00,1.975,7.219,0.0,391.733,7.036,87.744,1014.99
2025-01-13 23:00:00,0.287,7.219,0.0,336.307,5.845,88.391,989.257
2025-01-14 00:00:00,0.288,7.387,0.0,392.997,5.621,84.093,994.539
2025-01-14 01:00:00,0.86,7.387,129.41,407.724,8.531,85.664,1007.786
2025-01-14 02:00:00,1.72,7.387,250.0,410.983,6.211,70.339,1017.363
2025-01-14 03:00:00,0.912,7.387,353.553,300.386,5.214,70.791,991.633
2025-01-14 04:00:00,1.369,7.387,433.013,406.84,4.004,83.056,993.527
2025-01-14 05:00:00,1.766,7.387,482.963,309.777,8.849,94.83,986.709
2025-01-14 06:00:00,0.454,7.387,500.0,332.416,6.755,75.933,984.367
2025-01-14 07:00:00,2.163,7.387,482.963,308.155,7.052,74.147,988.042
2025-01-14 08:00:00,1.62,7.387,433.013,390.015,8.538,72.704,996.537
2025-01-14 09:00:00,1.031,7.387,353.553,356.441,5.171,75.941,1011.118
2025-01-14 10:00:00,1.93,7.387,250.0,338.656,4.968,86.661,1014.645
2025-01-14 11:00:00,2.768,7.387,129.41,404.702,5.494,75.269,994.444
2025-01-14 12:00:00,3.294,7.387,0.0,310.469,5.15,88.91,981.93
2025-01-14 13:00:00,1.676,7.387,0.0,364.484,5.033,73.867,1014.746
2025-01-14 14:00:00,1.96,7.387,0.0,377.628,9.746,70.977,1014.076
2025-01-14 15:00:00,3.135,7.387,0.0,328.748,9.76,84.998,1008.87
2025-01-14 16:00:00,0.931,7.387,0.0,408.642,7.867,93.398,1007.532
2025-01-14 17:00:00,2.516,7.387,0.0,372.047,6.5,74.701,1009.718
2025-01-14 18:00:00,2.835,7.387,0.0,394.214,6.378,78.157,1019.472
2025-01-14 19:00:00,0.752,7.387,0.0,404.852,8.706,74.767,999.651
2025-01-14 20:00:00,1.469,7.387,0.0,372.101,5.663,70.069,1014.631
2025-01-14 21:00:00,0.541,7.387,0.0,346.228,5.642,84.007,1005.17
2025-01-14 22:00:00,0.365,7.387,0.0,332.261,5.257,80.504,990.489
2025-01-14 23:00:00,0.681,7.387,0.0,356.678,8.372,71.804,984.537
2025-01-15 00:00:00,1.884,7.554,0.0,370.653,5.482,71.791,988.725
2025-01-15 01:00:00,1.427,7.554,129.41,312.374,8.517,86.639,991.901
2025-01-15 02:00:00,1.728,7.554,250.0,331.174,4.049,80.458,1004.091
2025-01-15 03:00:00,0.463,7.554,353.553,303.789,8.666,74.305,994.146
2025-01-15 04:00:00,0.918,7.554,433.013,392.927,6.658,88.323,982.016
2025-01-15 05:00:00,1.222,7.554,482.963,309.6,6.198,85.272,1005.403
2025-01-15 06:00:00,2.805,7.554,500.0,355.52,5.275,90.358,981.898
2025-01-15 07:00:00,0.14,7.554,482.963,372.664,8.43,72.646,990.567
2025-01-15 08:00:00,0.845,7.554,433.013,409.311,7.093,90.176,989.349
2025-01-15 09:00:00,1.677,7.554,353.553,336.676,9.499,93.826,995.162
2025-01-15 10:00:00,2.955,7.554,250.0,331.187,4.534,74.338,1003.353
2025-01-15 11:00:00,1.63,7.554,129.41,406.708,4.052,78.956,1015.573
2025-01-15 12:00:00,1.723,7.554,0.0,320.413,7.311,73.991,996.394
2025-01-15 13:00:00,3.092,7.554,0.0,402.755,8.744,72.05,999.564
2025-01-15 14:00:00,1.182,7.554,0.0,319.022,5.512,81.084,986.848
2025-01-15 15:00:00,0.507,7.554,0.0,349.561,9.568,70.825,1014.708
2025-01-15 16:00:00,1.352,7.554,0.0,394.578,9.095,75.304,986.711
2025-01-15 17:00:00,1.446,7.554,0.0,307.177,9.078,85.478,980.547
2025-01-15 18:00:00,0.899,7.554,0.0,319.326,9.924,85.545,1016.042
2025-01-15 19:00:00,0.727,7.554,0.0,379.19,7.025,82.562,999.601
2025-01-15 20:00:00,0.607,7.554,0.0,393.993,6.641,93.57,981.124
2025-01-15 21:00:00,0.78,7.554,0.0,381.74,5.787,76.174,1013.963
2025-01-15 22:00:00,0.038,7.554,0.0,356.23,9.138,92.518,1012.813
2025-01-15 23:00:00,0.132,7.554,0.0,380.332,5.655,72.362,987.023
2025-01-16 00:00:00,1.108,7.72,0.0,359.382,5.696,82.941,994.982
2025-01-16 01:00:00,1.162,7.72,129.41,366.289,6.23,82.213,1005.639
2025-01-16 02:00:00,0.892,7.72,250.0,328.464,8.212,75.778,986.371
2025-01-16 03:00:00,0.384,7.72,353.553,300.162,6.462,80.71,999.606
2025-01-16 04:00:00,1.0,7.72,433.013,309.53,8.955,74.421,992.39
2025-01-16 05:00:00,0.656,7.72,482.963,397.581,9.201,77.085,1001.785
2025-01-16 06:00:00,0.863,7.72,500.0,360.769,6.496,86.364,988.074
2025-01-16 07:00:00,1.197,7.72,482.963,353.851,9.391,91.897,989.856
2025-01-16 08:00:00,0.467,7.72,433.013,311.806,5.66,92.688,990.412
2025-01-16 09:00:00,2.095,7.72,353.553,357.966,6.137,94.533,1007.466
2025-01-16 10:00:00,4.526,7.72,250.0,330.892,5.424,79.387,992.559
2025-01-16 11:00:00,5.433,7.72,129.41,318.924,5.562,78.478,1011.139
2025-01-16 12:00:00,0.748,7.72,0.0,398.129,7.89,89.398,989.696
2025-01-16 13:00:00,2.121,7.72,0.0,340.38,4.311,87.529,998.466
2025-01-16 14:00:00,0.44,7.72,0.0,359.986,7.355,92.531,1014.165
2025-01-16 15:00:00,0.814,7.72,0.0,412.484,5.122,87.543,997.31
2025-01-16 16:00:00,2.477,7.72,0.0,353.458,4.327,89.791,1008.21
2025-01-16 17:00:00,1.136,7.72,0.0,386.791,7.25,86.268,984.163
2025-01-16 18:00:00,4.414,7.72,0.0,360.149,9.215,90.381,988.617
2025-01-16 19:00:00,0.846,7.72,0.0,310.991,4.742,74.893,1010.532
2025-01-16 20:00:00,0.996,7.72,0.0,353.86,9.469,90.724,993.12
2025-01-16 21:00:00,2.22,7.72,0.0,301.212,9.178,89.446,1000.837
2025-01-16 22:00:00,0.407,7.72,0.0,307.348,6.004,76.757,995.629
2025-01-16 23:00:00,2.272,7.72,0.0,354.286,8.634,89.229,1016.909
2025-01-17 00:00:00,0.517,7.885,0.0,390.795,6.884,89.292,989.83
2025-01-17 01:00:00,1.474,7.885,129.41,310.981,6.967,77.273,1007.202
2025-01-17 02:00:00,1.37,7.885,250.0,346.96,9.887,82.993,989.686
2025-01-17 03:00:00,0.059,7.885,353.553,373.603,4.326,86.121,1011.307
2025-01-17 04:00:00,0.521,7.885,433.013,325.944,5.595,78.492,989.803
2025-01-17 05:00:00,2.828,7.885,482.963,353.178,8.964,85.131,1008.153
2025-01-17 06:00:00,0.254,7.885,500.0,416.367,9.887,79.029,1017.223
2025-01-17 07:00:00,1.151,7.885,482.963,402.527,7.439,89.99,1001.353
2025-01-17 08:00:00,1.956,7.885,433.013,328.026,6.778,70.341,988.542
2025-01-17 09:00:00,0.168,7.885,353.553,338.783,6.556,72.892,999.998
2025-01-17 10:00:00,3.153,7.885,250.0,416.544,8.339,78.759,982.34
2025-01-17 11:00:00,2.984,7.885,129.41,327.228,8.883,77.379,996.934
2025-01-17 12:00:00,0.606,7.885,0.0,303.307,4.01,94.123,997.344
2025-01-17 13:00:00,0.625,7.885,0.0,407.623,8.133,73.624,1008.075
2025-01-17 14:00:00,0.436,7.885,0.0,358.392,7.475,90.903,985.073
2025-01-17 15:00:00,1.313,7.885,0.0,350.549,5.976,89.8,998.674
2025-01-17 16:00:00,2.516,7.885,0.0,372.439,9.157,72.681,986.758
2025-01-17 17:00:00,2.058,7.885,0.0,360.427,7.818,86.176,982.888
2025-01-17 18:00:00,0.564,7.885,0.0,358.912,6.076,73.877,1009.354
2025-01-17 19:00:00,0.924,7.885,0.0,380.839,7.834,90.344,986.17
2025-01-17 20:00:00,0.396,7.885,0.0,374.732,6.894,79.603,983.662
2025-01-17 21:00:00,3.891,7.885,0.0,410.672,5.356,92.538,1015.962
2025-01-17 22:00:00,1.704,7.885,0.0,408.91,7.168,93.755,1012.935
2025-01-17 23:00:00,0.341,7.885,0.0,386.927,7.459,93.529,1012.943
2025-01-18 00:00:00,0.734,8.049,0.0,372.637,9.413,92.633,1010.859
2025-01-18 01:00:00,1.023,8.049,129.41,321.731,7.017,74.891,1006.3
2025-01-18 02:00:00,1.28,8.049,250.0,384.807,5.226,78.393,1011.47
2025-01-18 03:00:00,1.118,8.049,353.553,338.521,4.836,86.881,990.403
2025-01-18 04:00:00,3.642,8.049,433.013,363.86,4.553,85.542,1016.193
2025-01-18 05:00:00,0.44,8.049,482.963,348.704,8.926,72.873,992.78
2025-01-18 06:00:00,0.337,8.049,500.0,312.458,8.637,80.651,987.35
2025-01-18 07:00:00,0.668,8.049,482.963,338.239,6.403,92.012,985.956
2025-01-18 08:00:00,0.355,8.049,433.013,383.431,7.946,84.442,1002.601
2025-01-18 09:00:00,0.722,8.049,353.553,383.421,7.825,79.891,1000.678
2025-01-18 10:00:00,2.372,8.049,250.0,401.941,6.68,91.373,1011.572
2025-01-18 11:00:00,1.885,8.049,129.41,409.034,6.599,92.364,998.965
2025-01-18 12:00:00,6.123,8.049,0.0,338.343,8.699,91.485,991.907
2025-01-18 13:00:00,3.964,8.049,0.0,343.701,9.78,77.796,989.399
2025-01-18 14:00:00,3.279,8.049,0.0,317.688,8.984,75.305,1004.294
2025-01-18 15:00:00,0.5,8.049,0.0,391.196,9.705,84.613,1010.99
2025-01-18 16:00:00,0.151,8.049,0.0,334.937,4.272,76.283,1015.19
2025-01-18 17:00:00,1.873,8.049,0.0,315.0,7.276,72.032,988.071
2025-01-18 18:00:00,0.809,8.049,0.0,407.254,9.46,94.005,990.747
2025-01-18 19:00:00,4.191,8.049,0.0,405.47,5.858,91.224,1003.898
2025-01-18 20:00:00,0.356,8.049,0.0,306.898,9.874,72.558,1002.02
2025-01-18 21:00:00,4.488,8.049,0.0,352.935,8.928,76.58,981.712
2025-01-18 22:00:00,1.033,8.049,0.0,381.933,5.013,94.589,984.962
2025-01-18 23:00:00,1.603,8.049,0.0,345.174,5.936,92.871,980.683
2025-01-19 00:00:00,1.155,8.213,0.0,347.975,6.278,90.501,989.952
2025-01-19 01:00:00,0.584,8.213,129.41,416.582,8.665,88.659,990.692
2025-01-19 02:00:00,0.724,8.213,250.0,347.514,5.778,74.095,1012.507
2025-01-19 03:00:00,0.945,8.213,353.553,357.916,8.777,78.169,1008.646
2025-01-19 04:00:00,0.49,8.213,433.013,310.903,8.743,83.639,1002.912
2025-01-19 05:00:00,3.607,8.213,482.963,309.906,8.773,85.111,1004.986
2025-01-19 06:00:00,2.947,8.213,500.0,388.531,6.358,71.242,984.821
2025-01-19 07:00:00,0.669,8.213,482.963,417.023,9.903,81.276,1017.833
2025-01-19 08:00:00,3.665,8.213,433.013,373.379,7.753,93.754,995.453
2025-01-19 09:00:00,0.252,8.213,353.553,320.686,5.15,74.138,993.327
2025-01-19 10:00:00,1.659,8.213,250.0,355.222,7.837,89.539,996.832
2025-01-19 11:00:00,0.86,8.213,129.41,417.116,5.201,90.696,984.364
2025-01-19 12:00:00,2.763,8.213,0.0,400.037,5.129,89.941,988.369
2025-01-19 13:00:00,0.544,8.213,0.0,360.073,6.992,82.282,1012.093
2025-01-19 14:00:00,0.186,8.213,0.0,397.066,8.817,90.899,1004.17
2025-01-19 15:00:00,2.549,8.213,0.0,416.881,4.989,93.709,1001.292
2025-01-19 16:00:00,0.905,8.213,0.0,384.45,8.724,76.035,991.316
2025-01-19 17:00:00,0.193,8.213,0.0,348.682,5.299,85.241,1008.004
2025-01-19 18:00:00,0.955,8.213,0.0,348.446,7.244,90.905,985.347
2025-01-19 19:00:00,6.673,8.213,0.0,392.807,6.098,93.045,1008.65
2025-01-19 20:00:00,3.574,8.213,0.0,396.821,4.752,87.636,1012.461
2025-01-19 21:00:00,3.043,8.213,0.0,310.742,9.58,91.097,1010.929
2025-01-19 22:00:00,0.234,8.213,0.0,300.604,5.935,82.971,999.146
2025-01-19 23:00:00,0.876,8.213,0.0,401.359,4.217,92.908,1013.69
2025-01-20 00:00:00,4.262,8.375,0.0,323.42,5.004,89.439,989.953
2025-01-20 01:00:00,2.506,8.375,129.41,340.28,6.115,81.863,1006.57
2025-01-20 02:00:00,1.553,8.375,250.0,311.391,5.867,76.301,1002.703
2025-01-20 03:00:00,1.08,8.375,353.553,369.939,5.254,72.727,1019.939
2025-01-20 04:00:00,0.513,8.375,433.013,331.977,5.851,71.513,1015.967
2025-01-20 05:00:00,0.605,8.375,482.963,412.891,6.927,75.705,1014.781
2025-01-20 06:00:00,4.581,8.375,500.0,359.501,5.548,75.679,987.333
2025-01-20 07:00:00,2.346,8.375,482.963,308.408,9.466,72.381,995.55
2025-01-20 08:00:00,0.883,8.375,433.013,412.015,7.693,84.358,1003.105
2025-01-20 09:00:00,1.267,8.375,353.553,339.814,6.186,71.696,980.34
2025-01-20 10:00:00,1.714,8.375,250.0,411.444,9.966,70.704,981.432
2025-01-20 11:00:00,1.117,8.375,129.41,311.787,4.111,82.01,1019.86
2025-01-20 12:00:00,1.776,8.375,0.0,328.775,6.062,70.485,1003.061
2025-01-20 13:00:00,0.949,8.375,0.0,379.205,4.546,87.327,982.344
2025-01-20 14:00:00,1.805,8.375,0.0,396.444,5.251,80.426,996.729
2025-01-20 15:00:00,1.211,8.375,0.0,356.088,9.337,85.822,1017.239
2025-01-20 16:00:00,2.968,8.375,0.0,343.614,4.733,81.219,988.109
2025-01-20 17:00:00,1.543,8.375,0.0,319.402,6.007,71.824,1007.185
2025-01-20 18:00:00,2.767,8.375,0.0,314.181,8.632,86.192,1018.699
2025-01-20 19:00:00,1.317,8.375,0.0,325.389,6.412,82.692,994.97
2025-01-20 20:00:00,0.119,8.375,0.0,328.435,9.305,72.6,1018.317
2025-01-20 21:00:00,1.689,8.375,0.0,303.198,5.729,76.725,1014.301
2025-01-20 22:00:00,1.735,8.375,0.0,316.433,4.559,90.144,996.5
2025-01-20 23:00:00,0.208,8.375,0.0,359.798,6.435,90.747,995.166
2025-01-21 00:00:00,0.409,8.537,0.0,320.299,6.076,91.433,1018.836
2025-01-21 01:00:00,0.215,8.537,129.41,311.234,5.113,73.105,1002.028
2025-01-21 02:00:00,3.585,8.537,250.0,324.091,4.598,91.868,1006.801
2025-01-21 03:00:00,0.734,8.537,353.553,355.7,9.701,82.255,987.654
2025-01-21 04:00:00,0.591,8.537,433.013,363.989,9.688,78.687,1001.427
2025-01-21 05:00:00,3.017,8.537,482.963,371.226,6.758,93.918,1004.615
2025-01-21 06:00:00,3.104,8.537,500.0,374.278,5.569,78.285,987.682
2025-01-21 07:00:00,1.15,8.537,482.963,390.627,9.898,94.853,1001.808
2025-01-21 08:00:00,0.972,8.537,433.013,401.074,5.69,89.488,1008.94
2025-01-21 09:00:00,0.961,8.537,353.553,380.95,6.568,88.496,1006.815
2025-01-21 10:00:00,0.896,8.537,250.0,315.411,5.76,75.209,990.283
2025-01-21 11:00:00,0.564,8.537,129.41,351.154,6.439,72.62,991.24
2025-01-21 12:00:00,0.36,8.537,0.0,412.377,8.677,81.784,1018.77
2025-01-21 13:00:00,0.954,8.537,0.0,329.887,9.984,72.994,1004.142
2025-01-21 14:00:00,0.192,8.537,0.0,317.838,6.162,78.375,988.931
2025-01-21 15:00:00,0.968,8.537,0.0,336.324,4.749,86.851,1016.398
2025-01-21 16:00:00,1.454,8.537,0.0,339.179,7.39,75.228,1008.341
2025-01-21 17:00:00,0.633,8.537,0.0,302.897,4.495,89.244,1009.168
2025-01-21 18:00:00,5.481,8.537,0.0,329.571,9.417,78.344,983.673
2025-01-21 19:00:00,4.646,8.537,0.0,312.745,7.961,81.135,991.334
2025-01-21 20:00:00,1.765,8.537,0.0,369.06,7.146,70.433,1018.358
2025-01-21 21:00:00,1.341,8.537,0.0,340.439,6.566,78.886,997.88
2025-01-21 22:00:00,1.628,8.537,0.0,340.16,6.911,89.767,994.479
2025-01-21 23:00:00,1.321,8.537,0.0,301.996,4.165,80.313,995.046
2025-01-22 00:00:00,1.402,8.697,0.0,356.031,6.74,78.139,980.66
2025-01-22 01:00:00,0.741,8.697,129.41,366.16,9.802,77.926,983.586
2025-01-22 02:00:00,0.661,8.697,250.0,399.466,6.993,71.792,1005.061
2025-01-22 03:00:00,1.134,8.697,353.553,408.436,8.688,87.349,984.899
2025-01-22 04:00:00,2.265,8.697,433.013,349.268,5.138,93.441,991.15
2025-01-22 05:00:00,1.304,8.697,482.963,304.745,6.436,79.397,1019.619
2025-01-22 06:00:00,0.102,8.697,500.0,417.728,4.131,84.012,980.004
2025-01-22 07:00:00,1.113,8.697,482.963,391.9,7.504,77.908,1007.715
2025-01-22 08:00:00,2.218,8.697,433.013,415.534,4.454,94.944,1009.92
2025-01-22 09:00:00,5.526,8.697,353.553,343.356,7.993,88.291,1017.822
2025-01-22 10:00:00,2.498,8.697,250.0,323.501,8.945,77.866,986.707
2025-01-22 11:00:00,0.272,8.697,129.41,306.549,5.145,81.703,1018.523
2025-01-22 12:00:00,1.139,8.697,0.0,380.106,9.987,77.367,981.887
2025-01-22 13:00:00,0.387,8.697,0.0,360.784,8.046,74.918,1012.86
2025-01-22 14:00:00,0.962,8.697,0.0,377.801,6.04,90.171,1011.195
2025-01-22 15:00:00,1.265,8.697,0.0,379.399,7.664,93.072,991.436
2025-01-22 16:00:00,1.684,8.697,0.0,357.399,6.72,86.651,1014.794
2025-01-22 17:00:00,1.103,8.697,0.0,370.109,6.021,93.115,983.893
2025-01-22 18:00:00,2.369,8.697,0.0,319.383,5.899,77.034,985.113
2025-01-22 19:00:00,2.148,8.697,0.0,308.967,5.191,72.794,1007.724
2025-01-22 20:00:00,0.849,8.697,0.0,405.745,8.033,83.423,991.428
2025-01-22 21:00:00,0.681,8.697,0.0,323.169,4.058,84.356,1011.208
2025-01-22 22:00:00,0.033,8.697,0.0,322.181,9.178,73.548,1009.918
2025-01-22 23:00:00,1.85,8.697,0.0,333.419,7.18,82.459,1010.209
2025-01-23 00:00:00,1.466,8.857,0.0,343.952,5.515,73.645,1007.889
2025-01-23 01:00:00,1.845,8.857,129.41,303.269,8.543,86.686,999.305
2025-01-23 02:00:00,0.831,8.857,250.0,354.56,4.186,78.566,998.248
2025-01-23 03:00:00,0.496,8.857,353.553,351.457,5.737,92.607,981.167
2025-01-23 04:00:00,1.185,8.857,433.013,416.807,6.678,80.154,1005.153
2025-01-23 05:00:00,1.383,8.857,482.963,319.085,8.71,81.375,1006.599
2025-01-23 06:00:00,1.135,8.857,500.0,358.22,7.281,94.217,1018.252
2025-01-23 07:00:00,2.719,8.857,482.963,392.806,6.624,85.487,994.25
2025-01-23 08:00:00,3.401,8.857,433.013,358.156,7.902,80.571,1011.083
2025-01-23 09:00:00,1.025,8.857,353.553,415.238,7.75,86.083,996.482
2025-01-23 10:00:00,2.604,8.857,250.0,352.713,6.841,82.534,1016.613
2025-01-23 11:00:00,0.714,8.857,129.41,415.104,6.382,88.367,1000.905
2025-01-23 12:00:00,1.325,8.857,0.0,406.463,4.686,89.512,1008.839
2025-01-23 13:00:00,1.44,8.857,0.0,313.994,5.57,71.268,992.105
2025-01-23 14:00:00,0.259,8.857,0.0,373.168,4.77,70.121,1010.204
2025-01-23 15:00:00,0.514,8.857,0.0,411.366,8.7,88.371,998.544
2025-01-23 16:00:00,1.025,8.857,0.0,391.583,8.526,88.638,1011.157
2025-01-23 17:00:00,1.084,8.857,0.0,407.028,9.794,93.165,1006.08
2025-01-23 18:00:00,1.018,8.857,0.0,313.149,6.022,73.608,1017.472
2025-01-23 19:00:00,0.508,8.857,0.0,327.291,5.03,82.754,1005.513
2025-01-23 20:00:00,1.422,8.857,0.0,321.32,9.46,83.217,991.294
2025-01-23 21:00:00,1.42,8.857,0.0,406.373,7.491,90.828,993.449
2025-01-23 22:00:00,3.134,8.857,0.0,334.517,8.824,81.138,1000.671
2025-01-23 23:00:00,0.174,8.857,0.0,395.283,9.209,74.208,1014.051
2025-01-24 00:00:00,0.472,9.015,0.0,384.006,6.794,94.733,994.436
2025-01-24 01:00:00,4.0,9.015,129.41,398.77,9.516,94.981,999.102
2025-01-24 02:00:00,2.023,9.015,250.0,311.493,6.43,94.252,1004.77
2025-01-24 03:00:00,1.23,9.015,353.553,359.405,5.147,85.811,1016.196
2025-01-24 04:00:00,1.713,9.015,433.013,331.212,8.512,81.879,1008.171
2025-01-24 05:00:00,0.894,9.015,482.963,306.277,6.477,94.037,992.732
2025-01-24 06:00:00,0.81,9.015,500.0,326.105,4.378,87.487,1007.036
2025-01-24 07:00:00,0.994,9.015,482.963,403.032,8.649,94.484,1019.785
2025-01-24 08:00:00,1.731,9.015,433.013,389.202,4.888,76.656,1003.583
2025-01-24 09:00:00,1.534,9.015,353.553,362.985,8.622,81.548,1000.357
2025-01-24 10:00:00,1.246,9.015,250.0,400.032,5.012,78.875,1003.0
2025-01-24 11:00:00,2.048,9.015,129.41,360.235,4.714,77.779,985.268
2025-01-24 12:00:00,1.489,9.015,0.0,384.746,5.402,86.26,1014.687
2025-01-24 13:00:00,0.508,9.015,0.0,358.264,8.052,77.329,1015.407
2025-01-24 14:00:00,0.904,9.015,0.0,411.484,9.51,89.437,987.912
2025-01-24 15:00:00,0.413,9.015,0.0,365.842,6.059,90.247,1019.072
2025-01-24 16:00:00,1.963,9.015,0.0,389.01,5.143,83.621,990.389
2025-01-24 17:00:00,0.864,9.015,0.0,367.245,9.634,72.236,1000.618
2025-01-24 18:00:00,0.289,9.015,0.0,410.202,6.043,74.907,1005.97
2025-01-24 19:00:00,2.709,9.015,0.0,302.197,7.151,92.78,1016.372
2025-01-24 20:00:00,3.635,9.015,0.0,365.715,8.284,82.919,1009.446
2025-01-24 21:00:00,1.465,9.015,0.0,315.739,8.518,85.508,1016.002
2025-01-24 22:00:00,0.641,9.015,0.0,365.618,9.754,73.255,1014.14
2025-01-24 23:00:00,3.239,9.015,0.0,335.139,9.59,70.089,1007.212
2025-01-25 00:00:00,1.203,9.172,0.0,314.126,4.496,91.692,991.474
2025-01-25 01:00:00,0.519,9.172,129.41,378.982,8.703,83.659,992.478
2025-01-25 02:00:00,1.583,9.172,250.0,313.899,7.127,94.617,986.688
2025-01-25 03:00:00,1.805,9.172,353.553,375.611,6.787,80.533,987.823
2025-01-25 04:00:00,0.15,9.172,433.013,337.685,9.296,87.358,981.145
2025-01-25 05:00:00,1.676,9.172,482.963,349.328,9.782,82.259,991.694
2025-01-25 06:00:00,1.644,9.172,500.0,314.866,6.004,87.743,988.748
2025-01-25 07:00:00,2.784,9.172,482.963,394.544,8.205,90.798,994.383
2025-01-25 08:00:00,2.688,9.172,433.013,383.721,6.354,75.643,1013.322
2025-01-25 09:00:00,0.993,9.172,353.553,334.905,7.225,88.089,990.037
2025-01-25 10:00:00,1.715,9.172,250.0,334.239,5.764,91.132,1007.772
2025-01-25 11:00:00,2.427,9.172,129.41,321.528,5.121,73.733,980.343
2025-01-25 12:00:00,1.419,9.172,0.0,345.548,6.517,84.632,980.59
2025-01-25 13:00:00,0.409,9.172,0.0,379.057,4.672,94.029,985.73
2025-01-25 14:00:00,1.269,9.172,0.0,414.941,4.263,91.869,1014.894
2025-01-25 15:00:00,2.445,9.172,0.0,394.962,8.541,89.8,1005.968
2025-01-25 16:00:00,0.423,9.172,0.0,307.558,5.771,89.765,989.563
2025-01-25 17:00:00,3.734,9.172,0.0,410.788,7.381,94.14,989.407
2025-01-25 18:00:00,1.984,9.172,0.0,408.112,5.107,74.008,994.65
2025-01-25 19:00:00,0.87,9.172,0.0,403.031,7.689,88.106,1014.425
2025-01-25 20:00:00,0.041,9.172,0.0,419.214,4.62,94.887,997.654
2025-01-25 21:00:00,1.981,9.172,0.0,342.132,9.663,81.435,1003.208
2025-01-25 22:00:00,3.762,9.172,0.0,333.628,7.755,79.97,997.127
2025-01-25 23:00:00,0.472,9.172,0.0,317.044,5.678,70.309,992.781
2025-01-26 00:00:00,0.223,9.328,0.0,399.343,8.534,93.311,996.907
2025-01-26 01:00:00,1.274,9.328,129.41,387.6,9.503,90.125,987.181
2025-01-26 02:00:00,0.301,9.328,250.0,310.519,9.53,79.807,1013.867
2025-01-26 03:00:00,0.231,9.328,353.553,416.32,9.6,90.362,1016.644
2025-01-26 04:00:00,5.407,9.328,433.013,362.508,8.341,93.057,982.773
2025-01-26 05:00:00,2.224,9.328,482.963,403.828,5.092,87.224,999.221
2025-01-26 06:00:00,0.672,9.328,500.0,309.674,5.364,82.976,1007.361
2025-01-26 07:00:00,1.01,9.328,482.963,337.701,5.024,85.356,987.915
2025-01-26 08:00:00,3.114,9.328,433.013,329.889,5.876,85.76,983.261
2025-01-26 09:00:00,1.647,9.328,353.553,323.796,8.271,74.13,993.8
2025-01-26 10:00:00,0.379,9.328,250.0,310.596,4.407,75.015,983.778
2025-01-26 11:00:00,0.838,9.328,129.41,349.593,6.163,73.216,1006.147
2025-01-26 12:00:00,1.761,9.328,0.0,395.198,4.421,75.063,1007.753
2025-01-26 13:00:00,1.266,9.328,0.0,382.06,9.304,75.09,1008.615
2025-01-26 14:00:00,0.346,9.328,0.0,316.54,4.961,83.324,994.968
2025-01-26 15:00:00,0.976,9.328,0.0,327.386,8.53,82.193,980.797
2025-01-26 16:00:00,0.29,9.328,0.0,327.339,8.95,93.037,998.503
2025-01-26 17:00:00,1.497,9.328,0.0,388.467,5.342,82.556,999.043
2025-01-26 18:00:00,0.332,9.328,0.0,410.754,7.336,72.586,993.534
2025-01-26 19:00:00,0.522,9.328,0.0,368.056,5.233,85.14,1011.727
2025-01-26 20:00:00,0.321,9.328,0.0,306.297,6.814,78.518,989.706
2025-01-26 21:00:00,1.317,9.328,0.0,418.301,9.978,92.736,1018.696
2025-01-26 22:00:00,0.289,9.328,0.0,313.197,7.102,76.775,1003.749
2025-01-26 23:00:00,1.53,9.328,0.0,393.548,6.356,73.196,990.254
2025-01-27 00:00:00,2.271,9.482,0.0,366.735,5.674,94.052,991.876
2025-01-27 01:00:00,0.345,9.482,129.41,394.235,6.94,74.701,1005.393
2025-01-27 02:00:00,1.091,9.482,250.0,397.622,7.929,90.427,1011.093
2025-01-27 03:00:00,1.544,9.482,353.553,344.94,4.421,73.471,1004.174
2025-01-27 04:00:00,1.079,9.482,433.013,374.262,4.785,91.319,1011.884
2025-01-27 05:00:00,2.141,9.482,482.963,366.075,9.283,76.448,990.57
2025-01-27 06:00:00,1.75,9.482,500.0,417.2,9.771,80.221,992.525
2025-01-27 07:00:00,0.75,9.482,482.963,415.758,7.431,88.375,993.06
2025-01-27 08:00:00,1.343,9.482,433.013,363.167,7.371,80.858,1011.378
2025-01-27 09:00:00,0.646,9.482,353.553,305.59,5.556,70.617,1005.944
2025-01-27 10:00:00,1.534,9.482,250.0,402.996,8.289,91.742,1014.57
2025-01-27 11:00:00,2.464,9.482,129.41,342.664,4.23,83.775,1008.074
2025-01-27 12:00:00,1.267,9.482,0.0,320.657,7.26,82.069,1017.336
2025-01-27 13:00:00,1.205,9.482,0.0,354.797,7.468,91.936,992.449
2025-01-27 14:00:00,2.804,9.482,0.0,359.587,8.863,78.176,1008.734
2025-01-27 15:00:00,1.472,9.482,0.0,334.423,8.987,83.637,1012.146
2025-01-27 16:00:00,0.914,9.482,0.0,370.67,9.268,89.493,982.659
2025-01-27 17:00:00,0.934,9.482,0.0,395.778,8.093,94.753,991.345
2025-01-27 18:00:00,1.994,9.482,0.0,396.616,9.681,80.115,980.168
2025-01-27 19:00:00,0.308,9.482,0.0,362.863,5.081,84.664,1015.098
2025-01-27 20:00:00,1.51,9.482,0.0,363.966,8.968,76.932,1010.901
2025-01-27 21:00:00,1.416,9.482,0.0,363.841,7.906,94.712,1004.173
2025-01-27 22:00:00,1.517,9.482,0.0,332.258,7.734,85.831,1012.712
2025-01-27 23:00:00,0.377,9.482,0.0,419.181,6.663,71.905,982.856
2025-01-28 00:00:00,0.193,9.636,0.0,364.941,4.825,91.598,1007.49
2025-01-28 01:00:00,1.082,9.636,129.41,329.091,7.191,71.274,990.754
2025-01-28 02:00:00,0.053,9.636,250.0,383.257,6.824,94.31,1018.671
2025-01-28 03:00:00,3.237,9.636,353.553,357.516,7.03,83.832,983.639
2025-01-28 04:00:00,0.561,9.636,433.013,366.333,8.643,75.134,992.826
2025-01-28 05:00:00,1.782,9.636,482.963,325.096,8.335,89.707,997.215
2025-01-28 06:00:00,1.542,9.636,500.0,355.562,7.548,75.571,1007.419
2025-01-28 07:00:00,0.217,9.636,482.963,305.27,5.983,76.314,1019.859
2025-01-28 08:00:00,3.018,9.636,433.013,335.716,6.962,78.274,1010.769
2025-01-28 09:00:00,0.664,9.636,353.553,338.009,7.898,72.228,984.997
2025-01-28 10:00:00,1.058,9.636,250.0,351.833,5.895,81.878,998.532
2025-01-28 11:00:00,1.135,9.636,129.41,348.664,8.587,84.614,989.077
2025-01-28 12:00:00,0.029,9.636,0.0,336.152,8.75,74.616,1017.27
2025-01-28 13:00:00,3.649,9.636,0.0,345.738,7.103,92.748,1005.925
2025-01-28 14:00:00,0.06,9.636,0.0,358.794,4.31,72.89,1008.001
2025-01-28 15:00:00,2.535,9.636,0.0,410.066,6.608,74.978,994.144
2025-01-28 16:00:00,0.81,9.636,0.0,334.164,4.526,90.165,983.913
2025-01-28 17:00:00,1.46,9.636,0.0,336.231,4.824,76.598,997.429
2025-01-28 18:00:00,1.059,9.636,0.0,321.891,5.105,89.966,1003.602
2025-01-28 19:00:00,1.616,9.636,0.0,411.545,6.798,76.696,992.53
2025-01-28 20:00:00,0.473,9.636,0.0,310.756,8.29,86.88,1013.344
2025-01-28 21:00:00,1.917,9.636,0.0,339.064,5.179,84.957,1012.303
2025-01-28 22:00:00,1.282,9.636,0.0,382.998,6.725,83.03,1002.214
2025-01-28 23:00:00,2.029,9.636,0.0,372.866,5.236,80.458,989.815
2025-01-29 00:00:00,3.922,9.787,0.0,333.206,6.496,94.857,982.153
2025-01-29 01:00:00,0.622,9.787,129.41,333.418,9.08,94.022,1019.671
2025-01-29 02:00:00,2.61,9.787,250.0,382.313,8.374,89.811,993.58
2025-01-29 03:00:00,0.086,9.787,353.553,378.31,8.295,86.368,990.176
2025-01-29 04:00:00,0.34,9.787,433.013,300.803,5.467,88.644,984.163
2025-01-29 05:00:00,0.265,9.787,482.963,311.978,8.286,73.843,995.065
2025-01-29 06:00:00,2.639,9.787,500.0,300.039,7.073,86.176,980.37
2025-01-29 07:00:00,0.83,9.787,482.963,405.63,4.14,80.964,993.653
2025-01-29 08:00:00,0.782,9.787,433.013,356.432,5.638,77.159,999.627
2025-01-29 09:00:00,0.294,9.787,353.553,330.524,6.595,87.199,982.509
2025-01-29 10:00:00,0.208,9.787,250.0,300.525,9.421,71.274,1019.455
2025-01-29 11:00:00,3.294,9.787,129.41,360.575,4.163,89.848,981.545
2025-01-29 12:00:00,0.264,9.787,0.0,413.321,7.722,72.796,1007.444
2025-01-29 13:00:00,3.521,9.787,0.0,372.373,6.668,86.113,1018.194
2025-01-29 14:00:00,0.765,9.787,0.0,383.718,9.241,71.56,1019.972
2025-01-29 15:00:00,1.263,9.787,0.0,344.981,7.045,93.06,1003.893
2025-01-29 16:00:00,1.588,9.787,0.0,391.608,8.796,92.192,999.984
2025-01-29 17:00:00,1.395,9.787,0.0,410.511,8.856,92.908,1014.085
2025-01-29 18:00:00,0.163,9.787,0.0,353.185,5.697,73.982,1001.307
2025-01-29 19:00:00,0.942,9.787,0.0,300.888,8.702,79.752,988.664
2025-01-29 20:00:00,2.682,9.787,0.0,328.377,9.361,87.986,1018.028
2025-01-29 21:00:00,1.461,9.787,0.0,416.81,9.056,78.845,999.34
2025-01-29 22:00:00,1.512,9.787,0.0,382.852,8.13,87.825,1009.591
2025-01-29 23:00:00,3.946,9.787,0.0,328.398,6.656,71.463,984.74
2025-01-30 00:00:00,0.931,9.938,0.0,349.965,7.8,94.687,987.785
2025-01-30 01:00:00,3.003,9.938,129.41,319.623,9.344,73.512,1012.434
2025-01-30 02:00:00,1.667,9.938,250.0,334.39,6.422,72.583,1013.6
2025-01-30 03:00:00,0.259,9.938,353.553,310.115,6.112,87.286,1018.385
2025-01-30 04:00:00,0.372,9.938,433.013,337.606,5.057,72.969,1013.946
2025-01-30 05:00:00,6.394,9.938,482.963,370.837,9.306,88.912,982.688
2025-01-30 06:00:00,0.753,9.938,500.0,352.239,4.713,88.217,993.607
2025-01-30 07:00:00,0.607,9.938,482.963,390.365,4.512,77.713,999.664
2025-01-30 08:00:00,1.515,9.938,433.013,418.22,4.18,72.586,993.784
2025-01-30 09:00:00,0.173,9.938,353.553,332.307,7.403,81.504,999.891
2025-01-30 10:00:00,3.039,9.938,250.0,332.981,8.616,81.948,1004.006
2025-01-30 11:00:00,0.22,9.938,129.41,302.723,8.149,79.572,997.152
2025-01-30 12:00:00,0.681,9.938,0.0,409.136,5.316,94.583,1012.419
2025-01-30 13:00:00,1.772,9.938,0.0,376.481,7.649,86.092,1007.914
2025-01-30 14:00:00,1.588,9.938,0.0,383.2,6.233,77.629,980.274
2025-01-30 15:00:00,1.114,9.938,0.0,416.351,8.016,74.081,1018.332
2025-01-30 16:00:00,1.822,9.938,0.0,408.82,4.643,80.929,1013.546
2025-01-30 17:00:00,2.035,9.938,0.0,412.457,8.457,91.156,1011.686
2025-01-30 18:00:00,0.204,9.938,0.0,390.589,6.777,91.648,982.51
2025-01-30 19:00:00,2.524,9.938,0.0,304.759,9.159,91.355,985.446
2025-01-30 20:00:00,2.74,9.938,0.0,366.991,7.798,78.725,998.925
2025-01-30 21:00:00,2.499,9.938,0.0,412.699,4.354,82.873,984.491
2025-01-30 22:00:00,0.524,9.938,0.0,340.879,9.191,79.441,989.897
2025-01-30 23:00:00,1.006,9.938,0.0,381.898,8.1,74.585,1007.539
2025-01-31 00:00:00,0.411,10.087,0.0,402.928,5.77,87.451,992.879
2025-01-31 01:00:00,1.709,10.087,129.41,393.604,8.702,74.125,993.776
2025-01-31 02:00:00,1.199,10.087,250.0,339.236,4.682,70.169,997.199
2025-01-31 03:00:00,2.7,10.087,353.553,316.965,6.427,70.133,1007.442
2025-01-31 04:00:00,1.522,10.087,433.013,404.05,4.249,92.473,984.296
2025-01-31 05:00:00,1.822,10.087,482.963,386.177,8.514,87.109,1016.684
2025-01-31 06:00:00,3.646,10.087,500.0,398.309,5.696,80.483,1014.176
2025-01-31 07:00:00,1.263,10.087,482.963,417.527,6.506,85.335,987.81
2025-01-31 08:00:00,0.294,10.087,433.013,349.631,8.556,77.493,988.716
2025-01-31 09:00:00,0.173,10.087,353.553,377.44,5.177,75.469,982.855
2025-01-31 10:00:00,0.321,10.087,250.0,364.541,9.348,93.947,1012.027
2025-01-31 11:00:00,1.932,10.087,129.41,405.613,6.104,84.534,983.521
2025-01-31 12:00:00,4.212,10.087,0.0,321.814,5.146,87.437,1017.649
2025-01-31 13:00:00,0.508,10.087,0.0,314.432,9.177,85.4,1015.564
2025-01-31 14:00:00,0.832,10.087,0.0,359.317,6.796,85.115,992.787
2025-01-31 15:00:00,1.005,10.087,0.0,382.016,9.501,70.489,980.41
2025-01-31 16:00:00,0.75,10.087,0.0,303.096,5.715,72.108,1018.966
2025-01-31 17:00:00,1.665,10.087,0.0,303.902,4.646,85.169,982.249
2025-01-31 18:00:00,2.989,10.087,0.0,384.613,6.257,72.122,1018.302
2025-01-31 19:00:00,0.865,10.087,0.0,396.077,6.614,77.658,1016.815
2025-01-31 20:00:00,1.439,10.087,0.0,387.014,5.049,77.179,989.943
2025-01-31 21:00:00,0.741,10.087,0.0,383.596,9.707,82.341,981.426
2025-01-31 22:00:00,0.703,10.087,0.0,415.124,7.171,72.721,993.143
2025-01-31 23:00:00,0.279,10.087,0.0,387.632,9.831,79.089,987.235
2025-02-01 00:00:00,1.748,10.234,0.0,388.953,9.978,88.351,994.15
2025-02-01 01:00:00,0.619,10.234,129.41,419.719,9.935,75.675,987.845
2025-02-01 02:00:00,1.375,10.234,250.0,413.293,6.832,91.858,1019.792
2025-02-01 03:00:00,2.04,10.234,353.553,368.473,7.214,87.607,996.455
2025-02-01 04:00:00,0.146,10.234,433.013,361.548,5.139,94.646,1019.471
2025-02-01 05:00:00,0.696,10.234,482.963,321.925,7.604,92.377,1014.989
2025-02-01 06:00:00,2.027,10.234,500.0,318.265,8.384,70.8,1009.747
2025-02-01 07:00:00,2.86,10.234,482.963,367.412,4.416,90.957,1018.739
2025-02-01 08:00:00,1.792,10.234,433.013,343.359,5.509,93.892,1018.192
2025-02-01 09:00:00,0.642,10.234,353.553,390.989,7.731,75.571,1007.923
2025-02-01 10:00:00,1.014,10.234,250.0,321.654,9.084,76.597,997.517
2025-02-01 11:00:00,1.682,10.234,129.41,386.0,4.277,92.632,994.732
2025-02-01 12:00:00,0.112,10.234,0.0,328.52,4.405,91.162,999.676
2025-02-01 13:00:00,2.586,10.234,0.0,408.57,6.618,81.187,1000.851
2025-02-01 14:00:00,0.24,10.234,0.0,411.225,5.597,94.674,1018.184
2025-02-01 15:00:00,1.984,10.234,0.0,303.45,5.094,84.156,988.903
2025-02-01 16:00:00,4.154,10.234,0.0,386.015,4.757,92.485,1012.089
2025-02-01 17:00:00,1.012,10.234,0.0,419.475,8.135,91.195,1006.868
2025-02-01 18:00:00,1.032,10.234,0.0,310.916,5.712,89.419,986.486
2025-02-01 19:00:00,2.926,10.234,0.0,416.236,5.811,91.855,994.762
2025-02-01 20:00:00,0.691,10.234,0.0,351.585,8.625,82.955,1009.539
2025-02-01 21:00:00,1.062,10.234,0.0,378.269,8.513,80.042,987.805
2025-02-01 22:00:00,0.784,10.234,0.0,419.123,8.236,86.001,1014.291
2025-02-01 23:00:00,0.595,10.234,0.0,370.803,4.684,94.729,999.585
2025-02-02 00:00:00,1.987,10.38,0.0,393.634,8.179,77.501,1017.226
2025-02-02 01:00:00,2.664,10.38,129.41,414.128,8.16,93.78,991.453
2025-02-02 02:00:00,1.948,10.38,250.0,330.668,7.644,71.775,1019.734
2025-02-02 03:00:00,2.367,10.38,353.553,337.025,6.092,83.888,983.017
2025-02-02 04:00:00,0.502,10.38,433.013,415.116,7.429,74.1,984.338
2025-02-02 05:00:00,0.438,10.38,482.963,321.614,6.15,89.302,982.161
2025-02-02 06:00:00,0.534,10.38,500.0,339.657,4.616,94.764,1016.607
2025-02-02 07:00:00,1.667,10.38,482.963,338.786,8.839,93.793,993.378
2025-02-02 08:00:00,0.274,10.38,433.013,337.99,6.22,86.857,1012.813
2025-02-02 09:00:00,0.657,10.38,353.553,395.58,9.922,81.93,989.123
2025-02-02 10:00:00,1.068,10.38,250.0,340.265,6.275,78.599,1007.93
2025-02-02 11:00:00,1.545,10.38,129.41,376.727,9.043,79.799,997.281
2025-02-02 12:00:00,0.889,10.38,0.0,380.772,5.012,89.395,982.59
2025-02-02 13:00:00,4.932,10.38,0.0,310.89,4.785,86.748,982.049
2025-02-02 14:00:00,1.135,10.38,0.0,331.982,8.427,77.313,1019.848
2025-02-02 15:00:00,0.617,10.38,0.0,313.783,8.396,93.992,996.931
2025-02-02 16:00:00,2.415,10.38,0.0,357.622,9.099,75.142,1013.982
2025-02-02 17:00:00,1.35,10.38,0.0,403.805,4.127,94.2,990.082
2025-02-02 18:00:00,2.12,10.38,0.0,395.613,7.616,92.266,1017.239
2025-02-02 19:00:00,0.447,10.38,0.0,376.923,7.013,74.089,1019.715
2025-02-02 20:00:00,0.718,10.38,0.0,409.514,7.226,73.259,988.66
2025-02-02 21:00:00,0.282,10.38,0.0,394.563,7.142,84.697,1000.342
2025-02-02 22:00:00,2.097,10.38,0.0,419.947,5.247,78.883,1015.46
2025-02-02 23:00:00,1.41,10.38,0.0,352.622,8.078,88.754,991.705
2025-02-03 00:00:00,1.535,10.524,0.0,384.114,5.419,90.33,1004.069
2025-02-03 01:00:00,1.317,10.524,129.41,383.833,6.131,71.536,983.4
2025-02-03 02:00:00,2.373,10.524,250.0,337.684,6.197,86.733,1015.067
2025-02-03 03:00:00,3.568,10.524,353.553,340.782,5.607,84.593,999.441
2025-02-03 04:00:00,3.749,10.524,433.013,393.952,8.971,71.601,995.601
2025-02-03 05:00:00,1.566,10.524,482.963,414.593,8.59,77.586,1008.575
2025-02-03 06:00:00,1.272,10.524,500.0,415.378,8.677,70.431,1002.618
2025-02-03 07:00:00,2.219,10.524,482.963,364.377,8.011,85.379,1008.202
2025-02-03 08:00:00,0.137,10.524,433.013,387.205,8.483,88.507,1014.708
2025-02-03 09:00:00,0.115,10.524,353.553,317.146,7.333,71.505,983.922
2025-02-03 10:00:00,0.69,10.524,250.0,385.573,8.204,73.994,985.642
2025-02-03 11:00:00,2.746,10.524,129.41,322.081,6.338,90.751,985.733
2025-02-03 12:00:00,2.401,10.524,0.0,389.593,9.828,82.846,1018.631
2025-02-03 13:00:00,0.866,10.524,0.0,354.098,6.216,75.813,1010.496
2025-02-03 14:00:00,0.203,10.524,0.0,413.092,8.121,88.827,1001.713
2025-02-03 15:00:00,0.461,10.524,0.0,373.614,8.186,91.93,989.804
2025-02-03 16:00:00,0.869,10.524,0.0,399.111,5.745,80.422,1018.526
2025-02-03 17:00:00,3.614,10.524,0.0,383.216,7.645,93.774,1015.901
2025-02-03 18:00:00,1.332,10.524,0.0,358.184,5.626,89.774,983.798
2025-02-03 19:00:00,1.272,10.524,0.0,416.491,5.549,70.751,984.911
2025-02-03 20:00:00,0.646,10.524,0.0,311.702,6.455,79.461,1019.513
2025-02-03 21:00:00,2.057,10.524,0.0,317.322,9.334,85.403,1012.68
2025-02-03 22:00:00,0.935,10.524,0.0,394.202,9.931,71.093,996.65
2025-02-03 23:00:00,0.9,10.524,0.0,365.36,8.663,74.419,999.757
2025-02-04 00:00:00,1.61,10.667,0.0,303.073,8.783,92.122,1004.421
2025-02-04 01:00:00,1.422,10.667,129.41,375.136,7.348,85.734,998.876
2025-02-04 02:00:00,1.189,10.667,250.0,330.26,5.473,79.161,998.965
2025-02-04 03:00:00,0.508,10.667,353.553,335.019,7.931,78.78,997.937
2025-02-04 04:00:00,1.185,10.667,433.013,335.749,7.61,85.521,998.097
2025-02-04 05:00:00,0.414,10.667,482.963,375.08,8.638,85.94,985.039
2025-02-04 06:00:00,0.82,10.667,500.0,362.664,9.049,92.339,1016.818
2025-02-04 07:00:00,1.793,10.667,482.963,400.538,5.904,77.99,1019.292
2025-02-04 08:00:00,1.49,10.667,433.013,408.442,5.903,94.248,1012.443
2025-02-04 09:00:00,0.903,10.667,353.553,312.478,9.762,78.735,984.518
2025-02-04 10:00:00,1.638,10.667,250.0,399.327,9.463,90.892,1005.927
2025-02-04 11:00:00,0.179,10.667,129.41,397.812,9.333,78.882,1005.461
2025-02-04 12:00:00,1.365,10.667,0.0,390.742,6.866,75.245,985.499
2025-02-04 13:00:00,0.278,10.667,0.0,347.522,4.49,70.59,1019.783
2025-02-04 14:00:00,0.791,10.667,0.0,325.986,7.33,78.281,1003.091
2025-02-04 15:00:00,0.191,10.667,0.0,313.725,4.856,80.821,1015.718
2025-02-04 16:00:00,1.937,10.667,0.0,417.747,6.523,90.549,1008.276
2025-02-04 17:00:00,0.584,10.667,0.0,409.509,9.881,76.419,1016.378
2025-02-04 18:00:00,1.42,10.667,0.0,363.503,6.591,70.729,997.933
2025-02-04 19:00:00,0.332,10.667,0.0,313.745,5.619,70.186,1008.483
2025-02-04 20:00:00,1.959,10.667,0.0,382.131,6.698,90.505,1007.271
2025-02-04 21:00:00,0.429,10.667,0.0,380.978,9.246,74.21,1003.178
2025-02-04 22:00:00,0.668,10.667,0.0,354.652,7.119,76.573,1017.279
2025-02-04 23:00:00,0.45,10.667,0.0,358.903,7.1,86.247,994.542
2025-02-05 00:00:00,1.264,10.808,0.0,329.681,7.714,76.345,1009.262
2025-02-05 01:00:00,0.014,10.808,129.41,402.566,5.126,87.33,998.461
2025-02-05 02:00:00,0.369,10.808,250.0,401.307,5.116,76.973,1003.458
2025-02-05 03:00:00,1.764,10.808,353.553,316.479,6.708,75.797,989.06
2025-02-05 04:00:00,1.851,10.808,433.013,397.554,9.526,87.248,1000.564
2025-02-05 05:00:00,2.309,10.808,482.963,348.59,7.913,76.996,1008.138
2025-02-05 06:00:00,0.271,10.808,500.0,348.59,4.836,87.085,1011.468
2025-02-05 07:00:00,0.15,10.808,482.963,327.298,7.975,70.066,1002.962
2025-02-05 08:00:00,2.212,10.808,433.013,395.429,5.553,81.199,991.884
2025-02-05 09:00:00,0.986,10.808,353.553,314.934,7.576,80.013,1016.517
2025-02-05 10:00:00,0.604,10.808,250.0,381.053,5.539,90.524,1014.024
2025-02-05 11:00:00,0.528,10.808,129.41,415.907,4.287,71.114,1006.376
2025-02-05 12:00:00,0.374,10.808,0.0,390.601,6.005,74.955,987.27
2025-02-05 13:00:00,0.573,10.808,0.0,308.87,6.936,81.227,1009.085
2025-02-05 14:00:00,0.991,10.808,0.0,378.436,8.037,89.943,1004.52
2025-02-05 15:00:00,1.072,10.808,0.0,348.181,8.416,77.919,996.371
2025-02-05 16:00:00,0.71,10.808,0.0,308.349,6.445,85.915,1016.798
2025-02-05 17:00:00,0.789,10.808,0.0,335.311,4.998,82.066,983.886
2025-02-05 18:00:00,0.338,10.808,0.0,373.834,9.332,91.252,1019.036
2025-02-05 19:00:00,1.021,10.808,0.0,348.076,4.334,92.241,1007.691
2025-02-05 20:00:00,0.503,10.808,0.0,366.127,4.745,92.236,997.814
2025-02-05 21:00:00,0.271,10.808,0.0,408.549,4.687,76.1,981.375
2025-02-05 22:00:00,5.416,10.808,0.0,376.752,4.437,87.535,980.64
2025-02-05 23:00:00,0.561,10.808,0.0,412.554,6.369,74.459,1006.404
2025-02-06 00:00:00,0.241,10.947,0.0,301.109,4.826,89.299,1002.909
2025-02-06 01:00:00,2.672,10.947,129.41,358.267,6.386,93.81,1006.702
2025-02-06 02:00:00,1.143,10.947,250.0,397.188,4.441,71.492,985.755
2025-02-06 03:00:00,1.085,10.947,353.553,380.093,4.884,79.623,1006.237
2025-02-06 04:00:00,3.329,10.947,433.013,344.377,5.207,81.221,985.606
2025-02-06 05:00:00,2.015,10.947,482.963,401.514,7.752,71.108,987.927
2025-02-06 06:00:00,0.619,10.947,500.0,318.944,8.16,72.252,1010.483
2025-02-06 07:00:00,1.06,10.947,482.963,375.666,8.411,81.643,1005.573
2025-02-06 08:00:00,2.853,10.947,433.013,300.761,5.143,75.464,1001.258
2025-02-06 09:00:00,0.581,10.947,353.553,384.744,5.21,93.551,987.965
2025-02-06 10:00:00,0.721,10.947,250.0,400.013,6.111,94.32,999.479
2025-02-06 11:00:00,2.445,10.947,129.41,314.048,7.95,89.26,1007.765
2025-02-06 12:00:00,1.535,10.947,0.0,399.466,5.783,80.944,990.275
2025-02-06 13:00:00,2.354,10.947,0.0,411.328,8.644,86.64,986.707
2025-02-06 14:00:00,1.164,10.947,0.0,334.938,8.936,79.408,981.998
2025-02-06 15:00:00,1.13,10.947,0.0,306.765,8.724,84.619,981.641
2025-02-06 16:00:00,1.928,10.947,0.0,376.611,8.215,85.035,984.796
2025-02-06 17:00:00,0.281,10.947,0.0,355.286,4.006,75.701,985.113
2025-02-06 18:00:00,1.623,10.947,0.0,352.751,8.429,83.261,1011.636
2025-02-06 19:00:00,1.378,10.947,0.0,331.776,5.475,88.665,989.972
2025-02-06 20:00:00,0.018,10.947,0.0,339.222,8.275,80.374,1012.338
2025-02-06 21:00:00,1.519,10.947,0.0,378.139,9.704,94.634,987.765
2025-02-06 22:00:00,3.258,10.947,0.0,370.282,7.5,77.892,988.069
2025-02-06 23:00:00,2.249,10.947,0.0,341.734,7.341,80.932,989.019
2025-02-07 00:00:00,0.054,11.085,0.0,320.835,5.106,83.096,990.154
2025-02-07 01:00:00,1.002,11.085,129.41,339.83,6.775,78.062,996.578
2025-02-07 02:00:00,2.741,11.085,250.0,376.358,9.252,79.261,982.228
2025-02-07 03:00:00,0.701,11.085,353.553,377.567,9.987,73.437,1015.218
2025-02-07 04:00:00,1.901,11.085,433.013,335.651,4.036,83.751,990.657
2025-02-07 05:00:00,2.479,11.085,482.963,403.793,4.5,93.537,993.184
2025-02-07 06:00:00,1.265,11.085,500.0,383.734,8.981,91.956,1009.903
2025-02-07 07:00:00,0.623,11.085,482.963,370.167,5.685,94.406,992.585
2025-02-07 08:00:00,0.416,11.085,433.013,417.35,7.621,82.527,1009.571
2025-02-07 09:00:00,4.856,11.085,353.553,337.143,6.472,76.553,987.155
2025-02-07 10:00:00,0.648,11.085,250.0,388.339,5.047,77.086,987.508
2025-02-07 11:00:00,0.119,11.085,129.41,363.568,9.837,75.221,999.278
2025-02-07 12:00:00,0.824,11.085,0.0,364.86,9.942,85.356,995.04
2025-02-07 13:00:00,3.325,11.085,0.0,314.579,6.804,76.962,1011.332
2025-02-07 14:00:00,4.57,11.085,0.0,398.222,8.514,82.212,988.849
2025-02-07 15:00:00,4.143,11.085,0.0,330.205,9.93,79.197,982.75
2025-02-07 16:00:00,1.095,11.085,0.0,316.387,8.162,90.919,1000.945
2025-02-07 17:00:00,0.805,11.085,0.0,317.687,7.837,73.08,996.735
2025-02-07 18:00:00,0.912,11.085,0.0,366.711,8.395,94.089,990.667
2025-02-07 19:00:00,0.467,11.085,0.0,407.307,7.888,93.292,1013.937
2025-02-07 20:00:00,0.4,11.085,0.0,346.815,6.718,92.768,996.935
2025-02-07 21:00:00,0.151,11.085,0.0,316.293,4.85,77.385,991.343
2025-02-07 22:00:00,2.499,11.085,0.0,372.919,7.732,79.055,988.499
2025-02-07 23:00:00,1.805,11.085,0.0,367.974,7.841,86.497,1018.852
2025-02-08 00:00:00,1.719,11.22,0.0,327.633,6.776,91.377,1019.236
2025-02-08 01:00:00,0.927,11.22,129.41,343.836,4.058,80.929,993.323
2025-02-08 02:00:00,0.585,11.22,250.0,372.248,8.79,80.416,1000.174
2025-02-08 03:00:00,0.864,11.22,353.553,343.544,7.032,84.513,990.645
2025-02-08 04:00:00,1.788,11.22,433.013,342.777,4.656,84.39,980.886
2025-02-08 05:00:00,1.519,11.22,482.963,369.329,5.656,93.841,1008.554
2025-02-08 06:00:00,1.844,11.22,500.0,300.971,6.808,76.208,983.089
2025-02-08 07:00:00,0.902,11.22,482.963,361.879,6.628,87.703,999.983
2025-02-08 08:00:00,1.595,11.22,433.013,405.109,8.522,91.827,996.984
2025-02-08 09:00:00,1.406,11.22,353.553,319.943,7.678,89.197,1001.429
2025-02-08 10:00:00,0.45,11.22,250.0,317.934,7.643,80.552,1018.665
2025-02-08 11:00:00,2.715,11.22,129.41,411.681,6.329,75.142,1000.457
2025-02-08 12:00:00,1.118,11.22,0.0,339.723,7.97,72.295,999.265
2025-02-08 13:00:00,1.143,11.22,0.0,409.765,9.366,84.49,990.515
2025-02-08 14:00:00,0.537,11.22,0.0,414.491,7.935,73.829,997.959
2025-02-08 15:00:00,0.892,11.22,0.0,309.35,6.918,71.867,1006.223
2025-02-08 16:00:00,1.347,11.22,0.0,415.23,6.309,70.879,988.196
2025-02-08 17:00:00,1.116,11.22,0.0,340.235,5.384,85.688,981.005
2025-02-08 18:00:00,1.839,11.22,0.0,336.456,9.797,86.477,1014.895
2025-02-08 19:00:00,1.641,11.22,0.0,314.946,7.016,77.056,991.567
2025-02-08 20:00:00,2.269,11.22,0.0,313.654,4.81,94.068,999.697
2025-02-08 21:00:00,1.429,11.22,0.0,411.004,8.183,93.075,1015.815
2025-02-08 22:00:00,1.474,11.22,0.0,309.026,5.683,82.718,989.097
2025-02-08 23:00:00,1.363,11.22,0.0,414.747,7.442,73.965,981.462
2025-02-09 00:00:00,4.154,11.354,0.0,418.196,7.667,91.045,1004.513
2025-02-09 01:00:00,0.72,11.354,129.41,333.363,7.622,83.679,981.43
2025-02-09 02:00:00,1.062,11.354,250.0,337.69,9.064,80.804,987.286
2025-02-09 03:00:00,1.7,11.354,353.553,392.242,8.584,75.16,1012.575
2025-02-09 04:00:00,1.456,11.354,433.013,334.412,5.72,83.667,982.8
2025-02-09 05:00:00,2.582,11.354,482.963,367.476,7.363,74.438,1001.273
2025-02-09 06:00:00,0.248,11.354,500.0,335.182,6.489,78.085,1011.238
2025-02-09 07:00:00,0.921,11.354,482.963,310.401,8.911,85.233,998.357
2025-02-09 08:00:00,1.867,11.354,433.013,333.195,9.278,86.613,1004.661
2025-02-09 09:00:00,0.365,11.354,353.553,333.685,5.868,82.519,990.087
2025-02-09 10:00:00,3.195,11.354,250.0,310.331,7.388,77.13,990.21
2025-02-09 11:00:00,1.141,11.354,129.41,400.08,6.118,81.227,999.626
2025-02-09 12:00:00,2.006,11.354,0.0,416.729,5.09,83.968,1001.781
2025-02-09 13:00:00,2.198,11.354,0.0,341.16,5.224,85.077,1012.1
2025-02-09 14:00:00,0.907,11.354,0.0,361.001,5.901,84.135,985.67
2025-02-09 15:00:00,1.909,11.354,0.0,389.147,4.723,73.301,1011.488
2025-02-09 16:00:00,0.646,11.354,0.0,304.805,6.292,71.383,991.175
2025-02-09 17:00:00,1.375,11.354,0.0,371.5,5.809,94.175,1013.849
2025-02-09 18:00:00,1.788,11.354,0.0,320.077,8.096,75.503,1019.033
2025-02-09 19:00:00,1.929,11.354,0.0,306.218,9.829,88.802,1018.384
2025-02-09 20:00:00,2.28,11.354,0.0,324.727,6.788,73.944,990.208
2025-02-09 21:00:00,2.886,11.354,0.0,396.846,9.878,85.735,984.855
2025-02-09 22:00:00,1.008,11.354,0.0,326.616,8.857,83.855,980.595
2025-02-09 23:00:00,1.613,11.354,0.0,392.739,8.656,85.205,991.401
2025-02-10 00:00:00,3.161,11.486,0.0,356.389,8.855,72.182,984.317
2025-02-10 01:00:00,0.872,11.486,129.41,344.896,4.924,71.856,1006.209
2025-02-10 02:00:00,2.211,11.486,250.0,336.898,5.533,87.164,1015.042
2025-02-10 03:00:00,2.36,11.486,353.553,384.774,5.887,88.516,997.707
2025-02-10 04:00:00,2.286,11.486,433.013,410.141,5.556,86.941,1012.546
2025-02-10 05:00:00,2.004,11.486,482.963,386.862,9.838,71.087,994.483
2025-02-10 06:00:00,4.081,11.486,500.0,334.379,7.513,77.56,998.271
2025-02-10 07:00:00,0.651,11.486,482.963,331.138,6.107,73.707,1014.231
2025-02-10 08:00:00,1.853,11.486,433.013,407.92,4.431,86.962,1001.347
2025-02-10 09:00:00,0.614,11.486,353.553,314.371,8.246,89.842,1002.628
2025-02-10 10:00:00,1.099,11.486,250.0,376.455,9.433,72.02,1006.161
2025-02-10 11:00:00,1.396,11.486,129.41,408.36,4.224,77.406,985.685
2025-02-10 12:00:00,0.079,11.486,0.0,401.685,8.126,70.261,989.194
2025-02-10 13:00:00,0.546,11.486,0.0,300.177,9.257,73.573,999.355
2025-02-10 14:00:00,1.132,11.486,0.0,353.462,5.001,82.737,1019.554
2025-02-10 15:00:00,3.597,11.486,0.0,305.38,9.779,89.901,1003.624
2025-02-10 16:00:00,0.855,11.486,0.0,352.165,9.231,80.002,1006.72
2025-02-10 17:00:00,0.785,11.486,0.0,323.21,5.424,86.26,993.677
2025-02-10 18:00:00,3.275,11.486,0.0,384.897,8.271,89.332,981.649
2025-02-10 19:00:00,0.845,11.486,0.0,346.478,9.479,89.68,1011.303
2025-02-10 20:00:00,1.314,11.486,0.0,356.527,5.056,77.26,999.4
2025-02-10 21:00:00,1.002,11.486,0.0,355.351,4.102,71.877,990.544
2025-02-10 22:00:00,0.201,11.486,0.0,324.098,5.465,79.336,984.504
2025-02-10 23:00:00,1.202,11.486,0.0,346.151,9.466,92.013,1016.249
2025-02-11 00:00:00,2.208,11.616,0.0,400.181,9.498,73.969,997.479
2025-02-11 01:00:00,0.496,11.616,129.41,306.969,5.021,70.527,1017.218
2025-02-11 02:00:00,1.454,11.616,250.0,306.102,5.667,75.908,986.01
2025-02-11 03:00:00,0.594,11.616,353.553,410.118,6.135,70.252,1015.372
2025-02-11 04:00:00,1.504,11.616,433.013,401.048,5.524,78.198,999.312
2025-02-11 05:00:00,1.079,11.616,482.963,310.264,8.523,86.326,1015.314
2025-02-11 06:00:00,2.208,11.616,500.0,397.178,8.686,84.036,991.806
2025-02-11 07:00:00,1.118,11.616,482.963,367.722,9.352,92.844,992.886
2025-02-11 08:00:00,6.229,11.616,433.013,381.678,9.073,87.644,1010.201
2025-02-11 09:00:00,1.15,11.616,353.553,339.998,7.511,93.895,1018.879
2025-02-11 10:00:00,0.316,11.616,250.0,358.032,6.609,72.09,980.452
2025-02-11 11:00:00,0.556,11.616,129.41,397.243,8.758,93.669,1007.749
2025-02-11 12:00:00,0.085,11.616,0.0,335.288,8.685,85.308,983.383
2025-02-11 13:00:00,0.528,11.616,0.0,400.831,7.865,83.904,1019.284
2025-02-11 14:00:00,2.693,11.616,0.0,404.767,4.894,93.185,1015.851
2025-02-11 15:00:00,0.628,11.616,0.0,398.513,6.731,94.938,1005.258
2025-02-11 16:00:00,0.31,11.616,0.0,398.59,8.069,87.834,986.323
2025-02-11 17:00:00,0.295,11.616,0.0,326.604,9.532,72.778,1005.475
2025-02-11 18:00:00,1.046,11.616,0.0,416.664,6.499,79.884,1017.235
2025-02-11 19:00:00,8.553,11.616,0.0,369.133,6.845,89.19,1009.765
2025-02-11 20:00:00,1.472,11.616,0.0,380.921,9.831,83.453,991.465
2025-02-11 21:00:00,1.063,11.616,0.0,362.062,7.379,82.935,1019.085
2025-02-11 22:00:00,1.271,11.616,0.0,351.682,8.405,83.169,997.706
2025-02-11 23:00:00,1.534,11.616,0.0,323.753,9.825,74.895,993.72
2025-02-12 00:00:00,2.054,11.744,0.0,372.546,5.918,84.065,999.106
2025-02-12 01:00:00,1.708,11.744,129.41,414.801,6.658,71.201,1000.102
2025-02-12 02:00:00,1.779,11.744,250.0,415.303,8.176,72.34,992.644
2025-02-12 03:00:00,0.098,11.744,353.553,359.098,7.943,89.435,1016.688
2025-02-12 04:00:00,2.496,11.744,433.013,362.634,7.525,89.579,980.504
2025-02-12 05:00:00,0.886,11.744,482.963,350.63,9.22,73.337,998.702
2025-02-12 06:00:00,1.781,11.744,500.0,364.874,8.666,94.695,1011.605
2025-02-12 07:00:00,3.672,11.744,482.963,382.916,5.556,72.174,1010.324
2025-02-12 08:00:00,1.235,11.744,433.013,402.825,8.873,92.68,995.587
2025-02-12 09:00:00,1.062,11.744,353.553,417.298,5.896,75.684,982.764
2025-02-12 10:00:00,1.822,11.744,250.0,355.129,6.392,77.458,985.704
2025-02-12 11:00:00,1.399,11.744,129.41,352.899,8.389,85.795,1019.154
2025-02-12 12:00:00,1.682,11.744,0.0,331.954,6.42,70.29,987.647
2025-02-12 13:00:00,1.315,11.744,0.0,344.838,6.312,91.37,1019.243
2025-02-12 14:00:00,0.451,11.744,0.0,355.168,8.66,91.503,999.093
2025-02-12 15:00:00,0.539,11.744,0.0,373.322,6.238,77.541,1004.405
2025-02-12 16:00:00,0.877,11.744,0.0,328.954,7.448,88.025,996.674
2025-02-12 17:00:00,1.339,11.744,0.0,401.07,6.138,79.593,984.632
2025-02-12 18:00:00,0.592,11.744,0.0,380.242,8.616,79.755,981.697
2025-02-12 19:00:00,0.326,11.744,0.0,363.766,4.751,88.848,994.864
2025-02-12 20:00:00,0.04,11.744,0.0,394.091,8.904,73.289,985.913
2025-02-12 21:00:00,3.261,11.744,0.0,391.683,6.97,83.777,999.475
2025-02-12 22:00:00,0.142,11.744,0.0,385.703,8.523,71.363,990.443
2025-02-12 23:00:00,0.914,11.744,0.0,353.999,9.61,92.191,1005.033
2025-02-13 00:00:00,3.306,11.871,0.0,371.853,6.718,81.45,981.107
2025-02-13 01:00:00,0.098,11.871,129.41,404.019,7.637,93.943,983.642
2025-02-13 02:00:00,1.057,11.871,250.0,333.09,5.81,73.996,1017.756
2025-02-13 03:00:00,0.77,11.871,353.553,391.671,5.138,80.834,1012.912
2025-02-13 04:00:00,0.396,11.871,433.013,359.772,7.088,73.984,996.846
2025-02-13 05:00:00,0.132,11.871,482.963,368.997,5.242,84.266,1010.613
2025-02-13 06:00:00,0.089,11.871,500.0,317.321,7.806,81.689,1016.062
2025-02-13 07:00:00,0.326,11.871,482.963,306.158,9.06,75.054,1013.742
2025-02-13 08:00:00,1.687,11.871,433.013,354.038,9.257,80.919,996.928
2025-02-13 09:00:00,0.09,11.871,353.553,411.077,5.742,92.801,1007.051
2025-02-13 10:00:00,3.335,11.871,250.0,401.656,4.816,79.719,991.275
2025-02-13 11:00:00,1.306,11.871,129.41,312.513,7.961,74.996,982.673
2025-02-13 12:00:00,0.814,11.871,0.0,383.168,8.002,72.544,984.936
2025-02-13 13:00:00,0.811,11.871,0.0,328.716,4.313,85.558,1018.24
2025-02-13 14:00:00,1.552,11.871,0.0,317.995,6.217,93.062,994.313
2025-02-13 15:00:00,2.553,11.871,0.0,399.702,9.396,77.982,981.281
2025-02-13 16:00:00,0.374,11.871,0.0,389.293,4.227,86.86,999.368
2025-02-13 17:00:00,0.318,11.871,0.0,361.814,5.259,75.756,993.947
2025-02-13 18:00:00,0.715,11.871,0.0,339.156,5.625,81.76,991.059
2025-02-13 19:00:00,1.257,11.871,0.0,392.975,5.154,85.553,1011.45
2025-02-13 20:00:00,0.388,11.871,0.0,394.943,8.517,74.997,997.85
2025-02-13 21:00:00,1.239,11.871,0.0,417.618,6.665,92.349,1016.535
2025-02-13 22:00:00,3.992,11.871,0.0,319.889,4.579,92.809,1003.47
2025-02-13 23:00:00,0.251,11.871,0.0,348.968,5.539,74.745,999.132
2025-02-14 00:00:00,2.178,11.995,0.0,308.529,5.833,79.65,992.497
2025-02-14 01:00:00,0.232,11.995,129.41,360.916,8.888,87.305,1013.936
2025-02-14 02:00:00,0.855,11.995,250.0,352.376,4.429,73.805,989.94
2025-02-14 03:00:00,1.017,11.995,353.553,402.536,4.781,84.738,1007.888
2025-02-14 04:00:00,1.096,11.995,433.013,393.807,4.643,91.315,1016.264
2025-02-14 05:00:00,0.431,11.995,482.963,403.633,7.585,80.784,1002.587
2025-02-14 06:00:00,1.758,11.995,500.0,379.221,7.749,72.11,1013.779
2025-02-14 07:00:00,0.718,11.995,482.963,310.085,6.448,85.956,993.541
2025-02-14 08:00:00,0.899,11.995,433.013,410.313,7.139,91.791,985.735
2025-02-14 09:00:00,0.713,11.995,353.553,389.813,7.443,73.715,990.149
2025-02-14 10:00:00,2.961,11.995,250.0,355.137,9.11,86.776,985.419
2025-02-14 11:00:00,1.951,11.995,129.41,419.765,8.395,77.605,999.697
2025-02-14 12:00:00,1.53,11.995,0.0,402.309,6.692,72.388,1019.288
2025-02-14 13:00:00,4.926,11.995,0.0,340.626,4.942,72.239,1006.268
2025-02-14 14:00:00,0.608,11.995,0.0,376.51,6.842,88.083,982.618
2025-02-14 15:00:00,0.964,11.995,0.0,336.314,6.854,85.749,1012.058
2025-02-14 16:00:00,0.753,11.995,0.0,326.179,7.454,79.77,996.599
2025-02-14 17:00:00,0.675,11.995,0.0,310.135,5.53,71.836,1019.023
2025-02-14 18:00:00,0.675,11.995,0.0,388.171,9.085,90.724,1019.023
2025-02-14 19:00:00,1.821,11.995,0.0,314.763,9.98,90.642,990.601
2025-02-14 20:00:00,2.806,11.995,0.0,393.806,5.35,77.038,1003.01
2025-02-14 21:00:00,0.66,11.995,0.0,364.635,5.733,91.358,995.101
2025-02-14 22:00:00,0.285,11.995,0.0,374.917,8.793,76.817,986.504
2025-02-14 23:00:00,1.251,11.995,0.0,363.666,6.302,93.235,981.08
2025-02-15 00:00:00,2.966,12.117,0.0,406.583,5.936,72.891,995.732
2025-02-15 01:00:00,3.187,12.117,129.41,363.74,4.471,92.548,1019.278
2025-02-15 02:00:00,0.84,12.117,250.0,317.874,7.15,86.518,998.903
2025-02-15 03:00:00,0.487,12.117,353.553,389.815,7.991,74.359,996.792
2025-02-15 04:00:00,0.731,12.117,433.013,306.057,7.79,93.719,1012.263
2025-02-15 05:00:00,3.06,12.117,482.963,403.571,4.84,78.263,1015.544
2025-02-15 06:00:00,3.229,12.117,500.0,415.28,4.259,86.961,989.256
2025-02-15 07:00:00,0.654,12.117,482.963,396.589,7.716,74.302,980.749
2025-02-15 08:00:00,0.447,12.117,433.013,399.065,5.095,74.909,1016.551
2025-02-15 09:00:00,0.475,12.117,353.553,341.158,9.144,77.176,982.746
2025-02-15 10:00:00,1.436,12.117,250.0,311.185,7.055,77.936,993.532
2025-02-15 11:00:00,0.516,12.117,129.41,332.601,7.45,82.403,1003.954
2025-02-15 12:00:00,1.168,12.117,0.0,350.321,7.413,72.91,980.016
2025-02-15 13:00:00,2.673,12.117,0.0,384.283,4.559,79.584,987.626
2025-02-15 14:00:00,1.744,12.117,0.0,337.059,6.442,84.412,981.446
2025-02-15 15:00:00,1.216,12.117,0.0,329.208,7.966,92.154,996.904
2025-02-15 16:00:00,0.804,12.117,0.0,335.989,5.709,75.292,1012.763
2025-02-15 17:00:00,1.587,12.117,0.0,414.414,9.482,83.32,993.459
2025-02-15 18:00:00,0.283,12.117,0.0,412.957,5.681,94.306,998.943
2025-02-15 19:00:00,1.252,12.117,0.0,397.008,6.341,85.791,1006.419
2025-02-15 20:00:00,0.319,12.117,0.0,344.586,9.992,81.418,1015.288
2025-02-15 21:00:00,2.435,12.117,0.0,380.435,4.483,83.676,1008.788
2025-02-15 22:00:00,1.165,12.117,0.0,342.967,6.347,81.891,1009.603
2025-02-15 23:00:00,0.605,12.117,0.0,359.505,6.673,92.733,1004.946
2025-02-16 00:00:00,1.468,12.236,0.0,416.467,4.294,92.138,987.94
2025-02-16 01:00:00,1.59,12.236,129.41,361.072,9.075,78.491,994.472
2025-02-16 02:00:00,1.693,12.236,250.0,357.643,7.705,92.666,1016.132
2025-02-16 03:00:00,0.304,12.236,353.553,404.46,5.774,77.963,1014.66
2025-02-16 04:00:00,3.782,12.236,433.013,319.241,8.49,78.898,1018.566
2025-02-16 05:00:00,1.108,12.236,482.963,313.183,4.574,85.025,1001.819
2025-02-16 06:00:00,0.835,12.236,500.0,327.868,8.721,88.053,1008.033
2025-02-16 07:00:00,3.126,12.236,482.963,383.58,5.447,73.284,1015.247
2025-02-16 08:00:00,0.293,12.236,433.013,390.419,7.195,84.938,999.937
2025-02-16 09:00:00,0.519,12.236,353.553,354.603,8.846,73.812,996.795
2025-02-16 10:00:00,0.39,12.236,250.0,347.349,4.921,80.362,980.178
2025-02-16 11:00:00,2.809,12.236,129.41,327.141,8.693,71.739,988.461
2025-02-16 12:00:00,1.111,12.236,0.0,407.356,7.172,84.527,1007.122
2025-02-16 13:00:00,2.54,12.236,0.0,327.506,5.672,87.518,1000.472
2025-02-16 14:00:00,3.36,12.236,0.0,378.265,6.824,86.682,997.157
2025-02-16 15:00:00,0.185,12.236,0.0,348.509,7.504,83.999,999.561
2025-02-16 16:00:00,2.321,12.236,0.0,346.168,7.223,93.744,1007.132
2025-02-16 17:00:00,2.858,12.236,0.0,380.185,9.358,89.026,1018.136
2025-02-16 18:00:00,0.761,12.236,0.0,350.357,7.418,75.4,1014.288
2025-02-16 19:00:00,2.111,12.236,0.0,382.184,4.286,81.378,1000.256
2025-02-16 20:00:00,3.701,12.236,0.0,399.985,6.047,76.035,1003.799
2025-02-16 21:00:00,0.767,12.236,0.0,369.101,7.272,84.119,992.817
2025-02-16 22:00:00,1.258,12.236,0.0,372.779,4.773,86.683,1006.217
2025-02-16 23:00:00,1.507,12.236,0.0,330.809,7.554,83.512,988.714
2025-02-17 00:00:00,1.217,12.354,0.0,339.612,4.942,78.764,1013.008
2025-02-17 01:00:00,1.574,12.354,129.41,371.093,5.233,83.287,983.46
2025-02-17 02:00:00,1.74,12.354,250.0,412.668,6.724,81.049,1014.241
2025-02-17 03:00:00,1.473,12.354,353.553,306.484,4.756,84.821,998.399
2025-02-17 04:00:00,0.375,12.354,433.013,393.386,8.837,91.811,1010.662
2025-02-17 05:00:00,0.444,12.354,482.963,330.325,7.902,86.081,999.6
2025-02-17 06:00:00,0.137,12.354,500.0,330.713,7.142,91.39,1011.669
2025-02-17 07:00:00,0.392,12.354,482.963,328.102,4.755,78.169,1002.062
2025-02-17 08:00:00,1.098,12.354,433.013,393.842,8.505,71.306,1012.824
2025-02-17 09:00:00,2.37,12.354,353.553,412.015,8.071,80.547,1003.664
2025-02-17 10:00:00,0.909,12.354,250.0,339.282,6.154,87.877,1001.698
2025-02-17 11:00:00,5.78,12.354,129.41,319.652,5.326,89.514,1017.381
2025-02-17 12:00:00,0.544,12.354,0.0,301.672,9.961,73.459,1014.094
2025-02-17 13:00:00,0.41,12.354,0.0,330.249,9.121,79.908,1005.369
2025-02-17 14:00:00,1.696,12.354,0.0,300.728,5.063,94.875,1013.997
2025-02-17 15:00:00,2.592,12.354,0.0,361.72,6.947,94.581,997.042
2025-02-17 16:00:00,0.124,12.354,0.0,384.741,8.126,74.08,1005.171
2025-02-17 17:00:00,1.703,12.354,0.0,346.239,4.114,89.981,1014.573
2025-02-17 18:00:00,0.287,12.354,0.0,419.799,4.771,84.809,1012.494
2025-02-17 19:00:00,4.381,12.354,0.0,396.791,4.661,75.778,1000.908
2025-02-17 20:00:00,3.091,12.354,0.0,370.395,7.163,93.596,1009.082
2025-02-17 21:00:00,0.333,12.354,0.0,378.371,6.78,73.111,989.229
2025-02-17 22:00:00,2.624,12.354,0.0,331.398,8.038,78.708,990.417
2025-02-17 23:00:00,0.893,12.354,0.0,309.704,5.715,94.282,1018.069
2025-02-18 00:00:00,0.387,12.47,0.0,414.412,5.194,78.441,990.115
2025-02-18 01:00:00,0.429,12.47,129.41,346.717,7.72,77.708,1017.415
2025-02-18 02:00:00,0.209,12.47,250.0,351.965,5.981,90.633,992.556
2025-02-18 03:00:00,1.483,12.47,353.553,310.557,9.358,94.068,987.775
2025-02-18 04:00:00,1.136,12.47,433.013,318.352,4.52,79.467,1012.115
2025-02-18 05:00:00,1.499,12.47,482.963,387.218,6.983,94.943,1009.342
2025-02-18 06:00:00,0.288,12.47,500.0,336.469,6.925,79.168,1009.477
2025-02-18 07:00:00,4.593,12.47,482.963,379.55,6.377,73.975,1017.753
2025-02-18 08:00:00,0.805,12.47,433.013,376.476,9.54,94.958,1007.435
2025-02-18 09:00:00,1.59,12.47,353.553,304.819,9.747,79.267,1017.333
2025-02-18 10:00:00,2.065,12.47,250.0,400.289,6.862,84.561,1011.93
2025-02-18 11:00:00,3.081,12.47,129.41,417.397,7.728,84.781,1011.848
2025-02-18 12:00:00,2.22,12.47,0.0,341.593,6.798,82.576,988.005
2025-02-18 13:00:00,1.214,12.47,0.0,383.793,4.857,89.972,992.41
2025-02-18 14:00:00,1.155,12.47,0.0,325.518,7.652,83.683,1006.024
2025-02-18 15:00:00,0.116,12.47,0.0,408.822,6.248,89.874,1004.483
2025-02-18 16:00:00,0.635,12.47,0.0,388.609,4.701,82.207,1001.173
2025-02-18 17:00:00,1.174,12.47,0.0,366.24,6.796,71.09,1016.897
2025-02-18 18:00:00,4.995,12.47,0.0,385.151,8.106,94.596,1001.693
2025-02-18 19:00:00,0.822,12.47,0.0,393.074,4.237,75.397,983.33
2025-02-18 20:00:00,1.205,12.47,0.0,343.045,7.306,74.262,992.854
2025-02-18 21:00:00,0.304,12.47,0.0,300.022,8.267,71.033,1006.647
2025-02-18 22:00:00,0.705,12.47,0.0,409.844,6.442,92.196,1002.42
2025-02-18 23:00:00,0.372,12.47,0.0,306.314,5.468,80.435,994.512
2025-02-19 00:00:00,0.66,12.583,0.0,346.243,4.038,81.711,1013.848
2025-02-19 01:00:00,2.03,12.583,129.41,318.597,4.792,81.198,1005.491
2025-02-19 02:00:00,1.79,12.583,250.0,318.578,8.498,88.57,993.886
2025-02-19 03:00:00,0.417,12.583,353.553,315.215,8.617,78.677,1017.649
2025-02-19 04:00:00,1.917,12.583,433.013,339.364,4.668,80.451,996.046
2025-02-19 05:00:00,4.023,12.583,482.963,332.575,4.096,85.914,1008.928
2025-02-19 06:00:00,0.408,12.583,500.0,313.21,7.359,78.47,997.51
2025-02-19 07:00:00,1.534,12.583,482.963,354.825,8.645,83.543,982.119
2025-02-19 08:00:00,0.965,12.583,433.013,383.99,9.021,79.22,999.099
2025-02-19 09:00:00,2.33,12.583,353.553,360.979,4.938,82.078,1000.1
2025-02-19 10:00:00,1.687,12.583,250.0,398.475,8.051,81.365,1011.824
2025-02-19 11:00:00,0.448,12.583,129.41,302.126,9.498,76.351,991.668
2025-02-19 12:00:00,1.936,12.583,0.0,303.224,6.413,73.227,1000.806
2025-02-19 13:00:00,2.024,12.583,0.0,352.346,6.532,77.733,984.414
2025-02-19 14:00:00,1.532,12.583,0.0,404.651,4.743,84.813,997.108
2025-02-19 15:00:00,1.836,12.583,0.0,365.685,9.677,83.668,987.894
2025-02-19 16:00:00,0.358,12.583,0.0,360.268,7.415,88.374,998.864
2025-02-19 17:00:00,0.508,12.583,0.0,335.183,7.121,86.706,1008.747
2025-02-19 18:00:00,1.876,12.583,0.0,360.883,4.642,85.278,995.835
2025-02-19 19:00:00,0.186,12.583,0.0,418.437,9.411,88.016,985.52
2025-02-19 20:00:00,0.227,12.583,0.0,346.7,6.915,90.859,1017.814
2025-02-19 21:00:00,2.532,12.583,0.0,344.779,6.171,87.906,1004.542
2025-02-19 22:00:00,2.399,12.583,0.0,337.201,5.234,81.175,984.573
2025-02-19 23:00:00,0.404,12.583,0.0,359.845,7.508,86.757,1017.324
2025-02-20 00:00:00,0.257,12.694,0.0,388.963,5.187,74.699,1011.057
2025-02-20 01:00:00,1.56,12.694,129.41,365.543,5.896,93.962,986.866
2025-02-20 02:00:00,1.463,12.694,250.0,408.547,7.611,83.523,993.438
2025-02-20 03:00:00,2.803,12.694,353.553,377.726,9.838,84.026,986.449
2025-02-20 04:00:00,0.831,12.694,433.013,343.537,8.053,76.649,995.767
2025-02-20 05:00:00,1.595,12.694,482.963,312.955,7.89,70.176,1013.125
2025-02-20 06:00:00,1.649,12.694,500.0,407.949,7.85,79.882,992.163
2025-02-20 07:00:00,1.733,12.694,482.963,317.102,4.196,79.581,982.749
2025-02-20 08:00:00,0.704,12.694,433.013,315.442,7.317,89.007,1002.808
2025-02-20 09:00:00,0.106,12.694,353.553,407.645,7.336,71.981,1015.832
2025-02-20 10:00:00,2.982,12.694,250.0,383.206,9.363,92.639,993.194
2025-02-20 11:00:00,1.419,12.694,129.41,411.475,4.3,90.443,995.302
2025-02-20 12:00:00,3.189,12.694,0.0,321.859,4.191,86.186,982.47
2025-02-20 13:00:00,1.078,12.694,0.0,361.466,8.91,89.18,981.334
2025-02-20 14:00:00,1.768,12.694,0.0,334.982,8.473,86.848,990.778
2025-02-20 15:00:00,3.552,12.694,0.0,306.351,8.874,75.172,1006.706
2025-02-20 16:00:00,0.258,12.694,0.0,304.478,4.36,70.081,991.837
2025-02-20 17:00:00,0.007,12.694,0.0,367.291,8.283,89.584,985.661
2025-02-20 18:00:00,2.745,12.694,0.0,392.222,9.623,76.707,1011.543
2025-02-20 19:00:00,1.623,12.694,0.0,353.026,7.697,82.37,982.253
2025-02-20 20:00:00,0.819,12.694,0.0,319.75,6.904,90.468,1004.453
2025-02-20 21:00:00,0.538,12.694,0.0,375.677,6.199,80.662,998.2
2025-02-20 22:00:00,4.029,12.694,0.0,314.613,8.645,85.003,1000.094
2025-02-20 23:00:00,2.259,12.694,0.0,412.663,5.265,82.046,990.679
2025-02-21 00:00:00,2.252,12.803,0.0,389.04,4.049,92.188,1012.698
2025-02-21 01:00:00,0.11,12.803,129.41,411.934,8.764,75.503,1000.194
2025-02-21 02:00:00,0.39,12.803,250.0,326.116,5.109,85.984,1009.671
2025-02-21 03:00:00,0.204,12.803,353.553,356.31,7.787,85.378,1005.124
2025-02-21 04:00:00,0.242,12.803,433.013,402.685,4.124,85.066,1007.534
2025-02-21 05:00:00,2.192,12.803,482.963,339.773,8.392,70.448,990.079
2025-02-21 06:00:00,1.835,12.803,500.0,341.113,9.398,88.686,1019.785
2025-02-21 07:00:00,0.933,12.803,482.963,386.655,8.864,81.647,987.486
2025-02-21 08:00:00,0.726,12.803,433.013,328.206,7.71,71.702,1006.241
2025-02-21 09:00:00,0.483,12.803,353.553,307.288,9.67,79.794,992.647
2025-02-21 10:00:00,1.411,12.803,250.0,313.192,6.971,88.158,1010.445
2025-02-21 11:00:00,1.03,12.803,129.41,349.761,8.698,92.31,980.437
2025-02-21 12:00:00,1.262,12.803,0.0,302.982,5.74,89.058,984.148
2025-02-21 13:00:00,2.608,12.803,0.0,391.081,6.489,78.26,1016.261
2025-02-21 14:00:00,0.212,12.803,0.0,358.95,6.654,77.619,998.608
2025-02-21 15:00:00,1.677,12.803,0.0,385.094,4.233,92.423,1019.312
2025-02-21 16:00:00,0.448,12.803,0.0,372.346,9.546,85.143,983.442
2025-02-21 17:00:00,2.416,12.803,0.0,393.635,9.381,75.533,994.263
2025-02-21 18:00:00,2.795,12.803,0.0,317.475,5.142,84.153,989.227
2025-02-21 19:00:00,0.619,12.803,0.0,311.775,7.112,85.835,1011.621
2025-02-21 20:00:00,3.456,12.803,0.0,412.046,5.799,77.609,1004.315
2025-02-21 21:00:00,1.351,12.803,0.0,317.679,4.48,90.274,1015.606
2025-02-21 22:00:00,2.194,12.803,0.0,362.261,9.412,86.224,980.397
2025-02-21 23:00:00,1.252,12.803,0.0,382.419,8.775,82.204,988.974
2025-02-22 00:00:00,0.503,12.909,0.0,316.618,4.666,86.581,1005.491
2025-02-22 01:00:00,1.506,12.909,129.41,350.469,9.681,71.919,1016.08
2025-02-22 02:00:00,0.294,12.909,250.0,408.331,5.741,84.158,990.222
2025-02-22 03:00:00,1.88,12.909,353.553,347.206,9.895,92.173,1019.724
2025-02-22 04:00:00,0.076,12.909,433.013,320.339,7.914,72.457,1011.183
2025-02-22 05:00:00,0.264,12.909,482.963,320.388,4.192,88.165,1014.25
2025-02-22 06:00:00,3.183,12.909,500.0,322.632,7.269,79.196,995.37
2025-02-22 07:00:00,1.11,12.909,482.963,319.211,9.617,83.011,995.194
2025-02-22 08:00:00,0.951,12.909,433.013,410.637,8.364,85.612,1007.563
2025-02-22 09:00:00,1.049,12.909,353.553,391.267,6.505,72.308,1016.999
2025-02-22 10:00:00,0.523,12.909,250.0,398.468,4.912,85.273,992.936
2025-02-22 11:00:00,1.945,12.909,129.41,359.034,4.89,70.656,1008.544
2025-02-22 12:00:00,0.691,12.909,0.0,375.708,8.739,94.53,999.551
2025-02-22 13:00:00,1.797,12.909,0.0,386.833,5.246,82.669,981.96
2025-02-22 14:00:00,1.605,12.909,0.0,337.966,8.647,93.386,994.293
2025-02-22 15:00:00,0.614,12.909,0.0,415.412,5.264,89.406,1017.264
2025-02-22 16:00:00,1.258,12.909,0.0,383.843,4.542,76.398,1013.399
2025-02-22 17:00:00,1.774,12.909,0.0,345.268,6.157,75.805,994.743
2025-02-22 18:00:00,0.617,12.909,0.0,395.345,5.924,72.161,1003.031
2025-02-22 19:00:00,4.046,12.909,0.0,337.571,8.973,81.706,997.303
2025-02-22 20:00:00,0.836,12.909,0.0,355.668,9.826,72.539,1016.67
2025-02-22 21:00:00,1.762,12.909,0.0,416.029,8.272,84.815,1002.715
2025-02-22 22:00:00,0.375,12.909,0.0,335.299,4.533,73.358,1016.684
2025-02-22 23:00:00,4.308,12.909,0.0,326.878,5.179,93.863,993.41
2025-02-23 00:00:00,0.643,13.014,0.0,355.26,8.721,71.427,998.61
2025-02-23 01:00:00,0.542,13.014,129.41,359.725,5.316,94.593,1009.962
2025-02-23 02:00:00,2.849,13.014,250.0,356.406,7.38,94.737,996.36
2025-02-23 03:00:00,0.477,13.014,353.553,314.63,6.181,93.288,1010.903
2025-02-23 04:00:00,0.899,13.014,433.013,340.975,8.63,84.504,981.738
2025-02-23 05:00:00,0.304,13.014,482.963,317.848,5.62,70.196,983.835
2025-02-23 06:00:00,1.88,13.014,500.0,392.633,5.245,86.691,981.347
2025-02-23 07:00:00,3.215,13.014,482.963,360.094,9.758,70.926,1012.442
2025-02-23 08:00:00,0.751,13.014,433.013,364.226,8.819,75.884,1011.522
2025-02-23 09:00:00,1.196,13.014,353.553,385.373,5.993,72.297,988.574
2025-02-23 10:00:00,1.109,13.014,250.0,376.226,4.091,77.679,1009.944
2025-02-23 11:00:00,1.509,13.014,129.41,387.152,7.717,75.421,1004.207
2025-02-23 12:00:00,3.248,13.014,0.0,366.481,6.117,79.442,994.183
2025-02-23 13:00:00,4.162,13.014,0.0,378.023,8.476,77.917,980.069
2025-02-23 14:00:00,0.476,13.014,0.0,414.952,6.067,76.258,1017.627
2025-02-23 15:00:00,3.155,13.014,0.0,327.865,8.072,86.134,1019.815
2025-02-23 16:00:00,0.885,13.014,0.0,307.862,6.771,76.228,982.466
2025-02-23 17:00:00,1.962,13.014,0.0,313.241,4.958,93.483,1004.812
2025-02-23 18:00:00,0.419,13.014,0.0,365.688,4.826,89.154,1019.561
2025-02-23 19:00:00,0.031,13.014,0.0,383.277,5.1,90.166,988.831
2025-02-23 20:00:00,1.439,13.014,0.0,301.356,4.544,87.583,1005.993
2025-02-23 21:00:00,0.945,13.014,0.0,381.937,4.019,87.268,983.541
2025-02-23 22:00:00,2.299,13.014,0.0,410.916,8.402,86.18,1012.693
2025-02-23 23:00:00,0.446,13.014,0.0,348.929,5.836,70.794,981.536
2025-02-24 00:00:00,0.506,13.115,0.0,341.872,7.376,73.744,994.811
2025-02-24 01:00:00,1.483,13.115,129.41,390.07,6.342,82.762,998.616
2025-02-24 02:00:00,1.798,13.115,250.0,409.343,7.316,81.643,999.321
2025-02-24 03:00:00,3.456,13.115,353.553,303.954,4.852,75.273,997.336
2025-02-24 04:00:00,1.273,13.115,433.013,322.615,8.658,94.056,999.852
2025-02-24 05:00:00,0.333,13.115,482.963,321.779,5.257,90.353,1019.941
2025-02-24 06:00:00,0.096,13.115,500.0,309.957,6.198,90.756,982.96
2025-02-24 07:00:00,0.008,13.115,482.963,362.21,9.784,76.767,1010.583
2025-02-24 08:00:00,3.713,13.115,433.013,355.37,9.918,92.142,987.891
2025-02-24 09:00:00,0.298,13.115,353.553,396.211,9.228,71.374,993.127
2025-02-24 10:00:00,0.565,13.115,250.0,409.463,9.003,79.849,1017.357
2025-02-24 11:00:00,0.293,13.115,129.41,313.652,8.853,73.141,994.93
2025-02-24 12:00:00,2.366,13.115,0.0,410.994,8.362,79.059,1000.379
2025-02-24 13:00:00,2.056,13.115,0.0,364.875,6.61,71.54,1010.739
2025-02-24 14:00:00,0.356,13.115,0.0,392.878,7.526,82.918,1009.838
2025-02-24 15:00:00,1.078,13.115,0.0,368.651,8.43,71.127,989.283
2025-02-24 16:00:00,0.55,13.115,0.0,340.351,9.453,72.092,993.669
2025-02-24 17:00:00,0.965,13.115,0.0,326.26,6.89,71.71,985.587
2025-02-24 18:00:00,0.665,13.115,0.0,332.275,7.561,81.637,1018.159
2025-02-24 19:00:00,1.62,13.115,0.0,419.042,9.461,72.969,1001.424
2025-02-24 20:00:00,2.34,13.115,0.0,334.538,7.086,79.943,998.229
2025-02-24 21:00:00,2.519,13.115,0.0,419.924,7.791,77.337,1014.058
2025-02-24 22:00:00,1.51,13.115,0.0,409.537,7.592,90.52,993.002
2025-02-24 23:00:00,0.748,13.115,0.0,369.059,4.29,83.573,987.7
2025-02-25 00:00:00,1.175,13.215,0.0,339.714,8.943,75.456,1009.821
2025-02-25 01:00:00,0.379,13.215,129.41,412.848,7.885,75.297,1019.206
2025-02-25 02:00:00,0.177,13.215,250.0,394.127,5.857,83.473,1002.501
2025-02-25 03:00:00,3.025,13.215,353.553,397.792,5.237,86.116,994.392
2025-02-25 04:00:00,1.947,13.215,433.013,319.167,9.33,85.357,999.94
2025-02-25 05:00:00,1.476,13.215,482.963,363.863,8.142,80.95,1003.618
2025-02-25 06:00:00,1.637,13.215,500.0,384.337,4.324,80.197,1001.528
2025-02-25 07:00:00,1.996,13.215,482.963,355.878,5.898,80.886,989.903
2025-02-25 08:00:00,0.754,13.215,433.013,333.595,8.895,87.778,1016.897
2025-02-25 09:00:00,0.976,13.215,353.553,384.778,7.21,70.138,1015.92
2025-02-25 10:00:00,2.631,13.215,250.0,305.957,9.582,76.28,989.58
2025-02-25 11:00:00,3.705,13.215,129.41,402.037,7.357,72.4,1013.545
2025-02-25 12:00:00,2.545,13.215,0.0,306.28,5.025,83.305,994.091
2025-02-25 13:00:00,0.206,13.215,0.0,325.406,7.635,78.943,1017.649
2025-02-25 14:00:00,2.777,13.215,0.0,357.607,7.09,75.558,991.249
2025-02-25 15:00:00,0.902,13.215,0.0,384.565,6.625,88.033,1018.26
2025-02-25 16:00:00,0.325,13.215,0.0,323.729,6.53,74.536,989.52
2025-02-25 17:00:00,1.415,13.215,0.0,307.493,8.139,85.014,997.179
2025-02-25 18:00:00,0.404,13.215,0.0,304.859,4.711,80.469,989.879
2025-02-25 19:00:00,1.621,13.215,0.0,408.584,5.226,90.853,1019.493
2025-02-25 20:00:00,0.432,13.215,0.0,355.267,4.312,86.116,997.645
2025-02-25 21:00:00,3.248,13.215,0.0,333.42,7.876,76.589,1007.33
2025-02-25 22:00:00,4.354,13.215,0.0,369.22,4.359,92.028,1019.204
2025-02-25 23:00:00,0.97,13.215,0.0,382.01,8.396,80.199,992.897
2025-02-26 00:00:00,0.642,13.312,0.0,364.923,5.741,90.63,1008.386
2025-02-26 01:00:00,1.74,13.312,129.41,398.07,6.249,76.57,989.468
2025-02-26 02:00:00,3.751,13.312,250.0,400.782,8.316,87.061,998.026
2025-02-26 03:00:00,0.482,13.312,353.553,405.625,7.669,94.649,1007.018
2025-02-26 04:00:00,1.273,13.312,433.013,369.16,6.813,72.485,1001.848
2025-02-26 05:00:00,0.743,13.312,482.963,354.014,5.986,85.721,990.087
2025-02-26 06:00:00,3.387,13.312,500.0,303.322,7.228,90.938,998.585
2025-02-26 07:00:00,1.072,13.312,482.963,339.49,9.488,80.187,1005.31
2025-02-26 08:00:00,1.53,13.312,433.013,334.885,4.731,73.773,1001.4
2025-02-26 09:00:00,3.003,13.312,353.553,411.112,4.824,80.333,980.433
2025-02-26 10:00:00,0.982,13.312,250.0,379.911,7.015,81.074,1015.791
2025-02-26 11:00:00,1.217,13.312,129.41,303.397,8.932,86.785,1001.4
2025-02-26 12:00:00,0.892,13.312,0.0,337.32,6.864,71.288,1005.206
2025-02-26 13:00:00,0.515,13.312,0.0,337.193,8.19,86.313,1009.599
2025-02-26 14:00:00,1.15,13.312,0.0,388.329,8.213,85.884,1003.594
2025-02-26 15:00:00,0.714,13.312,0.0,360.794,7.054,85.56,980.262
2025-02-26 16:00:00,2.349,13.312,0.0,414.709,8.582,82.238,1017.641
2025-02-26 17:00:00,0.595,13.312,0.0,355.422,6.054,86.871,1019.192
2025-02-26 18:00:00,1.17,13.312,0.0,314.93,9.862,71.721,1004.889
2025-02-26 19:00:00,0.395,13.312,0.0,334.405,6.705,82.098,982.509
2025-02-26 20:00:00,1.055,13.312,0.0,415.943,7.447,83.811,1015.988
2025-02-26 21:00:00,0.407,13.312,0.0,372.024,5.122,87.111,1017.993
2025-02-26 22:00:00,0.516,13.312,0.0,378.586,4.111,72.057,999.617
2025-02-26 23:00:00,1.527,13.312,0.0,337.803,6.108,73.365,1008.788
2025-02-27 00:00:00,0.053,13.406,0.0,357.918,5.901,77.025,1004.953
2025-02-27 01:00:00,1.506,13.406,129.41,319.279,9.473,82.263,987.038
2025-02-27 02:00:00,1.079,13.406,250.0,370.79,4.723,83.578,989.11
2025-02-27 03:00:00,0.733,13.406,353.553,366.206,9.239,81.452,1010.041
2025-02-27 04:00:00,1.192,13.406,433.013,353.72,5.89,82.52,1006.469
2025-02-27 05:00:00,1.76,13.406,482.963,342.489,6.218,78.037,987.826
2025-02-27 06:00:00,0.81,13.406,500.0,336.258,6.902,77.005,997.236
2025-02-27 07:00:00,0.204,13.406,482.963,314.462,7.681,84.166,1002.109
2025-02-27 08:00:00,2.009,13.406,433.013,399.897,4.649,90.871,1017.099
2025-02-27 09:00:00,0.429,13.406,353.553,406.484,5.838,77.349,1018.853
2025-02-27 10:00:00,3.788,13.406,250.0,306.896,4.962,91.928,982.373
2025-02-27 11:00:00,0.359,13.406,129.41,394.98,7.674,74.663,985.667
2025-02-27 12:00:00,1.141,13.406,0.0,413.594,6.936,94.462,991.945
2025-02-27 13:00:00,0.302,13.406,0.0,365.103,7.346,76.637,1001.905
2025-02-27 14:00:00,6.473,13.406,0.0,364.564,6.079,79.971,981.877
2025-02-27 15:00:00,2.966,13.406,0.0,381.053,6.14,91.481,992.427
2025-02-27 16:00:00,3.324,13.406,0.0,414.243,5.335,73.256,1019.784
2025-02-27 17:00:00,0.615,13.406,0.0,335.647,9.319,70.17,998.596
2025-02-27 18:00:00,1.204,13.406,0.0,337.896,8.255,92.196,995.975
2025-02-27 19:00:00,0.279,13.406,0.0,391.992,6.007,81.576,992.656
2025-02-27 20:00:00,0.949,13.406,0.0,371.476,5.694,82.781,1004.293
2025-02-27 21:00:00,1.718,13.406,0.0,364.678,4.82,76.499,982.026
2025-02-27 22:00:00,0.983,13.406,0.0,388.691,6.632,92.317,1001.27
2025-02-27 23:00:00,0.906,13.406,0.0,374.295,4.579,80.518,1006.287
2025-02-28 00:00:00,1.854,13.498,0.0,342.541,7.341,85.787,995.053
2025-02-28 01:00:00,2.674,13.498,129.41,385.178,7.34,71.71,1019.87
2025-02-28 02:00:00,9.356,13.498,250.0,389.56,5.139,86.679,1013.146
2025-02-28 03:00:00,0.074,13.498,353.553,328.881,8.957,89.969,981.519
2025-02-28 04:00:00,0.643,13.498,433.013,373.637,6.841,83.503,982.371
2025-02-28 05:00:00,1.567,13.498,482.963,378.712,4.761,70.905,997.0
2025-02-28 06:00:00,0.375,13.498,500.0,359.81,6.506,85.031,997.717
2025-02-28 07:00:00,0.53,13.498,482.963,345.188,9.206,84.74,999.21
2025-02-28 08:00:00,1.823,13.498,433.013,333.957,6.518,86.728,1006.577
2025-02-28 09:00:00,1.703,13.498,353.553,344.458,4.666,77.923,981.171
2025-02-28 10:00:00,1.835,13.498,250.0,346.346,7.461,89.017,987.658
2025-02-28 11:00:00,3.509,13.498,129.41,412.467,8.165,86.905,1009.713
2025-02-28 12:00:00,0.969,13.498,0.0,399.263,8.944,85.338,1007.285
2025-02-28 13:00:00,1.772,13.498,0.0,411.262,4.331,78.745,1015.484
2025-02-28 14:00:00,0.99,13.498,0.0,322.055,4.87,74.412,995.473
2025-02-28 15:00:00,1.082,13.498,0.0,341.591,5.37,87.542,1009.694
2025-02-28 16:00:00,1.185,13.498,0.0,410.336,7.689,82.615,1015.305
2025-02-28 17:00:00,1.41,13.498,0.0,349.714,9.324,93.273,981.267
2025-02-28 18:00:00,0.449,13.498,0.0,351.719,4.847,72.673,1009.821
2025-02-28 19:00:00,0.345,13.498,0.0,315.519,6.665,80.579,996.895
2025-02-28 20:00:00,0.623,13.498,0.0,333.944,5.082,84.684,1015.789
2025-02-28 21:00:00,1.329,13.498,0.0,402.342,6.822,93.7,996.867
2025-02-28 22:00:00,0.769,13.498,0.0,386.052,7.476,87.739,986.467
2025-02-28 23:00:00,0.122,13.498,0.0,330.271,8.896,70.431,1019.505
2025-03-01 00:00:00,1.931,13.588,0.0,331.318,8.991,70.122,996.719
2025-03-01 01:00:00,0.429,13.588,129.41,382.342,5.364,80.905,1001.009
2025-03-01 02:00:00,2.206,13.588,250.0,413.303,5.677,73.407,997.578
2025-03-01 03:00:00,1.271,13.588,353.553,416.191,8.156,89.793,1013.625
2025-03-01 04:00:00,0.36,13.588,433.013,335.496,5.539,94.813,1012.343
2025-03-01 05:00:00,0.923,13.588,482.963,414.237,7.953,72.839,1002.749
2025-03-01 06:00:00,2.479,13.588,500.0,416.314,4.3,82.266,1007.167
2025-03-01 07:00:00,0.022,13.588,482.963,306.176,9.187,87.399,1015.713
2025-03-01 08:00:00,1.288,13.588,433.013,387.982,4.127,73.043,1001.365
2025-03-01 09:00:00,1.288,13.588,353.553,310.168,5.462,79.457,989.098
2025-03-01 10:00:00,2.795,13.588,250.0,308.266,6.059,73.579,981.244
2025-03-01 11:00:00,0.198,13.588,129.41,345.899,8.997,90.157,983.454
2025-03-01 12:00:00,3.06,13.588,0.0,352.654,7.336,84.698,995.183
2025-03-01 13:00:00,0.57,13.588,0.0,306.735,5.968,84.568,1011.816
2025-03-01 14:00:00,1.641,13.588,0.0,396.58,7.77,86.35,999.843
2025-03-01 15:00:00,0.583,13.588,0.0,305.22,5.059,79.015,1011.564
2025-03-01 16:00:00,0.026,13.588,0.0,399.864,4.397,74.795,999.517
2025-03-01 17:00:00,1.6,13.588,0.0,309.112,5.242,88.56,1019.698
2025-03-01 18:00:00,1.719,13.588,0.0,320.613,6.552,73.845,1004.376
2025-03-01 19:00:00,0.381,13.588,0.0,398.666,7.012,91.782,1005.157
2025-03-01 20:00:00,1.941,13.588,0.0,316.392,9.115,73.361,990.992
2025-03-01 21:00:00,0.132,13.588,0.0,341.657,6.891,72.035,1006.113
2025-03-01 22:00:00,2.368,13.588,0.0,387.882,6.602,73.386,1011.368
2025-03-01 23:00:00,2.014,13.588,0.0,311.045,6.588,75.904,1014.967
2025-03-02 00:00:00,2.138,13.675,0.0,389.666,5.233,75.546,993.52
2025-03-02 01:00:00,3.141,13.675,129.41,305.111,4.326,89.528,993.482
2025-03-02 02:00:00,2.976,13.675,250.0,387.499,8.638,77.181,984.445
2025-03-02 03:00:00,3.751,13.675,353.553,376.8,6.025,82.171,1011.264
2025-03-02 04:00:00,0.983,13.675,433.013,375.834,5.826,93.536,989.373
2025-03-02 05:00:00,2.581,13.675,482.963,328.076,8.311,72.482,989.252
2025-03-02 06:00:00,1.644,13.675,500.0,327.977,4.101,72.508,989.297
2025-03-02 07:00:00,0.948,13.675,482.963,385.032,8.963,81.159,1002.16
2025-03-02 08:00:00,1.214,13.675,433.013,414.416,5.862,92.77,990.112
2025-03-02 09:00:00,0.536,13.675,353.553,343.773,9.908,90.373,985.087
2025-03-02 10:00:00,1.193,13.675,250.0,342.435,6.306,86.214,1013.559
2025-03-02 11:00:00,2.511,13.675,129.41,356.983,5.586,73.398,991.11
2025-03-02 12:00:00,1.48,13.675,0.0,372.865,4.221,82.749,1004.823
2025-03-02 13:00:00,0.628,13.675,0.0,382.521,4.58,89.485,986.7
2025-03-02 14:00:00,0.999,13.675,0.0,351.642,8.383,75.523,988.223
2025-03-02 15:00:00,0.158,13.675,0.0,341.523,7.217,83.882,987.474
2025-03-02 16:00:00,0.81,13.675,0.0,375.3,8.307,71.595,1007.287
2025-03-02 17:00:00,0.717,13.675,0.0,353.651,9.641,76.013,993.561
2025-03-02 18:00:00,1.203,13.675,0.0,368.044,7.686,86.273,1005.666
2025-03-02 19:00:00,1.341,13.675,0.0,333.847,9.525,93.699,1012.755
2025-03-02 20:00:00,2.162,13.675,0.0,341.709,4.179,91.656,1004.044
2025-03-02 21:00:00,1.629,13.675,0.0,336.195,9.73,82.954,995.708
2025-03-02 22:00:00,0.406,13.675,0.0,375.769,9.766,86.684,1004.608
2025-03-02 23:00:00,0.893,13.675,0.0,415.446,5.593,90.343,1011.22
2025-03-03 00:00:00,2.48,13.759,0.0,320.624,9.867,82.059,1012.211
2025-03-03 01:00:00,1.971,13.759,129.41,398.898,8.047,77.305,1002.595
2025-03-03 02:00:00,2.045,13.759,250.0,314.545,7.158,88.127,1000.833
2025-03-03 03:00:00,3.197,13.759,353.553,373.513,4.847,90.689,984.472
2025-03-03 04:00:00,3.029,13.759,433.013,338.132,5.621,80.768,993.128
2025-03-03 05:00:00,3.188,13.759,482.963,370.767,8.777,74.089,982.871
2025-03-03 06:00:00,0.803,13.759,500.0,367.962,6.904,70.25,1009.496
2025-03-03 07:00:00,1.45,13.759,482.963,334.397,8.522,93.855,1019.16
2025-03-03 08:00:00,5.155,13.759,433.013,356.163,9.396,83.676,982.29
2025-03-03 09:00:00,0.166,13.759,353.553,344.178,7.088,92.648,1016.696
2025-03-03 10:00:00,6.727,13.759,250.0,319.398,5.739,82.116,984.953
2025-03-03 11:00:00,0.904,13.759,129.41,400.591,4.208,72.539,998.756
2025-03-03 12:00:00,1.065,13.759,0.0,360.557,9.015,70.781,1001.394
2025-03-03 13:00:00,1.835,13.759,0.0,400.965,6.545,84.978,985.688
2025-03-03 14:00:00,0.412,13.759,0.0,357.635,9.173,70.355,996.493
2025-03-03 15:00:00,1.216,13.759,0.0,362.454,8.377,82.104,996.752
2025-03-03 16:00:00,1.471,13.759,0.0,365.209,7.535,90.248,1013.439
2025-03-03 17:00:00,0.301,13.759,0.0,334.492,9.122,78.779,984.721
2025-03-03 18:00:00,0.376,13.759,0.0,347.216,4.239,91.139,1007.991
2025-03-03 19:00:00,0.688,13.759,0.0,334.173,9.306,93.218,994.534
2025-03-03 20:00:00,0.353,13.759,0.0,326.197,7.41,71.283,982.576
2025-03-03 21:00:00,0.279,13.759,0.0,379.377,7.555,78.377,1007.586
2025-03-03 22:00:00,0.93,13.759,0.0,303.274,7.018,93.979,995.618
2025-03-03 23:00:00,0.434,13.759,0.0,393.703,7.21,92.199,1002.455
2025-03-04 00:00:00,0.173,13.841,0.0,355.345,9.854,84.024,1014.135
2025-03-04 01:00:00,2.533,13.841,129.41,415.881,7.65,73.051,981.255
2025-03-04 02:00:00,0.164,13.841,250.0,351.785,7.739,87.113,985.21
2025-03-04 03:00:00,1.298,13.841,353.553,333.671,7.779,79.306,986.033
2025-03-04 04:00:00,2.247,13.841,433.013,309.532,5.758,83.312,1017.346
2025-03-04 05:00:00,2.061,13.841,482.963,368.219,5.899,88.054,1001.677
2025-03-04 06:00:00,0.65,13.841,500.0,302.324,5.309,79.439,992.589
2025-03-04 07:00:00,1.386,13.841,482.963,362.526,5.199,85.241,1009.324
2025-03-04 08:00:00,0.143,13.841,433.013,396.18,8.916,85.403,986.56
2025-03-04 09:00:00,0.749,13.841,353.553,317.387,6.262,77.017,989.581
2025-03-04 10:00:00,1.104,13.841,250.0,300.356,8.785,72.326,1001.697
2025-03-04 11:00:00,1.672,13.841,129.41,418.509,4.277,90.698,988.338
2025-03-04 12:00:00,0.375,13.841,0.0,414.93,5.277,82.297,1017.066
2025-03-04 13:00:00,0.266,13.841,0.0,316.304,6.471,81.949,983.917
2025-03-04 14:00:00,1.077,13.841,0.0,313.179,4.238,77.771,989.412
2025-03-04 15:00:00,0.946,13.841,0.0,319.866,7.387,94.483,998.805
2025-03-04 16:00:00,0.412,13.841,0.0,342.697,5.115,73.731,1013.652
2025-03-04 17:00:00,2.527,13.841,0.0,366.265,7.733,79.906,982.52
2025-03-04 18:00:00,1.607,13.841,0.0,395.635,6.37,89.457,985.332
2025-03-04 19:00:00,0.987,13.841,0.0,363.397,9.785,83.151,994.64
2025-03-04 20:00:00,0.549,13.841,0.0,419.146,5.805,75.607,1010.976
2025-03-04 21:00:00,1.774,13.841,0.0,308.547,5.176,89.416,1017.237
2025-03-04 22:00:00,1.82,13.841,0.0,366.398,8.29,85.618,1019.882
2025-03-04 23:00:00,2.157,13.841,0.0,407.215,9.128,79.742,1017.017
2025-03-05 00:00:00,1.423,13.92,0.0,369.118,9.142,85.091,992.919
2025-03-05 01:00:00,2.016,13.92,129.41,410.26,9.559,71.324,1017.307
2025-03-05 02:00:00,0.718,13.92,250.0,405.992,9.507,83.593,994.34
2025-03-05 03:00:00,0.795,13.92,353.553,379.208,8.838,90.992,1010.289
2025-03-05 04:00:00,0.296,13.92,433.013,303.367,5.868,71.073,993.607
2025-03-05 05:00:00,0.656,13.92,482.963,405.475,6.814,79.945,989.376
2025-03-05 06:00:00,2.293,13.92,500.0,322.976,7.606,92.484,1009.577
2025-03-05 07:00:00,2.35,13.92,482.963,339.664,9.974,87.324,1016.261
2025-03-05 08:00:00,1.665,13.92,433.013,396.976,6.957,84.816,983.414
2025-03-05 09:00:00,2.665,13.92,353.553,301.111,8.198,75.118,984.974
2025-03-05 10:00:00,0.418,13.92,250.0,417.849,8.267,71.215,1004.453
2025-03-05 11:00:00,0.733,13.92,129.41,347.052,4.404,81.24,1018.661
2025-03-05 12:00:00,0.391,13.92,0.0,416.602,5.708,83.196,989.215
2025-03-05 13:00:00,2.777,13.92,0.0,303.324,6.76,77.827,989.332
2025-03-05 14:00:00,1.187,13.92,0.0,365.523,5.202,94.142,985.902
2025-03-05 15:00:00,0.685,13.92,0.0,309.278,5.825,89.828,981.015
2025-03-05 16:00:00,0.754,13.92,0.0,370.41,5.649,78.992,982.271
2025-03-05 17:00:00,0.982,13.92,0.0,384.823,9.649,80.465,1017.651
2025-03-05 18:00:00,1.373,13.92,0.0,349.894,8.239,90.555,981.108
2025-03-05 19:00:00,0.917,13.92,0.0,335.139,9.38,91.735,1015.564
2025-03-05 20:00:00,1.563,13.92,0.0,301.69,5.738,83.436,981.098
2025-03-05 21:00:00,0.324,13.92,0.0,407.961,7.489,72.91,1016.21
2025-03-05 22:00:00,0.695,13.92,0.0,402.919,5.963,78.149,1005.941
2025-03-05 23:00:00,0.648,13.92,0.0,367.508,5.696,90.626,1005.232
2025-03-06 00:00:00,0.655,13.996,0.0,351.357,8.381,77.227,1014.695
2025-03-06 01:00:00,1.341,13.996,129.41,390.719,8.643,90.701,990.869
2025-03-06 02:00:00,0.227,13.996,250.0,361.145,4.361,94.346,1001.942
2025-03-06 03:00:00,1.278,13.996,353.553,383.136,9.806,78.873,1004.281
2025-03-06 04:00:00,0.857,13.996,433.013,343.723,7.087,94.871,997.648
2025-03-06 05:00:00,1.881,13.996,482.963,360.273,5.74,90.614,1018.912
2025-03-06 06:00:00,0.467,13.996,500.0,339.565,5.822,94.486,1017.15
2025-03-06 07:00:00,0.585,13.996,482.963,323.336,5.63,80.824,1004.265
2025-03-06 08:00:00,2.204,13.996,433.013,333.514,7.888,74.603,980.867
2025-03-06 09:00:00,0.369,13.996,353.553,379.022,5.338,71.783,1013.5
2025-03-06 10:00:00,0.023,13.996,250.0,378.425,5.534,74.019,987.873
2025-03-06 11:00:00,0.716,13.996,129.41,414.522,5.92,70.266,999.674
2025-03-06 12:00:00,2.284,13.996,0.0,406.708,6.466,89.791,1001.631
2025-03-06 13:00:00,0.057,13.996,0.0,416.35,6.36,71.349,985.873
2025-03-06 14:00:00,2.409,13.996,0.0,304.64,8.873,75.722,1005.44
2025-03-06 15:00:00,0.965,13.996,0.0,327.98,4.974,86.05,1009.012
2025-03-06 16:00:00,1.256,13.996,0.0,305.562,8.527,80.841,1000.025
2025-03-06 17:00:00,2.535,13.996,0.0,328.566,9.199,82.375,1005.486
2025-03-06 18:00:00,0.436,13.996,0.0,348.153,5.401,90.704,1000.149
2025-03-06 19:00:00,1.166,13.996,0.0,338.043,9.38,71.597,983.284
2025-03-06 20:00:00,3.784,13.996,0.0,405.377,5.718,76.415,997.634
2025-03-06 21:00:00,0.153,13.996,0.0,302.297,6.834,92.135,985.954
2025-03-06 22:00:00,0.145,13.996,0.0,397.364,6.354,87.176,990.99
2025-03-06 23:00:00,0.576,13.996,0.0,348.589,9.933,72.13,995.248
2025-03-07 00:00:00,1.311,14.07,0.0,382.786,8.574,87.519,982.115
2025-03-07 01:00:00,2.046,14.07,129.41,370.996,4.184,94.861,992.218
2025-03-07 02:00:00,0.448,14.07,250.0,302.053,5.736,83.903,989.492
2025-03-07 03:00:00,1.854,14.07,353.553,402.743,5.691,88.209,1015.931
2025-03-07 04:00:00,1.028,14.07,433.013,325.325,9.102,88.425,1008.012
2025-03-07 05:00:00,2.163,14.07,482.963,312.52,4.949,89.994,1004.879
2025-03-07 06:00:00,0.572,14.07,500.0,347.292,7.48,94.171,1017.01
2025-03-07 07:00:00,0.511,14.07,482.963,315.646,7.592,71.1,1010.745
2025-03-07 08:00:00,1.793,14.07,433.013,358.41,9.58,72.71,984.46
2025-03-07 09:00:00,0.038,14.07,353.553,402.889,7.447,92.201,1017.713
2025-03-07 10:00:00,2.336,14.07,250.0,350.31,6.805,78.847,983.508
2025-03-07 11:00:00,5.164,14.07,129.41,376.01,4.098,93.036,1019.644
2025-03-07 12:00:00,0.199,14.07,0.0,412.279,5.351,84.356,995.627
2025-03-07 13:00:00,0.505,14.07,0.0,300.185,4.907,84.689,1011.855
2025-03-07 14:00:00,3.6,14.07,0.0,357.114,4.494,91.483,1009.006
2025-03-07 15:00:00,2.736,14.07,0.0,364.034,7.123,86.925,1004.602
2025-03-07 16:00:00,0.103,14.07,0.0,367.059,7.642,88.89,1017.663
2025-03-07 17:00:00,0.754,14.07,0.0,351.552,4.4,86.616,1012.684
2025-03-07 18:00:00,1.668,14.07,0.0,321.461,9.621,79.304,981.847
2025-03-07 19:00:00,0.391,14.07,0.0,387.815,4.6,73.588,996.042
2025-03-07 20:00:00,4.563,14.07,0.0,333.744,6.328,73.027,996.264
2025-03-07 21:00:00,1.175,14.07,0.0,315.265,5.124,71.788,1014.96
2025-03-07 22:00:00,0.077,14.07,0.0,351.45,8.68,74.558,981.361
2025-03-07 23:00:00,0.248,14.07,0.0,319.944,8.258,93.518,987.765
2025-03-08 00:00:00,1.164,14.141,0.0,394.201,6.517,73.48,987.683
2025-03-08 01:00:00,0.163,14.141,129.41,403.552,9.631,73.02,997.112
2025-03-08 02:00:00,0.604,14.141,250.0,412.695,7.845,70.243,983.318
2025-03-08 03:00:00,0.438,14.141,353.553,390.656,6.954,79.158,1010.024
2025-03-08 04:00:00,0.418,14.141,433.013,386.587,4.67,83.941,1000.69
2025-03-08 05:00:00,3.15,14.141,482.963,311.144,8.804,82.946,1003.425
2025-03-08 06:00:00,2.27,14.141,500.0,324.482,5.905,75.252,985.86
2025-03-08 07:00:00,0.62,14.141,482.963,326.816,7.33,75.943,996.455
2025-03-08 08:00:00,0.676,14.141,433.013,310.427,4.325,83.249,1016.386
2025-03-08 09:00:00,0.675,14.141,353.553,397.731,5.859,74.212,987.702
2025-03-08 10:00:00,0.595,14.141,250.0,371.668,8.044,86.763,996.544
2025-03-08 11:00:00,3.008,14.141,129.41,307.656,7.841,88.949,991.065
2025-03-08 12:00:00,1.105,14.141,0.0,391.278,6.057,90.265,1000.75
2025-03-08 13:00:00,0.197,14.141,0.0,386.378,4.707,77.821,1009.543
2025-03-08 14:00:00,0.671,14.141,0.0,345.9,8.515,87.348,996.179
2025-03-08 15:00:00,0.881,14.141,0.0,376.083,6.528,79.019,1002.794
2025-03-08 16:00:00,0.735,14.141,0.0,318.416,6.085,77.558,997.288
2025-03-08 17:00:00,3.254,14.141,0.0,392.437,4.338,72.544,997.964
2025-03-08 18:00:00,2.165,14.141,0.0,338.378,4.434,89.289,1000.629
2025-03-08 19:00:00,0.827,14.141,0.0,347.063,5.324,80.139,1015.608
2025-03-08 20:00:00,0.254,14.141,0.0,373.731,6.96,91.159,1017.033
2025-03-08 21:00:00,1.243,14.141,0.0,406.094,8.945,79.816,982.661
2025-03-08 22:00:00,1.257,14.141,0.0,354.185,6.601,71.774,987.85
2025-03-08 23:00:00,1.855,14.141,0.0,345.114,5.822,75.628,1016.427
2025-03-09 00:00:00,1.455,14.21,0.0,329.889,4.807,88.121,998.372
2025-03-09 01:00:00,2.307,14.21,129.41,334.082,7.009,76.372,984.815
2025-03-09 02:00:00,2.077,14.21,250.0,349.142,5.395,71.094,984.641
2025-03-09 03:00:00,0.201,14.21,353.553,384.664,6.624,72.858,996.628
2025-03-09 04:00:00,2.801,14.21,433.013,310.703,6.532,70.136,993.685
2025-03-09 05:00:00,0.923,14.21,482.963,344.298,6.14,82.589,992.431
2025-03-09 06:00:00,0.066,14.21,500.0,397.098,4.581,72.385,983.775
2025-03-09 07:00:00,2.898,14.21,482.963,334.23,6.863,76.356,990.261
2025-03-09 08:00:00,2.093,14.21,433.013,315.473,7.244,89.077,980.036
2025-03-09 09:00:00,0.77,14.21,353.553,318.391,7.178,77.021,1011.272
2025-03-09 10:00:00,2.707,14.21,250.0,377.522,4.75,74.42,989.888
2025-03-09 11:00:00,0.157,14.21,129.41,324.491,5.666,71.35,980.167
2025-03-09 12:00:00,1.225,14.21,0.0,409.109,8.578,92.871,1005.943
2025-03-09 13:00:00,2.232,14.21,0.0,412.788,8.591,72.62,982.666
2025-03-09 14:00:00,0.087,14.21,0.0,345.42,4.833,84.12,999.124
2025-03-09 15:00:00,3.008,14.21,0.0,304.199,5.64,73.712,1016.734
2025-03-09 16:00:00,4.078,14.21,0.0,394.059,8.743,90.093,986.888
2025-03-09 17:00:00,3.061,14.21,0.0,405.457,5.52,75.364,996.451
2025-03-09 18:00:00,0.008,14.21,0.0,349.97,6.415,77.164,995.284
2025-03-09 19:00:00,1.089,14.21,0.0,366.005,4.786,79.961,1007.776
2025-03-09 20:00:00,0.658,14.21,0.0,328.759,7.058,80.921,1002.777
2025-03-09 21:00:00,0.796,14.21,0.0,366.244,7.608,84.351,1019.187
2025-03-09 22:00:00,0.338,14.21,0.0,340.81,5.037,71.003,986.31
2025-03-09 23:00:00,1.606,14.21,0.0,317.248,5.037,94.132,1014.771
2025-03-10 00:00:00,0.734,14.275,0.0,322.6,9.239,71.177,983.473
2025-03-10 01:00:00,4.492,14.275,129.41,379.6,8.935,80.902,1002.263
2025-03-10 02:00:00,0.851,14.275,250.0,417.432,6.659,89.934,995.926
2025-03-10 03:00:00,0.144,14.275,353.553,368.31,6.422,74.182,1009.206
2025-03-10 04:00:00,1.595,14.275,433.013,324.61,7.396,89.536,983.201
2025-03-10 05:00:00,1.549,14.275,482.963,365.614,4.628,91.842,1013.322
2025-03-10 06:00:00,0.198,14.275,500.0,329.585,7.067,79.298,1012.073
2025-03-10 07:00:00,2.732,14.275,482.963,385.009,4.006,85.071,1010.112
2025-03-10 08:00:00,0.579,14.275,433.013,419.536,4.822,80.782,980.606
2025-03-10 09:00:00,1.054,14.275,353.553,382.912,9.55,84.239,983.594
2025-03-10 10:00:00,0.764,14.275,250.0,326.707,8.873,70.883,990.445
2025-03-10 11:00:00,0.11,14.275,129.41,346.249,4.88,89.348,997.126
2025-03-10 12:00:00,0.404,14.275,0.0,373.385,7.598,73.828,983.976
2025-03-10 13:00:00,2.467,14.275,0.0,378.07,8.099,86.549,989.994
2025-03-10 14:00:00,0.51,14.275,0.0,323.828,9.827,72.958,988.755
2025-03-10 15:00:00,0.586,14.275,0.0,354.411,5.946,73.585,1010.189
2025-03-10 16:00:00,0.933,14.275,0.0,390.809,8.289,93.113,984.964
2025-03-10 17:00:00,1.606,14.275,0.0,379.028,6.475,91.571,1011.401
2025-03-10 18:00:00,1.94,14.275,0.0,410.756,4.345,80.396,994.96
2025-03-10 19:00:00,0.145,14.275,0.0,415.749,8.16,88.342,999.887
2025-03-10 20:00:00,0.681,14.275,0.0,385.116,7.877,94.356,991.368
2025-03-10 21:00:00,1.556,14.275,0.0,373.855,7.844,73.126,991.191
2025-03-10 22:00:00,2.032,14.275,0.0,360.088,6.864,74.284,981.001
2025-03-10 23:00:00,1.633,14.275,0.0,402.962,4.032,76.034,1007.319
2025-03-11 00:00:00,0.421,14.338,0.0,355.927,6.517,75.102,1018.942
2025-03-11 01:00:00,0.416,14.338,129.41,374.14,5.267,78.127,1002.668
2025-03-11 02:00:00,2.105,14.338,250.0,310.772,4.292,79.961,1006.843
2025-03-11 03:00:00,0.518,14.338,353.553,393.45,9.881,70.864,1011.558
2025-03-11 04:00:00,0.718,14.338,433.013,415.934,5.105,75.865,984.757
2025-03-11 05:00:00,0.791,14.338,482.963,366.043,4.492,94.58,1016.401
2025-03-11 06:00:00,1.859,14.338,500.0,385.635,9.708,87.037,1013.074
2025-03-11 07:00:00,1.271,14.338,482.963,412.584,4.193,70.29,1011.218
2025-03-11 08:00:00,1.136,14.338,433.013,364.291,6.298,71.471,1015.579
2025-03-11 09:00:00,2.035,14.338,353.553,327.35,4.844,79.992,1018.452
2025-03-11 10:00:00,0.241,14.338,250.0,416.113,6.363,72.281,1007.745
2025-03-11 11:00:00,1.876,14.338,129.41,338.525,9.606,83.834,1015.511
2025-03-11 12:00:00,2.224,14.338,0.0,381.666,8.094,88.944,1019.864
2025-03-11 13:00:00,1.244,14.338,0.0,397.239,7.082,72.414,985.749
2025-03-11 14:00:00,0.461,14.338,0.0,415.721,5.103,79.495,986.383
2025-03-11 15:00:00,2.013,14.338,0.0,395.46,7.105,90.205,981.817
2025-03-11 16:00:00,2.114,14.338,0.0,373.016,4.712,77.617,986.141
2025-03-11 17:00:00,0.203,14.338,0.0,334.465,6.445,76.03,1004.778
2025-03-11 18:00:00,1.705,14.338,0.0,350.198,9.156,76.112,1008.114
2025-03-11 19:00:00,2.336,14.338,0.0,416.439,5.339,92.04,1008.442
2025-03-11 20:00:00,1.334,14.338,0.0,363.701,7.994,88.248,1002.831
2025-03-11 21:00:00,1.009,14.338,0.0,414.869,7.006,87.167,1008.266
2025-03-11 22:00:00,0.292,14.338,0.0,410.062,5.225,72.385,1010.315
2025-03-11 23:00:00,0.146,14.338,0.0,304.21,9.366,87.152,999.368
2025-03-12 00:00:00,1.172,14.399,0.0,307.805,8.011,90.979,1018.398
2025-03-12 01:00:00,2.016,14.399,129.41,396.314,9.12,94.557,1014.921
2025-03-12 02:00:00,2.225,14.399,250.0,330.187,7.138,87.493,1003.004
2025-03-12 03:00:00,0.414,14.399,353.553,408.116,9.461,92.779,986.554
2025-03-12 04:00:00,0.293,14.399,433.013,375.041,7.573,79.738,1017.797
2025-03-12 05:00:00,1.509,14.399,482.963,316.108,9.889,82.894,983.866
2025-03-12 06:00:00,1.767,14.399,500.0,398.919,8.799,88.944,990.728
2025-03-12 07:00:00,0.426,14.399,482.963,391.572,5.197,70.582,989.41
2025-03-12 08:00:00,2.308,14.399,433.013,391.269,4.724,91.465,992.496
2025-03-12 09:00:00,2.047,14.399,353.553,341.848,5.749,80.233,1003.948
2025-03-12 10:00:00,2.344,14.399,250.0,369.123,7.517,91.026,1013.776
2025-03-12 11:00:00,0.614,14.399,129.41,315.2,8.988,74.946,1016.557
2025-03-12 12:00:00,0.216,14.399,0.0,389.013,4.213,70.202,997.236
2025-03-12 13:00:00,1.577,14.399,0.0,302.485,4.786,74.806,986.258
2025-03-12 14:00:00,0.345,14.399,0.0,407.017,6.981,74.158,995.039
2025-03-12 15:00:00,1.097,14.399,0.0,386.08,4.874,71.072,1006.43
2025-03-12 16:00:00,0.533,14.399,0.0,360.395,9.452,85.31,1018.713
2025-03-12 17:00:00,1.269,14.399,0.0,351.738,7.796,82.069,980.276
2025-03-12 18:00:00,0.628,14.399,0.0,333.769,7.948,78.606,992.046
2025-03-12 19:00:00,1.254,14.399,0.0,309.183,5.859,73.295,1003.613
2025-03-12 20:00:00,0.101,14.399,0.0,300.295,8.641,84.823,990.918
2025-03-12 21:00:00,4.809,14.399,0.0,347.166,9.597,78.538,992.613
2025-03-12 22:00:00,1.716,14.399,0.0,310.873,6.589,73.864,1011.606
2025-03-12 23:00:00,0.58,14.399,0.0,307.926,4.267,79.456,993.781
2025-03-13 00:00:00,1.475,14.456,0.0,365.363,5.81,87.375,987.193
2025-03-13 01:00:00,0.185,14.456,129.41,334.473,5.576,72.785,1012.704
2025-03-13 02:00:00,2.198,14.456,250.0,400.615,7.62,85.471,996.388
2025-03-13 03:00:00,3.069,14.456,353.553,326.479,7.888,94.647,985.119
2025-03-13 04:00:00,2.696,14.456,433.013,302.72,7.96,83.059,984.657
2025-03-13 05:00:00,0.229,14.456,482.963,417.643,5.067,94.451,997.273
2025-03-13 06:00:00,1.63,14.456,500.0,324.716,8.893,91.618,1012.831
2025-03-13 07:00:00,0.462,14.456,482.963,412.821,7.656,85.972,1010.158
2025-03-13 08:00:00,1.373,14.456,433.013,402.877,8.305,88.074,1004.551
2025-03-13 09:00:00,1.672,14.456,353.553,396.815,5.766,77.037,987.669
2025-03-13 10:00:00,1.289,14.456,250.0,413.869,7.948,72.274,1015.127
2025-03-13 11:00:00,2.931,14.456,129.41,416.417,6.186,74.147,1008.477
2025-03-13 12:00:00,0.61,14.456,0.0,390.234,5.426,92.384,992.677
2025-03-13 13:00:00,0.563,14.456,0.0,310.562,5.376,72.563,1016.333
2025-03-13 14:00:00,0.712,14.456,0.0,358.275,5.371,84.578,1018.863
2025-03-13 15:00:00,0.467,14.456,0.0,375.803,6.149,86.799,986.243
2025-03-13 16:00:00,0.636,14.456,0.0,314.183,8.111,85.27,1017.184
2025-03-13 17:00:00,3.811,14.456,0.0,381.964,6.201,78.952,1011.601
2025-03-13 18:00:00,0.449,14.456,0.0,412.03,6.366,79.774,983.485
2025-03-13 19:00:00,1.007,14.456,0.0,379.298,7.656,78.174,1008.139
2025-03-13 20:00:00,0.431,14.456,0.0,405.606,6.623,81.939,1013.161
2025-03-13 21:00:00,1.763,14.456,0.0,342.159,5.228,72.185,1013.816
2025-03-13 22:00:00,1.481,14.456,0.0,345.456,9.643,72.391,1002.55
2025-03-13 23:00:00,0.307,14.456,0.0,340.988,6.745,77.7,990.737
2025-03-14 00:00:00,2.069,14.511,0.0,305.155,8.355,82.528,996.239
2025-03-14 01:00:00,2.666,14.511,129.41,409.239,7.53,81.436,1000.933
2025-03-14 02:00:00,1.514,14.511,250.0,386.684,8.652,94.585,1010.94
2025-03-14 03:00:00,1.128,14.511,353.553,367.057,6.877,92.435,1009.441
2025-03-14 04:00:00,2.481,14.511,433.013,374.349,6.036,90.171,1001.142
2025-03-14 05:00:00,2.069,14.511,482.963,370.021,7.143,79.129,1016.331
2025-03-14 06:00:00,1.298,14.511,500.0,390.182,7.222,91.414,980.387
2025-03-14 07:00:00,0.112,14.511,482.963,360.326,8.159,91.943,1013.287
2025-03-14 08:00:00,0.676,14.511,433.013,360.846,4.661,87.015,1005.876
2025-03-14 09:00:00,2.091,14.511,353.553,324.931,9.036,70.951,995.965
2025-03-14 10:00:00,3.352,14.511,250.0,411.718,5.683,78.118,1016.288
2025-03-14 11:00:00,0.305,14.511,129.41,418.866,8.523,88.805,1000.893
2025-03-14 12:00:00,0.262,14.511,0.0,311.901,6.617,77.15,999.415
2025-03-14 13:00:00,1.692,14.511,0.0,317.527,5.44,83.823,981.347
2025-03-14 14:00:00,5.051,14.511,0.0,377.449,6.482,91.45,1011.95
2025-03-14 15:00:00,0.672,14.511,0.0,412.273,5.085,84.794,1002.604
2025-03-14 16:00:00,2.026,14.511,0.0,378.743,7.419,87.328,1018.806
2025-03-14 17:00:00,3.268,14.511,0.0,353.427,9.903,94.851,980.991
2025-03-14 18:00:00,1.447,14.511,0.0,419.582,4.367,75.454,991.756
2025-03-14 19:00:00,1.591,14.511,0.0,314.379,9.854,82.363,1018.275
2025-03-14 20:00:00,5.436,14.511,0.0,418.071,8.454,75.94,990.665
2025-03-14 21:00:00,1.205,14.511,0.0,356.243,5.202,93.157,985.807
2025-03-14 22:00:00,0.194,14.511,0.0,331.537,6.763,94.429,982.091
2025-03-14 23:00:00,0.476,14.511,0.0,359.521,7.211,79.688,1015.469
2025-03-15 00:00:00,2.597,14.562,0.0,340.93,6.349,86.128,1017.257
2025-03-15 01:00:00,0.976,14.562,129.41,418.977,9.52,86.452,1009.448
2025-03-15 02:00:00,0.985,14.562,250.0,406.994,6.514,94.272,994.425
2025-03-15 03:00:00,0.557,14.562,353.553,320.232,9.066,86.325,999.012
2025-03-15 04:00:00,0.812,14.562,433.013,356.778,8.352,88.627,1014.17
2025-03-15 05:00:00,1.229,14.562,482.963,419.331,6.878,75.304,1000.483
2025-03-15 06:00:00,2.294,14.562,500.0,391.795,6.523,87.133,1001.371
2025-03-15 07:00:00,1.405,14.562,482.963,370.05,7.89,81.197,1007.335
2025-03-15 08:00:00,1.272,14.562,433.013,303.841,5.208,78.674,981.009
2025-03-15 09:00:00,0.804,14.562,353.553,370.299,8.659,82.589,992.395
2025-03-15 10:00:00,0.713,14.562,250.0,309.361,6.251,81.544,1013.595
2025-03-15 11:00:00,2.331,14.562,129.41,370.466,4.2,90.134,990.147
2025-03-15 12:00:00,1.751,14.562,0.0,401.869,7.111,74.187,1004.416
2025-03-15 13:00:00,2.401,14.562,0.0,411.923,6.303,94.702,980.479
2025-03-15 14:00:00,0.414,14.562,0.0,396.511,9.64,89.656,991.154
2025-03-15 15:00:00,0.583,14.562,0.0,368.854,9.889,81.56,1002.502
2025-03-15 16:00:00,4.731,14.562,0.0,418.161,8.771,83.685,1000.975
2025-03-15 17:00:00,3.437,14.562,0.0,356.855,9.694,81.901,986.27
2025-03-15 18:00:00,0.22,14.562,0.0,383.284,9.386,79.846,1013.257
2025-03-15 19:00:00,1.357,14.562,0.0,372.715,8.06,87.823,984.365
2025-03-15 20:00:00,0.675,14.562,0.0,357.975,9.614,72.827,995.546
2025-03-15 21:00:00,0.605,14.562,0.0,362.82,4.577,79.738,995.943
2025-03-15 22:00:00,0.687,14.562,0.0,413.013,6.41,87.909,998.447
2025-03-15 23:00:00,0.932,14.562,0.0,358.081,7.987,79.631,1008.195
2025-03-16 00:00:00,0.249,14.611,0.0,392.436,6.825,87.405,993.613
2025-03-16 01:00:00,2.377,14.611,129.41,387.16,4.959,91.431,987.803
2025-03-16 02:00:00,1.228,14.611,250.0,383.642,9.345,77.041,998.922
2025-03-16 03:00:00,0.424,14.611,353.553,350.568,6.424,93.807,990.61
2025-03-16 04:00:00,2.729,14.611,433.013,398.888,9.768,73.377,995.745
2025-03-16 05:00:00,0.32,14.611,482.963,406.623,9.554,93.177,1015.279
2025-03-16 06:00:00,0.366,14.611,500.0,336.626,7.274,78.7,993.397
2025-03-16 07:00:00,0.607,14.611,482.963,322.039,8.834,74.95,990.296
2025-03-16 08:00:00,2.415,14.611,433.013,341.595,5.231,72.415,1001.2
2025-03-16 09:00:00,1.477,14.611,353.553,419.579,9.089,70.24,1007.571
2025-03-16 10:00:00,0.263,14.611,250.0,353.995,8.688,70.926,983.135
2025-03-16 11:00:00,0.762,14.611,129.41,327.368,8.508,79.747,1010.296
2025-03-16 12:00:00,1.832,14.611,0.0,323.932,5.467,94.137,1000.731
2025-03-16 13:00:00,0.603,14.611,0.0,318.682,6.298,90.038,1010.979
2025-03-16 14:00:00,1.407,14.611,0.0,343.858,9.779,70.319,1013.199
2025-03-16 15:00:00,0.308,14.611,0.0,385.486,5.637,71.5,1000.729
2025-03-16 16:00:00,0.396,14.611,0.0,404.742,7.041,81.737,992.04
2025-03-16 17:00:00,0.346,14.611,0.0,345.049,9.191,72.124,999.957
2025-03-16 18:00:00,1.051,14.611,0.0,317.058,4.554,71.17,1011.613
2025-03-16 19:00:00,0.65,14.611,0.0,371.771,4.362,70.773,995.87
2025-03-16 20:00:00,1.716,14.611,0.0,357.594,6.556,77.451,995.808
2025-03-16 21:00:00,0.635,14.611,0.0,304.532,8.512,70.907,986.78
2025-03-16 22:00:00,1.062,14.611,0.0,356.516,4.22,92.392,1003.206
2025-03-16 23:00:00,0.91,14.611,0.0,328.276,8.235,76.795,1019.406
2025-03-17 00:00:00,3.306,14.657,0.0,312.195,9.292,75.827,1016.524
2025-03-17 01:00:00,1.687,14.657,129.41,352.463,4.126,72.145,980.856
2025-03-17 02:00:00,7.584,14.657,250.0,405.644,9.44,77.238,1008.993
2025-03-17 03:00:00,1.374,14.657,353.553,321.856,8.864,87.986,994.267
2025-03-17 04:00:00,1.023,14.657,433.013,306.904,8.219,79.866,980.096
2025-03-17 05:00:00,0.484,14.657,482.963,382.83,4.7,78.923,984.735
2025-03-17 06:00:00,2.391,14.657,500.0,382.153,8.447,70.946,1007.527
2025-03-17 07:00:00,1.552,14.657,482.963,372.467,6.834,86.685,993.624
2025-03-17 08:00:00,1.382,14.657,433.013,341.631,6.627,88.19,984.212
2025-03-17 09:00:00,1.537,14.657,353.553,356.227,9.342,75.385,991.886
2025-03-17 10:00:00,2.024,14.657,250.0,307.597,5.856,92.128,986.428
2025-03-17 11:00:00,8.426,14.657,129.41,378.345,8.016,73.51,1016.265
2025-03-17 12:00:00,0.471,14.657,0.0,377.895,4.54,88.238,1019.56
2025-03-17 13:00:00,0.816,14.657,0.0,361.469,9.533,70.799,989.701
2025-03-17 14:00:00,0.281,14.657,0.0,390.784,6.382,91.414,993.395
2025-03-17 15:00:00,1.715,14.657,0.0,302.079,5.069,80.001,1012.113
2025-03-17 16:00:00,0.155,14.657,0.0,351.378,5.11,78.964,991.92
2025-03-17 17:00:00,1.59,14.657,0.0,333.56,4.224,91.652,1015.269
2025-03-17 18:00:00,1.469,14.657,0.0,326.169,4.605,83.527,1014.608
2025-03-17 19:00:00,2.896,14.657,0.0,339.736,8.454,74.65,1007.188
2025-03-17 20:00:00,1.923,14.657,0.0,349.123,4.258,80.35,991.232
2025-03-17 21:00:00,0.216,14.657,0.0,304.52,8.487,87.507,1019.066
2025-03-17 22:00:00,0.182,14.657,0.0,343.812,7.652,93.354,998.251
2025-03-17 23:00:00,0.876,14.657,0.0,416.758,4.884,85.315,1019.326
2025-03-18 00:00:00,0.428,14.701,0.0,392.389,9.282,86.487,1000.033
2025-03-18 01:00:00,2.161,14.701,129.41,320.754,8.894,89.401,1005.274
2025-03-18 02:00:00,1.02,14.701,250.0,312.137,6.149,76.632,989.438
2025-03-18 03:00:00,1.016,14.701,353.553,326.691,8.381,89.359,1005.866
2025-03-18 04:00:00,0.322,14.701,433.013,319.043,9.04,87.782,992.272
2025-03-18 05:00:00,1.781,14.701,482.963,300.49,5.468,89.297,1004.626
2025-03-18 06:00:00,2.066,14.701,500.0,316.692,4.504,91.384,1009.33
2025-03-18 07:00:00,0.467,14.701,482.963,327.578,9.39,92.323,981.21
2025-03-18 08:00:00,1.945,14.701,433.013,400.27,7.632,78.56,1016.802
2025-03-18 09:00:00,3.12,14.701,353.553,369.814,5.343,75.014,996.608
2025-03-18 10:00:00,0.339,14.701,250.0,327.89,4.365,92.187,985.807
2025-03-18 11:00:00,0.246,14.701,129.41,308.696,5.645,82.689,1011.272
2025-03-18 12:00:00,1.147,14.701,0.0,362.529,6.842,70.587,980.809
2025-03-18 13:00:00,0.253,14.701,0.0,307.084,8.21,84.539,1016.751
2025-03-18 14:00:00,0.468,14.701,0.0,319.58,5.324,79.842,983.995
2025-03-18 15:00:00,0.825,14.701,0.0,369.883,6.605,90.656,993.992
2025-03-18 16:00:00,0.76,14.701,0.0,390.62,9.266,79.843,998.885
2025-03-18 17:00:00,1.017,14.701,0.0,394.342,5.629,76.857,1004.963
2025-03-18 18:00:00,1.985,14.701,0.0,357.637,9.633,92.703,1014.093
2025-03-18 19:00:00,0.075,14.701,0.0,335.299,4.804,73.783,1001.318
2025-03-18 20:00:00,1.759,14.701,0.0,332.48,5.694,81.3,996.0
2025-03-18 21:00:00,3.988,14.701,0.0,354.052,5.565,81.832,1005.837
2025-03-18 22:00:00,0.493,14.701,0.0,317.174,9.229,77.497,983.757
2025-03-18 23:00:00,1.962,14.701,0.0,337.525,9.461,90.85,1012.222
2025-03-19 00:00:00,0.8,14.741,0.0,369.736,6.351,85.091,1012.002
2025-03-19 01:00:00,3.434,14.741,129.41,364.009,4.255,78.75,1001.359
2025-03-19 02:00:00,3.034,14.741,250.0,394.762,4.789,85.921,980.56
2025-03-19 03:00:00,0.894,14.741,353.553,337.709,6.457,73.855,997.549
2025-03-19 04:00:00,1.085,14.741,433.013,359.36,6.385,80.791,1016.603
2025-03-19 05:00:00,0.753,14.741,482.963,362.827,6.346,77.448,999.173
2025-03-19 06:00:00,0.228,14.741,500.0,397.067,4.952,74.353,1018.105
2025-03-19 07:00:00,1.832,14.741,482.963,341.325,4.365,92.279,982.034
2025-03-19 08:00:00,0.799,14.741,433.013,370.453,6.574,75.807,1005.539
2025-03-19 09:00:00,2.6,14.741,353.553,351.257,8.959,71.156,994.045
2025-03-19 10:00:00,2.096,14.741,250.0,346.74,7.939,90.352,991.167
2025-03-19 11:00:00,0.29,14.741,129.41,380.583,8.312,72.59,1018.337
2025-03-19 12:00:00,1.517,14.741,0.0,356.889,6.003,80.131,994.853
2025-03-19 13:00:00,0.407,14.741,0.0,338.968,8.724,93.954,996.897
2025-03-19 14:00:00,0.687,14.741,0.0,364.732,4.229,94.043,994.447
2025-03-19 15:00:00,2.469,14.741,0.0,343.515,6.113,91.498,1008.986
2025-03-19 16:00:00,2.386,14.741,0.0,377.778,7.553,85.563,992.684
2025-03-19 17:00:00,0.571,14.741,0.0,357.017,8.455,80.933,1006.024
2025-03-19 18:00:00,2.004,14.741,0.0,399.023,5.352,80.945,990.135
2025-03-19 19:00:00,0.28,14.741,0.0,322.805,9.16,86.376,998.38
2025-03-19 20:00:00,1.275,14.741,0.0,366.465,7.466,83.642,992.076
2025-03-19 21:00:00,0.986,14.741,0.0,302.138,4.016,83.425,1002.906
2025-03-19 22:00:00,0.862,14.741,0.0,327.74,6.879,94.122,1010.076
2025-03-19 23:00:00,2.303,14.741,0.0,349.786,8.822,81.319,1018.667
2025-03-20 00:00:00,0.327,14.778,0.0,385.292,5.272,87.078,980.27
2025-03-20 01:00:00,0.766,14.778,129.41,301.531,5.085,92.916,1010.214
2025-03-20 02:00:00,0.532,14.778,250.0,323.053,6.331,91.369,1013.442
2025-03-20 03:00:00,0.344,14.778,353.553,302.664,9.014,80.696,983.774
2025-03-20 04:00:00,0.51,14.778,433.013,377.748,9.005,76.314,1000.845
2025-03-20 05:00:00,0.77,14.778,482.963,413.814,4.176,89.047,1011.816
2025-03-20 06:00:00,1.178,14.778,500.0,383.182,7.689,76.51,1002.028
2025-03-20 07:00:00,0.616,14.778,482.963,301.896,7.541,72.47,1007.22
2025-03-20 08:00:00,1.994,14.778,433.013,305.357,5.101,80.763,994.119
2025-03-20 09:00:00,0.435,14.778,353.553,401.251,8.0,91.383,1015.824
2025-03-20 10:00:00,0.915,14.778,250.0,416.877,4.228,92.644,983.512
2025-03-20 11:00:00,3.818,14.778,129.41,318.323,7.215,78.954,980.344
2025-03-20 12:00:00,1.749,14.778,0.0,343.813,8.647,71.708,1003.219
2025-03-20 13:00:00,0.474,14.778,0.0,316.64,7.634,91.467,993.632
2025-03-20 14:00:00,3.245,14.778,0.0,388.039,5.63,75.978,980.11
2025-03-20 15:00:00,3.819,14.778,0.0,411.372,6.134,77.992,986.381
2025-03-20 16:00:00,1.038,14.778,0.0,383.798,4.386,91.551,986.635
2025-03-20 17:00:00,2.392,14.778,0.0,391.805,9.288,82.043,991.539
2025-03-20 18:00:00,0.53,14.778,0.0,322.523,9.897,90.149,1010.759
2025-03-20 19:00:00,1.212,14.778,0.0,307.478,4.937,89.81,1004.316
2025-03-20 20:00:00,0.301,14.778,0.0,329.42,8.357,89.557,1005.077
2025-03-20 21:00:00,2.747,14.778,0.0,363.023,9.052,83.692,1004.875
2025-03-20 22:00:00,0.111,14.778,0.0,321.53,9.786,70.222,1011.177
2025-03-20 23:00:00,1.169,14.778,0.0,312.015,4.532,72.579,1005.419
2025-03-21 00:00:00,1.04,14.813,0.0,406.029,4.789,75.468,1018.198
2025-03-21 01:00:00,0.32,14.813,129.41,361.069,5.428,88.246,1017.193
2025-03-21 02:00:00,0.811,14.813,250.0,301.86,9.803,83.584,993.334
2025-03-21 03:00:00,3.385,14.813,353.553,324.354,6.755,90.68,1017.479
2025-03-21 04:00:00,4.984,14.813,433.013,357.654,6.357,72.535,1001.966
2025-03-21 05:00:00,3.4,14.813,482.963,405.546,8.368,86.751,995.236
2025-03-21 06:00:00,2.561,14.813,500.0,340.343,5.619,86.029,1001.44
2025-03-21 07:00:00,0.351,14.813,482.963,312.239,5.253,87.997,1019.187
2025-03-21 08:00:00,1.377,14.813,433.013,310.129,6.714,91.091,997.538
2025-03-21 09:00:00,0.972,14.813,353.553,401.75,5.821,88.219,992.809
2025-03-21 10:00:00,0.485,14.813,250.0,361.871,6.899,82.031,993.126
2025-03-21 11:00:00,2.172,14.813,129.41,380.913,7.631,81.163,1009.362
2025-03-21 12:00:00,0.615,14.813,0.0,342.739,6.883,87.595,997.025
2025-03-21 13:00:00,0.303,14.813,0.0,413.788,4.385,84.98,983.093
2025-03-21 14:00:00,0.306,14.813,0.0,348.311,6.244,77.874,1010.266
2025-03-21 15:00:00,4.01,14.813,0.0,307.963,7.93,88.306,1003.601
2025-03-21 16:00:00,1.034,14.813,0.0,339.899,8.488,91.411,982.183
2025-03-21 17:00:00,1.249,14.813,0.0,334.725,4.702,92.423,1006.253
2025-03-21 18:00:00,0.556,14.813,0.0,316.583,9.909,86.629,1005.35
2025-03-21 19:00:00,1.954,14.813,0.0,308.526,6.063,81.565,1000.605
2025-03-21 20:00:00,4.113,14.813,0.0,383.965,8.471,94.861,985.758
2025-03-21 21:00:00,2.996,14.813,0.0,368.166,6.316,84.607,991.532
2025-03-21 22:00:00,0.415,14.813,0.0,389.953,4.611,85.121,990.572
2025-03-21 23:00:00,3.199,14.813,0.0,331.34,9.332,72.888,1016.426
2025-03-22 00:00:00,0.482,14.845,0.0,402.233,6.006,94.746,991.949
2025-03-22 01:00:00,0.368,14.845,129.41,319.699,9.111,87.394,988.077
2025-03-22 02:00:00,1.999,14.845,250.0,351.125,4.474,84.77,996.28
2025-03-22 03:00:00,0.098,14.845,353.553,333.974,8.314,76.509,1008.252
2025-03-22 04:00:00,0.186,14.845,433.013,374.263,5.987,87.714,1005.055
2025-03-22 05:00:00,5.622,14.845,482.963,312.33,8.728,87.861,982.322
2025-03-22 06:00:00,1.017,14.845,500.0,324.366,4.175,91.92,1006.8
2025-03-22 07:00:00,2.597,14.845,482.963,419.558,8.108,93.802,984.215
2025-03-22 08:00:00,0.821,14.845,433.013,355.771,8.137,83.767,1001.778
2025-03-22 09:00:00,0.061,14.845,353.553,379.142,8.423,83.257,1007.627
2025-03-22 10:00:00,5.35,14.845,250.0,302.129,5.811,83.581,1008.877
2025-03-22 11:00:00,1.02,14.845,129.41,409.125,6.063,88.674,1015.934
2025-03-22 12:00:00,0.429,14.845,0.0,403.023,7.742,77.572,1008.537
2025-03-22 13:00:00,2.053,14.845,0.0,372.69,9.198,82.257,990.554
2025-03-22 14:00:00,0.947,14.845,0.0,393.017,9.178,93.749,989.676
2025-03-22 15:00:00,3.066,14.845,0.0,364.043,9.258,92.542,1014.928
2025-03-22 16:00:00,1.351,14.845,0.0,344.088,7.682,75.086,1000.847
2025-03-22 17:00:00,1.615,14.845,0.0,395.704,5.124,83.252,1000.634
2025-03-22 18:00:00,0.51,14.845,0.0,344.006,4.643,74.401,987.335
2025-03-22 19:00:00,1.222,14.845,0.0,366.211,5.17,84.315,999.754
2025-03-22 20:00:00,0.612,14.845,0.0,363.071,7.613,70.111,997.364
2025-03-22 21:00:00,0.69,14.845,0.0,377.91,6.575,91.9,1014.138
2025-03-22 22:00:00,0.334,14.845,0.0,300.78,7.497,72.354,1000.643
2025-03-22 23:00:00,0.413,14.845,0.0,375.498,8.092,78.133,1005.116
2025-03-23 00:00:00,0.63,14.873,0.0,322.959,5.887,85.032,985.001
2025-03-23 01:00:00,0.313,14.873,129.41,303.66,7.022,81.065,1001.199
2025-03-23 02:00:00,1.196,14.873,250.0,338.598,5.409,79.042,1004.748
2025-03-23 03:00:00,0.286,14.873,353.553,357.82,7.99,73.1,998.467
2025-03-23 04:00:00,0.568,14.873,433.013,419.938,8.101,79.477,1000.436
2025-03-23 05:00:00,2.782,14.873,482.963,408.086,4.692,70.76,1013.172
2025-03-23 06:00:00,1.75,14.873,500.0,329.579,4.024,93.14,996.343
2025-03-23 07:00:00,3.864,14.873,482.963,346.886,9.828,76.939,1008.542
2025-03-23 08:00:00,2.114,14.873,433.013,401.128,9.653,74.333,997.977
2025-03-23 09:00:00,2.507,14.873,353.553,401.114,7.396,90.318,996.477
2025-03-23 10:00:00,1.429,14.873,250.0,343.206,7.054,82.226,1010.382
2025-03-23 11:00:00,0.205,14.873,129.41,373.867,6.061,77.759,987.642
2025-03-23 12:00:00,1.826,14.873,0.0,324.448,8.434,75.984,1000.86
2025-03-23 13:00:00,0.414,14.873,0.0,308.037,4.787,84.424,988.941
2025-03-23 14:00:00,1.713,14.873,0.0,389.865,8.159,71.288,1012.876
2025-03-23 15:00:00,2.22,14.873,0.0,320.811,7.516,93.442,982.286
2025-03-23 16:00:00,0.556,14.873,0.0,368.225,9.333,74.838,999.509
2025-03-23 17:00:00,0.592,14.873,0.0,309.849,5.083,80.846,995.705
2025-03-23 18:00:00,2.033,14.873,0.0,376.48,6.108,90.322,982.056
2025-03-23 19:00:00,0.101,14.873,0.0,413.901,6.894,73.794,1018.21
2025-03-23 20:00:00,1.081,14.873,0.0,377.179,9.022,87.497,1004.266
2025-03-23 21:00:00,1.834,14.873,0.0,373.933,9.426,78.503,995.27
2025-03-23 22:00:00,2.051,14.873,0.0,387.503,5.278,87.434,1000.428
2025-03-23 23:00:00,0.687,14.873,0.0,366.883,5.869,75.517,999.795
2025-03-24 00:00:00,0.675,14.899,0.0,415.203,7.494,88.67,1010.154
2025-03-24 01:00:00,0.674,14.899,129.41,342.663,7.19,89.363,1008.913
2025-03-24 02:00:00,0.926,14.899,250.0,392.234,5.096,70.615,996.209
2025-03-24 03:00:00,0.528,14.899,353.553,378.883,4.076,70.158,984.803
2025-03-24 04:00:00,0.28,14.899,433.013,411.375,6.632,91.332,984.981
2025-03-24 05:00:00,1.468,14.899,482.963,343.219,7.418,81.903,993.849
2025-03-24 06:00:00,1.376,14.899,500.0,318.263,9.073,91.957,980.533
2025-03-24 07:00:00,1.821,14.899,482.963,339.935,5.986,80.903,983.769
2025-03-24 08:00:00,1.663,14.899,433.013,389.174,9.547,78.959,1005.437
2025-03-24 09:00:00,1.389,14.899,353.553,330.851,4.934,72.781,1017.162
2025-03-24 10:00:00,3.439,14.899,250.0,339.987,7.513,93.042,997.975
2025-03-24 11:00:00,3.682,14.899,129.41,389.086,9.173,82.461,1015.581
2025-03-24 12:00:00,1.207,14.899,0.0,399.669,9.679,86.174,1005.854
2025-03-24 13:00:00,2.0,14.899,0.0,369.782,7.777,77.688,1016.34
2025-03-24 14:00:00,2.616,14.899,0.0,305.59,5.333,88.199,1009.123
2025-03-24 15:00:00,0.106,14.899,0.0,417.806,9.924,91.924,1002.17
2025-03-24 16:00:00,0.672,14.899,0.0,360.991,9.965,91.679,1005.437
2025-03-24 17:00:00,0.158,14.899,0.0,349.926,7.26,71.565,1011.779
2025-03-24 18:00:00,3.0,14.899,0.0,310.427,6.654,71.481,1014.155
2025-03-24 19:00:00,1.793,14.899,0.0,416.802,7.522,92.052,1009.445
2025-03-24 20:00:00,5.586,14.899,0.0,302.085,6.314,77.002,998.042
2025-03-24 21:00:00,0.364,14.899,0.0,302.419,7.781,74.881,1009.748
2025-03-24 22:00:00,0.52,14.899,0.0,381.705,4.753,82.482,1008.977
2025-03-24 23:00:00,2.518,14.899,0.0,303.429,9.868,80.134,982.692
2025-03-25 00:00:00,0.251,14.922,0.0,333.189,7.621,75.065,1008.638
2025-03-25 01:00:00,3.988,14.922,129.41,363.281,4.243,82.062,1009.963
2025-03-25 02:00:00,0.61,14.922,250.0,387.579,6.95,74.744,1013.094
2025-03-25 03:00:00,0.111,14.922,353.553,413.475,9.97,83.612,1017.679
2025-03-25 04:00:00,1.247,14.922,433.013,306.453,6.65,87.36,1004.31
2025-03-25 05:00:00,2.013,14.922,482.963,317.779,7.773,82.2,1003.265
2025-03-25 06:00:00,1.991,14.922,500.0,303.21,7.861,89.475,1008.57
2025-03-25 07:00:00,0.869,14.922,482.963,375.625,4.209,79.938,989.119
2025-03-25 08:00:00,1.083,14.922,433.013,302.39,6.637,83.602,1003.195
2025-03-25 09:00:00,1.637,14.922,353.553,301.038,5.668,70.459,1016.753
2025-03-25 10:00:00,1.478,14.922,250.0,347.749,4.095,85.823,1016.42
2025-03-25 11:00:00,0.667,14.922,129.41,388.816,8.47,86.867,1018.861
2025-03-25 12:00:00,0.77,14.922,0.0,378.015,8.718,91.714,987.271
2025-03-25 13:00:00,2.147,14.922,0.0,414.446,6.033,71.963,998.906
2025-03-25 14:00:00,1.775,14.922,0.0,376.781,9.908,90.138,983.367
2025-03-25 15:00:00,0.213,14.922,0.0,388.16,4.34,84.3,1006.974
2025-03-25 16:00:00,0.865,14.922,0.0,314.618,9.343,92.364,1000.212
2025-03-25 17:00:00,1.078,14.922,0.0,361.57,5.049,92.188,1016.097
2025-03-25 18:00:00,1.021,14.922,0.0,365.126,7.592,73.551,1008.637
2025-03-25 19:00:00,2.143,14.922,0.0,332.31,9.891,72.659,1010.473
2025-03-25 20:00:00,0.48,14.922,0.0,406.356,9.894,76.007,993.703
2025-03-25 21:00:00,1.871,14.922,0.0,364.739,9.634,87.058,993.316
2025-03-25 22:00:00,1.933,14.922,0.0,302.632,6.204,92.177,993.022
2025-03-25 23:00:00,1.02,14.922,0.0,357.466,7.751,72.979,998.746
2025-03-26 00:00:00,0.643,14.942,0.0,361.257,7.236,72.188,1004.148
2025-03-26 01:00:00,2.102,14.942,129.41,380.225,5.521,73.54,1008.553
2025-03-26 02:00:00,0.977,14.942,250.0,351.209,6.382,85.587,1006.792
2025-03-26 03:00:00,1.159,14.942,353.553,369.084,4.389,78.557,997.943
2025-03-26 04:00:00,2.39,14.942,433.013,312.709,6.108,78.42,994.496
2025-03-26 05:00:00,0.286,14.942,482.963,316.091,4.922,77.997,996.088
2025-03-26 06:00:00,1.109,14.942,500.0,322.119,4.679,82.647,982.121
2025-03-26 07:00:00,0.373,14.942,482.963,348.07,5.296,89.809,983.647
2025-03-26 08:00:00,0.538,14.942,433.013,308.261,5.146,80.634,988.949
2025-03-26 09:00:00,0.706,14.942,353.553,364.411,9.72,87.226,1003.834
2025-03-26 10:00:00,5.188,14.942,250.0,391.273,6.826,75.034,982.515
2025-03-26 11:00:00,1.024,14.942,129.41,376.755,6.205,94.306,991.925
2025-03-26 12:00:00,1.002,14.942,0.0,384.15,5.816,85.127,992.477
2025-03-26 13:00:00,3.27,14.942,0.0,323.503,6.614,87.046,1000.706
2025-03-26 14:00:00,0.786,14.942,0.0,388.604,6.897,91.871,1013.843
2025-03-26 15:00:00,2.537,14.942,0.0,327.14,4.872,94.029,996.06
2025-03-26 16:00:00,1.121,14.942,0.0,400.138,7.209,88.623,985.754
2025-03-26 17:00:00,1.82,14.942,0.0,344.035,4.439,83.457,992.653
2025-03-26 18:00:00,2.369,14.942,0.0,406.107,9.82,78.178,990.47
2025-03-26 19:00:00,4.911,14.942,0.0,345.233,6.007,94.659,1008.143
2025-03-26 20:00:00,3.751,14.942,0.0,395.043,5.589,81.45,1011.486
2025-03-26 21:00:00,1.878,14.942,0.0,416.865,7.456,79.309,982.559
2025-03-26 22:00:00,0.929,14.942,0.0,373.46,9.615,89.507,1008.548
2025-03-26 23:00:00,1.284,14.942,0.0,398.051,5.701,78.952,995.027
2025-03-27 00:00:00,5.568,14.959,0.0,401.439,6.131,84.141,1003.882
2025-03-27 01:00:00,1.3,14.959,129.41,335.628,7.975,81.419,987.457
2025-03-27 02:00:00,1.586,14.959,250.0,340.412,5.236,89.64,1007.881
2025-03-27 03:00:00,1.001,14.959,353.553,316.069,4.82,71.762,1011.313
2025-03-27 04:00:00,1.595,14.959,433.013,340.324,9.849,73.545,996.935
2025-03-27 05:00:00,0.976,14.959,482.963,363.537,8.699,81.346,1019.282
2025-03-27 06:00:00,1.2,14.959,500.0,345.717,5.643,92.323,998.938
2025-03-27 07:00:00,1.195,14.959,482.963,377.949,4.743,81.635,1002.492
2025-03-27 08:00:00,0.568,14.959,433.013,404.312,4.77,88.905,996.831
2025-03-27 09:00:00,1.644,14.959,353.553,357.109,9.03,88.248,996.004
2025-03-27 10:00:00,0.125,14.959,250.0,377.449,9.91,81.625,1002.621
2025-03-27 11:00:00,0.241,14.959,129.41,308.278,8.516,93.164,1013.785
2025-03-27 12:00:00,3.201,14.959,0.0,411.915,8.373,94.947,1009.212
2025-03-27 13:00:00,1.356,14.959,0.0,314.186,8.468,78.866,1007.238
2025-03-27 14:00:00,1.855,14.959,0.0,399.099,7.744,91.842,1006.559
2025-03-27 15:00:00,1.287,14.959,0.0,347.435,7.595,71.472,998.885
2025-03-27 16:00:00,2.232,14.959,0.0,385.273,6.103,88.077,980.193
2025-03-27 17:00:00,1.046,14.959,0.0,326.81,4.076,84.098,982.737
2025-03-27 18:00:00,1.895,14.959,0.0,319.083,6.654,71.382,1012.382
2025-03-27 19:00:00,0.986,14.959,0.0,384.523,8.828,80.291,986.529
2025-03-27 20:00:00,0.116,14.959,0.0,405.893,9.196,82.42,987.316
2025-03-27 21:00:00,0.67,14.959,0.0,398.586,9.456,90.864,1004.723
2025-03-27 22:00:00,0.127,14.959,0.0,390.586,6.879,70.024,994.906
2025-03-27 23:00:00,0.378,14.959,0.0,332.927,6.326,76.627,991.12
2025-03-28 00:00:00,2.778,14.973,0.0,319.074,7.132,86.048,1015.886
2025-03-28 01:00:00,0.59,14.973,129.41,383.569,9.769,89.757,993.466
2025-03-28 02:00:00,1.668,14.973,250.0,371.415,8.628,71.928,1010.576
2025-03-28 03:00:00,0.906,14.973,353.553,415.144,9.821,73.279,986.014
2025-03-28 04:00:00,1.456,14.973,433.013,309.863,7.938,91.091,1018.718
2025-03-28 05:00:00,1.001,14.973,482.963,322.666,6.558,80.022,1001.529
2025-03-28 06:00:00,1.127,14.973,500.0,394.724,7.382,86.854,984.205
2025-03-28 07:00:00,1.263,14.973,482.963,332.165,7.178,82.774,1000.592
2025-03-28 08:00:00,7.077,14.973,433.013,392.012,4.707,86.7,998.051
2025-03-28 09:00:00,0.687,14.973,353.553,349.08,5.522,85.802,987.553
2025-03-28 10:00:00,4.102,14.973,250.0,328.311,9.844,80.604,1006.926
2025-03-28 11:00:00,2.967,14.973,129.41,318.524,8.222,80.574,1002.149
2025-03-28 12:00:00,2.267,14.973,0.0,418.625,7.863,78.523,993.027
2025-03-28 13:00:00,1.379,14.973,0.0,393.599,9.593,80.54,1003.807
2025-03-28 14:00:00,2.257,14.973,0.0,312.368,6.961,73.368,991.601
2025-03-28 15:00:00,0.13,14.973,0.0,353.207,8.853,92.516,1000.686
2025-03-28 16:00:00,4.056,14.973,0.0,382.836,8.719,89.253,986.341
2025-03-28 17:00:00,1.319,14.973,0.0,308.265,7.678,91.095,981.417
2025-03-28 18:00:00,0.865,14.973,0.0,375.283,8.03,92.469,1019.463
2025-03-28 19:00:00,1.407,14.973,0.0,304.253,4.522,84.058,994.052
2025-03-28 20:00:00,0.952,14.973,0.0,387.7,4.543,88.898,983.383
2025-03-28 21:00:00,1.016,14.973,0.0,373.003,7.974,92.555,1001.335
2025-03-28 22:00:00,0.388,14.973,0.0,397.642,4.264,83.787,981.804
2025-03-28 23:00:00,0.665,14.973,0.0,416.79,8.173,94.239,1004.557
2025-03-29 00:00:00,0.93,14.984,0.0,394.859,6.886,86.964,981.241
2025-03-29 01:00:00,0.606,14.984,129.41,320.368,8.95,70.171,998.309
2025-03-29 02:00:00,3.187,14.984,250.0,344.1,7.342,71.334,981.588
2025-03-29 03:00:00,4.005,14.984,353.553,320.715,5.201,91.619,981.929
2025-03-29 04:00:00,1.382,14.984,433.013,376.741,8.693,75.284,999.27
2025-03-29 05:00:00,0.34,14.984,482.963,331.612,8.695,86.631,992.915
2025-03-29 06:00:00,1.635,14.984,500.0,338.693,6.213,84.06,1014.243
2025-03-29 07:00:00,3.126,14.984,482.963,399.685,6.207,73.862,1004.922
2025-03-29 08:00:00,1.194,14.984,433.013,360.194,5.089,79.934,1011.946
2025-03-29 09:00:00,0.768,14.984,353.553,393.07,9.71,91.017,982.982
2025-03-29 10:00:00,0.33,14.984,250.0,365.093,6.284,77.698,1015.865
2025-03-29 11:00:00,0.75,14.984,129.41,361.918,8.217,91.235,1015.442
2025-03-29 12:00:00,0.683,14.984,0.0,322.186,9.243,71.2,995.358
2025-03-29 13:00:00,0.212,14.984,0.0,394.931,5.599,80.663,989.456
2025-03-29 14:00:00,0.627,14.984,0.0,327.935,7.023,82.723,1016.971
2025-03-29 15:00:00,0.439,14.984,0.0,373.844,4.159,90.634,1008.406
2025-03-29 16:00:00,0.685,14.984,0.0,409.314,4.889,70.702,999.088
2025-03-29 17:00:00,3.025,14.984,0.0,395.952,6.012,76.268,980.33
2025-03-29 18:00:00,2.92,14.984,0.0,353.038,7.205,87.436,1006.236
2025-03-29 19:00:00,1.642,14.984,0.0,390.772,5.377,75.249,985.749
2025-03-29 20:00:00,3.524,14.984,0.0,383.852,8.744,79.115,998.888
2025-03-29 21:00:00,0.3,14.984,0.0,381.503,5.01,89.438,995.275
2025-03-29 22:00:00,2.312,14.984,0.0,350.925,5.831,81.139,1015.975
2025-03-29 23:00:00,1.55,14.984,0.0,356.39,4.994,82.703,1007.713
2025-03-30 00:00:00,1.88,14.993,0.0,333.653,9.932,83.583,1002.746
2025-03-30 01:00:00,0.85,14.993,129.41,387.078,6.25,91.744,1001.234
2025-03-30 02:00:00,2.068,14.993,250.0,376.435,5.188,76.17,999.986
2025-03-30 03:00:00,0.33,14.993,353.553,300.645,8.43,85.853,1000.485
2025-03-30 04:00:00,0.132,14.993,433.013,326.511,9.928,84.39,982.601
2025-03-30 05:00:00,4.124,14.993,482.963,327.585,6.349,91.866,980.504
2025-03-30 06:00:00,0.769,14.993,500.0,394.784,8.951,89.386,985.195
2025-03-30 07:00:00,2.042,14.993,482.963,340.113,5.136,89.827,996.115
2025-03-30 08:00:00,3.62,14.993,433.013,307.876,4.154,82.019,986.211
2025-03-30 09:00:00,3.47,14.993,353.553,319.655,9.703,83.817,994.291
2025-03-30 10:00:00,0.375,14.993,250.0,417.283,6.736,73.441,1004.656
2025-03-30 11:00:00,0.874,14.993,129.41,391.61,8.945,72.878,1004.725
2025-03-30 12:00:00,0.839,14.993,0.0,341.275,4.513,82.089,1001.976
2025-03-30 13:00:00,0.949,14.993,0.0,357.793,9.514,90.274,987.277
2025-03-30 14:00:00,0.244,14.993,0.0,358.706,9.089,89.318,1018.467
2025-03-30 15:00:00,0.285,14.993,0.0,376.546,5.091,85.273,1016.751
2025-03-30 16:00:00,1.162,14.993,0.0,334.674,9.474,85.037,1002.441
2025-03-30 17:00:00,2.676,14.993,0.0,359.477,4.74,93.515,993.391
2025-03-30 18:00:00,1.797,14.993,0.0,349.627,8.356,83.239,1016.902
2025-03-30 19:00:00,0.827,14.993,0.0,380.74,6.194,87.174,1001.806
2025-03-30 20:00:00,4.567,14.993,0.0,390.072,5.495,90.979,991.136
2025-03-30 21:00:00,2.093,14.993,0.0,336.699,6.205,77.94,1017.864
2025-03-30 22:00:00,0.444,14.993,0.0,353.823,6.083,88.057,1016.659
2025-03-30 23:00:00,0.405,14.993,0.0,363.339,4.45,81.292,1007.048
2025-03-31 00:00:00,1.889,14.998,0.0,403.925,8.512,74.877,988.416
2025-03-31 01:00:00,3.276,14.998,129.41,376.232,6.079,79.179,987.27
2025-03-31 02:00:00,0.886,14.998,250.0,331.723,8.808,75.179,996.595
2025-03-31 03:00:00,1.873,14.998,353.553,320.417,6.667,90.517,1010.959
2025-03-31 04:00:00,2.434,14.998,433.013,403.126,7.826,73.336,996.692
2025-03-31 05:00:00,3.456,14.998,482.963,382.266,4.088,76.183,998.922
2025-03-31 06:00:00,1.713,14.998,500.0,355.721,5.292,92.469,994.588
2025-03-31 07:00:00,2.706,14.998,482.963,368.675,4.624,71.171,1011.938
2025-03-31 08:00:00,2.464,14.998,433.013,360.94,6.987,87.617,992.094
2025-03-31 09:00:00,1.822,14.998,353.553,366.313,6.986,91.203,1000.98
2025-03-31 10:00:00,0.556,14.998,250.0,307.527,6.272,86.0,1011.995
2025-03-31 11:00:00,1.42,14.998,129.41,344.065,7.596,94.341,996.547
2025-03-31 12:00:00,0.434,14.998,0.0,328.857,4.012,78.96,1014.737
2025-03-31 13:00:00,0.754,14.998,0.0,352.793,6.164,79.596,1013.869
2025-03-31 14:00:00,1.518,14.998,0.0,369.743,9.04,91.263,989.573
2025-03-31 15:00:00,0.342,14.998,0.0,353.244,4.702,80.373,1015.268
2025-03-31 16:00:00,2.291,14.998,0.0,410.96,4.587,72.145,1006.093
2025-03-31 17:00:00,0.324,14.998,0.0,383.344,4.144,79.605,1010.892
2025-03-31 18:00:00,0.695,14.998,0.0,344.266,8.746,83.239,984.557
2025-03-31 19:00:00,0.565,14.998,0.0,353.42,6.307,91.114,986.664
2025-03-31 20:00:00,0.091,14.998,0.0,336.045,5.083,71.105,1010.29
2025-03-31 21:00:00,0.105,14.998,0.0,413.464,6.156,80.837,996.648
2025-03-31 22:00:00,3.597,14.998,0.0,399.017,5.395,84.998,1013.093
2025-03-31 23:00:00,1.472,14.998,0.0,414.044,9.099,73.291,980.318
2025-04-01 00:00:00,2.565,15.0,0.0,401.469,8.541,83.196,1000.222
2025-04-01 01:00:00,0.76,15.0,129.41,313.449,5.418,94.872,996.23
2025-04-01 02:00:00,3.849,15.0,250.0,374.018,9.784,81.412,991.767
2025-04-01 03:00:00,0.371,15.0,353.553,392.863,6.451,75.092,998.593
2025-04-01 04:00:00,1.176,15.0,433.013,355.069,4.219,78.987,1001.31
2025-04-01 05:00:00,1.062,15.0,482.963,391.148,5.25,94.452,980.858
2025-04-01 06:00:00,1.168,15.0,500.0,396.173,7.006,92.453,1014.046
2025-04-01 07:00:00,0.239,15.0,482.963,358.585,5.284,91.22,992.669
2025-04-01 08:00:00,2.266,15.0,433.013,317.607,4.973,81.875,990.339
2025-04-01 09:00:00,0.251,15.0,353.553,376.752,7.628,83.628,1005.905
2025-04-01 10:00:00,1.453,15.0,250.0,332.631,7.248,78.143,987.256
2025-04-01 11:00:00,1.277,15.0,129.41,365.659,7.444,87.441,1017.605
2025-04-01 12:00:00,0.714,15.0,0.0,390.678,6.214,73.199,982.463
2025-04-01 13:00:00,1.372,15.0,0.0,341.841,7.058,92.41,983.049
2025-04-01 14:00:00,0.855,15.0,0.0,348.281,6.697,82.286,1005.04
2025-04-01 15:00:00,5.498,15.0,0.0,370.264,6.061,76.577,996.827
2025-04-01 16:00:00,1.176,15.0,0.0,417.302,9.919,93.998,994.306
2025-04-01 17:00:00,1.505,15.0,0.0,351.412,8.148,82.311,1012.361
2025-04-01 18:00:00,0.678,15.0,0.0,357.804,9.574,92.985,983.959
2025-04-01 19:00:00,2.146,15.0,0.0,380.832,9.643,84.048,996.278
2025-04-01 20:00:00,3.357,15.0,0.0,369.997,5.758,90.071,1016.879
2025-04-01 21:00:00,2.336,15.0,0.0,362.864,5.966,88.498,1017.71
2025-04-01 22:00:00,2.801,15.0,0.0,345.68,8.035,74.441,1015.467
2025-04-01 23:00:00,0.244,15.0,0.0,370.285,7.619,79.439,983.558
2025-04-02 00:00:00,0.518,14.999,0.0,303.349,6.6,81.138,1014.057
2025-04-02 01:00:00,0.719,14.999,129.41,397.863,6.118,92.907,992.426
2025-04-02 02:00:00,1.302,14.999,250.0,364.513,5.276,80.186,983.599
2025-04-02 03:00:00,0.888,14.999,353.553,380.654,4.591,86.529,1015.112
2025-04-02 04:00:00,1.853,14.999,433.013,407.241,8.136,82.337,983.265
2025-04-02 05:00:00,0.628,14.999,482.963,327.388,8.837,81.342,1002.877
2025-04-02 06:00:00,0.367,14.999,500.0,334.783,5.665,94.28,982.931
2025-04-02 07:00:00,0.223,14.999,482.963,376.387,6.707,79.236,984.501
2025-04-02 08:00:00,1.151,14.999,433.013,388.236,9.422,71.41,984.114
2025-04-02 09:00:00,0.336,14.999,353.553,312.108,7.619,87.923,997.135
2025-04-02 10:00:00,0.57,14.999,250.0,405.426,5.428,91.583,995.069
2025-04-02 11:00:00,0.446,14.999,129.41,314.187,6.366,84.513,1017.659
2025-04-02 12:00:00,1.471,14.999,0.0,314.007,9.357,75.651,986.78
2025-04-02 13:00:00,2.494,14.999,0.0,316.397,8.904,93.658,1002.68
2025-04-02 14:00:00,1.264,14.999,0.0,300.56,5.723,73.992,1003.996
2025-04-02 15:00:00,0.674,14.999,0.0,356.399,5.476,94.916,1000.06
2025-04-02 16:00:00,1.71,14.999,0.0,353.305,5.459,83.522,989.967
2025-04-02 17:00:00,0.372,14.999,0.0,306.03,7.791,81.53,986.679
2025-04-02 18:00:00,1.773,14.999,0.0,330.729,5.282,77.771,981.531
2025-04-02 19:00:00,0.459,14.999,0.0,377.362,9.595,91.528,1001.03
2025-04-02 20:00:00,2.819,14.999,0.0,361.959,7.76,82.563,1004.463
2025-04-02 21:00:00,1.419,14.999,0.0,352.957,8.217,79.253,998.662
2025-04-02 22:00:00,0.475,14.999,0.0,339.578,5.433,76.33,1014.644
2025-04-02 23:00:00,0.225,14.999,0.0,337.68,8.204,92.971,1002.221
2025-04-03 00:00:00,1.927,14.995,0.0,407.975,7.052,84.661,1007.014
2025-04-03 01:00:00,0.26,14.995,129.41,307.695,9.33,90.926,991.47
2025-04-03 02:00:00,0.258,14.995,250.0,395.539,9.69,90.859,1018.746
2025-04-03 03:00:00,1.369,14.995,353.553,303.48,5.855,70.539,1002.139
2025-04-03 04:00:00,3.233,14.995,433.013,368.843,8.923,80.607,981.09
2025-04-03 05:00:00,0.853,14.995,482.963,322.703,8.848,82.329,985.625
2025-04-03 06:00:00,0.498,14.995,500.0,316.537,7.505,73.198,998.629
2025-04-03 07:00:00,1.417,14.995,482.963,418.494,5.979,83.7,991.215
2025-04-03 08:00:00,0.542,14.995,433.013,340.15,9.87,92.676,981.914
2025-04-03 09:00:00,0.218,14.995,353.553,320.983,7.903,93.496,986.066
2025-04-03 10:00:00,2.558,14.995,250.0,311.003,7.027,84.37,1007.747
2025-04-03 11:00:00,0.216,14.995,129.41,408.655,5.236,73.34,986.082
2025-04-03 12:00:00,0.464,14.995,0.0,388.922,9.507,91.98,1002.697
2025-04-03 13:00:00,1.261,14.995,0.0,394.468,4.159,75.216,1008.046
2025-04-03 14:00:00,0.242,14.995,0.0,419.286,7.69,93.306,1016.36
2025-04-03 15:00:00,0.855,14.995,0.0,376.354,8.457,81.95,1009.265
2025-04-03 16:00:00,2.342,14.995,0.0,361.001,4.593,90.455,1003.933
2025-04-03 17:00:00,0.391,14.995,0.0,398.722,9.829,89.068,988.222
2025-04-03 18:00:00,2.386,14.995,0.0,380.608,8.065,89.442,1005.131
2025-04-03 19:00:00,0.806,14.995,0.0,352.907,5.256,94.357,1015.882
2025-04-03 20:00:00,1.502,14.995,0.0,344.152,8.597,90.137,1015.684
2025-04-03 21:00:00,0.433,14.995,0.0,336.944,8.342,74.317,995.386
2025-04-03 22:00:00,2.827,14.995,0.0,392.094,7.679,93.92,988.183
2025-04-03 23:00:00,0.458,14.995,0.0,376.341,5.225,84.004,1005.066
2025-04-04 00:00:00,0.462,14.989,0.0,388.859,5.702,70.831,985.688
2025-04-04 01:00:00,1.426,14.989,129.41,389.489,9.846,83.289,998.861
2025-04-04 02:00:00,0.984,14.989,250.0,379.748,4.318,82.424,1002.705
2025-04-04 03:00:00,1.66,14.989,353.553,306.18,6.839,79.893,988.896
2025-04-04 04:00:00,1.059,14.989,433.013,358.667,8.155,86.777,986.077
2025-04-04 05:00:00,1.065,14.989,482.963,412.27,6.094,86.628,1018.442
2025-04-04 06:00:00,1.645,14.989,500.0,308.972,6.243,76.948,997.861
2025-04-04 07:00:00,1.118,14.989,482.963,346.81,7.429,88.18,992.519
2025-04-04 08:00:00,0.777,14.989,433.013,396.871,8.748,93.691,1001.879
2025-04-04 09:00:00,2.2,14.989,353.553,408.974,4.236,72.175,988.977
2025-04-04 10:00:00,2.364,14.989,250.0,418.264,8.332,74.12,993.078
2025-04-04 11:00:00,1.361,14.989,129.41,383.47,8.362,77.157,990.732
2025-04-04 12:00:00,6.589,14.989,0.0,300.529,6.439,84.644,1013.89
2025-04-04 13:00:00,0.656,14.989,0.0,402.549,5.742,82.674,1010.777
2025-04-04 14:00:00,0.074,14.989,0.0,338.567,4.686,85.044,997.605
2025-04-04 15:00:00,0.075,14.989,0.0,327.995,9.529,94.358,988.858
2025-04-04 16:00:00,1.05,14.989,0.0,405.823,5.775,73.685,991.85
2025-04-04 17:00:00,2.258,14.989,0.0,313.395,7.011,90.275,1013.195
2025-04-04 18:00:00,0.493,14.989,0.0,354.495,5.07,72.269,998.558
2025-04-04 19:00:00,2.867,14.989,0.0,341.076,7.618,82.793,1012.965
2025-04-04 20:00:00,0.293,14.989,0.0,315.575,5.933,85.679,1003.382
2025-04-04 21:00:00,0.384,14.989,0.0,344.889,7.011,84.198,998.226
2025-04-04 22:00:00,1.815,14.989,0.0,378.647,4.805,88.804,1008.517
2025-04-04 23:00:00,0.826,14.989,0.0,307.842,8.225,94.097,1016.238
2025-04-05 00:00:00,1.846,14.979,0.0,374.079,7.971,73.13,999.785
2025-04-05 01:00:00,0.597,14.979,129.41,366.2,4.471,83.014,986.255
2025-04-05 02:00:00,0.859,14.979,250.0,302.38,7.428,92.554,1012.19
2025-04-05 03:00:00,2.555,14.979,353.553,319.746,4.662,77.125,989.572
2025-04-05 04:00:00,2.843,14.979,433.013,302.3,5.715,82.668,1005.075
2025-04-05 05:00:00,0.69,14.979,482.963,355.082,7.516,94.624,988.01
2025-04-05 06:00:00,0.723,14.979,500.0,368.639,5.696,90.751,1010.636
2025-04-05 07:00:00,6.478,14.979,482.963,380.38,5.041,91.406,1013.644
2025-04-05 08:00:00,0.334,14.979,433.013,320.81,7.345,84.515,985.905
2025-04-05 09:00:00,0.379,14.979,353.553,367.706,5.476,72.398,981.298
2025-04-05 10:00:00,4.736,14.979,250.0,414.062,6.078,92.204,1016.189
2025-04-05 11:00:00,0.701,14.979,129.41,412.602,5.445,87.748,999.529
2025-04-05 12:00:00,0.493,14.979,0.0,386.867,4.628,90.183,983.743
2025-04-05 13:00:00,0.354,14.979,0.0,354.324,5.821,91.432,1004.604
2025-04-05 14:00:00,2.324,14.979,0.0,341.322,7.717,70.193,992.554
2025-04-05 15:00:00,2.637,14.979,0.0,379.428,5.252,90.208,1003.357
2025-04-05 16:00:00,2.918,14.979,0.0,409.398,7.743,72.32,980.662
2025-04-05 17:00:00,6.134,14.979,0.0,306.103,4.306,78.573,1018.883
2025-04-05 18:00:00,0.694,14.979,0.0,348.508,9.526,79.748,1014.145
2025-04-05 19:00:00,2.52,14.979,0.0,331.818,6.56,74.415,1001.264
2025-04-05 20:00:00,2.118,14.979,0.0,322.424,5.924,78.101,980.43
2025-04-05 21:00:00,1.722,14.979,0.0,358.785,5.147,85.805,982.284
2025-04-05 22:00:00,2.322,14.979,0.0,354.143,5.008,70.499,1006.053
2025-04-05 23:00:00,2.705,14.979,0.0,418.94,5.59,84.561,1000.598
2025-04-06 00:00:00,0.234,14.967,0.0,366.095,8.006,83.061,1014.119
2025-04-06 01:00:00,0.407,14.967,129.41,353.811,5.981,72.262,1011.707
2025-04-06 02:00:00,2.099,14.967,250.0,403.328,4.122,89.118,987.024
2025-04-06 03:00:00,4.465,14.967,353.553,389.839,6.168,90.356,1019.512
2025-04-06 04:00:00,0.913,14.967,433.013,349.667,6.633,84.249,1004.866
2025-04-06 05:00:00,0.439,14.967,482.963,344.499,4.417,90.272,1002.606
2025-04-06 06:00:00,2.652,14.967,500.0,353.159,8.181,92.252,1006.258
2025-04-06 07:00:00,1.439,14.967,482.963,327.644,7.994,85.913,1000.093
2025-04-06 08:00:00,1.193,14.967,433.013,337.189,8.187,87.674,996.033
2025-04-06 09:00:00,2.723,14.967,353.553,352.825,6.666,79.158,987.178
2025-04-06 10:00:00,2.282,14.967,250.0,385.302,7.751,74.434,986.552
2025-04-06 11:00:00,2.258,14.967,129.41,346.8,5.28,76.819,1012.731
2025-04-06 12:00:00,0.131,14.967,0.0,301.177,6.609,77.043,984.594
2025-04-06 13:00:00,3.535,14.967,0.0,315.111,8.521,87.815,999.581
2025-04-06 14:00:00,2.187,14.967,0.0,351.481,4.53,76.42,1018.703
2025-04-06 15:00:00,2.806,14.967,0.0,339.742,9.048,81.869,986.312
2025-04-06 16:00:00,0.367,14.967,0.0,367.903,7.577,70.095,992.136
2025-04-06 17:00:00,1.264,14.967,0.0,359.552,4.26,76.713,1006.14
2025-04-06 18:00:00,0.307,14.967,0.0,342.101,7.408,79.712,988.471
2025-04-06 19:00:00,0.371,14.967,0.0,303.523,8.676,87.09,987.763
2025-04-06 20:00:00,0.18,14.967,0.0,324.944,7.823,87.929,1016.851
2025-04-06 21:00:00,1.476,14.967,0.0,310.328,8.989,78.342,1019.917
2025-04-06 22:00:00,0.325,14.967,0.0,326.757,7.076,86.564,1008.092
2025-04-06 23:00:00,2.234,14.967,0.0,384.814,9.938,89.652,1008.56
2025-04-07 00:00:00,1.816,14.951,0.0,319.091,7.899,70.159,991.504
2025-04-07 01:00:00,2.131,14.951,129.41,371.908,4.1,70.444,984.815
2025-04-07 02:00:00,0.79,14.951,250.0,405.287,5.702,71.621,1011.622
2025-04-07 03:00:00,0.293,14.951,353.553,325.918,8.594,82.852,997.037
2025-04-07 04:00:00,1.321,14.951,433.013,408.942,6.468,71.039,1009.199
2025-04-07 05:00:00,1.813,14.951,482.963,327.441,5.821,86.279,989.688
2025-04-07 06:00:00,0.749,14.951,500.0,366.323,5.98,86.2,986.402
2025-04-07 07:00:00,3.35,14.951,482.963,403.919,7.529,76.376,996.912
2025-04-07 08:00:00,1.751,14.951,433.013,308.27,4.597,91.9,1018.475
2025-04-07 09:00:00,1.972,14.951,353.553,304.262,5.256,75.959,1017.694
2025-04-07 10:00:00,0.717,14.951,250.0,384.801,7.141,77.823,998.557
2025-04-07 11:00:00,0.096,14.951,129.41,410.861,5.099,89.991,981.384
2025-04-07 12:00:00,0.693,14.951,0.0,301.313,8.86,79.436,1010.332
2025-04-07 13:00:00,2.623,14.951,0.0,414.481,7.663,72.734,981.18
2025-04-07 14:00:00,1.347,14.951,0.0,387.445,6.729,94.478,987.597
2025-04-07 15:00:00,0.328,14.951,0.0,313.263,6.148,72.025,981.489
2025-04-07 16:00:00,1.146,14.951,0.0,336.196,7.491,94.038,989.14
2025-04-07 17:00:00,0.741,14.951,0.0,304.743,4.708,71.666,982.077
2025-04-07 18:00:00,0.889,14.951,0.0,317.012,9.875,93.534,995.637
2025-04-07 19:00:00,0.101,14.951,0.0,336.9,6.801,86.41,997.067
2025-04-07 20:00:00,2.613,14.951,0.0,378.734,6.414,85.88,996.054
2025-04-07 21:00:00,0.794,14.951,0.0,304.39,6.807,75.249,998.575
2025-04-07 22:00:00,1.084,14.951,0.0,324.718,5.934,84.122,981.032
2025-04-07 23:00:00,0.661,14.951,0.0,306.133,8.033,77.162,980.368
2025-04-08 00:00:00,1.513,14.933,0.0,337.232,9.468,83.839,998.454
2025-04-08 01:00:00,0.597,14.933,129.41,347.997,7.188,70.384,1005.155
2025-04-08 02:00:00,0.792,14.933,250.0,384.318,7.116,87.178,1013.992
2025-04-08 03:00:00,1.964,14.933,353.553,323.932,4.967,79.722,1009.811
2025-04-08 04:00:00,0.367,14.933,433.013,409.344,6.144,93.011,995.943
2025-04-08 05:00:00,1.459,14.933,482.963,325.585,4.042,82.834,999.003
2025-04-08 06:00:00,3.753,14.933,500.0,363.395,7.606,91.885,1017.756
2025-04-08 07:00:00,1.986,14.933,482.963,401.836,4.33,74.241,985.91
2025-04-08 08:00:00,2.035,14.933,433.013,367.364,8.119,84.951,984.597
2025-04-08 09:00:00,1.263,14.933,353.553,375.242,7.711,88.714,1016.056
2025-04-08 10:00:00,0.726,14.933,250.0,385.986,9.113,72.25,981.481
2025-04-08 11:00:00,1.774,14.933,129.41,327.769,4.015,72.845,995.069
2025-04-08 12:00:00,3.734,14.933,0.0,366.572,8.064,74.979,987.27
2025-04-08 13:00:00,1.014,14.933,0.0,318.487,9.866,94.749,1016.099
2025-04-08 14:00:00,1.601,14.933,0.0,396.856,7.497,90.511,981.99
2025-04-08 15:00:00,1.416,14.933,0.0,302.618,9.792,86.247,1016.015
2025-04-08 16:00:00,0.559,14.933,0.0,411.004,4.279,93.555,988.891
2025-04-08 17:00:00,0.687,14.933,0.0,317.392,4.104,76.697,1018.71
2025-04-08 18:00:00,1.315,14.933,0.0,382.313,6.381,74.569,996.997
2025-04-08 19:00:00,1.307,14.933,0.0,407.93,6.952,94.046,1013.298
2025-04-08 20:00:00,1.554,14.933,0.0,342.901,4.353,89.979,1004.854
2025-04-08 21:00:00,0.717,14.933,0.0,378.811,5.166,94.757,986.089
2025-04-08 22:00:00,0.373,14.933,0.0,358.216,5.692,85.168,981.816
2025-04-08 23:00:00,1.517,14.933,0.0,315.519,6.425,89.728,1011.459
2025-04-09 00:00:00,1.743,14.911,0.0,354.695,8.82,76.285,1006.834
2025-04-09 01:00:00,4.671,14.911,129.41,416.058,8.264,86.511,1002.405
2025-04-09 02:00:00,1.653,14.911,250.0,375.019,8.191,78.219,1009.338
2025-04-09 03:00:00,1.639,14.911,353.553,373.336,7.094,79.564,1013.541
2025-04-09 04:00:00,1.484,14.911,433.013,415.299,7.012,89.958,1010.821
2025-04-09 05:00:00,1.577,14.911,482.963,334.849,6.871,93.035,992.138
2025-04-09 06:00:00,1.451,14.911,500.0,400.045,8.684,78.655,1003.409
2025-04-09 07:00:00,1.582,14.911,482.963,333.715,5.142,92.048,984.186
2025-04-09 08:00:00,0.906,14.911,433.013,417.28,4.794,94.041,1015.218
2025-04-09 09:00:00,2.965,14.911,353.553,386.876,6.552,85.542,1009.982
2025-04-09 10:00:00,1.291,14.911,250.0,366.247,9.695,88.671,1008.056
2025-04-09 11:00:00,1.437,14.911,129.41,319.261,9.796,73.327,1001.22
2025-04-09 12:00:00,1.867,14.911,0.0,411.06,9.523,92.564,1003.911
2025-04-09 13:00:00,2.585,14.911,0.0,393.931,9.648,79.358,991.632
2025-04-09 14:00:00,1.387,14.911,0.0,338.818,8.224,75.293,988.739
2025-04-09 15:00:00,2.034,14.911,0.0,307.239,8.157,88.055,1012.216
2025-04-09 16:00:00,3.133,14.911,0.0,352.258,8.382,86.993,1002.529
2025-04-09 17:00:00,3.725,14.911,0.0,314.999,9.785,90.187,993.48
2025-04-09 18:00:00,0.977,14.911,0.0,330.248,6.31,91.403,1011.4
2025-04-09 19:00:00,0.634,14.911,0.0,390.623,8.178,75.427,980.349
2025-04-09 20:00:00,2.093,14.911,0.0,397.712,7.422,82.137,990.993
2025-04-09 21:00:00,5.546,14.911,0.0,360.957,6.948,78.106,1001.185
2025-04-09 22:00:00,7.167,14.911,0.0,408.41,4.878,86.359,1002.002
2025-04-09 23:00:00,0.983,14.911,0.0,339.54,5.005,90.766,1017.288
2025-04-10 00:00:00,0.639,14.887,0.0,418.028,9.128,78.916,983.049
2025-04-10 01:00:00,0.554,14.887,129.41,365.764,9.576,76.153,987.904
2025-04-10 02:00:00,1.408,14.887,250.0,403.417,5.126,76.527,1015.821
2025-04-10 03:00:00,1.137,14.887,353.553,380.467,6.764,76.164,1008.202
2025-04-10 04:00:00,1.735,14.887,433.013,321.462,4.154,75.847,995.406
2025-04-10 05:00:00,1.439,14.887,482.963,411.805,9.723,79.978,1002.746
2025-04-10 06:00:00,0.416,14.887,500.0,367.847,5.962,72.883,1013.385
2025-04-10 07:00:00,1.306,14.887,482.963,401.961,4.86,79.951,987.886
2025-04-10 08:00:00,1.225,14.887,433.013,366.958,6.372,74.501,995.95
2025-04-10 09:00:00,1.228,14.887,353.553,353.355,6.67,79.858,982.743
2025-04-10 10:00:00,1.036,14.887,250.0,374.531,4.734,76.87,994.82
2025-04-10 11:00:00,1.548,14.887,129.41,385.315,9.893,71.564,985.611
2025-04-10 12:00:00,0.41,14.887,0.0,404.72,7.911,86.293,1003.085
2025-04-10 13:00:00,0.487,14.887,0.0,414.183,7.706,82.972,1018.608
2025-04-10 14:00:00,0.997,14.887,0.0,415.954,4.652,90.445,1018.746
2025-04-10 15:00:00,3.44,14.887,0.0,373.986,6.031,91.695,1010.288
2025-04-10 16:00:00,2.89,14.887,0.0,344.176,8.223,74.059,988.36
2025-04-10 17:00:00,1.177,14.887,0.0,326.523,8.451,86.072,983.161
2025-04-10 18:00:00,0.099,14.887,0.0,381.845,6.567,87.385,1017.425
2025-04-10 19:00:00,2.697,14.887,0.0,339.826,4.93,70.307,1000.187
2025-04-10 20:00:00,1.359,14.887,0.0,326.863,4.163,75.336,1013.105
2025-04-10 21:00:00,0.374,14.887,0.0,374.916,5.369,70.339,1018.59
2025-04-10 22:00:00,1.828,14.887,0.0,354.409,6.355,88.95,991.9
2025-04-10 23:00:00,2.28,14.887,0.0,337.39,9.215,80.561,997.77
2025-04-11 00:00:00,0.622,14.859,0.0,376.122,7.676,77.121,1011.61
2025-04-11 01:00:00,2.027,14.859,129.41,415.089,8.603,87.927,1008.691
2025-04-11 02:00:00,2.46,14.859,250.0,404.126,5.519,83.374,987.107
2025-04-11 03:00:00,0.158,14.859,353.553,390.294,4.269,80.111,983.21
2025-04-11 04:00:00,1.135,14.859,433.013,417.701,7.856,86.357,1000.136
2025-04-11 05:00:00,1.431,14.859,482.963,335.261,5.78,91.725,994.999
2025-04-11 06:00:00,1.249,14.859,500.0,325.06,6.702,78.189,1000.916
2025-04-11 07:00:00,1.049,14.859,482.963,372.507,4.334,83.77,990.913
2025-04-11 08:00:00,0.037,14.859,433.013,402.535,8.544,81.339,997.584
2025-04-11 09:00:00,1.009,14.859,353.553,339.982,4.678,77.433,987.288
2025-04-11 10:00:00,2.944,14.859,250.0,388.57,4.639,77.805,1010.489
2025-04-11 11:00:00,3.302,14.859,129.41,307.395,5.411,85.827,1004.276
2025-04-11 12:00:00,1.717,14.859,0.0,415.353,9.288,83.188,1013.177
2025-04-11 13:00:00,2.761,14.859,0.0,363.503,4.367,84.57,991.774
2025-04-11 14:00:00,2.481,14.859,0.0,366.267,6.224,70.133,990.168
2025-04-11 15:00:00,0.972,14.859,0.0,390.771,4.476,93.751,1004.195
2025-04-11 16:00:00,1.706,14.859,0.0,355.457,6.634,84.666,995.857
2025-04-11 17:00:00,3.025,14.859,0.0,312.485,8.383,91.306,986.234
2025-04-11 18:00:00,0.893,14.859,0.0,403.132,7.558,74.061,989.386
2025-04-11 19:00:00,1.526,14.859,0.0,382.336,9.002,90.623,1003.628
2025-04-11 20:00:00,1.017,14.859,0.0,404.802,7.125,85.631,982.699
2025-04-11 21:00:00,0.961,14.859,0.0,351.589,5.593,77.125,980.915
2025-04-11 22:00:00,1.703,14.859,0.0,311.983,9.009,86.364,1014.831
2025-04-11 23:00:00,1.125,14.859,0.0,320.47,9.758,92.974,1006.341
2025-04-12 00:00:00,0.336,14.829,0.0,399.637,8.031,89.871,989.036
2025-04-12 01:00:00,1.109,14.829,129.41,402.1,5.838,86.204,989.325
2025-04-12 02:00:00,2.413,14.829,250.0,385.006,8.642,86.044,1009.525
2025-04-12 03:00:00,0.567,14.829,353.553,359.49,7.815,80.297,993.397
2025-04-12 04:00:00,1.853,14.829,433.013,371.311,5.079,77.013,1009.468
2025-04-12 05:00:00,0.055,14.829,482.963,402.962,9.688,78.584,1011.483
2025-04-12 06:00:00,0.831,14.829,500.0,382.984,6.417,73.51,1010.482
2025-04-12 07:00:00,2.21,14.829,482.963,390.263,6.594,88.143,982.478
2025-04-12 08:00:00,1.533,14.829,433.013,358.341,6.745,74.66,997.51
2025-04-12 09:00:00,3.703,14.829,353.553,324.968,7.858,83.63,986.545
2025-04-12 10:00:00,0.369,14.829,250.0,367.452,8.379,88.992,1004.186
2025-04-12 11:00:00,0.796,14.829,129.41,364.958,7.362,84.245,1007.475
2025-04-12 12:00:00,1.095,14.829,0.0,397.257,7.884,73.459,1002.199
2025-04-12 13:00:00,1.016,14.829,0.0,339.567,4.515,78.656,983.178
2025-04-12 14:00:00,1.531,14.829,0.0,357.523,9.664,71.654,1014.954
2025-04-12 15:00:00,0.73,14.829,0.0,350.732,4.901,81.5,1019.24
2025-04-12 16:00:00,1.366,14.829,0.0,389.875,7.316,70.772,986.025
2025-04-12 17:00:00,3.246,14.829,0.0,375.933,7.472,77.403,1006.643
2025-04-12 18:00:00,1.544,14.829,0.0,400.428,4.943,79.588,1014.187
2025-04-12 19:00:00,5.295,14.829,0.0,415.136,5.434,89.379,1016.713
2025-04-12 20:00:00,0.227,14.829,0.0,318.89,6.52,80.555,984.309
2025-04-12 21:00:00,1.312,14.829,0.0,337.6,4.722,83.11,1008.029
2025-04-12 22:00:00,0.46,14.829,0.0,339.065,4.789,74.371,998.633
2025-04-12 23:00:00,2.312,14.829,0.0,322.742,5.248,89.82,1014.784
2025-04-13 00:00:00,1.198,14.796,0.0,375.787,6.937,79.299,990.086
2025-04-13 01:00:00,0.768,14.796,129.41,402.817,7.643,80.742,1010.562
2025-04-13 02:00:00,0.052,14.796,250.0,352.218,7.097,79.227,998.999
2025-04-13 03:00:00,2.559,14.796,353.553,333.735,5.177,74.911,1016.688
2025-04-13 04:00:00,0.421,14.796,433.013,395.452,5.796,93.928,985.428
2025-04-13 05:00:00,2.796,14.796,482.963,306.289,8.566,91.66,994.131
2025-04-13 06:00:00,1.128,14.796,500.0,332.114,8.293,77.112,1004.331
2025-04-13 07:00:00,1.934,14.796,482.963,350.258,4.697,83.124,983.848
2025-04-13 08:00:00,0.924,14.796,433.013,384.68,5.212,87.332,1012.025
2025-04-13 09:00:00,0.773,14.796,353.553,312.701,7.75,83.887,989.973
2025-04-13 10:00:00,2.074,14.796,250.0,413.952,5.403,71.029,980.497
2025-04-13 11:00:00,3.387,14.796,129.41,408.476,5.593,78.802,1015.098
2025-04-13 12:00:00,0.185,14.796,0.0,318.889,5.458,74.636,1011.188
2025-04-13 13:00:00,0.723,14.796,0.0,364.955,6.085,86.246,989.23
2025-04-13 14:00:00,1.737,14.796,0.0,330.328,7.063,72.052,980.811
2025-04-13 15:00:00,0.803,14.796,0.0,311.309,8.599,87.46,1007.386
2025-04-13 16:00:00,1.575,14.796,0.0,353.835,9.206,71.838,1012.202
2025-04-13 17:00:00,3.458,14.796,0.0,309.415,9.037,70.808,999.74
2025-04-13 18:00:00,1.51,14.796,0.0,400.825,9.116,79.613,984.595
2025-04-13 19:00:00,0.754,14.796,0.0,326.069,8.323,94.325,1007.399
2025-04-13 20:00:00,2.218,14.796,0.0,346.741,6.551,77.192,995.093
2025-04-13 21:00:00,3.643,14.796,0.0,331.239,8.446,83.689,1004.766
2025-04-13 22:00:00,2.375,14.796,0.0,401.68,8.279,76.31,998.712
2025-04-13 23:00:00,0.362,14.796,0.0,312.341,8.658,93.75,980.558
2025-04-14 00:00:00,0.551,14.76,0.0,386.921,5.609,91.989,991.045
2025-04-14 01:00:00,2.43,14.76,129.41,358.688,5.888,73.753,1017.101
2025-04-14 02:00:00,1.973,14.76,250.0,305.26,9.847,83.111,999.521
2025-04-14 03:00:00,2.253,14.76,353.553,392.626,7.165,78.971,997.118
2025-04-14 04:00:00,0.561,14.76,433.013,320.606,5.819,90.695,997.661
2025-04-14 05:00:00,0.194,14.76,482.963,380.145,7.015,85.488,1013.743
2025-04-14 06:00:00,0.179,14.76,500.0,383.622,9.968,85.247,985.364
2025-04-14 07:00:00,2.373,14.76,482.963,310.129,4.455,73.502,1016.703
2025-04-14 08:00:00,2.301,14.76,433.013,388.392,6.833,85.18,990.489
2025-04-14 09:00:00,1.074,14.76,353.553,364.163,5.149,73.999,986.041
2025-04-14 10:00:00,0.713,14.76,250.0,386.759,6.788,93.85,992.172
2025-04-14 11:00:00,4.157,14.76,129.41,371.534,7.517,76.955,998.557
2025-04-14 12:00:00,0.244,14.76,0.0,381.437,7.798,78.445,993.919
2025-04-14 13:00:00,5.139,14.76,0.0,395.881,5.226,71.724,1019.577
2025-04-14 14:00:00,3.706,14.76,0.0,334.772,8.849,92.763,1008.422
2025-04-14 15:00:00,3.888,14.76,0.0,390.339,6.63,72.921,1018.755
2025-04-14 16:00:00,0.481,14.76,0.0,333.314,5.898,87.254,997.572
2025-04-14 17:00:00,3.738,14.76,0.0,404.939,8.212,83.507,989.032
2025-04-14 18:00:00,1.018,14.76,0.0,318.629,6.18,82.221,1006.852
2025-04-14 19:00:00,2.253,14.76,0.0,335.57,9.604,70.393,1014.075
2025-04-14 20:00:00,1.191,14.76,0.0,392.109,6.879,82.42,982.999
2025-04-14 21:00:00,0.94,14.76,0.0,361.716,4.268,89.98,1000.209
2025-04-14 22:00:00,2.056,14.76,0.0,362.584,8.631,93.401,1001.782
2025-04-14 23:00:00,0.482,14.76,0.0,354.827,9.681,91.869,987.552
2025-04-15 00:00:00,2.518,14.721,0.0,413.642,6.122,82.469,1019.992
2025-04-15 01:00:00,1.375,14.721,129.41,348.458,9.024,74.831,991.331
2025-04-15 02:00:00,0.511,14.721,250.0,379.858,7.366,90.619,984.38
2025-04-15 03:00:00,1.482,14.721,353.553,303.13,5.718,89.288,998.49
2025-04-15 04:00:00,2.947,14.721,433.013,357.98,4.694,87.948,1012.354
2025-04-15 05:00:00,0.025,14.721,482.963,404.35,9.925,88.202,1016.254
2025-04-15 06:00:00,2.066,14.721,500.0,345.071,8.795,90.77,1009.831
2025-04-15 07:00:00,2.098,14.721,482.963,377.003,9.235,88.223,987.854
2025-04-15 08:00:00,3.134,14.721,433.013,322.728,6.012,78.358,997.864
2025-04-15 09:00:00,1.519,14.721,353.553,335.041,5.706,76.449,1009.072
2025-04-15 10:00:00,0.464,14.721,250.0,390.055,9.809,73.17,993.046
2025-04-15 11:00:00,0.777,14.721,129.41,331.983,5.374,76.833,1018.575
2025-04-15 12:00:00,1.412,14.721,0.0,413.541,9.251,72.913,1009.831
2025-04-15 13:00:00,1.267,14.721,0.0,316.361,9.969,94.247,986.363
2025-04-15 14:00:00,0.257,14.721,0.0,405.767,5.492,93.749,988.938
2025-04-15 15:00:00,0.117,14.721,0.0,344.259,4.577,77.663,1019.41
2025-04-15 16:00:00,1.242,14.721,0.0,403.946,8.041,89.36,992.762
2025-04-15 17:00:00,0.075,14.721,0.0,409.172,5.267,77.289,993.854
2025-04-15 18:00:00,3.613,14.721,0.0,309.971,5.582,79.366,1019.384
2025-04-15 19:00:00,0.429,14.721,0.0,337.094,4.011,85.839,1009.276
2025-04-15 20:00:00,0.668,14.721,0.0,336.977,4.645,79.366,1017.361
2025-04-15 21:00:00,0.5,14.721,0.0,359.12,7.913,79.699,991.625
2025-04-15 22:00:00,2.162,14.721,0.0,300.745,8.661,78.093,1005.397
2025-04-15 23:00:00,1.203,14.721,0.0,375.912,8.218,85.369,1018.86
2025-04-16 00:00:00,0.168,14.679,0.0,311.511,9.474,79.93,1002.823
2025-04-16 01:00:00,1.277,14.679,129.41,306.787,6.327,77.265,991.547
2025-04-16 02:00:00,1.288,14.679,250.0,345.111,4.133,74.021,1015.515
2025-04-16 03:00:00,1.06,14.679,353.553,344.212,5.796,85.962,991.738
2025-04-16 04:00:00,0.675,14.679,433.013,316.368,9.39,83.288,1002.326
2025-04-16 05:00:00,2.971,14.679,482.963,417.177,9.833,92.06,1002.233
2025-04-16 06:00:00,0.574,14.679,500.0,322.073,8.293,76.274,1003.85
2025-04-16 07:00:00,0.68,14.679,482.963,337.0,6.389,72.132,1006.602
2025-04-16 08:00:00,0.436,14.679,433.013,399.384,5.279,87.893,1010.087
2025-04-16 09:00:00,1.703,14.679,353.553,372.106,8.417,73.067,1004.197
2025-04-16 10:00:00,1.248,14.679,250.0,349.7,6.483,85.613,995.421
2025-04-16 11:00:00,0.671,14.679,129.41,400.79,7.747,87.479,1016.587
2025-04-16 12:00:00,1.641,14.679,0.0,332.637,8.417,80.875,981.674
2025-04-16 13:00:00,0.287,14.679,0.0,417.889,6.705,81.139,999.595
2025-04-16 14:00:00,0.412,14.679,0.0,372.058,4.651,81.182,987.924
2025-04-16 15:00:00,0.273,14.679,0.0,366.042,4.176,82.877,1010.671
2025-04-16 16:00:00,1.351,14.679,0.0,334.582,4.664,89.869,982.239
2025-04-16 17:00:00,1.589,14.679,0.0,376.098,4.94,93.718,1019.986
2025-04-16 18:00:00,0.769,14.679,0.0,312.067,5.869,70.427,982.723
2025-04-16 19:00:00,1.31,14.679,0.0,412.656,6.706,73.71,980.081
2025-04-16 20:00:00,6.88,14.679,0.0,360.668,5.217,75.799,987.113
2025-04-16 21:00:00,2.116,14.679,0.0,394.593,9.423,80.259,987.585
2025-04-16 22:00:00,0.115,14.679,0.0,368.587,4.21,73.009,996.509
2025-04-16 23:00:00,3.086,14.679,0.0,356.343,4.818,72.794,1017.152
2025-04-17 00:00:00,0.628,14.635,0.0,353.933,7.801,82.597,1016.297
2025-04-17 01:00:00,0.782,14.635,129.41,387.167,4.88,77.572,991.036
2025-04-17 02:00:00,1.561,14.635,250.0,311.237,6.114,73.102,1001.161
2025-04-17 03:00:00,0.389,14.635,353.553,362.239,8.91,77.069,1010.834
2025-04-17 04:00:00,2.059,14.635,433.013,300.411,5.901,83.771,1003.633
2025-04-17 05:00:00,4.687,14.635,482.963,322.046,5.375,77.489,999.837
2025-04-17 06:00:00,0.656,14.635,500.0,328.677,7.947,73.528,988.801
2025-04-17 07:00:00,0.667,14.635,482.963,329.052,5.016,71.286,981.006
2025-04-17 08:00:00,2.575,14.635,433.013,325.471,8.399,74.708,1012.483
2025-04-17 09:00:00,5.076,14.635,353.553,343.598,5.06,92.867,982.285
2025-04-17 10:00:00,1.152,14.635,250.0,392.87,9.31,71.064,1008.225
2025-04-17 11:00:00,1.922,14.635,129.41,311.448,9.484,92.148,1004.879
2025-04-17 12:00:00,0.514,14.635,0.0,413.095,7.271,71.633,1004.083
2025-04-17 13:00:00,1.895,14.635,0.0,368.816,5.239,76.123,981.809
2025-04-17 14:00:00,1.089,14.635,0.0,327.767,7.599,71.502,1009.59
2025-04-17 15:00:00,0.556,14.635,0.0,345.566,6.952,80.753,1014.705
2025-04-17 16:00:00,0.795,14.635,0.0,365.81,9.189,93.694,1018.321
2025-04-17 17:00:00,0.239,14.635,0.0,376.335,4.731,87.653,987.611
2025-04-17 18:00:00,1.894,14.635,0.0,307.974,5.424,71.114,1019.332
2025-04-17 19:00:00,2.458,14.635,0.0,326.296,9.572,89.142,994.862
2025-04-17 20:00:00,0.425,14.635,0.0,404.134,7.335,89.202,983.62
2025-04-17 21:00:00,1.83,14.635,0.0,361.954,4.802,73.175,998.579
2025-04-17 22:00:00,0.631,14.635,0.0,311.177,7.379,73.235,994.777
2025-04-17 23:00:00,0.286,14.635,0.0,379.098,6.07,86.071,1019.35
2025-04-18 00:00:00,0.949,14.587,0.0,355.762,5.64,86.843,1006.063
2025-04-18 01:00:00,1.664,14.587,129.41,377.501,4.428,71.835,1006.808
2025-04-18 02:00:00,1.374,14.587,250.0,316.005,6.333,79.303,981.137
2025-04-18 03:00:00,1.224,14.587,353.553,366.268,6.339,77.359,986.248
2025-04-18 04:00:00,0.092,14.587,433.013,389.585,9.509,82.382,1004.026
2025-04-18 05:00:00,5.517,14.587,482.963,403.127,9.95,70.201,989.839
2025-04-18 06:00:00,4.952,14.587,500.0,416.099,4.17,84.777,996.421
2025-04-18 07:00:00,1.773,14.587,482.963,358.266,4.953,77.044,1002.557
2025-04-18 08:00:00,0.254,14.587,433.013,336.232,9.35,89.765,1006.639
2025-04-18 09:00:00,2.831,14.587,353.553,304.666,4.889,82.431,1018.659
2025-04-18 10:00:00,1.665,14.587,250.0,356.898,8.625,84.597,1015.169
2025-04-18 11:00:00,1.098,14.587,129.41,308.254,5.473,91.228,990.924
2025-04-18 12:00:00,0.759,14.587,0.0,340.054,7.857,83.042,1014.918
2025-04-18 13:00:00,0.092,14.587,0.0,372.388,8.645,88.662,1010.956
2025-04-18 14:00:00,5.7,14.587,0.0,362.213,7.767,81.83,1011.121
2025-04-18 15:00:00,0.987,14.587,0.0,376.15,7.355,79.505,1011.547
2025-04-18 16:00:00,2.183,14.587,0.0,354.447,8.386,71.106,1002.028
2025-04-18 17:00:00,0.107,14.587,0.0,333.942,8.475,80.258,1017.922
2025-04-18 18:00:00,1.096,14.587,0.0,409.748,5.435,70.977,985.471
2025-04-18 19:00:00,0.367,14.587,0.0,329.666,9.164,89.85,1015.027
2025-04-18 20:00:00,0.776,14.587,0.0,310.208,6.043,92.103,1018.478
2025-04-18 21:00:00,0.064,14.587,0.0,379.695,4.405,87.248,1012.434
2025-04-18 22:00:00,0.315,14.587,0.0,341.631,4.201,87.16,1003.509
2025-04-18 23:00:00,1.629,14.587,0.0,414.797,4.817,79.257,982.729
2025-04-19 00:00:00,1.022,14.537,0.0,332.69,8.395,76.597,986.026
2025-04-19 01:00:00,2.214,14.537,129.41,398.051,8.513,83.465,983.688
2025-04-19 02:00:00,2.752,14.537,250.0,317.491,8.554,81.091,1004.791
2025-04-19 03:00:00,1.12,14.537,353.553,309.072,7.959,72.254,1018.324
2025-04-19 04:00:00,0.873,14.537,433.013,311.283,8.408,72.074,992.854
2025-04-19 05:00:00,1.719,14.537,482.963,355.18,9.34,78.626,985.451
2025-04-19 06:00:00,0.955,14.537,500.0,419.481,4.279,84.532,981.221
2025-04-19 07:00:00,2.782,14.537,482.963,333.979,9.096,83.171,1002.203
2025-04-19 08:00:00,0.444,14.537,433.013,366.501,9.229,70.854,993.899
2025-04-19 09:00:00,1.352,14.537,353.553,347.52,7.934,89.408,993.35
2025-04-19 10:00:00,0.166,14.537,250.0,326.481,4.861,88.02,981.501
2025-04-19 11:00:00,1.201,14.537,129.41,381.625,5.755,73.072,1017.016
2025-04-19 12:00:00,0.242,14.537,0.0,387.323,8.115,79.242,991.772
2025-04-19 13:00:00,4.001,14.537,0.0,416.143,8.052,80.133,988.201
2025-04-19 14:00:00,2.09,14.537,0.0,382.498,5.265,93.567,1001.687
2025-04-19 15:00:00,2.447,14.537,0.0,376.808,7.132,73.802,1004.841
2025-04-19 16:00:00,3.026,14.537,0.0,351.956,5.692,83.127,981.685
2025-04-19 17:00:00,1.266,14.537,0.0,412.352,6.705,84.882,1014.954
2025-04-19 18:00:00,1.559,14.537,0.0,371.146,6.27,70.819,983.072
2025-04-19 19:00:00,4.506,14.537,0.0,353.391,4.336,75.311,1005.473
2025-04-19 20:00:00,0.977,14.537,0.0,334.748,6.639,90.309,987.708
2025-04-19 21:00:00,4.789,14.537,0.0,318.756,7.902,94.027,1007.349
2025-04-19 22:00:00,3.219,14.537,0.0,363.006,7.136,89.78,1006.599
2025-04-19 23:00:00,0.192,14.537,0.0,345.037,4.782,87.642,1014.8
2025-04-20 00:00:00,0.7,14.484,0.0,315.334,8.929,78.111,1019.569
2025-04-20 01:00:00,1.555,14.484,129.41,388.758,9.654,86.464,1017.216
2025-04-20 02:00:00,0.462,14.484,250.0,338.312,4.707,73.5,991.024
2025-04-20 03:00:00,2.598,14.484,353.553,323.439,8.771,88.14,1012.042
2025-04-20 04:00:00,1.327,14.484,433.013,336.798,6.435,78.366,1014.653
2025-04-20 05:00:00,2.665,14.484,482.963,415.904,4.481,89.856,1006.172
2025-04-20 06:00:00,2.567,14.484,500.0,327.71,5.341,80.364,1003.423
2025-04-20 07:00:00,1.511,14.484,482.963,368.063,9.53,83.403,1000.522
2025-04-20 08:00:00,0.424,14.484,433.013,323.039,7.202,87.345,997.742
2025-04-20 09:00:00,0.487,14.484,353.553,323.086,4.816,84.862,990.258
2025-04-20 10:00:00,1.75,14.484,250.0,328.23,5.225,77.578,1008.094
2025-04-20 11:00:00,4.721,14.484,129.41,381.933,4.768,79.558,1004.095
2025-04-20 12:00:00,2.655,14.484,0.0,393.77,8.667,79.921,1000.666
2025-04-20 13:00:00,0.617,14.484,0.0,326.019,6.717,79.345,998.149
2025-04-20 14:00:00,1.219,14.484,0.0,305.061,5.67,78.956,1013.455
2025-04-20 15:00:00,0.728,14.484,0.0,301.72,9.783,87.777,984.577
2025-04-20 16:00:00,2.024,14.484,0.0,333.646,7.226,86.849,1019.73
2025-04-20 17:00:00,0.352,14.484,0.0,391.963,6.929,71.8,1012.916
2025-04-20 18:00:00,0.142,14.484,0.0,404.549,4.43,92.999,994.847
2025-04-20 19:00:00,2.101,14.484,0.0,327.016,6.984,90.173,1015.356
2025-04-20 20:00:00,1.757,14.484,0.0,358.105,7.461,77.729,999.768
2025-04-20 21:00:00,2.799,14.484,0.0,308.043,8.093,88.586,1016.557
2025-04-20 22:00:00,1.705,14.484,0.0,327.291,8.486,80.394,983.007
2025-04-20 23:00:00,0.928,14.484,0.0,365.745,8.288,91.429,983.57
2025-04-21 00:00:00,1.249,14.428,0.0,346.304,9.021,75.348,997.846
2025-04-21 01:00:00,3.395,14.428,129.41,319.13,8.809,70.401,1008.9
2025-04-21 02:00:00,0.741,14.428,250.0,354.747,6.455,77.632,981.589
2025-04-21 03:00:00,2.126,14.428,353.553,324.105,5.775,78.439,994.264
2025-04-21 04:00:00,2.097,14.428,433.013,415.197,7.386,73.98,1012.845
2025-04-21 05:00:00,1.7,14.428,482.963,327.538,7.011,82.227,1016.791
2025-04-21 06:00:00,0.935,14.428,500.0,411.671,7.794,88.7,1009.008
2025-04-21 07:00:00,1.241,14.428,482.963,380.543,8.435,78.348,1008.748
2025-04-21 08:00:00,0.783,14.428,433.013,397.091,9.309,94.152,988.276
2025-04-21 09:00:00,2.322,14.428,353.553,416.302,9.484,93.772,983.53
2025-04-21 10:00:00,2.275,14.428,250.0,318.294,9.373,78.512,990.766
2025-04-21 11:00:00,1.324,14.428,129.41,309.364,4.057,87.79,1010.732
2025-04-21 12:00:00,3.112,14.428,0.0,326.799,4.104,89.208,1000.655
2025-04-21 13:00:00,0.509,14.428,0.0,329.504,4.223,94.689,1015.751
2025-04-21 14:00:00,2.268,14.428,0.0,317.195,4.716,81.938,989.253
2025-04-21 15:00:00,0.811,14.428,0.0,353.31,8.709,73.676,1012.388
2025-04-21 16:00:00,6.039,14.428,0.0,404.59,4.481,88.259,993.329
2025-04-21 17:00:00,0.909,14.428,0.0,350.361,6.2,76.846,984.571
2025-04-21 18:00:00,1.491,14.428,0.0,319.647,6.689,93.623,1007.076
2025-04-21 19:00:00,0.354,14.428,0.0,341.418,4.168,91.003,992.774
2025-04-21 20:00:00,1.657,14.428,0.0,351.451,4.651,70.866,1008.852
2025-04-21 21:00:00,1.748,14.428,0.0,414.256,6.543,71.477,992.319
2025-04-21 22:00:00,0.226,14.428,0.0,301.186,8.837,88.462,981.764
2025-04-21 23:00:00,1.482,14.428,0.0,346.957,4.567,94.424,1003.067
2025-04-22 00:00:00,0.388,14.369,0.0,305.898,4.812,83.051,1017.758
2025-04-22 01:00:00,1.292,14.369,129.41,368.994,6.364,73.67,1015.447
2025-04-22 02:00:00,0.542,14.369,250.0,318.104,7.924,82.229,1019.32
2025-04-22 03:00:00,0.316,14.369,353.553,360.373,4.898,89.135,985.214
2025-04-22 04:00:00,0.27,14.369,433.013,377.844,4.836,72.136,983.883
2025-04-22 05:00:00,1.09,14.369,482.963,391.644,8.65,79.208,985.626
2025-04-22 06:00:00,2.324,14.369,500.0,397.019,6.319,71.934,991.597
2025-04-22 07:00:00,0.262,14.369,482.963,410.829,7.258,81.268,994.695
2025-04-22 08:00:00,1.149,14.369,433.013,343.063,6.566,72.154,1013.818
2025-04-22 09:00:00,0.454,14.369,353.553,393.478,8.088,90.064,1005.557
2025-04-22 10:00:00,2.957,14.369,250.0,341.41,4.793,89.208,987.951
2025-04-22 11:00:00,1.957,14.369,129.41,362.143,9.425,72.772,1015.385
2025-04-22 12:00:00,0.41,14.369,0.0,410.423,9.589,91.315,1017.224
2025-04-22 13:00:00,1.641,14.369,0.0,366.345,8.693,82.795,1011.446
2025-04-22 14:00:00,0.355,14.369,0.0,326.887,8.053,84.105,994.779
2025-04-22 15:00:00,2.61,14.369,0.0,368.341,5.971,90.883,1019.965
2025-04-22 16:00:00,0.367,14.369,0.0,307.74,8.276,87.341,1007.8
2025-04-22 17:00:00,1.944,14.369,0.0,313.785,8.067,78.195,996.401
2025-04-22 18:00:00,0.494,14.369,0.0,374.827,8.425,85.987,1016.928
2025-04-22 19:00:00,0.499,14.369,0.0,403.778,6.192,83.148,995.466
2025-04-22 20:00:00,0.593,14.369,0.0,370.561,5.616,82.336,1018.654
2025-04-22 21:00:00,0.532,14.369,0.0,394.304,9.03,74.424,986.894
2025-04-22 22:00:00,1.009,14.369,0.0,345.725,8.284,94.39,992.976
2025-04-22 23:00:00,1.185,14.369,0.0,403.992,4.107,79.943,1004.507
2025-04-23 00:00:00,1.684,14.307,0.0,330.69,7.576,83.538,998.975
2025-04-23 01:00:00,4.193,14.307,129.41,350.686,4.41,73.249,994.554
2025-04-23 02:00:00,2.071,14.307,250.0,324.745,7.682,76.287,995.119
2025-04-23 03:00:00,1.411,14.307,353.553,351.753,7.736,79.381,983.105
2025-04-23 04:00:00,0.917,14.307,433.013,351.902,9.945,94.052,1005.436
2025-04-23 05:00:00,1.878,14.307,482.963,332.492,9.299,83.193,997.867
2025-04-23 06:00:00,0.935,14.307,500.0,380.887,7.871,89.317,996.194
2025-04-23 07:00:00,0.529,14.307,482.963,402.38,9.67,82.588,982.566
2025-04-23 08:00:00,0.845,14.307,433.013,370.544,7.871,72.942,994.822
2025-04-23 09:00:00,0.773,14.307,353.553,407.349,4.42,89.992,993.849
2025-04-23 10:00:00,1.561,14.307,250.0,349.123,5.83,87.644,1001.275
2025-04-23 11:00:00,3.793,14.307,129.41,398.99,8.969,74.946,986.956
2025-04-23 12:00:00,0.716,14.307,0.0,382.91,7.513,87.524,989.177
2025-04-23 13:00:00,1.772,14.307,0.0,310.39,8.465,91.693,1019.515
2025-04-23 14:00:00,0.805,14.307,0.0,300.362,8.671,73.511,1012.609
2025-04-23 15:00:00,1.369,14.307,0.0,345.289,6.678,81.48,1018.725
2025-04-23 16:00:00,1.249,14.307,0.0,332.352,5.647,83.594,1009.748
2025-04-23 17:00:00,2.769,14.307,0.0,313.487,5.011,84.604,998.601
2025-04-23 18:00:00,3.622,14.307,0.0,394.48,8.08,85.719,1019.012
2025-04-23 19:00:00,1.716,14.307,0.0,368.534,5.835,88.147,981.305
2025-04-23 20:00:00,1.358,14.307,0.0,390.168,7.139,87.55,1004.745
2025-04-23 21:00:00,0.918,14.307,0.0,364.616,6.753,80.467,1008.277
2025-04-23 22:00:00,0.417,14.307,0.0,337.169,9.2,77.911,1016.729
2025-04-23 23:00:00,0.761,14.307,0.0,390.776,7.725,81.564,987.802
2025-04-24 00:00:00,5.118,14.243,0.0,395.842,6.492,76.4,1013.903
2025-04-24 01:00:00,1.686,14.243,129.41,345.801,4.364,88.529,1011.462
2025-04-24 02:00:00,2.43,14.243,250.0,360.18,9.659,90.409,1008.454
2025-04-24 03:00:00,0.426,14.243,353.553,383.383,5.162,74.944,984.001
2025-04-24 04:00:00,0.746,14.243,433.013,372.059,7.803,73.684,999.749
2025-04-24 05:00:00,2.017,14.243,482.963,377.339,4.173,84.232,1017.398
2025-04-24 06:00:00,1.444,14.243,500.0,378.948,7.762,86.644,1006.952
2025-04-24 07:00:00,0.95,14.243,482.963,415.23,9.021,78.106,997.615
2025-04-24 08:00:00,0.529,14.243,433.013,328.926,5.323,74.479,984.494
2025-04-24 09:00:00,1.778,14.243,353.553,407.759,8.193,90.139,982.263
2025-04-24 10:00:00,1.575,14.243,250.0,340.076,8.868,92.136,1010.277
2025-04-24 11:00:00,0.844,14.243,129.41,306.87,6.131,73.969,1002.905
2025-04-24 12:00:00,0.215,14.243,0.0,391.363,5.634,82.781,1008.983
2025-04-24 13:00:00,2.269,14.243,0.0,413.844,5.986,91.991,989.761
2025-04-24 14:00:00,0.344,14.243,0.0,329.741,6.285,83.96,1005.0
2025-04-24 15:00:00,0.223,14.243,0.0,408.457,6.781,85.652,987.907
2025-04-24 16:00:00,2.321,14.243,0.0,397.755,7.116,71.211,1010.345
2025-04-24 17:00:00,0.144,14.243,0.0,376.101,6.795,90.025,999.077
2025-04-24 18:00:00,1.773,14.243,0.0,377.527,9.744,81.534,991.013
2025-04-24 19:00:00,1.202,14.243,0.0,391.821,4.73,76.563,999.212
2025-04-24 20:00:00,1.424,14.243,0.0,368.922,4.118,90.709,991.769
2025-04-24 21:00:00,1.033,14.243,0.0,374.347,9.644,85.429,1009.507
2025-04-24 22:00:00,0.834,14.243,0.0,352.979,9.632,72.244,982.922
2025-04-24 23:00:00,2.159,14.243,0.0,360.088,5.389,79.758,1009.46
2025-04-25 00:00:00,1.27,14.176,0.0,303.992,4.277,85.604,1010.431
2025-04-25 01:00:00,1.414,14.176,129.41,308.301,6.776,81.064,1002.057
2025-04-25 02:00:00,4.013,14.176,250.0,300.466,6.832,83.603,1001.494
2025-04-25 03:00:00,0.938,14.176,353.553,337.566,4.048,82.087,995.237
2025-04-25 04:00:00,2.866,14.176,433.013,406.544,7.585,78.704,1002.488
2025-04-25 05:00:00,1.69,14.176,482.963,335.836,8.958,70.928,986.793
2025-04-25 06:00:00,3.014,14.176,500.0,356.565,8.904,83.664,1019.906
2025-04-25 07:00:00,0.304,14.176,482.963,407.049,4.523,83.915,1017.889
2025-04-25 08:00:00,0.847,14.176,433.013,347.26,6.65,91.295,987.137
2025-04-25 09:00:00,0.784,14.176,353.553,415.079,5.728,75.56,980.433
2025-04-25 10:00:00,3.728,14.176,250.0,398.062,4.791,78.005,1000.723
2025-04-25 11:00:00,0.93,14.176,129.41,409.993,6.064,78.759,1005.818
2025-04-25 12:00:00,5.904,14.176,0.0,373.959,4.628,76.98,980.906
2025-04-25 13:00:00,4.112,14.176,0.0,385.723,9.595,83.121,1000.988
2025-04-25 14:00:00,2.291,14.176,0.0,392.501,7.216,70.537,1013.168
2025-04-25 15:00:00,2.865,14.176,0.0,398.458,9.949,80.12,989.97
2025-04-25 16:00:00,4.557,14.176,0.0,369.956,8.539,83.784,987.847
2025-04-25 17:00:00,1.828,14.176,0.0,327.599,7.99,75.332,1019.648
2025-04-25 18:00:00,0.545,14.176,0.0,412.702,7.321,82.894,1011.739
2025-04-25 19:00:00,0.532,14.176,0.0,340.842,4.751,88.729,1008.21
2025-04-25 20:00:00,2.408,14.176,0.0,406.641,6.6,88.982,1009.456
2025-04-25 21:00:00,1.034,14.176,0.0,334.149,5.132,73.715,987.439
2025-04-25 22:00:00,0.396,14.176,0.0,308.166,7.961,93.575,999.647
2025-04-25 23:00:00,0.648,14.176,0.0,313.412,9.65,75.09,999.73
2025-04-26 00:00:00,5.336,14.106,0.0,319.337,8.273,78.708,980.439
2025-04-26 01:00:00,0.568,14.106,129.41,342.177,8.625,85.903,1009.995
2025-04-26 02:00:00,1.56,14.106,250.0,378.426,4.329,84.255,1005.923
2025-04-26 03:00:00,2.463,14.106,353.553,311.436,7.948,80.745,1007.195
2025-04-26 04:00:00,0.898,14.106,433.013,343.568,9.481,91.85,980.921
2025-04-26 05:00:00,1.817,14.106,482.963,343.723,8.723,79.415,1017.995
2025-04-26 06:00:00,4.802,14.106,500.0,377.506,5.872,73.957,1001.342
2025-04-26 07:00:00,2.651,14.106,482.963,339.505,4.601,93.516,1018.951
2025-04-26 08:00:00,0.532,14.106,433.013,330.734,9.907,74.08,985.489
2025-04-26 09:00:00,1.515,14.106,353.553,335.646,7.66,76.379,987.928
2025-04-26 10:00:00,0.76,14.106,250.0,315.243,9.536,73.009,1005.63
2025-04-26 11:00:00,0.138,14.106,129.41,397.722,8.907,86.469,1000.896
2025-04-26 12:00:00,3.199,14.106,0.0,318.265,4.416,71.058,1005.377
2025-04-26 13:00:00,0.972,14.106,0.0,326.734,6.9,72.662,992.67
2025-04-26 14:00:00,1.28,14.106,0.0,313.21,4.991,80.204,998.381
2025-04-26 15:00:00,1.672,14.106,0.0,339.182,5.05,79.96,986.077
2025-04-26 16:00:00,1.291,14.106,0.0,330.78,9.38,70.255,1000.848
2025-04-26 17:00:00,1.929,14.106,0.0,315.519,6.639,93.623,1005.42
2025-04-26 18:00:00,1.433,14.106,0.0,403.498,9.962,94.08,1008.936
2025-04-26 19:00:00,1.779,14.106,0.0,376.228,5.039,71.621,992.157
2025-04-26 20:00:00,1.158,14.106,0.0,326.591,8.76,88.392,993.795
2025-04-26 21:00:00,1.753,14.106,0.0,366.881,8.755,87.61,987.003
2025-04-26 22:00:00,4.311,14.106,0.0,358.165,5.838,78.15,984.896
2025-04-26 23:00:00,2.595,14.106,0.0,384.451,7.427,79.41,1008.275
2025-04-27 00:00:00,2.432,14.034,0.0,383.038,9.586,80.116,1010.683
2025-04-27 01:00:00,2.037,14.034,129.41,359.11,9.458,83.186,1011.066
2025-04-27 02:00:00,0.013,14.034,250.0,369.011,6.945,88.761,997.848
2025-04-27 03:00:00,1.71,14.034,353.553,385.809,7.563,83.39,989.098
2025-04-27 04:00:00,1.678,14.034,433.013,324.766,7.669,70.954,1018.021
2025-04-27 05:00:00,1.439,14.034,482.963,352.506,5.029,87.101,993.925
2025-04-27 06:00:00,5.153,14.034,500.0,388.016,6.736,74.185,1002.957
2025-04-27 07:00:00,1.937,14.034,482.963,395.603,4.772,87.117,989.644
2025-04-27 08:00:00,2.459,14.034,433.013,326.263,5.788,80.398,1015.131
2025-04-27 09:00:00,3.574,14.034,353.553,339.707,8.11,91.134,1018.911
2025-04-27 10:00:00,0.578,14.034,250.0,394.252,9.889,75.492,994.065
2025-04-27 11:00:00,0.131,14.034,129.41,301.087,9.11,94.965,1018.804
2025-04-27 12:00:00,3.091,14.034,0.0,399.544,7.932,90.383,995.063
2025-04-27 13:00:00,1.151,14.034,0.0,392.671,6.564,75.094,1018.124
2025-04-27 14:00:00,1.516,14.034,0.0,305.035,7.316,78.401,1019.687
2025-04-27 15:00:00,2.748,14.034,0.0,397.152,9.472,78.062,1010.108
2025-04-27 16:00:00,3.591,14.034,0.0,341.365,5.518,93.272,999.097
2025-04-27 17:00:00,0.697,14.034,0.0,396.275,5.037,73.421,993.228
2025-04-27 18:00:00,0.521,14.034,0.0,394.663,7.225,83.783,1002.93
2025-04-27 19:00:00,0.107,14.034,0.0,412.344,4.056,77.015,1009.981
2025-04-27 20:00:00,3.551,14.034,0.0,334.193,6.909,74.219,990.283
2025-04-27 21:00:00,1.744,14.034,0.0,351.084,7.738,87.016,1019.837
2025-04-27 22:00:00,1.452,14.034,0.0,352.224,4.092,83.649,985.141
2025-04-27 23:00:00,2.328,14.034,0.0,386.685,6.123,87.538,1002.567
2025-04-28 00:00:00,0.167,13.958,0.0,357.603,8.738,74.034,1007.188
2025-04-28 01:00:00,1.71,13.958,129.41,381.394,6.615,84.813,981.482
2025-04-28 02:00:00,1.474,13.958,250.0,327.589,5.735,84.88,981.562
2025-04-28 03:00:00,0.138,13.958,353.553,416.724,8.019,72.825,1013.146
2025-04-28 04:00:00,1.501,13.958,433.013,364.953,7.203,87.214,996.209
2025-04-28 05:00:00,0.418,13.958,482.963,309.07,4.062,77.065,1007.637
2025-04-28 06:00:00,1.011,13.958,500.0,304.097,8.133,74.4,981.595
2025-04-28 07:00:00,0.61,13.958,482.963,353.938,8.779,75.948,1019.725
2025-04-28 08:00:00,1.435,13.958,433.013,325.941,7.649,78.954,994.678
2025-04-28 09:00:00,0.97,13.958,353.553,401.448,6.281,73.593,1006.907
2025-04-28 10:00:00,3.384,13.958,250.0,348.974,9.197,93.81,1006.099
2025-04-28 11:00:00,4.896,13.958,129.41,344.08,6.981,88.251,998.923
2025-04-28 12:00:00,0.439,13.958,0.0,400.948,5.769,82.615,999.242
2025-04-28 13:00:00,1.869,13.958,0.0,329.418,5.634,92.971,987.751
2025-04-28 14:00:00,2.189,13.958,0.0,380.738,6.876,80.071,1013.859
2025-04-28 15:00:00,2.73,13.958,0.0,377.455,9.954,86.197,980.116
2025-04-28 16:00:00,1.104,13.958,0.0,365.933,5.036,85.48,993.258
2025-04-28 17:00:00,0.645,13.958,0.0,398.845,5.743,70.505,1007.229
2025-04-28 18:00:00,1.318,13.958,0.0,360.463,9.238,86.099,1007.969
2025-04-28 19:00:00,1.149,13.958,0.0,361.705,8.175,86.893,1012.619
2025-04-28 20:00:00,0.89,13.958,0.0,348.618,9.87,89.547,1007.062
2025-04-28 21:00:00,0.995,13.958,0.0,398.988,7.598,83.319,980.026
2025-04-28 22:00:00,0.622,13.958,0.0,411.574,8.814,70.168,1008.374
2025-04-28 23:00:00,1.765,13.958,0.0,315.192,8.391,70.641,1018.02
2025-04-29 00:00:00,1.389,13.881,0.0,419.565,5.184,71.157,1006.391
2025-04-29 01:00:00,7.088,13.881,129.41,391.84,4.254,84.571,993.186
2025-04-29 02:00:00,0.929,13.881,250.0,313.211,6.25,81.538,1001.75
2025-04-29 03:00:00,0.802,13.881,353.553,396.015,9.284,94.918,987.285
2025-04-29 04:00:00,2.364,13.881,433.013,385.439,4.306,91.963,991.531
2025-04-29 05:00:00,2.087,13.881,482.963,359.616,9.614,87.57,999.773
2025-04-29 06:00:00,0.725,13.881,500.0,363.28,8.016,86.053,1002.838
2025-04-29 07:00:00,2.257,13.881,482.963,371.551,7.549,81.578,1005.058
2025-04-29 08:00:00,2.87,13.881,433.013,401.292,9.879,89.865,987.297
2025-04-29 09:00:00,0.194,13.881,353.553,363.784,8.249,74.652,1010.285
2025-04-29 10:00:00,5.135,13.881,250.0,364.837,9.212,80.438,1006.92
2025-04-29 11:00:00,0.448,13.881,129.41,419.101,7.978,71.418,988.801
2025-04-29 12:00:00,1.117,13.881,0.0,313.16,9.36,71.708,981.885
2025-04-29 13:00:00,3.313,13.881,0.0,383.391,6.233,74.393,990.036
2025-04-29 14:00:00,1.771,13.881,0.0,402.558,8.757,90.198,989.065
2025-04-29 15:00:00,0.491,13.881,0.0,371.848,8.569,88.937,994.693
2025-04-29 16:00:00,0.455,13.881,0.0,354.871,7.462,81.392,995.8
2025-04-29 17:00:00,1.264,13.881,0.0,313.97,8.862,78.092,1012.711
2025-04-29 18:00:00,0.695,13.881,0.0,400.443,9.352,70.583,987.316
2025-04-29 19:00:00,1.811,13.881,0.0,314.572,8.752,94.855,1008.413
2025-04-29 20:00:00,5.386,13.881,0.0,351.724,8.674,71.276,983.469
2025-04-29 21:00:00,0.81,13.881,0.0,353.458,9.516,74.253,985.6
2025-04-29 22:00:00,0.262,13.881,0.0,327.633,7.527,79.059,1007.02
2025-04-29 23:00:00,1.327,13.881,0.0,363.911,9.467,71.912,999.985
2025-04-30 00:00:00,2.007,13.8,0.0,349.808,4.37,88.674,1001.486
2025-04-30 01:00:00,0.483,13.8,129.41,308.09,8.199,71.27,996.784
2025-04-30 02:00:00,0.176,13.8,250.0,347.647,5.144,93.221,1016.421
2025-04-30 03:00:00,0.979,13.8,353.553,320.63,6.365,89.702,987.798
2025-04-30 04:00:00,0.24,13.8,433.013,308.229,8.516,78.14,986.8
2025-04-30 05:00:00,1.25,13.8,482.963,337.056,8.123,71.394,995.22
2025-04-30 06:00:00,0.791,13.8,500.0,363.461,4.195,94.539,993.134
2025-04-30 07:00:00,0.792,13.8,482.963,344.639,8.315,75.179,1003.515
2025-04-30 08:00:00,1.239,13.8,433.013,379.415,6.438,93.903,1000.913
2025-04-30 09:00:00,3.0,13.8,353.553,362.738,4.224,87.422,982.946
2025-04-30 10:00:00,2.59,13.8,250.0,317.896,6.576,88.041,1007.574
2025-04-30 11:00:00,1.619,13.8,129.41,400.851,5.708,79.551,1008.338
2025-04-30 12:00:00,1.334,13.8,0.0,415.299,8.939,88.87,1008.924
2025-04-30 13:00:00,1.717,13.8,0.0,367.752,4.403,90.589,1017.819
2025-04-30 14:00:00,1.691,13.8,0.0,359.377,7.556,78.673,1010.769
2025-04-30 15:00:00,2.774,13.8,0.0,405.46,6.803,94.41,984.084
2025-04-30 16:00:00,0.953,13.8,0.0,342.588,9.759,88.015,995.862
2025-04-30 17:00:00,1.217,13.8,0.0,311.668,7.623,90.709,986.599
2025-04-30 18:00:00,1.372,13.8,0.0,347.662,4.289,94.574,1008.378
2025-04-30 19:00:00,0.85,13.8,0.0,338.624,8.249,70.763,1006.88
2025-04-30 20:00:00,1.645,13.8,0.0,328.104,6.522,70.76,1003.939
2025-04-30 21:00:00,0.931,13.8,0.0,389.549,6.026,90.439,984.713
2025-04-30 22:00:00,1.437,13.8,0.0,394.517,5.211,83.551,1016.996
2025-04-30 23:00:00,0.777,13.8,0.0,414.071,8.214,86.3,989.879
2025-05-01 00:00:00,0.883,13.717,0.0,336.895,8.803,91.878,1018.43
2025-05-01 01:00:00,0.239,13.717,129.41,331.056,5.909,84.562,996.496
2025-05-01 02:00:00,1.173,13.717,250.0,339.927,9.529,76.902,984.43
2025-05-01 03:00:00,0.833,13.717,353.553,325.056,5.83,70.851,998.181
2025-05-01 04:00:00,0.622,13.717,433.013,380.616,9.764,92.762,1000.318
2025-05-01 05:00:00,1.826,13.717,482.963,325.051,4.59,80.936,982.788
2025-05-01 06:00:00,2.103,13.717,500.0,366.355,5.673,89.888,989.837
2025-05-01 07:00:00,1.97,13.717,482.963,380.96,5.873,86.953,999.994
2025-05-01 08:00:00,2.006,13.717,433.013,365.35,8.716,81.009,996.458
2025-05-01 09:00:00,0.38,13.717,353.553,407.384,7.27,77.614,1009.152
2025-05-01 10:00:00,2.489,13.717,250.0,304.414,5.013,77.193,982.0
2025-05-01 11:00:00,1.167,13.717,129.41,322.557,9.492,85.18,1016.063
2025-05-01 12:00:00,1.684,13.717,0.0,331.636,7.509,83.6,989.34
2025-05-01 13:00:00,0.785,13.717,0.0,346.44,9.249,73.823,1014.521
2025-05-01 14:00:00,4.187,13.717,0.0,361.754,6.3,90.787,1003.058
2025-05-01 15:00:00,0.241,13.717,0.0,404.154,5.868,84.495,1013.921
2025-05-01 16:00:00,4.011,13.717,0.0,398.335,9.804,82.628,986.241
2025-05-01 17:00:00,1.297,13.717,0.0,385.404,4.905,84.306,1018.309
2025-05-01 18:00:00,0.013,13.717,0.0,402.6,4.031,86.026,1006.493
2025-05-01 19:00:00,1.28,13.717,0.0,306.856,4.079,83.038,1006.644
2025-05-01 20:00:00,2.598,13.717,0.0,390.329,7.729,92.445,984.83
2025-05-01 21:00:00,1.717,13.717,0.0,305.157,7.508,88.51,997.134
2025-05-01 22:00:00,0.477,13.717,0.0,309.566,8.785,78.794,994.475
2025-05-01 23:00:00,0.266,13.717,0.0,342.587,9.441,78.621,996.157
2025-05-02 00:00:00,3.52,13.631,0.0,390.662,7.774,77.91,1008.278
2025-05-02 01:00:00,4.251,13.631,129.41,384.33,6.075,78.35,994.983
2025-05-02 02:00:00,1.052,13.631,250.0,317.031,7.233,92.033,1007.56
2025-05-02 03:00:00,2.244,13.631,353.553,402.902,4.221,87.463,982.129
2025-05-02 04:00:00,2.47,13.631,433.013,300.924,5.853,94.572,1003.439
2025-05-02 05:00:00,0.466,13.631,482.963,300.419,6.414,76.829,984.265
2025-05-02 06:00:00,0.092,13.631,500.0,390.134,7.429,92.421,1008.161
2025-05-02 07:00:00,2.058,13.631,482.963,397.757,6.492,72.993,985.309
2025-05-02 08:00:00,1.882,13.631,433.013,326.892,7.514,80.452,995.014
2025-05-02 09:00:00,0.259,13.631,353.553,379.235,7.769,83.076,999.403
2025-05-02 10:00:00,1.904,13.631,250.0,320.939,4.724,88.336,990.887
2025-05-02 11:00:00,4.172,13.631,129.41,411.097,4.159,84.929,988.069
2025-05-02 12:00:00,0.85,13.631,0.0,363.959,9.766,70.425,1016.729
2025-05-02 13:00:00,3.105,13.631,0.0,313.782,5.118,76.892,994.226
2025-05-02 14:00:00,1.404,13.631,0.0,384.362,9.924,77.603,998.543
2025-05-02 15:00:00,1.349,13.631,0.0,334.508,5.133,82.191,996.004
2025-05-02 16:00:00,1.94,13.631,0.0,399.154,9.059,74.005,984.214
2025-05-02 17:00:00,3.375,13.631,0.0,328.077,8.831,85.819,1014.766
2025-05-02 18:00:00,0.233,13.631,0.0,399.056,9.572,73.622,1004.654
2025-05-02 19:00:00,0.232,13.631,0.0,345.596,7.883,84.521,1001.627
2025-05-02 20:00:00,0.159,13.631,0.0,339.907,9.635,77.701,1013.128
2025-05-02 21:00:00,0.627,13.631,0.0,387.301,7.025,89.384,1017.263
2025-05-02 22:00:00,2.487,13.631,0.0,323.886,9.427,76.471,1010.634
2025-05-02 23:00:00,4.78,13.631,0.0,301.275,4.292,80.565,987.146
2025-05-03 00:00:00,1.23,13.543,0.0,411.314,4.268,90.373,1017.137
2025-05-03 01:00:00,0.514,13.543,129.41,389.142,5.787,72.33,986.627
2025-05-03 02:00:00,2.106,13.543,250.0,332.114,9.722,87.314,1004.172
2025-05-03 03:00:00,1.388,13.543,353.553,306.345,9.872,89.847,991.288
2025-05-03 04:00:00,1.265,13.543,433.013,360.672,6.776,79.394,996.995
2025-05-03 05:00:00,2.817,13.543,482.963,321.288,8.126,86.596,985.94
2025-05-03 06:00:00,2.845,13.543,500.0,391.464,4.876,90.062,1013.754
2025-05-03 07:00:00,1.736,13.543,482.963,372.659,8.52,89.353,1003.256
2025-05-03 08:00:00,0.938,13.543,433.013,327.925,7.859,87.109,1009.66
2025-05-03 09:00:00,1.801,13.543,353.553,391.483,6.088,86.105,998.97
2025-05-03 10:00:00,0.351,13.543,250.0,387.438,4.462,77.236,1005.237
2025-05-03 11:00:00,1.159,13.543,129.41,371.142,5.698,72.993,983.882
2025-05-03 12:00:00,4.565,13.543,0.0,328.113,6.334,72.586,999.49
2025-05-03 13:00:00,2.519,13.543,0.0,368.071,8.904,80.048,1001.522
2025-05-03 14:00:00,0.647,13.543,0.0,333.243,8.687,72.957,997.919
2025-05-03 15:00:00,2.252,13.543,0.0,342.576,9.819,70.578,989.08
2025-05-03 16:00:00,3.782,13.543,0.0,304.123,5.127,89.537,1001.631
2025-05-03 17:00:00,1.053,13.543,0.0,357.011,6.227,80.275,994.52
2025-05-03 18:00:00,0.657,13.543,0.0,379.011,5.997,76.479,985.946
2025-05-03 19:00:00,1.073,13.543,0.0,312.668,5.653,71.274,996.042
2025-05-03 20:00:00,0.287,13.543,0.0,364.27,4.569,90.323,1011.818
2025-05-03 21:00:00,3.725,13.543,0.0,403.051,9.065,86.004,988.539
2025-05-03 22:00:00,2.246,13.543,0.0,326.63,7.458,73.355,986.163
2025-05-03 23:00:00,0.456,13.543,0.0,414.742,5.184,89.672,1003.123
2025-05-04 00:00:00,2.427,13.452,0.0,317.813,6.867,73.14,1018.494
2025-05-04 01:00:00,0.661,13.452,129.41,355.945,4.563,74.021,1006.182
2025-05-04 02:00:00,0.816,13.452,250.0,394.801,8.096,93.255,1005.844
2025-05-04 03:00:00,1.614,13.452,353.553,301.457,4.338,75.091,996.553
2025-05-04 04:00:00,0.258,13.452,433.013,419.932,5.884,89.634,993.122
2025-05-04 05:00:00,0.543,13.452,482.963,366.557,9.84,93.225,999.839
2025-05-04 06:00:00,2.344,13.452,500.0,387.882,9.242,94.865,1009.365
2025-05-04 07:00:00,0.388,13.452,482.963,324.611,8.712,85.884,987.044
2025-05-04 08:00:00,2.749,13.452,433.013,371.791,5.88,82.269,991.74
2025-05-04 09:00:00,1.182,13.452,353.553,414.776,7.082,88.657,995.733
2025-05-04 10:00:00,0.215,13.452,250.0,306.778,7.163,80.713,991.282
2025-05-04 11:00:00,0.3,13.452,129.41,321.179,6.58,80.987,1014.967
2025-05-04 12:00:00,0.401,13.452,0.0,309.972,4.587,73.305,990.317
2025-05-04 13:00:00,2.11,13.452,0.0,372.374,6.54,71.028,998.33
2025-05-04 14:00:00,0.21,13.452,0.0,331.537,6.671,75.792,1007.63
2025-05-04 15:00:00,1.738,13.452,0.0,347.575,9.613,89.022,998.54
2025-05-04 16:00:00,2.101,13.452,0.0,419.434,8.522,90.082,1010.832
2025-05-04 17:00:00,3.214,13.452,0.0,356.351,6.806,71.208,1003.363
2025-05-04 18:00:00,1.382,13.452,0.0,311.926,8.627,92.747,992.41
2025-05-04 19:00:00,2.261,13.452,0.0,417.621,9.77,87.636,994.162
2025-05-04 20:00:00,1.679,13.452,0.0,391.976,6.033,76.404,984.714
2025-05-04 21:00:00,0.944,13.452,0.0,394.789,5.308,76.071,1002.955
2025-05-04 22:00:00,1.07,13.452,0.0,362.49,4.322,83.866,1003.369
2025-05-04 23:00:00,1.508,13.452,0.0,301.761,5.443,91.633,1013.968
2025-05-05 00:00:00,4.748,13.359,0.0,385.889,6.052,89.474,997.43
2025-05-05 01:00:00,2.795,13.359,129.41,359.633,6.227,71.225,984.673
2025-05-05 02:00:00,0.574,13.359,250.0,396.21,8.854,75.444,983.986
2025-05-05 03:00:00,1.858,13.359,353.553,352.298,8.146,90.146,1007.55
2025-05-05 04:00:00,0.685,13.359,433.013,375.571,9.806,89.918,1001.749
2025-05-05 05:00:00,1.933,13.359,482.963,373.171,4.576,79.345,988.117
2025-05-05 06:00:00,1.776,13.359,500.0,322.144,7.488,94.972,1004.623
2025-05-05 07:00:00,1.804,13.359,482.963,318.937,4.503,76.861,1013.978
2025-05-05 08:00:00,1.599,13.359,433.013,330.346,9.393,87.68,1015.916
2025-05-05 09:00:00,0.377,13.359,353.553,328.17,6.201,86.541,1017.034
2025-05-05 10:00:00,4.322,13.359,250.0,363.096,4.66,71.449,1012.648
2025-05-05 11:00:00,0.974,13.359,129.41,378.474,9.011,80.376,1010.478
2025-05-05 12:00:00,1.406,13.359,0.0,334.392,5.554,85.645,1012.579
2025-05-05 13:00:00,1.985,13.359,0.0,369.556,8.025,79.698,983.417
2025-05-05 14:00:00,0.994,13.359,0.0,358.84,4.744,80.12,1012.424
2025-05-05 15:00:00,2.217,13.359,0.0,326.688,6.033,80.901,1012.817
2025-05-05 16:00:00,0.515,13.359,0.0,350.535,4.352,72.868,983.486
2025-05-05 17:00:00,2.798,13.359,0.0,308.55,9.672,85.479,1016.461
2025-05-05 18:00:00,0.675,13.359,0.0,340.374,4.568,82.03,983.428
2025-05-05 19:00:00,2.235,13.359,0.0,354.117,6.128,93.216,1014.506
2025-05-05 20:00:00,0.661,13.359,0.0,365.994,6.973,86.308,1004.419
2025-05-05 21:00:00,2.1,13.359,0.0,384.59,8.474,80.703,1014.623
2025-05-05 22:00:00,1.9,13.359,0.0,382.832,6.427,94.639,1009.702
2025-05-05 23:00:00,1.399,13.359,0.0,362.01,5.663,74.6,1010.684
2025-05-06 00:00:00,1.865,13.264,0.0,395.067,9.98,89.397,1003.68
2025-05-06 01:00:00,1.85,13.264,129.41,393.822,9.087,92.369,1011.168
2025-05-06 02:00:00,0.684,13.264,250.0,387.218,4.875,92.437,1017.073
2025-05-06 03:00:00,1.226,13.264,353.553,334.538,6.322,80.339,984.024
2025-05-06 04:00:00,2.798,13.264,433.013,360.069,8.35,81.006,1001.967
2025-05-06 05:00:00,1.1,13.264,482.963,301.805,8.377,74.943,1003.284
2025-05-06 06:00:00,0.323,13.264,500.0,419.442,9.839,75.461,997.139
2025-05-06 07:00:00,4.043,13.264,482.963,410.133,7.758,72.28,981.437
2025-05-06 08:00:00,1.94,13.264,433.013,373.99,5.92,72.949,991.117
2025-05-06 09:00:00,2.145,13.264,353.553,305.082,8.765,86.182,1012.243
2025-05-06 10:00:00,1.947,13.264,250.0,364.696,7.153,90.409,1011.134
2025-05-06 11:00:00,3.789,13.264,129.41,309.633,6.596,79.437,986.684
2025-05-06 12:00:00,1.547,13.264,0.0,405.988,8.997,91.236,1010.945
2025-05-06 13:00:00,0.551,13.264,0.0,387.343,6.663,72.345,999.603
2025-05-06 14:00:00,1.453,13.264,0.0,367.575,8.475,89.17,983.33
2025-05-06 15:00:00,0.819,13.264,0.0,337.89,5.237,84.188,998.769
2025-05-06 16:00:00,0.875,13.264,0.0,354.537,4.097,93.28,1012.147
2025-05-06 17:00:00,3.158,13.264,0.0,342.003,8.036,83.094,1007.519
2025-05-06 18:00:00,1.076,13.264,0.0,419.876,4.066,88.547,982.01
2025-05-06 19:00:00,0.504,13.264,0.0,386.287,7.502,90.553,992.749
2025-05-06 20:00:00,0.374,13.264,0.0,361.626,8.968,74.339,982.698
2025-05-06 21:00:00,2.642,13.264,0.0,301.459,8.623,89.231,993.449
2025-05-06 22:00:00,0.788,13.264,0.0,336.992,5.915,91.7,989.694
2025-05-06 23:00:00,0.222,13.264,0.0,369.508,9.175,74.325,986.653
2025-05-07 00:00:00,1.26,13.165,0.0,373.297,5.614,82.22,1019.979
2025-05-07 01:00:00,0.471,13.165,129.41,352.492,6.067,83.483,996.746
2025-05-07 02:00:00,1.242,13.165,250.0,387.737,5.679,70.255,986.721
2025-05-07 03:00:00,0.805,13.165,353.553,340.76,4.736,76.67,990.099
2025-05-07 04:00:00,1.513,13.165,433.013,311.963,4.246,93.78,980.417
2025-05-07 05:00:00,1.521,13.165,482.963,321.866,6.067,70.475,1016.577
2025-05-07 06:00:00,1.985,13.165,500.0,318.768,5.501,84.156,991.107
2025-05-07 07:00:00,1.517,13.165,482.963,362.825,7.369,89.468,1016.672
2025-05-07 08:00:00,1.964,13.165,433.013,407.52,5.077,79.841,996.86
2025-05-07 09:00:00,0.154,13.165,353.553,317.654,4.804,90.361,1018.84
2025-05-07 10:00:00,0.607,13.165,250.0,355.129,4.279,80.298,981.455
2025-05-07 11:00:00,1.827,13.165,129.41,328.535,5.446,73.856,1010.404
2025-05-07 12:00:00,1.287,13.165,0.0,411.056,4.537,93.082,998.542
2025-05-07 13:00:00,1.512,13.165,0.0,384.677,5.195,73.663,985.61
2025-05-07 14:00:00,0.133,13.165,0.0,406.523,9.141,88.183,1014.314
2025-05-07 15:00:00,1.582,13.165,0.0,367.33,5.592,94.1,991.52
2025-05-07 16:00:00,0.739,13.165,0.0,365.059,8.408,90.852,1015.893
2025-05-07 17:00:00,1.403,13.165,0.0,353.444,6.465,72.707,1019.694
2025-05-07 18:00:00,1.614,13.165,0.0,320.38,4.958,84.069,1001.815
2025-05-07 19:00:00,0.082,13.165,0.0,377.398,4.376,86.149,1009.981
2025-05-07 20:00:00,1.367,13.165,0.0,314.512,7.686,91.21,997.955
2025-05-07 21:00:00,0.775,13.165,0.0,360.059,4.165,79.149,1013.538
2025-05-07 22:00:00,1.669,13.165,0.0,356.082,4.305,71.379,985.584
2025-05-07 23:00:00,0.354,13.165,0.0,350.757,5.675,94.645,981.751
2025-05-08 00:00:00,1.483,13.065,0.0,321.759,8.13,93.235,994.718
2025-05-08 01:00:00,1.799,13.065,129.41,405.699,5.922,88.279,987.608
2025-05-08 02:00:00,0.35,13.065,250.0,369.275,4.018,86.706,1008.358
2025-05-08 03:00:00,1.407,13.065,353.553,417.739,9.433,89.456,1006.457
2025-05-08 04:00:00,1.764,13.065,433.013,337.289,4.206,73.431,1014.162
2025-05-08 05:00:00,0.507,13.065,482.963,345.38,6.479,82.194,985.492
2025-05-08 06:00:00,2.885,13.065,500.0,314.8,9.274,90.072,1016.634
2025-05-08 07:00:00,0.475,13.065,482.963,329.339,9.276,89.858,1004.397
2025-05-08 08:00:00,0.442,13.065,433.013,351.939,5.245,94.167,989.533
2025-05-08 09:00:00,2.212,13.065,353.553,378.315,9.368,81.298,984.201
2025-05-08 10:00:00,0.463,13.065,250.0,332.7,5.683,85.419,1013.595
2025-05-08 11:00:00,1.762,13.065,129.41,418.803,7.573,84.107,1001.785
2025-05-08 12:00:00,0.388,13.065,0.0,367.305,4.859,70.509,988.923
2025-05-08 13:00:00,1.162,13.065,0.0,366.842,6.282,86.275,997.568
2025-05-08 14:00:00,2.495,13.065,0.0,358.896,6.755,78.148,1012.103
2025-05-08 15:00:00,2.265,13.065,0.0,390.517,9.758,92.65,993.427
2025-05-08 16:00:00,5.5,13.065,0.0,411.794,4.48,87.787,1011.018
2025-05-08 17:00:00,1.545,13.065,0.0,341.683,7.095,94.491,1005.938
2025-05-08 18:00:00,1.084,13.065,0.0,341.398,9.791,82.817,1019.015
2025-05-08 19:00:00,0.229,13.065,0.0,393.446,7.66,89.146,1006.789
2025-05-08 20:00:00,0.055,13.065,0.0,305.549,4.972,85.151,999.797
2025-05-08 21:00:00,3.448,13.065,0.0,347.813,6.161,70.479,1018.38
2025-05-08 22:00:00,2.587,13.065,0.0,312.442,9.824,91.401,997.492
2025-05-08 23:00:00,0.95,13.065,0.0,378.028,7.503,71.949,1006.655
2025-05-09 00:00:00,2.728,12.962,0.0,360.952,4.659,77.79,1018.374
2025-05-09 01:00:00,3.211,12.962,129.41,341.714,5.868,83.398,995.216
2025-05-09 02:00:00,0.198,12.962,250.0,311.63,9.585,94.358,1003.248
2025-05-09 03:00:00,0.843,12.962,353.553,325.914,8.616,82.629,998.168
2025-05-09 04:00:00,1.279,12.962,433.013,350.508,8.43,85.076,1015.273
2025-05-09 05:00:00,2.014,12.962,482.963,314.095,9.298,93.198,995.9
2025-05-09 06:00:00,0.047,12.962,500.0,386.503,4.529,75.665,980.288
2025-05-09 07:00:00,0.4,12.962,482.963,390.584,9.754,91.157,1006.111
2025-05-09 08:00:00,0.274,12.962,433.013,406.363,8.876,78.349,980.941
2025-05-09 09:00:00,1.415,12.962,353.553,378.988,5.905,92.805,986.295
2025-05-09 10:00:00,1.433,12.962,250.0,323.939,6.036,75.755,989.976
2025-05-09 11:00:00,2.203,12.962,129.41,372.336,7.65,78.779,1013.197
2025-05-09 12:00:00,4.314,12.962,0.0,413.982,9.202,87.483,1008.661
2025-05-09 13:00:00,1.846,12.962,0.0,357.478,8.86,92.155,991.577
2025-05-09 14:00:00,2.356,12.962,0.0,398.765,5.225,70.067,1017.572
2025-05-09 15:00:00,1.627,12.962,0.0,300.036,9.231,77.473,990.012
2025-05-09 16:00:00,4.197,12.962,0.0,382.289,4.547,87.709,1003.973
2025-05-09 17:00:00,2.859,12.962,0.0,336.206,7.738,93.082,1004.744
2025-05-09 18:00:00,1.265,12.962,0.0,313.671,5.843,80.195,1001.612
2025-05-09 19:00:00,0.9,12.962,0.0,407.111,4.168,86.36,1017.601
2025-05-09 20:00:00,3.523,12.962,0.0,309.597,9.101,78.857,1011.842
2025-05-09 21:00:00,1.134,12.962,0.0,384.742,9.08,76.086,981.671
2025-05-09 22:00:00,2.687,12.962,0.0,364.975,6.295,84.79,988.985
2025-05-09 23:00:00,0.63,12.962,0.0,319.489,4.95,83.678,1015.16
2025-05-10 00:00:00,2.091,12.856,0.0,408.763,4.604,76.184,999.927
2025-05-10 01:00:00,2.187,12.856,129.41,337.112,7.293,80.171,994.475
2025-05-10 02:00:00,1.873,12.856,250.0,327.072,9.193,73.999,998.574
2025-05-10 03:00:00,2.023,12.856,353.553,350.116,6.242,76.315,1006.858
2025-05-10 04:00:00,1.953,12.856,433.013,382.421,6.051,76.537,996.615
2025-05-10 05:00:00,0.311,12.856,482.963,391.968,6.366,83.229,1019.33
2025-05-10 06:00:00,3.335,12.856,500.0,361.237,4.555,75.076,992.757
2025-05-10 07:00:00,0.892,12.856,482.963,314.484,9.73,94.825,1009.387
2025-05-10 08:00:00,0.422,12.856,433.013,381.294,8.243,70.893,1002.277
2025-05-10 09:00:00,1.283,12.856,353.553,326.483,7.439,76.289,996.803
2025-05-10 10:00:00,0.162,12.856,250.0,332.625,9.209,81.024,1010.283
2025-05-10 11:00:00,0.411,12.856,129.41,353.939,7.298,74.284,1019.18
2025-05-10 12:00:00,0.639,12.856,0.0,343.235,5.373,91.683,1007.207
2025-05-10 13:00:00,3.38,12.856,0.0,350.377,4.974,94.369,997.074
2025-05-10 14:00:00,1.825,12.856,0.0,316.399,5.802,84.81,997.743
2025-05-10 15:00:00,0.582,12.856,0.0,391.127,9.327,79.668,998.648
2025-05-10 16:00:00,0.427,12.856,0.0,312.158,6.962,86.114,996.963
2025-05-10 17:00:00,0.872,12.856,0.0,401.027,8.382,81.503,1010.153
2025-05-10 18:00:00,0.623,12.856,0.0,311.024,9.307,86.069,1013.732
2025-05-10 19:00:00,0.796,12.856,0.0,403.552,5.021,85.001,1006.079
2025-05-10 20:00:00,0.801,12.856,0.0,344.617,7.631,76.265,1006.537
2025-05-10 21:00:00,1.023,12.856,0.0,330.089,6.089,83.642,1014.806
2025-05-10 22:00:00,1.714,12.856,0.0,381.662,4.349,89.073,1011.21
2025-05-10 23:00:00,1.771,12.856,0.0,374.339,7.997,76.52,1013.536
2025-05-11 00:00:00,1.481,12.749,0.0,330.125,4.29,80.755,1012.422
2025-05-11 01:00:00,2.41,12.749,129.41,388.214,9.283,82.581,987.273
2025-05-11 02:00:00,5.111,12.749,250.0,381.655,9.07,75.029,989.732
2025-05-11 03:00:00,2.351,12.749,353.553,394.535,9.205,93.853,1004.539
2025-05-11 04:00:00,2.2,12.749,433.013,321.037,6.017,81.247,988.043
2025-05-11 05:00:00,2.768,12.749,482.963,343.475,6.038,86.149,1009.821
2025-05-11 06:00:00,0.852,12.749,500.0,382.127,4.801,89.331,1003.185
2025-05-11 07:00:00,0.234,12.749,482.963,403.593,8.521,85.176,1012.913
2025-05-11 08:00:00,0.274,12.749,433.013,417.898,7.889,85.795,993.637
2025-05-11 09:00:00,1.447,12.749,353.553,303.343,8.653,81.27,1002.83
2025-05-11 10:00:00,2.202,12.749,250.0,328.689,4.078,84.958,1002.326
2025-05-11 11:00:00,2.642,12.749,129.41,398.138,7.752,86.613,982.203
2025-05-11 12:00:00,0.908,12.749,0.0,304.643,4.384,86.419,996.733
2025-05-11 13:00:00,0.813,12.749,0.0,364.56,6.286,79.252,1013.259
2025-05-11 14:00:00,2.68,12.749,0.0,359.767,6.095,93.075,980.189
2025-05-11 15:00:00,0.104,12.749,0.0,371.254,5.252,89.786,991.437
2025-05-11 16:00:00,2.642,12.749,0.0,414.887,8.616,86.418,1019.165
2025-05-11 17:00:00,0.997,12.749,0.0,332.531,9.304,72.327,981.136
2025-05-11 18:00:00,2.568,12.749,0.0,417.239,7.747,73.143,997.413
2025-05-11 19:00:00,0.79,12.749,0.0,345.313,6.551,75.015,1003.011
2025-05-11 20:00:00,0.973,12.749,0.0,354.907,5.409,70.203,1016.108
2025-05-11 21:00:00,1.697,12.749,0.0,418.009,8.049,70.484,1005.154
2025-05-11 22:00:00,1.077,12.749,0.0,397.498,7.261,87.951,992.137
2025-05-11 23:00:00,0.993,12.749,0.0,322.568,4.656,78.582,999.21
2025-05-12 00:00:00,2.726,12.639,0.0,392.681,8.599,89.776,998.589
2025-05-12 01:00:00,0.719,12.639,129.41,358.593,8.664,87.796,993.194
2025-05-12 02:00:00,0.623,12.639,250.0,406.479,5.544,93.138,1008.033
2025-05-12 03:00:00,1.697,12.639,353.553,380.589,9.726,93.47,1011.983
2025-05-12 04:00:00,2.686,12.639,433.013,308.208,7.386,89.881,983.412
2025-05-12 05:00:00,0.339,12.639,482.963,343.344,6.417,83.216,983.216
2025-05-12 06:00:00,1.26,12.639,500.0,303.13,7.499,82.28,1018.243
2025-05-12 07:00:00,1.905,12.639,482.963,334.555,8.747,84.668,1003.262
2025-05-12 08:00:00,0.549,12.639,433.013,373.874,8.175,93.726,989.975
2025-05-12 09:00:00,0.861,12.639,353.553,375.077,6.142,92.824,1018.316
2025-05-12 10:00:00,1.055,12.639,250.0,382.104,7.378,71.603,1004.287
2025-05-12 11:00:00,2.812,12.639,129.41,406.596,9.789,84.877,1013.04
2025-05-12 12:00:00,1.067,12.639,0.0,316.879,9.582,85.764,1015.41
2025-05-12 13:00:00,3.67,12.639,0.0,389.047,6.206,88.277,1007.887
2025-05-12 14:00:00,1.096,12.639,0.0,414.704,8.378,77.862,1019.311
2025-05-12 15:00:00,1.456,12.639,0.0,383.989,4.465,78.794,988.568
2025-05-12 16:00:00,3.493,12.639,0.0,331.772,4.837,89.298,986.747
2025-05-12 17:00:00,2.568,12.639,0.0,351.817,5.918,85.375,1017.11
2025-05-12 18:00:00,2.978,12.639,0.0,351.971,5.557,87.32,991.592
2025-05-12 19:00:00,1.009,12.639,0.0,325.027,4.291,92.386,1013.235
2025-05-12 20:00:00,0.816,12.639,0.0,305.734,9.29,91.389,1016.894
2025-05-12 21:00:00,1.37,12.639,0.0,351.525,7.093,73.458,1007.784
2025-05-12 22:00:00,0.83,12.639,0.0,402.017,9.742,82.658,1012.41
2025-05-12 23:00:00,2.011,12.639,0.0,356.047,9.615,85.982,999.203
2025-05-13 00:00:00,1.798,12.527,0.0,416.47,7.945,86.321,1008.075
2025-05-13 01:00:00,0.951,12.527,129.41,419.578,5.712,75.569,1000.2
2025-05-13 02:00:00,2.102,12.527,250.0,368.511,9.461,88.085,1005.509
2025-05-13 03:00:00,0.279,12.527,353.553,306.351,4.504,72.881,1008.768
2025-05-13 04:00:00,3.358,12.527,433.013,358.207,7.375,90.755,1012.742
2025-05-13 05:00:00,0.634,12.527,482.963,405.6,6.794,88.038,982.249
2025-05-13 06:00:00,2.391,12.527,500.0,324.727,7.299,87.575,1005.612
2025-05-13 07:00:00,0.359,12.527,482.963,300.696,6.764,94.499,1013.874
2025-05-13 08:00:00,2.172,12.527,433.013,385.323,9.286,91.032,984.196
2025-05-13 09:00:00,3.153,12.527,353.553,365.594,6.402,71.732,1002.893
2025-05-13 10:00:00,3.66,12.527,250.0,418.225,6.439,88.809,992.484
2025-05-13 11:00:00,1.911,12.527,129.41,331.17,8.76,72.669,1009.339
2025-05-13 12:00:00,0.425,12.527,0.0,300.46,7.847,87.051,1014.589
2025-05-13 13:00:00,5.584,12.527,0.0,339.054,5.903,89.899,983.234
2025-05-13 14:00:00,1.785,12.527,0.0,410.136,4.089,88.655,1019.628
2025-05-13 15:00:00,0.768,12.527,0.0,308.757,6.53,87.816,1015.068
2025-05-13 16:00:00,4.741,12.527,0.0,399.598,9.036,90.23,997.148
2025-05-13 17:00:00,0.526,12.527,0.0,349.506,7.135,71.563,1014.369
2025-05-13 18:00:00,0.992,12.527,0.0,301.751,6.603,70.996,983.05
2025-05-13 19:00:00,4.896,12.527,0.0,401.903,5.912,81.793,1006.243
2025-05-13 20:00:00,0.127,12.527,0.0,368.291,6.796,90.598,1000.705
2025-05-13 21:00:00,0.393,12.527,0.0,398.22,4.885,73.244,982.3
2025-05-13 22:00:00,1.775,12.527,0.0,337.031,9.878,76.673,994.995
2025-05-13 23:00:00,0.411,12.527,0.0,419.952,6.898,90.891,1010.483
2025-05-14 00:00:00,1.484,12.412,0.0,405.36,8.458,73.892,993.779
2025-05-14 01:00:00,5.692,12.412,129.41,389.481,4.624,94.579,1010.527
2025-05-14 02:00:00,0.231,12.412,250.0,369.407,5.04,83.075,984.356
2025-05-14 03:00:00,1.685,12.412,353.553,362.768,6.945,82.288,990.225
2025-05-14 04:00:00,0.588,12.412,433.013,308.464,6.649,84.189,1006.9
2025-05-14 05:00:00,2.944,12.412,482.963,307.606,9.246,78.052,993.498
2025-05-14 06:00:00,3.464,12.412,500.0,345.849,5.667,72.302,1014.85
2025-05-14 07:00:00,0.602,12.412,482.963,326.499,7.281,77.17,1013.269
2025-05-14 08:00:00,1.036,12.412,433.013,316.124,7.051,90.004,982.191
2025-05-14 09:00:00,0.874,12.412,353.553,373.313,4.617,76.95,981.197
2025-05-14 10:00:00,1.286,12.412,250.0,364.251,6.052,83.905,999.067
2025-05-14 11:00:00,1.616,12.412,129.41,353.133,6.597,79.202,983.935
2025-05-14 12:00:00,0.76,12.412,0.0,404.1,6.485,82.611,1016.571
2025-05-14 13:00:00,1.684,12.412,0.0,410.323,6.981,86.431,983.062
2025-05-14 14:00:00,1.037,12.412,0.0,419.366,7.263,79.917,1011.106
2025-05-14 15:00:00,0.789,12.412,0.0,314.57,6.914,92.835,1000.943
2025-05-14 16:00:00,0.863,12.412,0.0,354.914,5.165,79.789,1008.427
2025-05-14 17:00:00,0.406,12.412,0.0,336.041,5.266,89.342,993.908
2025-05-14 18:00:00,0.563,12.412,0.0,325.258,8.154,90.793,1018.357
2025-05-14 19:00:00,0.292,12.412,0.0,342.152,8.32,74.914,981.018
2025-05-14 20:00:00,0.134,12.412,0.0,347.454,4.512,74.875,1010.547
2025-05-14 21:00:00,2.023,12.412,0.0,410.36,4.984,81.855,1008.453
2025-05-14 22:00:00,1.306,12.412,0.0,387.908,4.112,76.289,1009.237
2025-05-14 23:00:00,0.281,12.412,0.0,345.185,9.789,85.458,1007.155
2025-05-15 00:00:00,1.378,12.296,0.0,400.278,7.507,79.223,1011.997
2025-05-15 01:00:00,0.497,12.296,129.41,364.375,5.531,73.29,991.249
2025-05-15 02:00:00,5.062,12.296,250.0,385.364,4.957,79.367,995.365
2025-05-15 03:00:00,3.458,12.296,353.553,399.361,6.863,78.389,1008.368
2025-05-15 04:00:00,1.753,12.296,433.013,416.199,7.731,85.888,983.613
2025-05-15 05:00:00,3.163,12.296,482.963,326.548,4.496,72.905,995.617
2025-05-15 06:00:00,1.874,12.296,500.0,342.896,6.645,81.598,983.902
2025-05-15 07:00:00,1.452,12.296,482.963,313.719,7.667,74.204,998.417
2025-05-15 08:00:00,0.782,12.296,433.013,364.267,7.977,71.872,992.836
2025-05-15 09:00:00,1.275,12.296,353.553,315.946,8.061,76.803,981.631
2025-05-15 10:00:00,0.967,12.296,250.0,415.189,7.333,70.85,1012.982
2025-05-15 11:00:00,0.761,12.296,129.41,385.851,8.615,91.577,996.933
2025-05-15 12:00:00,1.669,12.296,0.0,353.74,7.143,79.353,989.292
2025-05-15 13:00:00,1.368,12.296,0.0,348.091,7.664,73.018,991.13
2025-05-15 14:00:00,1.179,12.296,0.0,330.546,4.356,72.955,992.536
2025-05-15 15:00:00,0.532,12.296,0.0,347.157,8.101,92.469,1011.001
2025-05-15 16:00:00,2.506,12.296,0.0,365.139,6.657,72.673,1012.621
2025-05-15 17:00:00,2.743,12.296,0.0,384.079,7.224,84.434,1008.232
2025-05-15 18:00:00,1.341,12.296,0.0,321.801,6.322,93.963,995.35
2025-05-15 19:00:00,1.198,12.296,0.0,406.074,4.941,90.248,996.126
2025-05-15 20:00:00,1.38,12.296,0.0,348.152,4.723,89.476,986.13
2025-05-15 21:00:00,2.308,12.296,0.0,353.478,6.984,80.889,1016.125
2025-05-15 22:00:00,0.854,12.296,0.0,404.439,6.964,86.667,991.666
2025-05-15 23:00:00,1.544,12.296,0.0,310.845,7.373,88.22,1012.908
2025-05-16 00:00:00,0.714,12.177,0.0,319.639,6.87,81.231,1019.573
2025-05-16 01:00:00,0.937,12.177,129.41,324.857,4.52,85.669,1011.323
2025-05-16 02:00:00,0.966,12.177,250.0,403.516,9.947,91.657,984.799
2025-05-16 03:00:00,0.962,12.177,353.553,301.096,5.25,86.295,1019.506
2025-05-16 04:00:00,0.797,12.177,433.013,318.444,5.781,77.745,984.643
2025-05-16 05:00:00,0.413,12.177,482.963,307.295,9.752,76.839,996.988
2025-05-16 06:00:00,1.371,12.177,500.0,354.436,6.533,94.879,1008.797
2025-05-16 07:00:00,1.36,12.177,482.963,344.231,7.681,89.775,1014.673
2025-05-16 08:00:00,7.532,12.177,433.013,403.633,5.633,75.448,989.517
2025-05-16 09:00:00,1.524,12.177,353.553,380.145,8.287,88.925,1004.648
2025-05-16 10:00:00,1.357,12.177,250.0,352.543,7.701,90.172,993.923
2025-05-16 11:00:00,0.525,12.177,129.41,370.61,6.694,82.473,980.146
2025-05-16 12:00:00,1.833,12.177,0.0,399.293,5.587,90.295,985.478
2025-05-16 13:00:00,1.341,12.177,0.0,310.414,9.17,72.011,998.102
2025-05-16 14:00:00,2.197,12.177,0.0,367.842,8.978,73.454,1010.966
2025-05-16 15:00:00,0.605,12.177,0.0,403.139,7.652,79.519,1009.145
2025-05-16 16:00:00,2.216,12.177,0.0,301.729,4.054,72.145,985.763
2025-05-16 17:00:00,0.877,12.177,0.0,366.27,9.722,86.906,1007.483
2025-05-16 18:00:00,0.701,12.177,0.0,301.226,8.866,82.114,999.38
2025-05-16 19:00:00,1.089,12.177,0.0,403.384,5.353,86.527,1012.297
2025-05-16 20:00:00,1.643,12.177,0.0,346.357,4.73,74.475,996.777
2025-05-16 21:00:00,1.83,12.177,0.0,327.88,6.851,86.083,988.48
2025-05-16 22:00:00,0.119,12.177,0.0,377.431,8.9,86.377,987.444
2025-05-16 23:00:00,0.988,12.177,0.0,367.124,5.789,80.914,996.031
2025-05-17 00:00:00,0.798,12.056,0.0,397.059,5.118,72.694,1014.455
2025-05-17 01:00:00,1.442,12.056,129.41,316.466,9.372,88.638,994.938
2025-05-17 02:00:00,0.462,12.056,250.0,401.471,5.544,74.85,1002.241
2025-05-17 03:00:00,0.456,12.056,353.553,418.807,9.221,77.631,1018.117
2025-05-17 04:00:00,2.159,12.056,433.013,359.889,5.409,94.762,982.198
2025-05-17 05:00:00,1.573,12.056,482.963,319.765,7.243,71.391,1007.015
2025-05-17 06:00:00,1.553,12.056,500.0,349.142,5.767,83.121,1009.854
2025-05-17 07:00:00,0.487,12.056,482.963,415.215,4.106,85.657,994.222
2025-05-17 08:00:00,1.008,12.056,433.013,411.044,8.762,78.458,982.587
2025-05-17 09:00:00,1.114,12.056,353.553,313.545,8.37,87.887,1013.415
2025-05-17 10:00:00,1.051,12.056,250.0,319.576,7.675,85.914,1003.107
2025-05-17 11:00:00,1.983,12.056,129.41,411.735,9.329,76.774,1009.992
2025-05-17 12:00:00,0.554,12.056,0.0,341.148,8.104,84.2,1000.946
2025-05-17 13:00:00,3.217,12.056,0.0,361.69,6.402,83.749,985.768
2025-05-17 14:00:00,2.812,12.056,0.0,417.218,8.166,80.302,1015.998
2025-05-17 15:00:00,1.197,12.056,0.0,389.084,4.264,84.387,983.625
2025-05-17 16:00:00,1.195,12.056,0.0,402.138,6.425,74.766,981.73
2025-05-17 17:00:00,1.403,12.056,0.0,364.13,4.659,87.1,1007.269
2025-05-17 18:00:00,1.614,12.056,0.0,418.215,4.716,87.642,1017.578
2025-05-17 19:00:00,0.851,12.056,0.0,362.247,7.294,83.811,1008.462
2025-05-17 20:00:00,3.491,12.056,0.0,353.969,4.164,78.21,984.52
2025-05-17 21:00:00,0.384,12.056,0.0,375.061,7.552,74.186,992.585
2025-05-17 22:00:00,1.333,12.056,0.0,325.132,4.167,75.104,1017.429
2025-05-17 23:00:00,1.879,12.056,0.0,343.16,6.738,79.656,989.653
2025-05-18 00:00:00,2.685,11.933,0.0,383.516,7.428,83.333,1008.373
2025-05-18 01:00:00,1.292,11.933,129.41,412.3,7.044,80.96,1010.329
2025-05-18 02:00:00,4.362,11.933,250.0,349.17,6.514,71.501,1014.338
2025-05-18 03:00:00,2.865,11.933,353.553,375.813,6.873,90.573,1010.919
2025-05-18 04:00:00,1.883,11.933,433.013,418.951,6.73,74.57,985.287
2025-05-18 05:00:00,1.727,11.933,482.963,377.825,7.275,71.053,1000.221
2025-05-18 06:00:00,0.626,11.933,500.0,320.072,6.927,85.633,1019.058
2025-05-18 07:00:00,1.757,11.933,482.963,300.024,8.265,73.658,999.7
2025-05-18 08:00:00,2.71,11.933,433.013,360.139,5.248,90.201,993.952
2025-05-18 09:00:00,1.605,11.933,353.553,300.089,6.44,80.586,1007.906
2025-05-18 10:00:00,1.678,11.933,250.0,393.76,4.571,71.433,991.23
2025-05-18 11:00:00,0.829,11.933,129.41,389.208,9.144,80.756,996.386
2025-05-18 12:00:00,1.029,11.933,0.0,325.033,9.42,93.517,1007.122
2025-05-18 13:00:00,2.501,11.933,0.0,377.129,9.574,93.861,983.224
2025-05-18 14:00:00,0.508,11.933,0.0,323.346,6.733,83.566,988.454
2025-05-18 15:00:00,6.567,11.933,0.0,321.045,7.659,74.442,982.362
2025-05-18 16:00:00,2.175,11.933,0.0,417.596,5.415,70.821,1007.408
2025-05-18 17:00:00,5.365,11.933,0.0,398.026,6.016,82.201,981.91
2025-05-18 18:00:00,0.437,11.933,0.0,408.733,7.421,80.392,987.736
2025-05-18 19:00:00,1.092,11.933,0.0,356.076,4.836,74.705,1011.974
2025-05-18 20:00:00,0.154,11.933,0.0,399.642,9.211,70.91,993.717
2025-05-18 21:00:00,1.366,11.933,0.0,366.359,8.443,74.811,987.737
2025-05-18 22:00:00,0.669,11.933,0.0,311.7,4.141,85.837,1010.817
2025-05-18 23:00:00,0.642,11.933,0.0,365.27,4.549,78.159,989.541
2025-05-19 00:00:00,1.904,11.808,0.0,348.196,4.05,89.552,996.871
2025-05-19 01:00:00,2.145,11.808,129.41,416.467,7.579,94.232,1004.683
2025-05-19 02:00:00,0.151,11.808,250.0,364.496,9.229,91.845,1006.171
2025-05-19 03:00:00,3.435,11.808,353.553,360.073,8.438,88.811,991.363
2025-05-19 04:00:00,0.447,11.808,433.013,393.061,4.369,81.947,1014.71
2025-05-19 05:00:00,1.896,11.808,482.963,380.726,5.644,93.835,1015.018
2025-05-19 06:00:00,0.084,11.808,500.0,307.361,5.12,73.675,982.337
2025-05-19 07:00:00,1.333,11.808,482.963,413.768,5.827,91.565,1002.941
2025-05-19 08:00:00,3.236,11.808,433.013,394.22,6.394,82.375,1010.047
2025-05-19 09:00:00,0.684,11.808,353.553,331.793,4.915,85.342,996.962
2025-05-19 10:00:00,2.814,11.808,250.0,376.822,7.243,92.485,1003.475
2025-05-19 11:00:00,1.738,11.808,129.41,385.092,9.988,91.864,1019.796
2025-05-19 12:00:00,0.67,11.808,0.0,313.841,5.812,89.609,1017.722
2025-05-19 13:00:00,2.114,11.808,0.0,366.709,6.843,77.003,1008.72
2025-05-19 14:00:00,1.138,11.808,0.0,320.912,5.554,77.87,992.814
2025-05-19 15:00:00,0.795,11.808,0.0,351.709,9.164,74.194,981.168
2025-05-19 16:00:00,0.172,11.808,0.0,357.13,4.351,81.274,984.494
2025-05-19 17:00:00,1.713,11.808,0.0,341.481,9.7,76.248,995.93
2025-05-19 18:00:00,2.36,11.808,0.0,386.546,5.988,77.004,1019.548
2025-05-19 19:00:00,2.361,11.808,0.0,334.873,4.58,71.933,992.439
2025-05-19 20:00:00,1.694,11.808,0.0,374.294,6.229,86.642,1007.374
2025-05-19 21:00:00,1.094,11.808,0.0,376.228,4.44,90.596,999.061
2025-05-19 22:00:00,2.17,11.808,0.0,303.562,4.537,81.772,998.733
2025-05-19 23:00:00,0.585,11.808,0.0,374.097,8.377,81.627,1003.335
2025-05-20 00:00:00,0.084,11.681,0.0,333.392,5.681,79.962,1004.812
2025-05-20 01:00:00,1.22,11.681,129.41,410.589,8.533,82.275,999.518
2025-05-20 02:00:00,0.416,11.681,250.0,321.802,8.218,88.829,988.703
2025-05-20 03:00:00,1.539,11.681,353.553,343.951,6.474,71.089,986.979
2025-05-20 04:00:00,0.761,11.681,433.013,343.487,7.281,94.751,1007.582
2025-05-20 05:00:00,0.898,11.681,482.963,391.379,5.186,72.061,1005.41
2025-05-20 06:00:00,0.488,11.681,500.0,399.16,7.5,71.009,1019.869
2025-05-20 07:00:00,0.632,11.681,482.963,348.97,4.482,87.37,1001.846
2025-05-20 08:00:00,1.298,11.681,433.013,391.946,6.848,86.681,1004.357
2025-05-20 09:00:00,1.913,11.681,353.553,340.975,5.076,79.479,998.24
2025-05-20 10:00:00,5.272,11.681,250.0,395.548,9.64,70.519,1013.637
2025-05-20 11:00:00,4.959,11.681,129.41,354.327,7.732,70.043,993.457
2025-05-20 12:00:00,1.007,11.681,0.0,415.462,4.522,85.931,999.705
2025-05-20 13:00:00,0.764,11.681,0.0,355.078,8.212,75.055,994.862
2025-05-20 14:00:00,1.594,11.681,0.0,348.246,7.415,91.558,1012.355
2025-05-20 15:00:00,0.97,11.681,0.0,349.657,7.441,90.562,997.733
2025-05-20 16:00:00,0.089,11.681,0.0,369.304,8.934,76.321,1014.05
2025-05-20 17:00:00,0.473,11.681,0.0,338.293,8.752,86.821,998.028
2025-05-20 18:00:00,0.919,11.681,0.0,349.544,5.534,71.273,994.339
2025-05-20 19:00:00,1.254,11.681,0.0,367.612,8.289,73.685,985.691
2025-05-20 20:00:00,2.094,11.681,0.0,373.065,9.156,92.486,1006.691
2025-05-20 21:00:00,1.039,11.681,0.0,326.328,7.877,93.088,1008.909
2025-05-20 22:00:00,1.754,11.681,0.0,303.221,4.851,88.437,997.636
2025-05-20 23:00:00,1.153,11.681,0.0,349.933,5.765,93.34,1011.175
2025-05-21 00:00:00,0.739,11.552,0.0,328.591,4.947,90.563,1011.937
2025-05-21 01:00:00,0.824,11.552,129.41,317.099,7.749,79.863,997.294
2025-05-21 02:00:00,0.326,11.552,250.0,405.169,5.536,76.318,985.872
2025-05-21 03:00:00,0.872,11.552,353.553,353.583,8.059,72.333,980.62
2025-05-21 04:00:00,0.376,11.552,433.013,411.776,6.055,90.294,997.466
2025-05-21 05:00:00,0.373,11.552,482.963,306.109,6.394,77.393,995.306
2025-05-21 06:00:00,0.165,11.552,500.0,355.301,7.945,70.288,1013.624
2025-05-21 07:00:00,3.58,11.552,482.963,394.476,6.588,83.322,994.06
2025-05-21 08:00:00,0.323,11.552,433.013,381.718,8.044,70.828,986.973
2025-05-21 09:00:00,1.435,11.552,353.553,338.753,7.795,92.321,1010.034
2025-05-21 10:00:00,0.79,11.552,250.0,360.641,5.842,86.857,1012.137
2025-05-21 11:00:00,1.995,11.552,129.41,344.733,6.877,80.972,981.547
2025-05-21 12:00:00,0.631,11.552,0.0,414.718,9.651,74.809,986.962
2025-05-21 13:00:00,0.693,11.552,0.0,333.712,7.689,83.044,987.374
2025-05-21 14:00:00,2.217,11.552,0.0,397.961,4.523,87.497,1007.366
2025-05-21 15:00:00,1.108,11.552,0.0,306.009,8.832,93.721,994.039
2025-05-21 16:00:00,2.826,11.552,0.0,361.385,6.051,74.084,1014.921
2025-05-21 17:00:00,0.597,11.552,0.0,363.617,8.128,94.371,1004.297
2025-05-21 18:00:00,3.189,11.552,0.0,403.757,8.456,93.818,1005.465
2025-05-21 19:00:00,0.423,11.552,0.0,410.652,5.062,93.8,993.082
2025-05-21 20:00:00,1.284,11.552,0.0,339.327,6.466,74.265,998.76
2025-05-21 21:00:00,0.434,11.552,0.0,351.871,4.137,81.009,995.784
2025-05-21 22:00:00,2.334,11.552,0.0,373.409,4.235,80.095,1005.048
2025-05-21 23:00:00,1.554,11.552,0.0,413.02,6.359,80.037,990.215
2025-05-22 00:00:00,0.966,11.421,0.0,403.583,6.838,87.729,1010.998
2025-05-22 01:00:00,3.662,11.421,129.41,339.103,8.774,81.7,990.816
2025-05-22 02:00:00,4.628,11.421,250.0,411.247,4.1,92.046,1001.176
2025-05-22 03:00:00,0.898,11.421,353.553,381.847,7.257,91.003,1017.189
2025-05-22 04:00:00,5.26,11.421,433.013,386.614,9.121,81.237,1018.784
2025-05-22 05:00:00,0.333,11.421,482.963,359.729,9.211,92.884,1008.354
2025-05-22 06:00:00,0.847,11.421,500.0,386.822,6.093,71.762,999.993
2025-05-22 07:00:00,0.841,11.421,482.963,411.422,7.664,89.084,995.559
2025-05-22 08:00:00,3.076,11.421,433.013,414.956,6.47,85.108,989.719
2025-05-22 09:00:00,0.338,11.421,353.553,321.962,4.836,83.373,995.357
2025-05-22 10:00:00,1.086,11.421,250.0,353.712,9.896,70.45,987.485
2025-05-22 11:00:00,0.216,11.421,129.41,361.755,9.577,74.256,1007.694
2025-05-22 12:00:00,2.341,11.421,0.0,333.387,7.376,84.003,1017.93
2025-05-22 13:00:00,3.149,11.421,0.0,388.883,8.446,78.634,1017.595
2025-05-22 14:00:00,0.399,11.421,0.0,412.775,6.758,86.429,997.347
2025-05-22 15:00:00,1.415,11.421,0.0,391.81,8.619,83.053,1017.069
2025-05-22 16:00:00,1.175,11.421,0.0,338.768,8.591,94.982,991.738
2025-05-22 17:00:00,1.204,11.421,0.0,372.529,4.716,79.031,1008.529
2025-05-22 18:00:00,2.661,11.421,0.0,404.882,8.617,70.197,1016.665
2025-05-22 19:00:00,2.698,11.421,0.0,341.268,7.963,89.437,1004.463
2025-05-22 20:00:00,1.354,11.421,0.0,355.37,6.663,76.632,989.923
2025-05-22 21:00:00,0.665,11.421,0.0,334.712,7.908,81.857,997.615
2025-05-22 22:00:00,2.166,11.421,0.0,325.792,6.014,77.412,1010.517
2025-05-22 23:00:00,2.739,11.421,0.0,346.243,5.567,89.586,980.321
2025-05-23 00:00:00,1.242,11.288,0.0,408.534,9.463,70.302,991.942
2025-05-23 01:00:00,0.216,11.288,129.41,417.586,5.368,83.298,1005.703
2025-05-23 02:00:00,2.006,11.288,250.0,311.045,9.591,76.149,1009.477
2025-05-23 03:00:00,0.673,11.288,353.553,385.442,4.532,78.62,985.574
2025-05-23 04:00:00,0.663,11.288,433.013,399.131,7.762,94.479,1008.208
2025-05-23 05:00:00,2.474,11.288,482.963,358.229,9.544,91.717,985.258
2025-05-23 06:00:00,2.226,11.288,500.0,396.508,6.309,87.704,1006.814
2025-05-23 07:00:00,1.604,11.288,482.963,347.011,6.518,78.15,988.527
2025-05-23 08:00:00,1.942,11.288,433.013,407.297,8.19,76.043,1013.359
2025-05-23 09:00:00,0.456,11.288,353.553,382.677,5.128,71.522,1009.156
2025-05-23 10:00:00,0.118,11.288,250.0,371.448,6.468,86.388,1004.971
2025-05-23 11:00:00,1.962,11.288,129.41,399.326,8.406,86.471,1006.752
2025-05-23 12:00:00,1.083,11.288,0.0,341.065,8.48,75.049,998.602
2025-05-23 13:00:00,1.449,11.288,0.0,321.22,6.422,82.226,1003.089
2025-05-23 14:00:00,1.55,11.288,0.0,414.095,6.138,93.204,996.845
2025-05-23 15:00:00,1.007,11.288,0.0,332.413,9.676,75.896,1018.21
2025-05-23 16:00:00,0.997,11.288,0.0,309.776,5.531,82.267,986.756
2025-05-23 17:00:00,1.446,11.288,0.0,312.275,4.586,90.482,1014.983
2025-05-23 18:00:00,3.443,11.288,0.0,324.386,9.76,85.176,997.253
2025-05-23 19:00:00,2.427,11.288,0.0,309.501,8.343,90.823,1010.011
2025-05-23 20:00:00,0.917,11.288,0.0,401.411,5.786,91.669,1015.461
2025-05-23 21:00:00,6.237,11.288,0.0,324.306,9.313,70.776,991.382
2025-05-23 22:00:00,1.446,11.288,0.0,384.343,8.609,94.357,1005.637
2025-05-23 23:00:00,0.643,11.288,0.0,405.919,4.695,74.016,1010.435
2025-05-24 00:00:00,0.733,11.153,0.0,336.158,8.282,74.923,994.286
2025-05-24 01:00:00,0.641,11.153,129.41,373.765,8.949,90.111,996.664
2025-05-24 02:00:00,2.536,11.153,250.0,313.434,4.327,84.409,1008.438
2025-05-24 03:00:00,0.118,11.153,353.553,388.811,4.358,80.975,1013.433
2025-05-24 04:00:00,0.021,11.153,433.013,336.215,9.231,92.343,1016.162
2025-05-24 05:00:00,1.627,11.153,482.963,385.81,9.312,90.809,1010.852
2025-05-24 06:00:00,2.689,11.153,500.0,339.442,8.197,76.926,1009.147
2025-05-24 07:00:00,3.393,11.153,482.963,334.378,6.491,74.8,1003.748
2025-05-24 08:00:00,3.281,11.153,433.013,366.294,6.635,82.059,987.992
2025-05-24 09:00:00,1.019,11.153,353.553,386.763,9.037,93.798,981.353
2025-05-24 10:00:00,1.121,11.153,250.0,378.908,4.774,90.781,1018.623
2025-05-24 11:00:00,1.94,11.153,129.41,408.296,8.226,76.924,995.862
2025-05-24 12:00:00,2.882,11.153,0.0,330.979,9.513,76.693,998.091
2025-05-24 13:00:00,1.806,11.153,0.0,301.55,5.096,78.887,981.188
2025-05-24 14:00:00,3.887,11.153,0.0,305.092,6.601,85.089,991.308
2025-05-24 15:00:00,1.22,11.153,0.0,395.948,7.081,86.984,992.036
2025-05-24 16:00:00,2.682,11.153,0.0,355.418,4.173,77.328,1016.084
2025-05-24 17:00:00,0.951,11.153,0.0,328.325,9.528,83.195,1001.689
2025-05-24 18:00:00,1.885,11.153,0.0,414.541,4.99,82.907,1011.351
2025-05-24 19:00:00,1.245,11.153,0.0,382.536,4.052,77.675,997.945
2025-05-24 20:00:00,1.15,11.153,0.0,355.083,9.665,70.043,1011.326
2025-05-24 21:00:00,0.566,11.153,0.0,397.794,5.49,82.882,1009.971
2025-05-24 22:00:00,1.451,11.153,0.0,375.398,7.983,93.966,1009.712
2025-05-24 23:00:00,2.201,11.153,0.0,393.195,8.329,84.523,984.806
2025-05-25 00:00:00,1.877,11.016,0.0,300.747,5.533,91.66,984.442
2025-05-25 01:00:00,1.357,11.016,129.41,337.921,7.115,88.098,1009.693
2025-05-25 02:00:00,1.688,11.016,250.0,374.712,7.473,87.886,997.533
2025-05-25 03:00:00,2.827,11.016,353.553,374.893,5.603,94.829,1016.556
2025-05-25 04:00:00,0.221,11.016,433.013,325.573,4.968,93.802,980.089
2025-05-25 05:00:00,1.667,11.016,482.963,336.387,6.847,78.781,1011.844
2025-05-25 06:00:00,3.582,11.016,500.0,365.954,8.483,84.636,999.448
2025-05-25 07:00:00,0.28,11.016,482.963,331.687,9.181,78.76,995.376
2025-05-25 08:00:00,0.935,11.016,433.013,308.058,7.23,83.46,1007.383
2025-05-25 09:00:00,1.101,11.016,353.553,372.364,5.199,73.751,1013.505
2025-05-25 10:00:00,1.668,11.016,250.0,418.184,8.193,86.176,993.842
2025-05-25 11:00:00,4.19,11.016,129.41,412.051,5.543,78.775,993.526
2025-05-25 12:00:00,1.723,11.016,0.0,401.506,4.409,75.398,996.854
2025-05-25 13:00:00,0.215,11.016,0.0,384.632,7.815,91.67,1014.592
2025-05-25 14:00:00,1.031,11.016,0.0,370.526,9.611,88.785,981.654
2025-05-25 15:00:00,4.759,11.016,0.0,331.652,5.639,89.772,991.465
2025-05-25 16:00:00,1.319,11.016,0.0,312.54,9.575,90.189,992.276
2025-05-25 17:00:00,0.133,11.016,0.0,307.819,4.403,89.742,1002.36
2025-05-25 18:00:00,2.562,11.016,0.0,385.375,7.678,80.626,990.027
2025-05-25 19:00:00,0.087,11.016,0.0,371.839,4.733,72.755,989.379
2025-05-25 20:00:00,2.073,11.016,0.0,397.116,8.117,71.925,1000.173
2025-05-25 21:00:00,4.108,11.016,0.0,301.583,5.817,73.789,1009.279
2025-05-25 22:00:00,0.224,11.016,0.0,326.41,8.752,81.028,1001.229
2025-05-25 23:00:00,0.742,11.016,0.0,412.626,8.25,88.376,1010.395
2025-05-26 00:00:00,2.456,10.878,0.0,417.142,9.116,80.512,1010.337
2025-05-26 01:00:00,2.577,10.878,129.41,417.235,8.601,89.459,988.875
2025-05-26 02:00:00,1.347,10.878,250.0,333.655,5.097,80.906,999.253
2025-05-26 03:00:00,2.866,10.878,353.553,366.925,4.5,89.84,994.695
2025-05-26 04:00:00,0.421,10.878,433.013,403.013,4.094,82.048,995.356
2025-05-26 05:00:00,3.165,10.878,482.963,399.719,9.004,81.051,1000.89
2025-05-26 06:00:00,1.823,10.878,500.0,327.675,5.286,75.148,1004.405
2025-05-26 07:00:00,2.009,10.878,482.963,419.356,7.827,70.896,998.18
2025-05-26 08:00:00,1.383,10.878,433.013,356.347,6.326,78.572,1012.565
2025-05-26 09:00:00,1.727,10.878,353.553,307.903,9.906,83.989,985.165
2025-05-26 10:00:00,5.16,10.878,250.0,360.939,6.92,73.493,1016.714
2025-05-26 11:00:00,1.332,10.878,129.41,308.342,4.558,70.975,1019.976
2025-05-26 12:00:00,2.263,10.878,0.0,367.257,7.92,78.797,1016.373
2025-05-26 13:00:00,1.429,10.878,0.0,377.318,9.991,80.059,1011.495
2025-05-26 14:00:00,0.517,10.878,0.0,387.678,7.316,75.895,988.527
2025-05-26 15:00:00,0.627,10.878,0.0,409.775,4.861,91.871,1007.749
2025-05-26 16:00:00,0.277,10.878,0.0,378.397,6.823,86.745,996.81
2025-05-26 17:00:00,3.647,10.878,0.0,311.235,8.671,72.332,984.986
2025-05-26 18:00:00,0.428,10.878,0.0,370.67,4.586,81.707,982.99
2025-05-26 19:00:00,1.041,10.878,0.0,395.43,6.924,77.98,998.841
2025-05-26 20:00:00,1.039,10.878,0.0,383.74,5.524,94.386,994.278
2025-05-26 21:00:00,0.959,10.878,0.0,351.048,5.751,81.301,1001.766
2025-05-26 22:00:00,1.396,10.878,0.0,378.023,5.807,84.941,981.03
2025-05-26 23:00:00,2.635,10.878,0.0,407.546,6.847,80.342,1001.994
2025-05-27 00:00:00,0.964,10.738,0.0,400.192,7.906,82.162,1003.025
2025-05-27 01:00:00,1.123,10.738,129.41,387.571,9.049,82.577,991.101
2025-05-27 02:00:00,1.024,10.738,250.0,379.729,7.551,72.667,1019.426
2025-05-27 03:00:00,0.612,10.738,353.553,392.463,5.396,72.541,1011.542
2025-05-27 04:00:00,0.507,10.738,433.013,321.149,4.27,86.011,1003.159
2025-05-27 05:00:00,1.358,10.738,482.963,319.132,6.535,89.154,1002.205
2025-05-27 06:00:00,1.771,10.738,500.0,403.842,7.657,93.275,982.764
2025-05-27 07:00:00,1.279,10.738,482.963,313.877,6.546,75.759,1017.417
2025-05-27 08:00:00,0.613,10.738,433.013,388.365,8.581,82.205,1007.81
2025-05-27 09:00:00,3.154,10.738,353.553,388.265,8.453,87.936,1014.221
2025-05-27 10:00:00,0.322,10.738,250.0,336.414,9.271,89.975,988.343
2025-05-27 11:00:00,0.293,10.738,129.41,391.294,6.067,82.719,1004.939
2025-05-27 12:00:00,4.808,10.738,0.0,379.364,9.343,89.651,984.143
2025-05-27 13:00:00,0.621,10.738,0.0,395.687,8.441,84.504,1018.849
2025-05-27 14:00:00,0.759,10.738,0.0,301.612,8.781,85.05,981.617
2025-05-27 15:00:00,1.734,10.738,0.0,376.864,7.036,73.945,1012.454
2025-05-27 16:00:00,1.895,10.738,0.0,326.801,4.889,74.104,991.205
2025-05-27 17:00:00,0.338,10.738,0.0,418.568,4.049,75.831,1018.182
2025-05-27 18:00:00,1.295,10.738,0.0,413.693,6.7,78.141,1016.55
2025-05-27 19:00:00,1.398,10.738,0.0,412.686,8.666,76.357,1009.384
2025-05-27 20:00:00,1.213,10.738,0.0,315.407,6.964,87.327,1002.299
2025-05-27 21:00:00,2.234,10.738,0.0,310.18,4.612,79.253,1012.27
2025-05-27 22:00:00,1.958,10.738,0.0,349.512,8.985,84.084,995.933
2025-05-27 23:00:00,3.199,10.738,0.0,391.724,5.847,87.437,991.584
2025-05-28 00:00:00,1.69,10.596,0.0,389.837,8.373,74.361,1000.41
2025-05-28 01:00:00,0.342,10.596,129.41,309.529,5.325,81.609,989.444
2025-05-28 02:00:00,1.662,10.596,250.0,357.273,9.985,84.766,1000.199
2025-05-28 03:00:00,1.892,10.596,353.553,371.361,6.948,94.803,1009.085
2025-05-28 04:00:00,1.114,10.596,433.013,394.77,5.475,89.761,991.58
2025-05-28 05:00:00,3.266,10.596,482.963,409.464,5.732,92.389,980.973
2025-05-28 06:00:00,1.388,10.596,500.0,401.462,6.062,92.741,994.214
2025-05-28 07:00:00,3.277,10.596,482.963,306.55,4.345,76.517,980.992
2025-05-28 08:00:00,2.718,10.596,433.013,308.002,8.778,70.814,995.694
2025-05-28 09:00:00,1.001,10.596,353.553,389.673,5.624,72.491,1005.41
2025-05-28 10:00:00,2.962,10.596,250.0,343.248,7.996,74.776,993.713
2025-05-28 11:00:00,1.394,10.596,129.41,306.056,9.392,75.238,1019.476
2025-05-28 12:00:00,0.386,10.596,0.0,311.832,9.913,85.891,995.393
2025-05-28 13:00:00,2.865,10.596,0.0,405.928,9.62,73.035,982.896
2025-05-28 14:00:00,3.488,10.596,0.0,359.461,7.06,92.459,990.365
2025-05-28 15:00:00,1.067,10.596,0.0,394.555,6.409,74.102,1013.158
2025-05-28 16:00:00,1.539,10.596,0.0,383.471,5.932,70.318,982.445
2025-05-28 17:00:00,1.129,10.596,0.0,400.148,8.184,92.016,1011.809
2025-05-28 18:00:00,2.481,10.596,0.0,387.587,4.556,93.832,985.698
2025-05-28 19:00:00,0.641,10.596,0.0,327.725,9.869,85.871,987.774
2025-05-28 20:00:00,1.862,10.596,0.0,386.714,8.249,80.543,1001.533
2025-05-28 21:00:00,3.183,10.596,0.0,374.942,9.289,91.461,981.243
2025-05-28 22:00:00,4.175,10.596,0.0,352.686,5.88,79.152,1010.271
2025-05-28 23:00:00,0.581,10.596,0.0,392.885,9.96,84.944,981.329
2025-05-29 00:00:00,2.102,10.452,0.0,335.205,9.381,70.206,1009.514
2025-05-29 01:00:00,1.752,10.452,129.41,309.693,4.029,81.061,990.801
2025-05-29 02:00:00,2.138,10.452,250.0,369.866,4.535,73.435,1013.16
2025-05-29 03:00:00,2.292,10.452,353.553,387.909,4.977,88.983,1010.086
2025-05-29 04:00:00,0.182,10.452,433.013,318.205,5.03,91.793,980.86
2025-05-29 05:00:00,1.352,10.452,482.963,391.445,7.951,92.321,1004.526
2025-05-29 06:00:00,1.611,10.452,500.0,356.918,7.26,74.318,1014.718
2025-05-29 07:00:00,2.376,10.452,482.963,389.783,8.616,91.519,1009.656
2025-05-29 08:00:00,1.055,10.452,433.013,318.161,7.333,85.332,993.194
2025-05-29 09:00:00,4.004,10.452,353.553,347.17,5.592,80.258,1015.229
2025-05-29 10:00:00,1.159,10.452,250.0,334.199,7.923,88.86,987.791
2025-05-29 11:00:00,0.23,10.452,129.41,327.163,6.389,75.648,1012.218
2025-05-29 12:00:00,2.317,10.452,0.0,399.607,8.134,93.367,997.862
2025-05-29 13:00:00,2.65,10.452,0.0,312.681,6.189,81.1,1007.72
2025-05-29 14:00:00,1.415,10.452,0.0,338.014,9.274,83.664,980.633
2025-05-29 15:00:00,0.161,10.452,0.0,317.734,7.784,74.858,1016.635
2025-05-29 16:00:00,0.048,10.452,0.0,365.503,5.652,74.027,1018.855
2025-05-29 17:00:00,0.076,10.452,0.0,313.195,4.968,93.081,991.735
2025-05-29 18:00:00,4.767,10.452,0.0,308.639,8.341,80.221,984.889
2025-05-29 19:00:00,1.091,10.452,0.0,375.136,5.492,74.257,1002.209
2025-05-29 20:00:00,1.253,10.452,0.0,327.352,7.784,70.912,1003.341
2025-05-29 21:00:00,0.984,10.452,0.0,344.536,9.596,83.911,1013.027
2025-05-29 22:00:00,0.876,10.452,0.0,359.136,6.505,74.263,980.959
2025-05-29 23:00:00,2.601,10.452,0.0,371.087,8.392,76.158,992.692
2025-05-30 00:00:00,0.664,10.307,0.0,339.026,9.16,91.959,989.656
2025-05-30 01:00:00,0.852,10.307,129.41,386.299,8.126,83.619,996.467
2025-05-30 02:00:00,0.229,10.307,250.0,367.555,9.415,85.709,1008.519
2025-05-30 03:00:00,1.966,10.307,353.553,371.885,9.697,72.762,1012.891
2025-05-30 04:00:00,0.651,10.307,433.013,371.848,5.857,83.046,1000.11
2025-05-30 05:00:00,1.165,10.307,482.963,304.634,6.286,87.123,1016.52
2025-05-30 06:00:00,1.892,10.307,500.0,345.301,5.972,80.003,980.468
2025-05-30 07:00:00,0.477,10.307,482.963,347.133,5.151,82.444,999.079
2025-05-30 08:00:00,0.5,10.307,433.013,352.433,7.341,83.497,983.48
2025-05-30 09:00:00,0.838,10.307,353.553,357.56,9.891,93.19,1010.72
2025-05-30 10:00:00,0.328,10.307,250.0,358.167,6.906,92.491,986.262
2025-05-30 11:00:00,1.643,10.307,129.41,385.516,8.283,83.719,985.012
2025-05-30 12:00:00,1.159,10.307,0.0,418.538,6.474,72.256,1004.134
2025-05-30 13:00:00,1.42,10.307,0.0,342.198,6.915,82.439,984.41
2025-05-30 14:00:00,2.316,10.307,0.0,317.165,6.027,86.375,983.134
2025-05-30 15:00:00,0.582,10.307,0.0,418.083,4.399,75.485,1010.753
2025-05-30 16:00:00,2.8,10.307,0.0,328.007,4.752,90.309,1014.599
2025-05-30 17:00:00,2.2,10.307,0.0,359.852,8.737,73.386,1008.057
2025-05-30 18:00:00,1.136,10.307,0.0,319.02,9.377,92.751,1003.034
2025-05-30 19:00:00,0.028,10.307,0.0,329.453,6.479,84.466,1004.79
2025-05-30 20:00:00,0.145,10.307,0.0,401.307,4.218,92.664,988.434
2025-05-30 21:00:00,0.859,10.307,0.0,377.737,4.408,83.561,1003.569
2025-05-30 22:00:00,2.108,10.307,0.0,333.091,5.217,80.207,1019.56
2025-05-30 23:00:00,0.679,10.307,0.0,388.811,8.951,92.784,995.925
2025-05-31 00:00:00,2.321,10.161,0.0,342.383,7.238,73.732,992.435
2025-05-31 01:00:00,1.951,10.161,129.41,402.972,5.491,75.706,983.869
2025-05-31 02:00:00,0.98,10.161,250.0,333.551,6.475,76.743,1006.111
2025-05-31 03:00:00,1.692,10.161,353.553,361.371,4.075,79.551,982.645
2025-05-31 04:00:00,0.542,10.161,433.013,387.08,7.165,73.66,1002.483
2025-05-31 05:00:00,1.277,10.161,482.963,405.747,6.701,76.166,1012.152
2025-05-31 06:00:00,1.02,10.161,500.0,401.359,4.576,82.245,1007.169
2025-05-31 07:00:00,1.306,10.161,482.963,416.652,4.853,83.85,1002.036
2025-05-31 08:00:00,1.524,10.161,433.013,321.44,4.247,80.52,986.169
2025-05-31 09:00:00,0.236,10.161,353.553,342.757,6.369,84.388,1006.733
2025-05-31 10:00:00,1.457,10.161,250.0,300.146,6.246,87.476,1006.22
2025-05-31 11:00:00,7.652,10.161,129.41,381.085,5.786,76.724,1002.542
2025-05-31 12:00:00,0.244,10.161,0.0,403.296,6.513,75.281,1009.378
2025-05-31 13:00:00,0.284,10.161,0.0,361.613,7.592,73.601,1004.428
2025-05-31 14:00:00,1.884,10.161,0.0,386.127,9.679,85.156,999.497
2025-05-31 15:00:00,1.984,10.161,0.0,315.076,6.209,74.471,1015.002
2025-05-31 16:00:00,1.526,10.161,0.0,330.391,8.782,75.107,1006.179
2025-05-31 17:00:00,2.678,10.161,0.0,300.296,5.198,80.467,1011.716
2025-05-31 18:00:00,1.784,10.161,0.0,346.261,5.329,83.712,1018.968
2025-05-31 19:00:00,2.277,10.161,0.0,326.508,9.449,84.476,1003.653
2025-05-31 20:00:00,4.743,10.161,0.0,400.892,8.732,92.515,1003.661
2025-05-31 21:00:00,1.721,10.161,0.0,301.023,7.799,73.435,990.71
2025-05-31 22:00:00,0.629,10.161,0.0,391.037,6.079,83.749,1003.359
2025-05-31 23:00:00,1.386,10.161,0.0,391.676,8.381,94.969,1011.673
2025-06-01 00:00:00,0.767,10.012,0.0,335.029,4.786,91.297,1004.402
2025-06-01 01:00:00,0.868,10.012,129.41,340.443,4.477,80.232,995.332
2025-06-01 02:00:00,0.769,10.012,250.0,305.88,4.915,77.071,989.914
2025-06-01 03:00:00,1.881,10.012,353.553,346.616,4.678,86.963,998.447
2025-06-01 04:00:00,0.482,10.012,433.013,376.493,4.601,75.134,1010.91
2025-06-01 05:00:00,1.136,10.012,482.963,400.884,5.379,93.753,995.451
2025-06-01 06:00:00,3.663,10.012,500.0,352.481,6.754,79.429,981.69
2025-06-01 07:00:00,0.752,10.012,482.963,405.626,5.297,80.113,982.171
2025-06-01 08:00:00,0.181,10.012,433.013,401.915,4.936,78.156,1006.839
2025-06-01 09:00:00,1.868,10.012,353.553,367.085,9.824,73.281,988.343
2025-06-01 10:00:00,1.776,10.012,250.0,418.111,9.746,71.992,1009.515
2025-06-01 11:00:00,0.388,10.012,129.41,362.864,8.257,80.834,996.21
2025-06-01 12:00:00,1.023,10.012,0.0,341.982,6.377,86.244,1006.304
2025-06-01 13:00:00,0.331,10.012,0.0,343.778,8.72,70.063,999.869
2025-06-01 14:00:00,0.927,10.012,0.0,305.682,7.58,90.569,983.199
2025-06-01 15:00:00,1.027,10.012,0.0,306.97,7.294,73.93,984.135
2025-06-01 16:00:00,1.57,10.012,0.0,388.575,6.772,84.196,984.462
2025-06-01 17:00:00,0.942,10.012,0.0,383.853,6.932,76.785,1011.91
2025-06-01 18:00:00,1.094,10.012,0.0,328.615,4.317,94.035,994.556
2025-06-01 19:00:00,2.138,10.012,0.0,414.809,6.168,74.898,1019.404
2025-06-01 20:00:00,0.799,10.012,0.0,371.829,6.965,74.27,998.699
2025-06-01 21:00:00,1.589,10.012,0.0,370.019,9.605,76.615,999.553
2025-06-01 22:00:00,0.601,10.012,0.0,303.058,4.631,79.868,984.968
2025-06-01 23:00:00,1.316,10.012,0.0,371.901,6.293,77.84,1007.731
2025-06-02 00:00:00,3.919,9.863,0.0,334.449,6.241,90.84,989.107
2025-06-02 01:00:00,1.237,9.863,129.41,402.954,5.92,90.287,989.136
2025-06-02 02:00:00,1.574,9.863,250.0,320.432,6.178,74.978,1008.246
2025-06-02 03:00:00,0.203,9.863,353.553,341.325,6.445,92.639,991.966
2025-06-02 04:00:00,0.696,9.863,433.013,325.578,5.336,88.412,1010.553
2025-06-02 05:00:00,1.231,9.863,482.963,315.048,7.147,84.718,1007.001
2025-06-02 06:00:00,1.612,9.863,500.0,409.844,4.428,75.608,1001.198
2025-06-02 07:00:00,2.642,9.863,482.963,374.085,4.038,88.567,986.234
2025-06-02 08:00:00,0.16,9.863,433.013,350.723,7.404,83.442,984.364
2025-06-02 09:00:00,0.296,9.863,353.553,393.397,7.101,77.988,990.989
2025-06-02 10:00:00,0.505,9.863,250.0,327.706,8.499,88.148,998.347
2025-06-02 11:00:00,1.671,9.863,129.41,378.055,9.38,84.171,999.939
2025-06-02 12:00:00,1.077,9.863,0.0,300.863,4.002,91.027,1001.339
2025-06-02 13:00:00,1.621,9.863,0.0,332.819,5.1,86.433,1016.924
2025-06-02 14:00:00,1.75,9.863,0.0,376.592,8.02,72.663,1019.931
2025-06-02 15:00:00,1.063,9.863,0.0,369.081,6.617,87.627,999.225
2025-06-02 16:00:00,0.114,9.863,0.0,369.544,4.866,79.594,1005.335
2025-06-02 17:00:00,2.524,9.863,0.0,379.572,8.981,81.065,1006.276
2025-06-02 18:00:00,1.053,9.863,0.0,307.387,9.476,90.797,1002.027
2025-06-02 19:00:00,4.136,9.863,0.0,352.531,4.774,89.746,1006.957
2025-06-02 20:00:00,2.408,9.863,0.0,396.546,9.065,72.277,1017.947
2025-06-02 21:00:00,0.769,9.863,0.0,375.92,7.552,85.021,999.787
2025-06-02 22:00:00,0.695,9.863,0.0,397.554,6.288,82.358,1001.017
2025-06-02 23:00:00,0.687,9.863,0.0,347.662,5.41,88.104,995.626
2025-06-03 00:00:00,1.521,9.712,0.0,303.626,9.402,94.131,991.346
2025-06-03 01:00:00,1.94,9.712,129.41,418.123,8.408,75.954,1015.403
2025-06-03 02:00:00,1.063,9.712,250.0,364.645,7.468,75.307,1014.932
2025-06-03 03:00:00,0.52,9.712,353.553,326.614,6.126,88.625,1019.68
2025-06-03 04:00:00,1.192,9.712,433.013,354.141,7.638,93.722,998.807
2025-06-03 05:00:00,0.616,9.712,482.963,383.656,4.766,76.339,988.283
2025-06-03 06:00:00,0.57,9.712,500.0,349.201,5.15,92.774,1012.726
2025-06-03 07:00:00,1.355,9.712,482.963,311.227,9.64,70.835,982.75
2025-06-03 08:00:00,1.297,9.712,433.013,311.798,6.765,93.75,1006.58
2025-06-03 09:00:00,5.319,9.712,353.553,353.004,7.527,78.412,1005.972
2025-06-03 10:00:00,2.475,9.712,250.0,394.738,9.475,80.21,980.931
2025-06-03 11:00:00,2.346,9.712,129.41,329.476,7.061,85.901,987.891
2025-06-03 12:00:00,3.221,9.712,0.0,357.354,8.546,78.818,1007.082
2025-06-03 13:00:00,1.937,9.712,0.0,357.245,6.115,85.747,1018.61
2025-06-03 14:00:00,0.442,9.712,0.0,399.719,6.393,87.219,997.559
2025-06-03 15:00:00,1.736,9.712,0.0,312.246,7.138,80.123,986.409
2025-06-03 16:00:00,1.89,9.712,0.0,375.813,8.341,76.424,986.327
2025-06-03 17:00:00,1.157,9.712,0.0,374.815,5.095,74.363,989.497
2025-06-03 18:00:00,0.786,9.712,0.0,328.435,9.37,85.122,991.552
2025-06-03 19:00:00,3.984,9.712,0.0,325.403,7.833,88.802,1000.392
2025-06-03 20:00:00,1.234,9.712,0.0,335.089,6.993,84.128,1017.707
2025-06-03 21:00:00,1.036,9.712,0.0,370.601,4.654,85.136,999.379
2025-06-03 22:00:00,2.72,9.712,0.0,301.955,9.57,78.339,1019.977
2025-06-03 23:00:00,5.59,9.712,0.0,410.704,9.808,91.203,982.077
2025-06-04 00:00:00,1.387,9.559,0.0,311.523,4.717,81.01,1012.199
2025-06-04 01:00:00,0.418,9.559,129.41,378.14,9.705,85.655,1003.799
2025-06-04 02:00:00,0.735,9.559,250.0,379.17,8.68,84.625,997.322
2025-06-04 03:00:00,1.321,9.559,353.553,342.593,6.813,78.109,988.528
2025-06-04 04:00:00,0.846,9.559,433.013,360.49,7.325,74.134,1012.864
2025-06-04 05:00:00,0.233,9.559,482.963,411.518,7.937,71.711,1011.674
2025-06-04 06:00:00,2.767,9.559,500.0,338.661,9.028,91.564,1001.77
2025-06-04 07:00:00,0.848,9.559,482.963,332.815,9.724,89.432,993.291
2025-06-04 08:00:00,4.866,9.559,433.013,316.632,4.294,88.883,997.456
2025-06-04 09:00:00,2.326,9.559,353.553,410.757,8.216,81.005,997.718
2025-06-04 10:00:00,5.489,9.559,250.0,379.258,9.561,91.757,1009.51
2025-06-04 11:00:00,0.492,9.559,129.41,322.372,7.187,93.92,1011.426
2025-06-04 12:00:00,3.132,9.559,0.0,415.603,9.148,92.006,1011.494
2025-06-04 13:00:00,0.212,9.559,0.0,380.901,9.209,91.882,997.021
2025-06-04 14:00:00,1.743,9.559,0.0,359.617,7.801,92.543,991.63
2025-06-04 15:00:00,1.928,9.559,0.0,401.646,9.948,87.523,994.292
2025-06-04 16:00:00,1.592,9.559,0.0,343.54,6.747,83.072,990.772
2025-06-04 17:00:00,1.761,9.559,0.0,403.361,7.169,73.272,1002.738
2025-06-04 18:00:00,0.082,9.559,0.0,320.263,5.554,81.95,1018.503
2025-06-04 19:00:00,0.333,9.559,0.0,305.423,5.506,82.201,997.754
2025-06-04 20:00:00,0.906,9.559,0.0,359.037,9.947,70.267,989.367
2025-06-04 21:00:00,0.484,9.559,0.0,403.39,9.169,75.563,989.515
2025-06-04 22:00:00,0.254,9.559,0.0,365.289,8.385,90.768,987.073
2025-06-04 23:00:00,0.322,9.559,0.0,367.288,9.813,78.903,1013.904
2025-06-05 00:00:00,0.326,9.405,0.0,410.813,7.726,83.408,989.568
2025-06-05 01:00:00,2.036,9.405,129.41,399.342,9.64,82.657,1010.063
2025-06-05 02:00:00,0.439,9.405,250.0,336.191,9.832,77.816,1003.323
2025-06-05 03:00:00,0.682,9.405,353.553,309.106,7.208,71.414,1001.838
2025-06-05 04:00:00,4.615,9.405,433.013,300.036,5.594,73.192,1006.62
2025-06-05 05:00:00,5.289,9.405,482.963,335.546,4.988,93.399,980.571
2025-06-05 06:00:00,1.568,9.405,500.0,404.035,8.212,88.076,989.084
2025-06-05 07:00:00,1.143,9.405,482.963,389.321,5.319,90.571,993.743
2025-06-05 08:00:00,0.664,9.405,433.013,304.964,8.326,81.399,1019.96
2025-06-05 09:00:00,1.269,9.405,353.553,303.752,8.705,87.516,991.494
2025-06-05 10:00:00,3.059,9.405,250.0,395.872,7.618,71.835,1017.322
2025-06-05 11:00:00,0.91,9.405,129.41,415.117,6.753,73.829,997.758
2025-06-05 12:00:00,1.631,9.405,0.0,386.546,8.715,89.903,1002.843
2025-06-05 13:00:00,5.57,9.405,0.0,388.436,9.553,79.015,1017.745
2025-06-05 14:00:00,1.265,9.405,0.0,368.153,4.625,83.461,1003.53
2025-06-05 15:00:00,0.42,9.405,0.0,406.317,6.527,89.46,990.159
2025-06-05 16:00:00,0.254,9.405,0.0,347.133,9.967,73.102,1001.542
2025-06-05 17:00:00,0.396,9.405,0.0,341.51,5.896,92.142,1004.716
2025-06-05 18:00:00,0.664,9.405,0.0,349.394,7.258,91.726,1005.737
2025-06-05 19:00:00,1.081,9.405,0.0,375.626,7.757,78.327,1007.561
2025-06-05 20:00:00,0.177,9.405,0.0,315.27,9.941,70.148,1014.398
2025-06-05 21:00:00,2.791,9.405,0.0,308.818,8.967,70.719,991.114
2025-06-05 22:00:00,0.581,9.405,0.0,375.587,9.169,84.599,993.984
2025-06-05 23:00:00,0.426,9.405,0.0,412.94,7.218,71.347,992.79
2025-06-06 00:00:00,0.953,9.25,0.0,364.547,7.745,80.301,1004.64
2025-06-06 01:00:00,1.893,9.25,129.41,418.629,5.429,75.257,1006.531
2025-06-06 02:00:00,3.184,9.25,250.0,313.016,6.217,70.245,998.033
2025-06-06 03:00:00,1.227,9.25,353.553,392.896,8.02,71.024,991.361
2025-06-06 04:00:00,0.5,9.25,433.013,354.325,6.163,92.805,980.336
2025-06-06 05:00:00,0.224,9.25,482.963,342.599,4.513,92.03,986.507
2025-06-06 06:00:00,2.969,9.25,500.0,342.865,9.156,81.644,981.974
2025-06-06 07:00:00,2.176,9.25,482.963,361.196,7.488,85.385,1016.475
2025-06-06 08:00:00,1.71,9.25,433.013,316.327,5.633,88.233,981.468
2025-06-06 09:00:00,0.324,9.25,353.553,334.975,4.843,70.409,1018.629
2025-06-06 10:00:00,0.392,9.25,250.0,333.644,9.563,90.811,985.289
2025-06-06 11:00:00,0.375,9.25,129.41,409.63,4.033,89.551,996.583
2025-06-06 12:00:00,1.063,9.25,0.0,314.013,7.378,81.763,1010.631
2025-06-06 13:00:00,1.661,9.25,0.0,319.913,4.877,73.471,1006.79
2025-06-06 14:00:00,1.956,9.25,0.0,317.35,5.553,82.882,986.962
2025-06-06 15:00:00,0.893,9.25,0.0,389.934,9.155,92.031,1004.689
2025-06-06 16:00:00,0.042,9.25,0.0,387.427,8.424,70.528,990.717
2025-06-06 17:00:00,0.95,9.25,0.0,349.115,6.494,94.322,999.267
2025-06-06 18:00:00,0.908,9.25,0.0,406.384,5.861,77.875,990.115
2025-06-06 19:00:00,0.663,9.25,0.0,407.133,4.264,84.359,991.853
2025-06-06 20:00:00,0.432,9.25,0.0,320.837,5.427,92.076,1017.955
2025-06-06 21:00:00,2.547,9.25,0.0,368.202,5.824,73.933,1005.943
2025-06-06 22:00:00,3.715,9.25,0.0,306.146,6.764,77.962,1016.239
2025-06-06 23:00:00,1.009,9.25,0.0,336.839,6.869,94.44,982.687
2025-06-07 00:00:00,2.423,9.094,0.0,311.815,5.285,71.225,1011.695
2025-06-07 01:00:00,0.642,9.094,129.41,399.947,6.11,92.633,988.095
2025-06-07 02:00:00,1.718,9.094,250.0,329.78,5.749,93.502,984.149
2025-06-07 03:00:00,4.263,9.094,353.553,377.862,9.706,85.048,994.052
2025-06-07 04:00:00,3.431,9.094,433.013,345.788,9.259,82.569,1012.261
2025-06-07 05:00:00,2.278,9.094,482.963,362.584,9.96,84.758,986.075
2025-06-07 06:00:00,1.045,9.094,500.0,335.241,5.971,77.175,1005.126
2025-06-07 07:00:00,1.043,9.094,482.963,304.781,4.889,87.536,1003.021
2025-06-07 08:00:00,0.748,9.094,433.013,381.831,4.829,78.423,1010.022
2025-06-07 09:00:00,2.169,9.094,353.553,328.609,7.692,74.162,992.079
2025-06-07 10:00:00,0.31,9.094,250.0,327.61,6.826,82.294,984.557
2025-06-07 11:00:00,0.662,9.094,129.41,395.046,8.504,77.672,992.178
2025-06-07 12:00:00,0.964,9.094,0.0,412.601,7.681,88.411,1017.177
2025-06-07 13:00:00,0.102,9.094,0.0,309.584,6.126,72.648,1018.655
2025-06-07 14:00:00,0.294,9.094,0.0,382.641,5.052,94.632,992.177
2025-06-07 15:00:00,0.25,9.094,0.0,303.213,7.212,79.085,1017.132
2025-06-07 16:00:00,2.362,9.094,0.0,347.536,8.934,72.398,1010.347
2025-06-07 17:00:00,1.532,9.094,0.0,419.584,8.086,77.845,1016.717
2025-06-07 18:00:00,1.675,9.094,0.0,329.108,7.755,76.855,987.747
2025-06-07 19:00:00,2.034,9.094,0.0,368.315,9.736,91.449,983.108
2025-06-07 20:00:00,1.471,9.094,0.0,320.692,9.286,84.481,1017.912
2025-06-07 21:00:00,2.324,9.094,0.0,365.389,9.571,82.491,1007.408
2025-06-07 22:00:00,0.726,9.094,0.0,331.795,4.973,83.737,1014.572
2025-06-07 23:00:00,1.114,9.094,0.0,411.208,7.212,85.49,993.699
2025-06-08 00:00:00,2.164,8.936,0.0,304.036,9.197,83.713,1010.02
2025-06-08 01:00:00,1.004,8.936,129.41,363.037,4.503,81.637,1018.298
2025-06-08 02:00:00,1.268,8.936,250.0,309.069,8.756,77.759,1017.274
2025-06-08 03:00:00,3.536,8.936,353.553,373.785,4.986,85.021,1018.534
2025-06-08 04:00:00,1.138,8.936,433.013,323.574,9.232,79.736,1018.711
2025-06-08 05:00:00,0.232,8.936,482.963,363.683,5.144,86.213,1004.373
2025-06-08 06:00:00,1.722,8.936,500.0,382.684,5.501,88.141,1013.53
2025-06-08 07:00:00,0.455,8.936,482.963,312.19,9.039,92.366,995.785
2025-06-08 08:00:00,0.22,8.936,433.013,393.893,7.493,93.303,1009.457
2025-06-08 09:00:00,2.568,8.936,353.553,361.663,9.108,70.87,1016.094
2025-06-08 10:00:00,0.225,8.936,250.0,379.718,4.69,85.53,1005.18
2025-06-08 11:00:00,2.135,8.936,129.41,391.069,8.199,89.978,1014.009
2025-06-08 12:00:00,2.891,8.936,0.0,405.531,4.895,82.094,1016.841
2025-06-08 13:00:00,0.333,8.936,0.0,339.787,9.33,90.03,997.329
2025-06-08 14:00:00,3.503,8.936,0.0,333.308,9.808,75.105,992.643
2025-06-08 15:00:00,0.188,8.936,0.0,330.172,6.621,82.581,988.008
2025-06-08 16:00:00,0.072,8.936,0.0,385.67,6.057,81.407,1009.687
2025-06-08 17:00:00,0.102,8.936,0.0,318.782,5.935,70.356,1010.832
2025-06-08 18:00:00,3.427,8.936,0.0,313.413,7.942,86.575,1012.149
2025-06-08 19:00:00,1.534,8.936,0.0,380.672,6.401,74.585,1018.561
2025-06-08 20:00:00,1.972,8.936,0.0,380.752,8.773,85.796,993.062
2025-06-08 21:00:00,3.313,8.936,0.0,321.948,5.125,76.5,989.992
2025-06-08 22:00:00,0.344,8.936,0.0,313.424,7.835,81.585,1008.664
2025-06-08 23:00:00,1.829,8.936,0.0,398.381,6.193,75.253,1019.095
2025-06-09 00:00:00,0.993,8.777,0.0,386.712,8.561,70.316,999.785
2025-06-09 01:00:00,2.694,8.777,129.41,402.557,4.26,90.827,1003.964
2025-06-09 02:00:00,0.834,8.777,250.0,339.815,6.459,81.663,1005.42
2025-06-09 03:00:00,2.369,8.777,353.553,395.739,9.054,73.178,1008.228
2025-06-09 04:00:00,2.719,8.777,433.013,373.62,6.286,84.516,1012.256
2025-06-09 05:00:00,0.892,8.777,482.963,389.731,9.832,86.477,984.934
2025-06-09 06:00:00,1.709,8.777,500.0,339.124,7.781,83.439,1018.755
2025-06-09 07:00:00,0.062,8.777,482.963,360.856,9.221,72.502,982.945
2025-06-09 08:00:00,1.654,8.777,433.013,325.944,5.595,86.13,985.463
2025-06-09 09:00:00,0.44,8.777,353.553,316.046,7.762,81.866,1016.0
2025-06-09 10:00:00,2.273,8.777,250.0,309.953,7.994,91.278,996.796
2025-06-09 11:00:00,0.653,8.777,129.41,418.957,8.352,87.466,1009.3
2025-06-09 12:00:00,0.383,8.777,0.0,334.604,6.781,91.614,998.93
2025-06-09 13:00:00,3.597,8.777,0.0,346.651,5.63,94.295,1012.537
2025-06-09 14:00:00,0.948,8.777,0.0,348.003,8.993,79.565,988.763
2025-06-09 15:00:00,0.271,8.777,0.0,407.078,7.034,90.428,1012.401
2025-06-09 16:00:00,2.027,8.777,0.0,340.758,5.313,84.441,983.849
2025-06-09 17:00:00,1.829,8.777,0.0,349.637,8.241,85.804,997.498
2025-06-09 18:00:00,0.702,8.777,0.0,407.054,9.664,73.082,1013.986
2025-06-09 19:00:00,2.435,8.777,0.0,382.452,9.434,81.397,992.468
2025-06-09 20:00:00,1.434,8.777,0.0,345.458,9.781,72.766,984.478
2025-06-09 21:00:00,0.395,8.777,0.0,342.031,9.818,86.095,982.37
2025-06-09 22:00:00,2.693,8.777,0.0,303.74,7.056,90.811,993.336
2025-06-09 23:00:00,0.213,8.777,0.0,324.503,6.548,86.101,994.377
2025-06-10 00:00:00,0.454,8.617,0.0,348.091,6.752,76.159,1012.067
2025-06-10 01:00:00,4.282,8.617,129.41,383.815,6.062,79.079,1008.232
2025-06-10 02:00:00,1.402,8.617,250.0,360.204,4.103,77.67,1011.228
2025-06-10 03:00:00,3.152,8.617,353.553,315.068,7.828,94.588,985.08
2025-06-10 04:00:00,1.37,8.617,433.013,393.273,6.736,86.059,1004.047
2025-06-10 05:00:00,3.402,8.617,482.963,379.592,7.689,80.629,1004.165
2025-06-10 06:00:00,0.265,8.617,500.0,345.323,5.402,93.178,996.629
2025-06-10 07:00:00,1.601,8.617,482.963,406.568,8.919,82.385,1015.181
2025-06-10 08:00:00,1.014,8.617,433.013,323.819,7.986,88.15,1004.898
2025-06-10 09:00:00,2.439,8.617,353.553,340.329,7.555,91.028,994.044
2025-06-10 10:00:00,1.274,8.617,250.0,321.43,5.406,86.896,997.516
2025-06-10 11:00:00,0.719,8.617,129.41,385.019,9.383,75.436,1004.426
2025-06-10 12:00:00,0.461,8.617,0.0,300.867,5.024,90.227,987.297
2025-06-10 13:00:00,1.595,8.617,0.0,344.028,5.382,94.736,997.858
2025-06-10 14:00:00,1.808,8.617,0.0,385.222,8.665,94.929,1006.906
2025-06-10 15:00:00,3.246,8.617,0.0,380.619,9.594,71.151,1010.675
2025-06-10 16:00:00,0.586,8.617,0.0,312.809,8.155,86.284,1016.785
2025-06-10 17:00:00,1.369,8.617,0.0,306.051,8.728,72.957,1001.065
2025-06-10 18:00:00,1.233,8.617,0.0,418.702,8.485,80.166,1017.377
2025-06-10 19:00:00,0.308,8.617,0.0,352.189,5.15,78.764,997.624
2025-06-10 20:00:00,0.219,8.617,0.0,357.275,7.317,73.542,1006.225
2025-06-10 21:00:00,1.711,8.617,0.0,382.619,6.869,84.391,992.273
2025-06-10 22:00:00,4.056,8.617,0.0,322.455,4.432,85.338,982.588
2025-06-10 23:00:00,0.206,8.617,0.0,375.889,6.892,85.122,1014.403
2025-06-11 00:00:00,1.929,8.456,0.0,389.699,8.375,91.827,986.549
2025-06-11 01:00:00,1.859,8.456,129.41,362.007,7.613,79.919,1006.368
2025-06-11 02:00:00,0.693,8.456,250.0,332.826,9.057,73.783,1015.897
2025-06-11 03:00:00,0.416,8.456,353.553,361.099,9.076,75.097,1005.386
2025-06-11 04:00:00,0.164,8.456,433.013,418.178,5.953,91.294,1007.208
2025-06-11 05:00:00,1.998,8.456,482.963,326.949,5.077,89.763,1011.175
2025-06-11 06:00:00,0.259,8.456,500.0,309.792,7.278,81.024,991.648
2025-06-11 07:00:00,4.404,8.456,482.963,305.213,5.88,79.459,989.967
2025-06-11 08:00:00,6.52,8.456,433.013,392.543,7.845,89.839,987.409
2025-06-11 09:00:00,0.121,8.456,353.553,376.152,6.98,74.971,996.256
2025-06-11 10:00:00,2.455,8.456,250.0,351.758,6.539,75.668,994.168
2025-06-11 11:00:00,0.477,8.456,129.41,304.276,7.734,80.372,1010.437
2025-06-11 12:00:00,4.908,8.456,0.0,350.988,7.319,81.464,1015.558
2025-06-11 13:00:00,1.71,8.456,0.0,411.137,9.95,88.014,1017.937
2025-06-11 14:00:00,0.523,8.456,0.0,331.322,7.032,72.851,1000.582
2025-06-11 15:00:00,0.242,8.456,0.0,345.045,4.241,94.223,1017.573
2025-06-11 16:00:00,1.323,8.456,0.0,398.945,9.587,70.66,982.497
2025-06-11 17:00:00,0.918,8.456,0.0,383.987,8.404,93.955,992.831
2025-06-11 18:00:00,1.77,8.456,0.0,414.55,7.594,77.447,980.903
2025-06-11 19:00:00,1.733,8.456,0.0,324.053,9.907,71.858,1000.647
2025-06-11 20:00:00,0.406,8.456,0.0,379.603,5.555,80.031,1008.673
2025-06-11 21:00:00,1.453,8.456,0.0,408.083,7.548,79.552,1007.372
2025-06-11 22:00:00,0.862,8.456,0.0,406.259,7.434,89.956,996.15
2025-06-11 23:00:00,1.105,8.456,0.0,371.975,9.595,93.382,1007.067
2025-06-12 00:00:00,0.796,8.294,0.0,337.233,7.275,73.323,1001.346
2025-06-12 01:00:00,0.124,8.294,129.41,308.874,9.453,85.836,989.83
2025-06-12 02:00:00,3.801,8.294,250.0,322.994,7.276,75.843,1018.113
2025-06-12 03:00:00,0.723,8.294,353.553,412.627,6.359,89.578,1013.191
2025-06-12 04:00:00,1.857,8.294,433.013,363.047,8.876,85.972,981.173
2025-06-12 05:00:00,5.746,8.294,482.963,383.568,5.538,94.612,999.15
2025-06-12 06:00:00,0.882,8.294,500.0,346.14,9.49,89.719,1009.261
2025-06-12 07:00:00,0.354,8.294,482.963,398.905,5.545,76.031,982.463
2025-06-12 08:00:00,0.267,8.294,433.013,336.64,9.084,89.066,988.237
2025-06-12 09:00:00,0.29,8.294,353.553,338.157,9.199,92.547,986.523
2025-06-12 10:00:00,1.323,8.294,250.0,416.836,6.85,82.792,1001.997
2025-06-12 11:00:00,6.395,8.294,129.41,327.658,7.714,72.206,981.868
2025-06-12 12:00:00,3.414,8.294,0.0,331.176,7.584,84.868,993.714
2025-06-12 13:00:00,0.259,8.294,0.0,403.406,7.546,76.533,1008.967
2025-06-12 14:00:00,1.091,8.294,0.0,395.621,9.554,72.15,985.121
2025-06-12 15:00:00,0.101,8.294,0.0,300.885,6.777,76.64,990.611
2025-06-12 16:00:00,3.086,8.294,0.0,377.631,9.701,87.513,989.145
2025-06-12 17:00:00,0.369,8.294,0.0,326.109,5.798,92.989,990.711
2025-06-12 18:00:00,1.998,8.294,0.0,417.663,8.199,71.647,990.244
2025-06-12 19:00:00,1.828,8.294,0.0,387.228,5.825,92.603,1010.106
2025-06-12 20:00:00,1.788,8.294,0.0,339.864,8.818,90.995,1006.805
2025-06-12 21:00:00,0.321,8.294,0.0,353.891,6.525,82.324,1011.848
2025-06-12 22:00:00,0.292,8.294,0.0,414.949,5.063,78.832,1012.688
2025-06-12 23:00:00,2.85,8.294,0.0,327.9,9.329,93.485,1000.542
2025-06-13 00:00:00,4.081,8.131,0.0,305.926,5.887,73.234,1012.173
2025-06-13 01:00:00,1.89,8.131,129.41,323.266,7.059,79.626,982.413
2025-06-13 02:00:00,2.861,8.131,250.0,378.233,8.577,91.915,988.552
2025-06-13 03:00:00,0.302,8.131,353.553,305.016,9.579,71.904,1002.94
2025-06-13 04:00:00,0.346,8.131,433.013,318.163,4.597,88.168,1018.099
2025-06-13 05:00:00,0.254,8.131,482.963,383.498,8.541,76.24,995.725
2025-06-13 06:00:00,0.199,8.131,500.0,363.939,5.992,80.235,986.627
2025-06-13 07:00:00,3.111,8.131,482.963,310.904,6.488,93.131,1004.245
2025-06-13 08:00:00,1.694,8.131,433.013,340.292,7.97,90.155,1007.801
2025-06-13 09:00:00,4.469,8.131,353.553,374.273,4.779,78.942,1019.602
2025-06-13 10:00:00,0.876,8.131,250.0,383.098,8.079,79.34,1003.481
2025-06-13 11:00:00,0.839,8.131,129.41,312.912,8.57,85.072,992.432
2025-06-13 12:00:00,0.635,8.131,0.0,324.689,7.282,84.342,987.566
2025-06-13 13:00:00,3.157,8.131,0.0,354.507,4.456,86.575,997.766
2025-06-13 14:00:00,0.744,8.131,0.0,399.949,6.367,94.784,990.663
2025-06-13 15:00:00,0.108,8.131,0.0,399.255,5.634,87.122,1014.858
2025-06-13 16:00:00,2.248,8.131,0.0,406.579,4.822,90.54,1009.841
2025-06-13 17:00:00,2.678,8.131,0.0,367.515,5.403,83.502,995.074
2025-06-13 18:00:00,0.948,8.131,0.0,330.749,7.088,89.957,1004.435
2025-06-13 19:00:00,1.054,8.131,0.0,354.174,4.514,89.015,983.107
2025-06-13 20:00:00,2.044,8.131,0.0,393.511,4.206,89.881,1005.367
2025-06-13 21:00:00,0.298,8.131,0.0,303.285,7.968,91.631,991.463
2025-06-13 22:00:00,5.666,8.131,0.0,340.507,4.297,88.294,996.232
2025-06-13 23:00:00,3.229,8.131,0.0,367.19,4.19,81.262,987.581
2025-06-14 00:00:00,1.055,7.967,0.0,395.473,7.286,79.754,994.61
2025-06-14 01:00:00,0.499,7.967,129.41,301.691,7.455,78.978,987.262
2025-06-14 02:00:00,3.673,7.967,250.0,325.14,7.744,80.005,1015.411
2025-06-14 03:00:00,1.085,7.967,353.553,380.763,6.075,87.1,1015.446
2025-06-14 04:00:00,1.14,7.967,433.013,389.679,9.075,87.588,985.323
2025-06-14 05:00:00,2.033,7.967,482.963,319.681,9.072,93.318,1001.971
2025-06-14 06:00:00,1.309,7.967,500.0,313.905,4.999,71.339,1004.272
2025-06-14 07:00:00,1.279,7.967,482.963,390.354,6.765,80.531,999.6
2025-06-14 08:00:00,0.153,7.967,433.013,346.876,8.075,84.687,1009.802
2025-06-14 09:00:00,4.373,7.967,353.553,379.509,5.548,76.494,1012.591
2025-06-14 10:00:00,3.009,7.967,250.0,390.143,4.821,94.32,998.793
2025-06-14 11:00:00,2.761,7.967,129.41,312.599,9.489,78.733,986.74
2025-06-14 12:00:00,2.526,7.967,0.0,338.273,7.352,77.146,1001.169
2025-06-14 13:00:00,1.2,7.967,0.0,399.7,7.434,90.149,1006.855
2025-06-14 14:00:00,1.979,7.967,0.0,384.24,6.69,91.918,1010.056
2025-06-14 15:00:00,0.368,7.967,0.0,361.079,9.935,94.847,1008.525
2025-06-14 16:00:00,0.831,7.967,0.0,306.771,6.836,86.366,997.446
2025-06-14 17:00:00,3.298,7.967,0.0,401.844,8.407,85.703,985.16
2025-06-14 18:00:00,2.411,7.967,0.0,348.378,6.63,79.452,1005.108
2025-06-14 19:00:00,0.676,7.967,0.0,414.206,7.001,72.953,996.939
2025-06-14 20:00:00,1.803,7.967,0.0,403.998,4.99,73.365,1018.341
2025-06-14 21:00:00,0.946,7.967,0.0,313.211,7.502,87.626,1008.452
2025-06-14 22:00:00,0.601,7.967,0.0,319.831,8.237,78.689,1006.52
2025-06-14 23:00:00,2.568,7.967,0.0,398.433,5.962,90.827,996.027
2025-06-15 00:00:00,0.778,7.802,0.0,406.891,6.747,75.611,1017.803
2025-06-15 01:00:00,2.542,7.802,129.41,398.774,7.475,81.418,991.672
2025-06-15 02:00:00,1.142,7.802,250.0,349.665,5.253,79.6,982.672
2025-06-15 03:00:00,0.475,7.802,353.553,305.087,8.476,72.014,1011.882
2025-06-15 04:00:00,0.915,7.802,433.013,324.189,5.765,93.947,1004.095
2025-06-15 05:00:00,1.65,7.802,482.963,349.56,5.368,83.655,983.788
2025-06-15 06:00:00,2.101,7.802,500.0,359.396,6.368,70.872,995.55
2025-06-15 07:00:00,1.39,7.802,482.963,305.704,4.529,86.064,984.148
2025-06-15 08:00:00,0.314,7.802,433.013,394.255,4.822,76.112,1004.905
2025-06-15 09:00:00,4.724,7.802,353.553,372.582,4.653,84.003,1015.184
2025-06-15 10:00:00,1.63,7.802,250.0,329.635,9.375,74.834,985.637
2025-06-15 11:00:00,2.836,7.802,129.41,330.802,8.099,90.698,1008.474
2025-06-15 12:00:00,1.601,7.802,0.0,417.425,4.258,83.558,1000.479
2025-06-15 13:00:00,0.813,7.802,0.0,373.176,7.52,92.402,993.545
2025-06-15 14:00:00,1.736,7.802,0.0,368.303,9.098,93.736,990.303
2025-06-15 15:00:00,4.719,7.802,0.0,378.179,4.766,71.753,1016.477
2025-06-15 16:00:00,4.757,7.802,0.0,321.926,4.92,85.169,992.859
2025-06-15 17:00:00,1.177,7.802,0.0,404.239,7.297,77.767,1011.88
2025-06-15 18:00:00,3.295,7.802,0.0,322.936,4.722,89.496,1000.326
2025-06-15 19:00:00,1.401,7.802,0.0,415.662,8.542,91.135,992.976
2025-06-15 20:00:00,1.349,7.802,0.0,374.77,6.477,91.508,1001.478
2025-06-15 21:00:00,0.991,7.802,0.0,412.996,9.913,93.13,1015.237
2025-06-15 22:00:00,1.093,7.802,0.0,409.205,9.635,73.117,1012.293
2025-06-15 23:00:00,1.845,7.802,0.0,406.645,9.942,79.149,983.191
2025-06-16 00:00:00,1.376,7.637,0.0,324.526,9.821,75.848,1005.108
2025-06-16 01:00:00,2.075,7.637,129.41,355.659,5.435,76.151,984.776
2025-06-16 02:00:00,0.281,7.637,250.0,339.114,8.438,78.976,989.827
2025-06-16 03:00:00,1.586,7.637,353.553,334.145,8.981,82.578,999.512
2025-06-16 04:00:00,2.66,7.637,433.013,371.442,6.483,87.806,983.228
2025-06-16 05:00:00,0.991,7.637,482.963,316.296,4.179,86.36,1015.168
2025-06-16 06:00:00,3.907,7.637,500.0,349.566,5.595,70.028,1004.042
2025-06-16 07:00:00,1.072,7.637,482.963,324.661,6.72,84.645,999.479
2025-06-16 08:00:00,0.838,7.637,433.013,335.515,6.207,87.05,1005.946
2025-06-16 09:00:00,1.158,7.637,353.553,416.993,8.186,77.658,998.577
2025-06-16 10:00:00,0.379,7.637,250.0,367.86,7.195,85.501,984.753
2025-06-16 11:00:00,0.13,7.637,129.41,392.448,4.942,92.858,1007.388
2025-06-16 12:00:00,1.471,7.637,0.0,372.154,5.799,92.174,1001.148
2025-06-16 13:00:00,1.737,7.637,0.0,407.739,8.395,94.662,988.033
2025-06-16 14:00:00,0.307,7.637,0.0,331.802,5.228,73.55,996.105
2025-06-16 15:00:00,1.203,7.637,0.0,317.547,8.308,71.265,988.458
2025-06-16 16:00:00,1.951,7.637,0.0,358.625,9.498,85.084,993.696
2025-06-16 17:00:00,1.589,7.637,0.0,310.18,4.129,76.757,1001.254
2025-06-16 18:00:00,0.255,7.637,0.0,357.43,9.657,78.546,984.536
2025-06-16 19:00:00,0.539,7.637,0.0,319.566,8.439,92.989,994.006
2025-06-16 20:00:00,1.752,7.637,0.0,412.93,7.744,74.471,992.435
2025-06-16 21:00:00,0.55,7.637,0.0,325.366,7.665,90.251,993.055
2025-06-16 22:00:00,2.289,7.637,0.0,388.116,6.524,86.717,987.819
2025-06-16 23:00:00,2.286,7.637,0.0,361.221,7.579,88.887,1010.951
2025-06-17 00:00:00,0.708,7.47,0.0,398.883,8.403,86.425,981.598
2025-06-17 01:00:00,2.532,7.47,129.41,404.607,9.619,77.849,996.627
2025-06-17 02:00:00,1.227,7.47,250.0,304.565,7.802,73.982,984.176
2025-06-17 03:00:00,1.419,7.47,353.553,312.261,6.946,92.884,1004.993
2025-06-17 04:00:00,0.487,7.47,433.013,306.231,5.551,78.935,1007.92
2025-06-17 05:00:00,2.605,7.47,482.963,354.138,8.777,76.722,1010.121
2025-06-17 06:00:00,2.995,7.47,500.0,366.829,9.291,93.232,991.63
2025-06-17 07:00:00,5.014,7.47,482.963,374.159,6.963,84.369,983.432
2025-06-17 08:00:00,0.604,7.47,433.013,300.158,6.36,75.596,991.263
2025-06-17 09:00:00,0.432,7.47,353.553,410.325,9.571,82.318,1016.179
2025-06-17 10:00:00,3.506,7.47,250.0,353.262,6.336,90.676,982.67
2025-06-17 11:00:00,1.222,7.47,129.41,346.831,6.261,85.187,983.793
2025-06-17 12:00:00,0.332,7.47,0.0,381.256,7.298,81.775,981.097
2025-06-17 13:00:00,1.07,7.47,0.0,357.986,8.299,79.981,981.699
2025-06-17 14:00:00,2.019,7.47,0.0,334.533,8.418,79.405,1016.482
2025-06-17 15:00:00,0.768,7.47,0.0,321.437,5.293,78.97,1019.744
2025-06-17 16:00:00,3.865,7.47,0.0,380.77,7.033,76.488,1011.609
2025-06-17 17:00:00,0.579,7.47,0.0,307.853,8.607,89.456,1011.018
2025-06-17 18:00:00,0.945,7.47,0.0,314.313,9.278,85.609,1003.013
2025-06-17 19:00:00,0.357,7.47,0.0,413.872,6.216,94.196,983.383
2025-06-17 20:00:00,1.081,7.47,0.0,377.6,8.531,85.651,987.353
2025-06-17 21:00:00,0.661,7.47,0.0,326.391,9.992,72.291,1012.281
2025-06-17 22:00:00,0.376,7.47,0.0,334.061,4.528,94.682,990.076
2025-06-17 23:00:00,0.408,7.47,0.0,317.677,8.236,86.588,984.421
2025-06-18 00:00:00,0.918,7.303,0.0,377.614,8.927,89.774,1013.539
2025-06-18 01:00:00,0.177,7.303,129.41,386.212,6.382,94.834,995.792
2025-06-18 02:00:00,2.243,7.303,250.0,411.846,7.594,90.775,986.376
2025-06-18 03:00:00,1.167,7.303,353.553,304.786,6.701,71.778,1001.472
2025-06-18 04:00:00,2.27,7.303,433.013,347.096,6.66,81.356,981.326
2025-06-18 05:00:00,0.095,7.303,482.963,350.011,5.5,82.493,986.219
2025-06-18 06:00:00,2.746,7.303,500.0,310.648,5.41,79.166,1011.758
2025-06-18 07:00:00,2.809,7.303,482.963,366.77,6.303,93.526,1015.66
2025-06-18 08:00:00,1.213,7.303,433.013,332.811,8.52,80.578,1013.526
2025-06-18 09:00:00,3.508,7.303,353.553,349.172,4.067,89.331,996.954
2025-06-18 10:00:00,0.546,7.303,250.0,342.35,9.299,94.042,984.325
2025-06-18 11:00:00,1.011,7.303,129.41,316.822,7.63,80.566,1015.324
2025-06-18 12:00:00,0.753,7.303,0.0,308.46,4.291,87.106,987.743
2025-06-18 13:00:00,0.399,7.303,0.0,418.874,9.836,80.675,987.619
2025-06-18 14:00:00,3.657,7.303,0.0,340.455,9.694,90.686,1007.119
2025-06-18 15:00:00,1.98,7.303,0.0,385.469,5.623,89.456,1008.918
2025-06-18 16:00:00,1.151,7.303,0.0,364.411,9.752,85.667,1001.768
2025-06-18 17:00:00,1.572,7.303,0.0,365.907,6.073,71.167,1015.4
2025-06-18 18:00:00,2.231,7.303,0.0,392.277,5.527,91.456,989.169
2025-06-18 19:00:00,1.387,7.303,0.0,359.032,8.969,92.765,984.099
2025-06-18 20:00:00,0.019,7.303,0.0,325.272,4.536,81.265,1016.382
2025-06-18 21:00:00,1.22,7.303,0.0,332.415,4.876,83.074,989.638
2025-06-18 22:00:00,1.435,7.303,0.0,311.08,7.018,94.958,997.227
2025-06-18 23:00:00,0.284,7.303,0.0,348.705,7.878,82.58,998.704
2025-06-19 00:00:00,0.552,7.135,0.0,388.053,9.034,71.054,1011.301
2025-06-19 01:00:00,3.7,7.135,129.41,300.664,9.887,85.953,981.129
2025-06-19 02:00:00,1.306,7.135,250.0,306.119,8.099,88.683,996.866
2025-06-19 03:00:00,0.219,7.135,353.553,327.482,9.27,88.11,984.467
2025-06-19 04:00:00,0.078,7.135,433.013,383.224,4.825,80.455,1012.899
2025-06-19 05:00:00,0.454,7.135,482.963,362.953,5.824,93.194,1002.995
2025-06-19 06:00:00,1.036,7.135,500.0,414.603,9.469,81.284,1000.851
2025-06-19 07:00:00,0.41,7.135,482.963,327.317,7.347,74.2,993.009
2025-06-19 08:00:00,0.407,7.135,433.013,301.077,8.435,86.216,995.346
2025-06-19 09:00:00,2.89,7.135,353.553,375.186,5.644,83.77,988.152
2025-06-19 10:00:00,6.084,7.135,250.0,332.397,8.088,81.083,1002.568
2025-06-19 11:00:00,0.397,7.135,129.41,317.859,4.902,75.07,1000.913
2025-06-19 12:00:00,0.964,7.135,0.0,359.038,5.034,71.599,989.933
2025-06-19 13:00:00,1.017,7.135,0.0,417.284,7.598,75.295,989.674
2025-06-19 14:00:00,0.943,7.135,0.0,385.919,5.84,73.859,1010.437
2025-06-19 15:00:00,0.065,7.135,0.0,384.513,6.762,76.908,987.501
2025-06-19 16:00:00,2.573,7.135,0.0,304.493,9.987,70.358,1009.951
2025-06-19 17:00:00,4.97,7.135,0.0,386.58,6.361,77.141,993.024
2025-06-19 18:00:00,0.94,7.135,0.0,371.866,8.778,92.81,996.977
2025-06-19 19:00:00,1.791,7.135,0.0,396.322,4.991,91.532,991.196
2025-06-19 20:00:00,1.511,7.135,0.0,301.432,6.831,84.733,1019.666
2025-06-19 21:00:00,0.951,7.135,0.0,366.943,6.31,86.647,987.01
2025-06-19 22:00:00,0.234,7.135,0.0,309.948,6.059,84.579,1017.935
2025-06-19 23:00:00,8.231,7.135,0.0,327.442,4.692,90.541,1011.579
2025-06-20 00:00:00,1.443,6.967,0.0,400.06,9.566,86.492,987.568
2025-06-20 01:00:00,0.091,6.967,129.41,344.919,4.012,89.108,1012.466
2025-06-20 02:00:00,1.265,6.967,250.0,405.714,6.893,89.044,993.21
2025-06-20 03:00:00,1.834,6.967,353.553,397.173,9.742,90.075,1004.514
2025-06-20 04:00:00,1.085,6.967,433.013,405.271,5.354,76.118,980.975
2025-06-20 05:00:00,0.393,6.967,482.963,384.153,6.291,89.541,1016.744
2025-06-20 06:00:00,5.921,6.967,500.0,311.157,7.733,91.764,1000.871
2025-06-20 07:00:00,0.768,6.967,482.963,317.671,5.806,75.079,982.899
2025-06-20 08:00:00,1.563,6.967,433.013,370.548,4.753,81.971,997.407
2025-06-20 09:00:00,0.228,6.967,353.553,334.435,5.954,71.791,997.651
2025-06-20 10:00:00,0.496,6.967,250.0,394.945,4.224,85.628,1004.283
2025-06-20 11:00:00,1.709,6.967,129.41,308.862,6.992,90.177,1005.548
2025-06-20 12:00:00,0.246,6.967,0.0,359.56,5.299,75.668,1012.903
2025-06-20 13:00:00,3.007,6.967,0.0,373.346,8.942,79.729,985.893
2025-06-20 14:00:00,0.396,6.967,0.0,381.394,6.141,79.971,998.968
2025-06-20 15:00:00,0.872,6.967,0.0,337.874,4.109,82.026,994.774
2025-06-20 16:00:00,2.074,6.967,0.0,381.252,7.99,85.886,995.082
2025-06-20 17:00:00,0.353,6.967,0.0,353.47,9.859,93.224,983.137
2025-06-20 18:00:00,1.137,6.967,0.0,333.417,4.684,80.793,1000.999
2025-06-20 19:00:00,0.302,6.967,0.0,336.488,6.11,74.591,994.903
2025-06-20 20:00:00,2.187,6.967,0.0,314.147,6.314,73.536,1003.695
2025-06-20 21:00:00,3.671,6.967,0.0,365.504,8.91,88.61,988.726
2025-06-20 22:00:00,0.59,6.967,0.0,417.843,9.117,88.337,986.692
2025-06-20 23:00:00,1.215,6.967,0.0,327.512,4.528,74.102,989.787
2025-06-21 00:00:00,0.16,6.798,0.0,348.667,9.868,86.296,1008.683
2025-06-21 01:00:00,0.033,6.798,129.41,416.112,4.57,91.027,984.134
2025-06-21 02:00:00,0.198,6.798,250.0,345.404,6.216,88.141,1019.982
2025-06-21 03:00:00,0.904,6.798,353.553,368.886,4.628,85.718,1010.597
2025-06-21 04:00:00,1.483,6.798,433.013,349.563,4.114,79.678,1016.918
2025-06-21 05:00:00,0.907,6.798,482.963,418.529,7.997,81.961,1002.819
2025-06-21 06:00:00,1.722,6.798,500.0,313.11,9.147,82.77,983.105
2025-06-21 07:00:00,3.498,6.798,482.963,387.27,4.749,81.314,988.407
2025-06-21 08:00:00,2.046,6.798,433.013,300.149,4.675,82.695,988.186
2025-06-21 09:00:00,0.782,6.798,353.553,352.32,8.502,86.256,1015.997
2025-06-21 10:00:00,2.493,6.798,250.0,321.822,8.069,79.085,981.396
2025-06-21 11:00:00,1.495,6.798,129.41,341.572,7.822,72.117,1014.046
2025-06-21 12:00:00,1.834,6.798,0.0,317.915,8.176,88.132,1011.544
2025-06-21 13:00:00,1.754,6.798,0.0,390.042,7.948,89.199,1009.616
2025-06-21 14:00:00,1.042,6.798,0.0,304.363,4.648,91.35,1008.834
2025-06-21 15:00:00,0.709,6.798,0.0,382.214,6.617,80.223,995.662
2025-06-21 16:00:00,2.444,6.798,0.0,364.427,9.256,83.368,1013.125
2025-06-21 17:00:00,0.862,6.798,0.0,353.333,5.984,88.212,1000.541
2025-06-21 18:00:00,0.917,6.798,0.0,342.316,6.414,90.727,1011.927
2025-06-21 19:00:00,0.243,6.798,0.0,406.894,8.236,80.176,1013.971
2025-06-21 20:00:00,1.512,6.798,0.0,346.93,8.632,77.556,991.213
2025-06-21 21:00:00,0.833,6.798,0.0,330.187,9.53,89.152,1010.389
2025-06-21 22:00:00,0.191,6.798,0.0,326.539,7.184,94.397,1005.436
2025-06-21 23:00:00,0.416,6.798,0.0,411.902,9.451,71.091,984.523
2025-06-22 00:00:00,0.739,6.628,0.0,400.292,6.08,92.157,980.698
2025-06-22 01:00:00,0.871,6.628,129.41,389.426,9.321,74.576,1001.721
2025-06-22 02:00:00,0.99,6.628,250.0,364.975,7.888,94.202,1012.205
2025-06-22 03:00:00,0.937,6.628,353.553,325.502,9.719,89.977,991.188
2025-06-22 04:00:00,0.099,6.628,433.013,350.07,5.688,70.74,982.258
2025-06-22 05:00:00,1.341,6.628,482.963,374.087,5.346,85.253,999.881
2025-06-22 06:00:00,0.135,6.628,500.0,316.259,6.643,92.162,1015.91
2025-06-22 07:00:00,5.777,6.628,482.963,385.348,7.432,70.162,1019.179
2025-06-22 08:00:00,0.573,6.628,433.013,314.411,4.061,89.654,986.555
2025-06-22 09:00:00,1.646,6.628,353.553,419.886,6.021,71.823,987.277
2025-06-22 10:00:00,0.381,6.628,250.0,381.27,9.615,75.454,1016.31
2025-06-22 11:00:00,0.28,6.628,129.41,385.73,9.467,91.732,994.596
2025-06-22 12:00:00,0.44,6.628,0.0,307.24,4.979,93.566,1010.173
2025-06-22 13:00:00,1.897,6.628,0.0,324.962,4.97,77.224,1012.487
2025-06-22 14:00:00,0.694,6.628,0.0,377.747,7.613,70.89,1013.001
2025-06-22 15:00:00,0.535,6.628,0.0,314.625,4.934,76.471,998.163
2025-06-22 16:00:00,1.229,6.628,0.0,332.451,9.313,72.839,1000.383
2025-06-22 17:00:00,0.788,6.628,0.0,371.998,8.736,90.858,983.38
2025-06-22 18:00:00,2.479,6.628,0.0,409.359,4.599,74.487,990.849
2025-06-22 19:00:00,5.111,6.628,0.0,378.186,6.261,94.85,1006.502
2025-06-22 20:00:00,1.805,6.628,0.0,332.536,7.507,90.26,990.88
2025-06-22 21:00:00,0.496,6.628,0.0,351.12,7.599,93.728,1011.132
2025-06-22 22:00:00,0.749,6.628,0.0,348.935,9.166,87.094,981.29
2025-06-22 23:00:00,0.544,6.628,0.0,325.418,7.315,85.094,981.811
2025-06-23 00:00:00,1.419,6.458,0.0,350.317,9.442,87.772,996.891
2025-06-23 01:00:00,2.221,6.458,129.41,400.739,6.649,70.717,1015.365
2025-06-23 02:00:00,1.271,6.458,250.0,314.715,7.909,89.112,1000.443
2025-06-23 03:00:00,0.907,6.458,353.553,349.338,4.872,79.506,1010.495
2025-06-23 04:00:00,1.043,6.458,433.013,305.653,4.382,84.797,992.734
2025-06-23 05:00:00,0.237,6.458,482.963,404.609,4.422,90.54,991.721
2025-06-23 06:00:00,0.924,6.458,500.0,393.316,7.422,84.84,981.457
2025-06-23 07:00:00,1.326,6.458,482.963,411.516,9.192,86.275,1012.458
2025-06-23 08:00:00,3.8,6.458,433.013,382.659,9.527,86.478,1018.002
2025-06-23 09:00:00,2.121,6.458,353.553,310.974,6.572,92.008,1003.903
2025-06-23 10:00:00,0.775,6.458,250.0,337.303,6.067,81.456,997.074
2025-06-23 11:00:00,2.918,6.458,129.41,385.636,6.712,75.925,999.081
2025-06-23 12:00:00,0.349,6.458,0.0,312.351,8.078,91.705,998.761
2025-06-23 13:00:00,0.971,6.458,0.0,363.1,8.642,83.74,987.298
2025-06-23 14:00:00,0.166,6.458,0.0,357.487,6.894,85.89,1008.689
2025-06-23 15:00:00,0.527,6.458,0.0,379.932,5.585,91.208,995.577
2025-06-23 16:00:00,2.5,6.458,0.0,312.773,6.223,82.964,993.094
2025-06-23 17:00:00,1.917,6.458,0.0,368.09,4.312,78.619,1019.111
2025-06-23 18:00:00,0.057,6.458,0.0,301.574,9.906,80.769,997.484
2025-06-23 19:00:00,0.555,6.458,0.0,344.834,7.435,78.553,997.976
2025-06-23 20:00:00,2.155,6.458,0.0,405.132,7.665,91.621,1002.099
2025-06-23 21:00:00,1.103,6.458,0.0,349.116,8.696,88.643,988.946
2025-06-23 22:00:00,2.437,6.458,0.0,379.161,6.925,93.823,990.129
2025-06-23 23:00:00,0.113,6.458,0.0,323.114,4.233,71.138,1010.626
2025-06-24 00:00:00,3.687,6.287,0.0,402.259,4.077,85.793,991.481
2025-06-24 01:00:00,0.975,6.287,129.41,358.672,9.764,74.778,990.09
2025-06-24 02:00:00,0.748,6.287,250.0,349.363,9.921,92.603,990.392
2025-06-24 03:00:00,0.187,6.287,353.553,393.151,8.33,75.334,999.556
2025-06-24 04:00:00,0.045,6.287,433.013,380.923,7.83,76.396,996.12
2025-06-24 05:00:00,1.79,6.287,482.963,400.971,6.54,92.045,996.624
2025-06-24 06:00:00,2.416,6.287,500.0,402.849,6.313,78.526,1002.145
2025-06-24 07:00:00,2.253,6.287,482.963,400.468,5.74,88.892,988.545
2025-06-24 08:00:00,2.201,6.287,433.013,321.948,4.249,80.387,995.238
2025-06-24 09:00:00,0.487,6.287,353.553,302.146,9.745,73.987,1013.418
2025-06-24 10:00:00,0.664,6.287,250.0,324.1,4.039,78.656,989.559
2025-06-24 11:00:00,3.409,6.287,129.41,312.242,6.164,83.279,1015.695
2025-06-24 12:00:00,0.24,6.287,0.0,329.618,9.649,86.883,1001.055
2025-06-24 13:00:00,1.921,6.287,0.0,342.825,8.116,82.724,1002.266
2025-06-24 14:00:00,0.399,6.287,0.0,362.625,8.471,73.973,1000.843
2025-06-24 15:00:00,0.913,6.287,0.0,406.214,6.497,71.204,1018.487
2025-06-24 16:00:00,7.219,6.287,0.0,308.555,7.026,81.668,995.899
2025-06-24 17:00:00,2.336,6.287,0.0,364.501,9.609,91.674,1005.509
2025-06-24 18:00:00,0.592,6.287,0.0,311.409,6.219,79.743,1016.073
2025-06-24 19:00:00,0.127,6.287,0.0,311.438,8.698,72.004,998.378
2025-06-24 20:00:00,1.886,6.287,0.0,370.963,5.224,82.2,1016.158
2025-06-24 21:00:00,4.512,6.287,0.0,315.995,9.175,81.837,995.135
2025-06-24 22:00:00,0.601,6.287,0.0,319.581,9.365,74.076,1015.952
2025-06-24 23:00:00,1.135,6.287,0.0,305.116,6.942,90.467,1010.352
2025-06-25 00:00:00,0.85,6.117,0.0,354.84,9.273,88.066,1008.182
2025-06-25 01:00:00,0.155,6.117,129.41,305.404,4.045,73.721,984.896
2025-06-25 02:00:00,0.053,6.117,250.0,336.486,4.248,76.007,985.532
2025-06-25 03:00:00,2.19,6.117,353.553,310.528,5.467,81.28,981.949
2025-06-25 04:00:00,1.9,6.117,433.013,374.955,8.973,72.61,1009.313
2025-06-25 05:00:00,0.212,6.117,482.963,336.582,5.327,88.008,989.689
2025-06-25 06:00:00,2.779,6.117,500.0,351.913,6.221,70.358,1000.677
2025-06-25 07:00:00,0.923,6.117,482.963,328.99,4.935,71.485,1017.259
2025-06-25 08:00:00,1.573,6.117,433.013,374.069,4.714,73.244,1014.196
2025-06-25 09:00:00,0.952,6.117,353.553,318.274,7.335,91.399,999.741
2025-06-25 10:00:00,1.295,6.117,250.0,371.239,8.623,76.474,997.828
2025-06-25 11:00:00,0.562,6.117,129.41,354.576,9.989,88.773,1017.831
2025-06-25 12:00:00,3.097,6.117,0.0,308.133,9.063,90.893,1011.637
2025-06-25 13:00:00,1.335,6.117,0.0,393.252,6.947,76.274,1002.403
2025-06-25 14:00:00,2.575,6.117,0.0,377.396,4.943,86.565,1005.669
2025-06-25 15:00:00,0.905,6.117,0.0,325.624,8.702,81.266,1006.102
2025-06-25 16:00:00,1.241,6.117,0.0,361.671,7.095,92.77,1019.114
2025-06-25 17:00:00,0.517,6.117,0.0,360.803,6.291,86.693,1015.842
2025-06-25 18:00:00,0.232,6.117,0.0,319.909,7.211,76.261,1005.382
2025-06-25 19:00:00,2.219,6.117,0.0,386.896,9.296,83.494,1008.948
2025-06-25 20:00:00,2.292,6.117,0.0,407.919,7.095,88.011,1012.103
2025-06-25 21:00:00,0.577,6.117,0.0,417.07,9.054,81.584,1015.471
2025-06-25 22:00:00,0.501,6.117,0.0,417.362,7.577,86.972,1018.349
2025-06-25 23:00:00,2.242,6.117,0.0,342.858,7.005,90.135,1007.483
2025-06-26 00:00:00,0.108,5.945,0.0,401.232,4.109,72.186,1005.419
2025-06-26 01:00:00,2.13,5.945,129.41,363.949,9.997,79.492,982.567
2025-06-26 02:00:00,0.817,5.945,250.0,304.277,5.61,86.582,983.497
2025-06-26 03:00:00,0.629,5.945,353.553,312.189,5.24,86.076,986.555
2025-06-26 04:00:00,0.89,5.945,433.013,354.963,9.62,88.566,986.296
2025-06-26 05:00:00,1.616,5.945,482.963,321.411,5.022,89.514,1016.716
2025-06-26 06:00:00,3.107,5.945,500.0,380.226,9.575,93.061,992.178
2025-06-26 07:00:00,0.636,5.945,482.963,311.667,7.288,76.447,1000.25
2025-06-26 08:00:00,0.987,5.945,433.013,334.479,4.941,82.312,1014.145
2025-06-26 09:00:00,0.368,5.945,353.553,346.125,6.05,74.948,1014.578
2025-06-26 10:00:00,2.523,5.945,250.0,402.291,6.181,94.677,997.924
2025-06-26 11:00:00,1.896,5.945,129.41,393.15,4.32,76.183,999.326
2025-06-26 12:00:00,1.12,5.945,0.0,386.252,7.486,82.513,1006.052
2025-06-26 13:00:00,0.408,5.945,0.0,396.352,8.213,80.466,1011.488
2025-06-26 14:00:00,1.328,5.945,0.0,412.639,9.993,88.702,1011.228
2025-06-26 15:00:00,2.254,5.945,0.0,376.215,4.93,72.059,1003.939
2025-06-26 16:00:00,0.726,5.945,0.0,326.802,7.083,71.413,991.483
2025-06-26 17:00:00,3.635,5.945,0.0,396.694,7.204,84.399,1018.055
2025-06-26 18:00:00,1.675,5.945,0.0,375.63,7.782,92.598,1011.94
2025-06-26 19:00:00,2.373,5.945,0.0,373.787,7.37,72.755,1004.468
2025-06-26 20:00:00,1.263,5.945,0.0,358.354,9.729,89.426,999.213
2025-06-26 21:00:00,2.36,5.945,0.0,329.47,6.466,73.831,1007.074
2025-06-26 22:00:00,1.452,5.945,0.0,314.748,7.942,94.596,986.244
2025-06-26 23:00:00,0.712,5.945,0.0,405.431,5.634,90.313,1014.433
2025-06-27 00:00:00,1.993,5.774,0.0,382.015,9.265,83.828,998.469
2025-06-27 01:00:00,1.369,5.774,129.41,353.647,9.604,86.07,987.15
2025-06-27 02:00:00,0.554,5.774,250.0,365.174,6.208,76.513,1006.317
2025-06-27 03:00:00,2.051,5.774,353.553,367.087,8.807,87.89,991.704
2025-06-27 04:00:00,2.299,5.774,433.013,338.279,7.762,71.654,990.618
2025-06-27 05:00:00,3.539,5.774,482.963,403.414,5.321,72.605,986.577
2025-06-27 06:00:00,5.282,5.774,500.0,316.279,4.749,74.044,990.925
2025-06-27 07:00:00,4.053,5.774,482.963,320.846,6.656,72.89,997.54
2025-06-27 08:00:00,1.246,5.774,433.013,402.089,6.088,92.402,984.345
2025-06-27 09:00:00,0.421,5.774,353.553,415.021,7.773,86.262,984.374
2025-06-27 10:00:00,0.438,5.774,250.0,358.017,5.275,73.839,998.919
2025-06-27 11:00:00,0.851,5.774,129.41,413.022,9.737,76.517,1010.797
2025-06-27 12:00:00,1.148,5.774,0.0,377.934,8.438,94.082,1002.414
2025-06-27 13:00:00,1.326,5.774,0.0,333.539,6.675,90.0,985.542
2025-06-27 14:00:00,0.672,5.774,0.0,405.774,4.699,88.334,1001.663
2025-06-27 15:00:00,1.685,5.774,0.0,312.473,4.064,74.761,1011.384
2025-06-27 16:00:00,1.479,5.774,0.0,394.714,8.623,71.198,999.274
2025-06-27 17:00:00,1.037,5.774,0.0,382.361,9.433,86.727,1014.614
2025-06-27 18:00:00,1.219,5.774,0.0,381.699,5.509,81.375,1010.942
2025-06-27 19:00:00,1.889,5.774,0.0,356.723,7.446,88.362,1013.165
2025-06-27 20:00:00,5.224,5.774,0.0,317.379,4.632,85.816,1010.668
2025-06-27 21:00:00,2.306,5.774,0.0,387.405,5.307,83.791,983.201
2025-06-27 22:00:00,0.151,5.774,0.0,367.492,5.48,75.462,992.754
2025-06-27 23:00:00,1.975,5.774,0.0,303.98,5.513,83.713,1018.47
2025-06-28 00:00:00,1.154,5.602,0.0,373.468,4.188,72.396,991.277
2025-06-28 01:00:00,0.435,5.602,129.41,314.667,4.787,85.597,989.093
2025-06-28 02:00:00,0.601,5.602,250.0,379.131,8.436,93.373,1009.157
2025-06-28 03:00:00,3.664,5.602,353.553,371.459,9.703,74.144,1012.336
2025-06-28 04:00:00,1.135,5.602,433.013,354.714,6.801,94.579,1000.637
2025-06-28 05:00:00,1.647,5.602,482.963,322.92,9.847,76.659,982.829
2025-06-28 06:00:00,0.621,5.602,500.0,318.725,8.214,71.1,987.609
2025-06-28 07:00:00,0.927,5.602,482.963,360.91,6.302,87.856,1008.349
2025-06-28 08:00:00,1.181,5.602,433.013,301.941,4.463,86.202,988.893
2025-06-28 09:00:00,1.554,5.602,353.553,412.612,7.595,79.994,1017.379
2025-06-28 10:00:00,0.187,5.602,250.0,407.613,8.471,89.465,984.138
2025-06-28 11:00:00,0.741,5.602,129.41,317.364,4.46,82.238,1008.858
2025-06-28 12:00:00,0.654,5.602,0.0,317.585,5.541,79.462,1004.564
2025-06-28 13:00:00,0.625,5.602,0.0,377.061,6.522,94.083,987.252
2025-06-28 14:00:00,0.353,5.602,0.0,327.625,5.978,94.452,1002.828
2025-06-28 15:00:00,0.621,5.602,0.0,315.068,8.334,94.618,991.294
2025-06-28 16:00:00,2.45,5.602,0.0,351.293,9.139,73.422,990.718
2025-06-28 17:00:00,2.728,5.602,0.0,404.887,4.68,87.874,1009.419
2025-06-28 18:00:00,0.7,5.602,0.0,397.373,5.116,82.569,989.578
2025-06-28 19:00:00,0.178,5.602,0.0,378.866,7.915,81.322,999.112
2025-06-28 20:00:00,1.606,5.602,0.0,364.231,4.51,90.957,1005.322
2025-06-28 21:00:00,2.188,5.602,0.0,329.835,5.391,89.881,985.942
2025-06-28 22:00:00,1.651,5.602,0.0,320.136,7.396,70.571,982.528
2025-06-28 23:00:00,0.767,5.602,0.0,373.982,8.363,89.135,982.124
2025-06-29 00:00:00,0.74,5.43,0.0,356.327,6.622,87.703,1014.896
2025-06-29 01:00:00,3.446,5.43,129.41,327.638,9.231,81.593,994.257
2025-06-29 02:00:00,0.234,5.43,250.0,328.541,8.686,81.75,1010.623
2025-06-29 03:00:00,2.083,5.43,353.553,360.453,6.442,92.543,991.442
2025-06-29 04:00:00,1.005,5.43,433.013,396.857,6.655,74.136,1001.158
2025-06-29 05:00:00,2.597,5.43,482.963,395.708,4.099,83.287,997.708
2025-06-29 06:00:00,1.433,5.43,500.0,331.314,6.522,86.633,1007.24
2025-06-29 07:00:00,1.257,5.43,482.963,334.079,5.603,79.163,1001.798
2025-06-29 08:00:00,1.274,5.43,433.013,348.134,7.363,85.921,1008.488
2025-06-29 09:00:00,1.045,5.43,353.553,324.82,6.406,88.085,980.041
2025-06-29 10:00:00,2.35,5.43,250.0,340.552,8.82,76.187,988.889
2025-06-29 11:00:00,1.74,5.43,129.41,308.034,8.804,72.673,1016.99
2025-06-29 12:00:00,2.03,5.43,0.0,329.592,8.479,75.415,1017.217
2025-06-29 13:00:00,2.212,5.43,0.0,341.479,9.288,72.906,990.869
2025-06-29 14:00:00,1.347,5.43,0.0,402.615,7.023,79.33,993.27
2025-06-29 15:00:00,4.761,5.43,0.0,411.534,5.53,73.903,997.105
2025-06-29 16:00:00,1.709,5.43,0.0,356.775,8.976,73.103,1012.559
2025-06-29 17:00:00,0.421,5.43,0.0,342.968,9.315,89.263,1012.73
2025-06-29 18:00:00,2.995,5.43,0.0,370.665,9.92,76.304,1008.053
2025-06-29 19:00:00,4.134,5.43,0.0,348.299,4.764,83.658,991.636
2025-06-29 20:00:00,1.41,5.43,0.0,322.027,6.565,85.48,1014.839
2025-06-29 21:00:00,1.666,5.43,0.0,370.835,6.065,85.813,1000.531
2025-06-29 22:00:00,1.342,5.43,0.0,320.521,8.825,87.621,1001.501
2025-06-29 23:00:00,0.089,5.43,0.0,413.823,9.055,87.485,1012.55
2025-06-30 00:00:00,0.247,5.258,0.0,382.597,9.297,74.218,1008.816
2025-06-30 01:00:00,0.669,5.258,129.41,396.547,7.551,92.903,1002.337
2025-06-30 02:00:00,0.771,5.258,250.0,354.911,9.993,75.592,982.549
2025-06-30 03:00:00,1.922,5.258,353.553,408.711,8.583,79.088,1017.081
2025-06-30 04:00:00,0.877,5.258,433.013,358.158,6.015,73.258,1004.788
2025-06-30 05:00:00,0.76,5.258,482.963,325.048,7.829,93.448,997.622
2025-06-30 06:00:00,0.46,5.258,500.0,377.479,7.907,84.171,1001.47
2025-06-30 07:00:00,1.37,5.258,482.963,323.384,9.23,94.005,1004.143
2025-06-30 08:00:00,5.536,5.258,433.013,375.344,5.702,85.459,996.099
2025-06-30 09:00:00,1.087,5.258,353.553,330.657,7.297,92.069,1018.253
2025-06-30 10:00:00,1.057,5.258,250.0,419.38,6.26,80.373,1012.615
2025-06-30 11:00:00,1.187,5.258,129.41,377.646,7.682,87.772,1019.886
2025-06-30 12:00:00,0.926,5.258,0.0,410.384,9.483,72.509,1016.123
2025-06-30 13:00:00,2.919,5.258,0.0,375.014,7.548,82.277,982.118
2025-06-30 14:00:00,0.563,5.258,0.0,309.475,8.804,77.092,982.728
2025-06-30 15:00:00,0.281,5.258,0.0,379.975,5.281,76.431,1011.445
2025-06-30 16:00:00,2.352,5.258,0.0,311.194,8.977,87.295,1015.321
2025-06-30 17:00:00,0.28,5.258,0.0,349.88,4.787,81.41,989.405
2025-06-30 18:00:00,2.903,5.258,0.0,419.553,6.598,90.103,982.404
2025-06-30 19:00:00,0.819,5.258,0.0,408.699,4.746,72.762,993.237
2025-06-30 20:00:00,1.156,5.258,0.0,325.445,7.485,82.843,1019.551
2025-06-30 21:00:00,0.385,5.258,0.0,308.136,9.125,90.809,1008.301
2025-06-30 22:00:00,2.742,5.258,0.0,383.141,7.72,79.668,986.467
2025-06-30 23:00:00,0.079,5.258,0.0,382.621,5.001,70.821,1000.4
2025-07-01 00:00:00,2.5,5.086,0.0,345.868,9.329,90.592,982.733
2025-07-01 01:00:00,1.772,5.086,129.41,376.853,7.205,81.775,1001.349
2025-07-01 02:00:00,1.757,5.086,250.0,342.433,9.011,72.98,980.383
2025-07-01 03:00:00,0.608,5.086,353.553,377.711,6.083,71.663,1017.762
2025-07-01 04:00:00,0.718,5.086,433.013,396.027,5.994,73.997,1007.291
2025-07-01 05:00:00,0.97,5.086,482.963,413.002,7.363,76.559,988.989
2025-07-01 06:00:00,0.443,5.086,500.0,381.048,4.708,89.425,1000.957
2025-07-01 07:00:00,0.367,5.086,482.963,338.836,4.457,73.825,994.277
2025-07-01 08:00:00,1.507,5.086,433.013,399.436,4.652,71.674,992.331
2025-07-01 09:00:00,0.388,5.086,353.553,333.902,7.023,74.909,982.212
2025-07-01 10:00:00,0.103,5.086,250.0,355.005,8.343,93.966,995.328
2025-07-01 11:00:00,0.632,5.086,129.41,407.234,7.498,85.327,986.189
2025-07-01 12:00:00,0.141,5.086,0.0,364.445,6.765,70.838,1005.316
2025-07-01 13:00:00,1.873,5.086,0.0,371.193,4.621,83.721,1010.197
2025-07-01 14:00:00,0.797,5.086,0.0,310.169,5.198,92.503,1001.528
2025-07-01 15:00:00,0.274,5.086,0.0,389.835,5.27,94.115,992.933
2025-07-01 16:00:00,0.903,5.086,0.0,411.161,7.691,76.122,983.131
2025-07-01 17:00:00,1.754,5.086,0.0,336.003,6.838,94.125,1010.789
2025-07-01 18:00:00,0.826,5.086,0.0,344.003,9.71,73.107,1006.727
2025-07-01 19:00:00,0.323,5.086,0.0,403.892,7.171,74.493,985.334
2025-07-01 20:00:00,0.341,5.086,0.0,392.962,4.607,76.963,1010.079
2025-07-01 21:00:00,2.228,5.086,0.0,400.209,9.344,86.567,993.33
2025-07-01 22:00:00,0.287,5.086,0.0,305.275,4.952,75.877,1009.711
2025-07-01 23:00:00,0.401,5.086,0.0,316.727,4.919,89.415,983.277
2025-07-02 00:00:00,0.51,4.914,0.0,382.115,9.816,86.509,1014.764
2025-07-02 01:00:00,0.763,4.914,129.41,324.597,9.792,90.916,994.019
2025-07-02 02:00:00,0.817,4.914,250.0,369.085,5.728,88.477,1019.535
2025-07-02 03:00:00,1.447,4.914,353.553,345.727,6.955,81.744,1001.432
2025-07-02 04:00:00,3.503,4.914,433.013,415.5,9.947,87.493,999.93
2025-07-02 05:00:00,0.919,4.914,482.963,308.526,9.692,71.092,1005.592
2025-07-02 06:00:00,1.995,4.914,500.0,363.351,7.692,80.582,994.203
2025-07-02 07:00:00,1.55,4.914,482.963,302.618,9.756,92.891,1000.879
2025-07-02 08:00:00,1.013,4.914,433.013,416.276,5.633,71.202,988.248
2025-07-02 09:00:00,1.899,4.914,353.553,346.85,8.807,84.943,998.381
2025-07-02 10:00:00,0.906,4.914,250.0,340.502,4.641,72.284,1009.731
2025-07-02 11:00:00,0.415,4.914,129.41,370.444,6.873,86.939,1015.634
2025-07-02 12:00:00,0.212,4.914,0.0,310.054,9.34,78.11,996.812
2025-07-02 13:00:00,0.799,4.914,0.0,322.813,6.879,91.731,1018.205
2025-07-02 14:00:00,0.162,4.914,0.0,349.794,8.487,84.902,1017.476
2025-07-02 15:00:00,0.919,4.914,0.0,386.984,4.491,79.337,1013.319
2025-07-02 16:00:00,2.501,4.914,0.0,329.917,8.505,83.574,984.407
2025-07-02 17:00:00,0.46,4.914,0.0,376.53,5.785,75.633,982.357
2025-07-02 18:00:00,3.281,4.914,0.0,378.637,4.715,73.096,1012.562
2025-07-02 19:00:00,0.818,4.914,0.0,340.738,7.065,94.081,986.288
2025-07-02 20:00:00,1.68,4.914,0.0,405.782,8.246,83.509,1009.984
2025-07-02 21:00:00,2.027,4.914,0.0,325.153,8.244,92.572,994.468
2025-07-02 22:00:00,3.28,4.914,0.0,300.862,9.161,83.052,986.789
2025-07-02 23:00:00,0.056,4.914,0.0,353.626,8.686,82.508,1016.418
2025-07-03 00:00:00,0.811,4.742,0.0,369.424,4.435,74.481,989.518
2025-07-03 01:00:00,0.59,4.742,129.41,302.886,7.621,90.537,1017.849
2025-07-03 02:00:00,2.001,4.742,250.0,345.725,6.74,80.501,982.922
2025-07-03 03:00:00,0.453,4.742,353.553,305.335,9.997,71.97,1003.766
2025-07-03 04:00:00,4.164,4.742,433.013,417.058,5.285,90.917,980.277
2025-07-03 05:00:00,3.662,4.742,482.963,403.85,6.799,93.823,1001.595
2025-07-03 06:00:00,0.774,4.742,500.0,320.355,9.59,75.649,986.422
2025-07-03 07:00:00,2.849,4.742,482.963,329.85,5.14,78.405,1011.01
2025-07-03 08:00:00,3.198,4.742,433.013,397.858,4.106,80.799,1006.413
2025-07-03 09:00:00,0.977,4.742,353.553,321.016,9.688,85.753,986.311
2025-07-03 10:00:00,2.093,4.742,250.0,419.585,5.759,86.711,993.087
2025-07-03 11:00:00,0.867,4.742,129.41,364.738,6.79,77.443,1012.016
2025-07-03 12:00:00,1.651,4.742,0.0,312.364,5.226,80.616,1016.463
2025-07-03 13:00:00,1.306,4.742,0.0,342.18,8.113,93.455,1008.737
2025-07-03 14:00:00,2.182,4.742,0.0,337.398,4.607,79.751,1002.917
2025-07-03 15:00:00,0.389,4.742,0.0,399.495,9.589,89.901,999.838
2025-07-03 16:00:00,1.618,4.742,0.0,412.096,5.539,90.85,1018.819
2025-07-03 17:00:00,2.468,4.742,0.0,356.464,9.166,71.843,1007.253
2025-07-03 18:00:00,1.234,4.742,0.0,312.145,9.326,73.367,1008.839
2025-07-03 19:00:00,1.113,4.742,0.0,416.012,9.528,91.234,984.397
2025-07-03 20:00:00,1.145,4.742,0.0,311.786,7.961,91.292,983.406
2025-07-03 21:00:00,0.107,4.742,0.0,399.521,8.75,87.758,1011.429
2025-07-03 22:00:00,1.821,4.742,0.0,377.614,5.932,91.548,1002.85
2025-07-03 23:00:00,2.595,4.742,0.0,355.346,9.01,88.072,1007.843
2025-07-04 00:00:00,0.687,4.57,0.0,398.291,9.826,73.865,1004.932
2025-07-04 01:00:00,1.923,4.57,129.41,325.474,8.892,86.883,1010.643
2025-07-04 02:00:00,1.582,4.57,250.0,418.429,6.548,72.852,1000.923
2025-07-04 03:00:00,0.444,4.57,353.553,331.98,5.557,77.128,1005.8
2025-07-04 04:00:00,1.907,4.57,433.013,368.334,9.176,78.246,983.424
2025-07-04 05:00:00,0.203,4.57,482.963,376.324,8.097,75.79,995.383
2025-07-04 06:00:00,0.114,4.57,500.0,391.674,9.935,70.463,994.835
2025-07-04 07:00:00,1.441,4.57,482.963,353.989,6.747,84.555,1006.915
2025-07-04 08:00:00,0.26,4.57,433.013,343.424,5.367,79.213,1014.491
2025-07-04 09:00:00,2.53,4.57,353.553,419.223,6.179,73.322,1006.534
2025-07-04 10:00:00,0.823,4.57,250.0,404.487,9.81,72.616,1003.998
2025-07-04 11:00:00,2.002,4.57,129.41,312.063,8.452,83.944,1015.166
2025-07-04 12:00:00,0.89,4.57,0.0,419.203,5.419,87.199,1006.943
2025-07-04 13:00:00,0.104,4.57,0.0,324.563,5.492,81.321,997.568
2025-07-04 14:00:00,0.564,4.57,0.0,338.006,4.982,89.6,989.673
2025-07-04 15:00:00,1.379,4.57,0.0,378.783,6.475,84.195,999.866
2025-07-04 16:00:00,0.734,4.57,0.0,300.364,9.799,89.935,997.112
2025-07-04 17:00:00,0.946,4.57,0.0,329.526,9.685,92.941,980.545
2025-07-04 18:00:00,0.897,4.57,0.0,317.575,8.07,80.45,982.21
2025-07-04 19:00:00,0.09,4.57,0.0,382.938,4.089,74.648,1004.759
2025-07-04 20:00:00,1.015,4.57,0.0,375.492,8.393,79.272,1006.663
2025-07-04 21:00:00,0.631,4.57,0.0,366.63,5.526,85.273,1003.464
2025-07-04 22:00:00,3.739,4.57,0.0,326.397,7.403,93.783,987.544
2025-07-04 23:00:00,1.889,4.57,0.0,307.36,5.436,90.032,1005.166
2025-07-05 00:00:00,1.475,4.398,0.0,302.186,9.757,91.313,983.105
2025-07-05 01:00:00,1.23,4.398,129.41,326.982,8.852,75.675,996.607
2025-07-05 02:00:00,1.636,4.398,250.0,304.66,4.752,92.608,991.552
2025-07-05 03:00:00,0.949,4.398,353.553,316.816,5.271,70.143,992.317
2025-07-05 04:00:00,2.473,4.398,433.013,300.25,9.457,81.537,991.655
2025-07-05 05:00:00,0.366,4.398,482.963,345.889,9.545,89.69,1002.583
2025-07-05 06:00:00,1.41,4.398,500.0,406.907,6.596,73.894,1005.408
2025-07-05 07:00:00,3.12,4.398,482.963,307.911,5.05,84.674,1010.403
2025-07-05 08:00:00,1.43,4.398,433.013,351.181,5.293,70.924,998.908
2025-07-05 09:00:00,0.525,4.398,353.553,395.264,6.219,84.945,993.393
2025-07-05 10:00:00,0.318,4.398,250.0,315.602,6.251,76.727,996.731
2025-07-05 11:00:00,0.406,4.398,129.41,398.128,5.711,89.942,986.916
2025-07-05 12:00:00,0.965,4.398,0.0,369.73,4.415,94.387,1010.787
2025-07-05 13:00:00,2.536,4.398,0.0,365.996,5.797,82.882,1019.97
2025-07-05 14:00:00,0.947,4.398,0.0,417.278,9.51,93.836,1002.028
2025-07-05 15:00:00,0.251,4.398,0.0,368.618,4.196,80.75,1013.529
2025-07-05 16:00:00,1.213,4.398,0.0,314.351,4.146,76.22,985.153
2025-07-05 17:00:00,0.39,4.398,0.0,365.898,8.544,74.493,999.477
2025-07-05 18:00:00,1.96,4.398,0.0,368.931,9.315,70.536,984.493
2025-07-05 19:00:00,1.098,4.398,0.0,343.977,5.728,79.759,993.651
2025-07-05 20:00:00,0.957,4.398,0.0,390.882,6.474,84.525,1016.861
2025-07-05 21:00:00,0.416,4.398,0.0,334.195,4.641,92.849,1001.65
2025-07-05 22:00:00,1.238,4.398,0.0,367.521,8.891,88.082,983.74
2025-07-05 23:00:00,0.798,4.398,0.0,398.983,8.839,91.184,1009.826
2025-07-06 00:00:00,1.088,4.226,0.0,308.855,7.193,76.094,1002.187
2025-07-06 01:00:00,1.688,4.226,129.41,387.77,4.384,72.434,1003.928
2025-07-06 02:00:00,5.583,4.226,250.0,361.772,7.578,82.238,1019.384
2025-07-06 03:00:00,1.621,4.226,353.553,332.96,9.325,91.006,1016.651
2025-07-06 04:00:00,1.915,4.226,433.013,410.031,6.641,71.008,1015.805
2025-07-06 05:00:00,3.752,4.226,482.963,378.467,6.416,86.408,1018.712
2025-07-06 06:00:00,0.332,4.226,500.0,408.013,8.392,84.13,989.651
2025-07-06 07:00:00,2.813,4.226,482.963,391.87,8.238,84.499,999.952
2025-07-06 08:00:00,1.465,4.226,433.013,390.477,6.955,80.648,1001.209
2025-07-06 09:00:00,0.569,4.226,353.553,375.508,8.554,90.735,1017.974
2025-07-06 10:00:00,0.767,4.226,250.0,402.093,7.567,86.834,1007.436
2025-07-06 11:00:00,0.72,4.226,129.41,356.771,8.483,77.531,987.066
2025-07-06 12:00:00,1.435,4.226,0.0,355.406,4.61,74.759,1001.969
2025-07-06 13:00:00,2.985,4.226,0.0,328.231,5.097,86.362,997.839
2025-07-06 14:00:00,2.432,4.226,0.0,350.461,9.813,76.956,989.985
2025-07-06 15:00:00,1.487,4.226,0.0,376.647,6.815,75.835,989.993
2025-07-06 16:00:00,0.848,4.226,0.0,410.916,7.127,85.177,980.749
2025-07-06 17:00:00,0.059,4.226,0.0,321.847,7.252,90.557,1014.928
2025-07-06 18:00:00,0.709,4.226,0.0,391.144,4.82,82.438,994.365
2025-07-06 19:00:00,2.479,4.226,0.0,343.455,6.109,81.437,981.73
2025-07-06 20:00:00,0.129,4.226,0.0,411.862,7.101,76.28,982.565
2025-07-06 21:00:00,0.771,4.226,0.0,389.116,4.455,78.596,1005.144
2025-07-06 22:00:00,1.094,4.226,0.0,413.45,8.229,71.606,1001.552
2025-07-06 23:00:00,1.4,4.226,0.0,366.211,4.755,75.05,1014.612
2025-07-07 00:00:00,1.219,4.055,0.0,390.295,7.545,78.402,983.246
2025-07-07 01:00:00,2.584,4.055,129.41,336.714,8.611,90.291,1003.939
2025-07-07 02:00:00,0.476,4.055,250.0,349.258,4.931,83.446,1016.453
2025-07-07 03:00:00,2.012,4.055,353.553,369.21,5.299,93.595,1007.609
2025-07-07 04:00:00,0.963,4.055,433.013,328.146,8.409,72.881,1013.795
2025-07-07 05:00:00,1.242,4.055,482.963,359.603,5.854,80.003,1015.375
2025-07-07 06:00:00,3.547,4.055,500.0,357.557,7.375,84.491,989.396
2025-07-07 07:00:00,2.649,4.055,482.963,308.955,9.983,89.778,1016.552
2025-07-07 08:00:00,0.296,4.055,433.013,306.156,7.092,74.615,1013.939
2025-07-07 09:00:00,0.673,4.055,353.553,368.417,9.365,77.631,1013.205
2025-07-07 10:00:00,0.674,4.055,250.0,311.299,5.997,76.278,985.364
2025-07-07 11:00:00,4.358,4.055,129.41,405.113,4.864,87.262,995.219
2025-07-07 12:00:00,3.785,4.055,0.0,363.702,6.563,93.949,990.858
2025-07-07 13:00:00,0.181,4.055,0.0,405.407,6.349,72.103,999.961
2025-07-07 14:00:00,0.115,4.055,0.0,320.244,6.508,91.406,1010.953
2025-07-07 15:00:00,2.884,4.055,0.0,304.365,9.904,90.619,1004.791
2025-07-07 16:00:00,0.87,4.055,0.0,302.73,5.395,71.69,1013.568
2025-07-07 17:00:00,1.934,4.055,0.0,396.71,4.331,79.871,986.993
2025-07-07 18:00:00,1.038,4.055,0.0,309.497,7.714,91.549,1010.374
2025-07-07 19:00:00,1.303,4.055,0.0,385.415,7.22,83.48,1003.898
2025-07-07 20:00:00,1.016,4.055,0.0,352.311,9.419,90.224,1010.344
2025-07-07 21:00:00,3.589,4.055,0.0,307.18,9.626,85.803,988.833
2025-07-07 22:00:00,1.015,4.055,0.0,362.654,7.271,74.173,989.827
2025-07-07 23:00:00,0.587,4.055,0.0,386.639,5.334,77.181,986.599
2025-07-08 00:00:00,0.542,3.883,0.0,407.135,7.832,91.7,998.146
2025-07-08 01:00:00,0.501,3.883,129.41,345.075,6.51,79.71,1004.483
2025-07-08 02:00:00,1.813,3.883,250.0,386.167,8.318,85.984,1019.656
2025-07-08 03:00:00,1.854,3.883,353.553,337.346,4.45,86.412,990.856
2025-07-08 04:00:00,2.462,3.883,433.013,364.961,7.334,78.042,992.396
2025-07-08 05:00:00,0.781,3.883,482.963,380.34,5.48,81.796,1012.022
2025-07-08 06:00:00,0.248,3.883,500.0,343.389,9.722,83.195,1017.415
2025-07-08 07:00:00,0.881,3.883,482.963,327.742,6.778,73.428,1016.832
2025-07-08 08:00:00,2.011,3.883,433.013,320.81,8.086,75.206,983.952
2025-07-08 09:00:00,0.602,3.883,353.553,377.039,8.535,79.387,1010.611
2025-07-08 10:00:00,2.304,3.883,250.0,315.808,7.627,82.816,1001.288
2025-07-08 11:00:00,1.466,3.883,129.41,389.245,9.323,81.841,988.108
2025-07-08 12:00:00,0.521,3.883,0.0,386.139,6.488,72.217,1003.156
2025-07-08 13:00:00,0.992,3.883,0.0,358.563,5.668,73.825,1019.796
2025-07-08 14:00:00,1.991,3.883,0.0,408.571,8.424,86.593,986.612
2025-07-08 15:00:00,0.846,3.883,0.0,318.981,9.107,89.745,998.529
2025-07-08 16:00:00,3.167,3.883,0.0,374.329,6.87,94.689,999.637
2025-07-08 17:00:00,0.802,3.883,0.0,331.21,6.535,77.973,1016.6
2025-07-08 18:00:00,0.623,3.883,0.0,384.899,9.106,81.967,1001.943
2025-07-08 19:00:00,0.637,3.883,0.0,336.593,8.632,87.289,991.621
2025-07-08 20:00:00,6.297,3.883,0.0,334.309,5.732,92.827,1010.335
2025-07-08 21:00:00,3.375,3.883,0.0,337.158,9.643,93.881,1010.621
2025-07-08 22:00:00,1.954,3.883,0.0,347.154,9.555,90.418,999.237
2025-07-08 23:00:00,1.005,3.883,0.0,379.236,6.464,71.982,997.626
2025-07-09 00:00:00,2.53,3.713,0.0,414.187,4.887,88.802,998.687
2025-07-09 01:00:00,2.623,3.713,129.41,402.813,8.451,79.248,1002.769
2025-07-09 02:00:00,1.738,3.713,250.0,403.631,4.146,90.772,1002.735
2025-07-09 03:00:00,0.482,3.713,353.553,346.73,7.955,71.292,982.053
2025-07-09 04:00:00,0.829,3.713,433.013,360.835,9.055,82.207,1018.845
2025-07-09 05:00:00,0.255,3.713,482.963,374.817,5.869,93.693,988.083
2025-07-09 06:00:00,0.349,3.713,500.0,414.863,5.686,88.093,982.778
2025-07-09 07:00:00,0.684,3.713,482.963,314.926,9.496,84.706,1017.462
2025-07-09 08:00:00,0.36,3.713,433.013,303.683,6.928,87.764,982.43
2025-07-09 09:00:00,1.12,3.713,353.553,407.482,5.572,94.618,1004.174
2025-07-09 10:00:00,5.563,3.713,250.0,398.296,5.503,82.299,1000.328
2025-07-09 11:00:00,2.22,3.713,129.41,383.228,5.423,88.21,1011.771
2025-07-09 12:00:00,4.692,3.713,0.0,334.936,8.671,84.359,994.339
2025-07-09 13:00:00,3.962,3.713,0.0,402.172,7.824,93.466,1013.13
2025-07-09 14:00:00,3.143,3.713,0.0,308.739,7.788,87.594,983.266
2025-07-09 15:00:00,0.732,3.713,0.0,371.38,4.39,78.705,1017.743
2025-07-09 16:00:00,0.294,3.713,0.0,343.124,5.539,76.083,988.704
2025-07-09 17:00:00,0.685,3.713,0.0,315.375,8.323,80.158,992.94
2025-07-09 18:00:00,1.659,3.713,0.0,389.962,6.617,79.29,1015.35
2025-07-09 19:00:00,0.616,3.713,0.0,406.039,9.947,75.949,1006.299
2025-07-09 20:00:00,1.239,3.713,0.0,368.965,4.873,78.905,993.472
2025-07-09 21:00:00,4.589,3.713,0.0,361.747,8.685,88.785,989.483
2025-07-09 22:00:00,2.142,3.713,0.0,396.187,7.656,80.277,986.989
2025-07-09 23:00:00,1.037,3.713,0.0,350.069,6.12,89.647,1014.734
2025-07-10 00:00:00,3.846,3.542,0.0,305.61,8.359,72.855,982.645
2025-07-10 01:00:00,0.771,3.542,129.41,343.647,9.226,74.784,982.009
2025-07-10 02:00:00,7.395,3.542,250.0,419.248,7.49,87.976,980.275
2025-07-10 03:00:00,0.231,3.542,353.553,343.564,6.325,76.304,1009.183
2025-07-10 04:00:00,0.918,3.542,433.013,389.914,7.429,75.2,980.16
2025-07-10 05:00:00,1.69,3.542,482.963,378.388,4.223,89.203,985.992
2025-07-10 06:00:00,0.387,3.542,500.0,378.052,7.733,74.692,982.698
2025-07-10 07:00:00,0.582,3.542,482.963,305.711,9.527,80.167,986.816
2025-07-10 08:00:00,0.306,3.542,433.013,395.896,4.303,72.616,997.953
2025-07-10 09:00:00,0.897,3.542,353.553,349.34,5.88,89.433,1003.497
2025-07-10 10:00:00,1.576,3.542,250.0,345.002,7.16,88.168,993.952
2025-07-10 11:00:00,0.904,3.542,129.41,377.793,6.284,78.588,996.94
2025-07-10 12:00:00,0.232,3.542,0.0,313.267,6.979,93.439,989.14
2025-07-10 13:00:00,2.922,3.542,0.0,417.406,8.152,78.215,1014.122
2025-07-10 14:00:00,2.078,3.542,0.0,312.055,9.717,93.8,987.847
2025-07-10 15:00:00,0.187,3.542,0.0,376.655,6.094,78.784,980.439
2025-07-10 16:00:00,1.315,3.542,0.0,320.357,9.791,70.632,1007.047
2025-07-10 17:00:00,1.125,3.542,0.0,402.172,7.404,85.494,986.932
2025-07-10 18:00:00,0.016,3.542,0.0,361.197,6.381,77.925,1015.67
2025-07-10 19:00:00,3.597,3.542,0.0,384.093,9.287,81.854,1007.915
2025-07-10 20:00:00,0.67,3.542,0.0,405.779,5.773,92.468,1010.395
2025-07-10 21:00:00,0.196,3.542,0.0,322.633,9.539,83.288,991.598
2025-07-10 22:00:00,3.72,3.542,0.0,395.08,4.289,76.052,1013.559
2025-07-10 23:00:00,1.167,3.542,0.0,374.557,5.237,84.147,993.392
2025-07-11 00:00:00,0.629,3.372,0.0,398.975,7.156,79.708,992.679
2025-07-11 01:00:00,1.038,3.372,129.41,302.891,5.187,77.618,1016.493
2025-07-11 02:00:00,0.036,3.372,250.0,300.911,4.07,90.045,1017.858
2025-07-11 03:00:00,0.472,3.372,353.553,341.95,5.352,92.003,997.777
2025-07-11 04:00:00,0.072,3.372,433.013,402.582,4.014,94.596,982.816
2025-07-11 05:00:00,1.716,3.372,482.963,323.368,7.643,91.796,1000.765
2025-07-11 06:00:00,0.885,3.372,500.0,318.94,9.153,81.529,1010.275
2025-07-11 07:00:00,0.346,3.372,482.963,322.666,4.03,82.973,1012.082
2025-07-11 08:00:00,2.155,3.372,433.013,320.846,8.18,71.019,995.919
2025-07-11 09:00:00,2.075,3.372,353.553,386.282,4.196,80.071,1002.204
2025-07-11 10:00:00,1.1,3.372,250.0,410.08,7.417,72.286,986.562
2025-07-11 11:00:00,0.624,3.372,129.41,323.92,9.566,77.158,1001.382
2025-07-11 12:00:00,2.224,3.372,0.0,358.619,9.75,83.395,1019.507
2025-07-11 13:00:00,1.59,3.372,0.0,349.489,8.131,80.119,984.443
2025-07-11 14:00:00,0.161,3.372,0.0,333.22,9.125,88.846,993.205
2025-07-11 15:00:00,4.177,3.372,0.0,353.531,8.12,74.012,1014.378
2025-07-11 16:00:00,2.083,3.372,0.0,404.792,7.89,73.881,1010.061
2025-07-11 17:00:00,2.359,3.372,0.0,378.883,4.619,74.884,1012.232
2025-07-11 18:00:00,0.87,3.372,0.0,300.244,6.062,85.162,1007.938
2025-07-11 19:00:00,3.169,3.372,0.0,308.009,5.311,93.159,1009.37
2025-07-11 20:00:00,1.872,3.372,0.0,376.524,7.944,75.264,1007.292
2025-07-11 21:00:00,1.084,3.372,0.0,407.449,8.223,91.24,986.108
2025-07-11 22:00:00,0.963,3.372,0.0,356.857,8.105,86.416,1004.197
2025-07-11 23:00:00,0.335,3.372,0.0,380.793,8.679,81.278,1008.429
2025-07-12 00:00:00,2.259,3.202,0.0,315.812,9.712,88.849,997.438
2025-07-12 01:00:00,1.445,3.202,129.41,380.5,8.302,81.538,1010.151
2025-07-12 02:00:00,0.934,3.202,250.0,397.58,4.89,84.808,980.555
2025-07-12 03:00:00,2.111,3.202,353.553,355.028,4.671,94.541,982.641
2025-07-12 04:00:00,0.509,3.202,433.013,357.195,9.209,73.963,1016.529
2025-07-12 05:00:00,1.593,3.202,482.963,385.7,4.488,81.993,984.034
2025-07-12 06:00:00,0.573,3.202,500.0,338.009,4.188,91.575,996.507
2025-07-12 07:00:00,1.664,3.202,482.963,321.667,8.421,76.071,1002.598
2025-07-12 08:00:00,0.779,3.202,433.013,381.397,4.368,76.336,1016.243
2025-07-12 09:00:00,2.903,3.202,353.553,338.373,6.73,75.858,985.725
2025-07-12 10:00:00,1.87,3.202,250.0,375.062,5.312,77.343,989.223
2025-07-12 11:00:00,0.41,3.202,129.41,378.161,6.295,85.601,996.107
2025-07-12 12:00:00,0.065,3.202,0.0,377.202,8.142,74.556,996.386
2025-07-12 13:00:00,0.884,3.202,0.0,400.843,4.349,74.775,1013.088
2025-07-12 14:00:00,1.705,3.202,0.0,352.022,8.551,88.613,1006.241
2025-07-12 15:00:00,2.856,3.202,0.0,395.923,6.031,78.815,991.756
2025-07-12 16:00:00,3.533,3.202,0.0,391.694,8.013,92.346,1000.864
2025-07-12 17:00:00,0.908,3.202,0.0,350.611,7.232,91.954,999.527
2025-07-12 18:00:00,2.644,3.202,0.0,364.074,4.614,81.836,1006.43
2025-07-12 19:00:00,0.187,3.202,0.0,395.765,9.002,88.437,989.595
2025-07-12 20:00:00,0.122,3.202,0.0,303.159,9.979,81.754,1017.313
2025-07-12 21:00:00,0.66,3.202,0.0,331.283,5.209,83.788,1015.232
2025-07-12 22:00:00,0.176,3.202,0.0,401.762,8.011,81.624,986.17
2025-07-12 23:00:00,0.515,3.202,0.0,384.114,7.575,76.662,1017.878
2025-07-13 00:00:00,1.263,3.033,0.0,395.556,7.686,83.935,1011.837
2025-07-13 01:00:00,1.117,3.033,129.41,392.5,6.502,85.106,980.199
2025-07-13 02:00:00,0.221,3.033,250.0,335.681,6.023,77.6,1010.417
2025-07-13 03:00:00,0.761,3.033,353.553,391.814,5.756,84.78,984.904
2025-07-13 04:00:00,0.997,3.033,433.013,416.444,4.119,87.46,986.996
2025-07-13 05:00:00,1.473,3.033,482.963,370.369,8.178,70.934,984.19
2025-07-13 06:00:00,0.064,3.033,500.0,321.177,9.161,86.881,1012.609
2025-07-13 07:00:00,1.245,3.033,482.963,348.887,6.238,87.924,1010.165
2025-07-13 08:00:00,0.64,3.033,433.013,330.675,8.175,88.518,1004.802
2025-07-13 09:00:00,1.639,3.033,353.553,340.456,6.332,90.774,980.717
2025-07-13 10:00:00,2.539,3.033,250.0,327.343,7.098,87.516,995.819
2025-07-13 11:00:00,3.604,3.033,129.41,311.569,9.205,92.453,1000.98
2025-07-13 12:00:00,0.41,3.033,0.0,375.652,8.37,93.422,1017.903
2025-07-13 13:00:00,2.315,3.033,0.0,377.041,8.15,84.243,998.143
2025-07-13 14:00:00,0.039,3.033,0.0,344.162,8.228,91.765,1014.236
2025-07-13 15:00:00,3.807,3.033,0.0,367.725,6.347,76.868,1004.602
2025-07-13 16:00:00,2.515,3.033,0.0,308.654,5.004,71.385,999.248
2025-07-13 17:00:00,2.383,3.033,0.0,343.595,8.134,94.895,1005.978
2025-07-13 18:00:00,0.453,3.033,0.0,357.422,5.705,82.836,1002.15
2025-07-13 19:00:00,2.114,3.033,0.0,389.688,7.836,89.114,993.748
2025-07-13 20:00:00,1.376,3.033,0.0,318.946,6.585,88.38,986.89
2025-07-13 21:00:00,0.438,3.033,0.0,301.206,7.03,87.278,986.905
2025-07-13 22:00:00,1.196,3.033,0.0,300.868,6.942,77.444,1018.33
2025-07-13 23:00:00,0.294,3.033,0.0,363.064,8.172,85.792,982.233
2025-07-14 00:00:00,1.656,2.865,0.0,350.687,4.751,72.715,1010.213
2025-07-14 01:00:00,1.138,2.865,129.41,329.802,4.582,85.652,985.767
2025-07-14 02:00:00,3.846,2.865,250.0,322.581,5.224,89.949,991.805
2025-07-14 03:00:00,0.176,2.865,353.553,401.785,6.691,93.585,1012.136
2025-07-14 04:00:00,0.109,2.865,433.013,393.765,8.826,75.351,980.692
2025-07-14 05:00:00,1.267,2.865,482.963,415.538,7.26,91.283,987.886
2025-07-14 06:00:00,0.152,2.865,500.0,308.967,7.97,83.384,1005.462
2025-07-14 07:00:00,1.732,2.865,482.963,308.989,8.723,79.184,1012.446
2025-07-14 08:00:00,0.504,2.865,433.013,394.023,5.352,77.202,992.513
2025-07-14 09:00:00,2.4,2.865,353.553,367.027,7.842,74.967,997.44
2025-07-14 10:00:00,2.912,2.865,250.0,411.743,4.562,74.729,991.001
2025-07-14 11:00:00,2.588,2.865,129.41,359.576,4.095,70.63,1015.744
2025-07-14 12:00:00,0.448,2.865,0.0,334.665,4.6,90.603,994.054
2025-07-14 13:00:00,1.096,2.865,0.0,381.593,6.466,83.016,993.497
2025-07-14 14:00:00,1.877,2.865,0.0,300.53,6.275,85.485,990.094
2025-07-14 15:00:00,1.501,2.865,0.0,404.045,9.922,93.458,1004.8
2025-07-14 16:00:00,1.159,2.865,0.0,397.436,5.938,94.317,1009.404
2025-07-14 17:00:00,1.582,2.865,0.0,326.913,5.279,91.852,986.077
2025-07-14 18:00:00,1.168,2.865,0.0,368.65,8.924,74.144,1016.054
2025-07-14 19:00:00,0.918,2.865,0.0,392.184,5.679,83.22,1019.544
2025-07-14 20:00:00,0.615,2.865,0.0,386.305,9.964,94.749,1016.989
2025-07-14 21:00:00,1.3,2.865,0.0,314.925,9.496,79.246,988.409
2025-07-14 22:00:00,2.285,2.865,0.0,417.746,9.082,83.271,1004.015
2025-07-14 23:00:00,4.663,2.865,0.0,403.146,7.69,79.252,1006.561
2025-07-15 00:00:00,0.758,2.697,0.0,311.487,4.339,85.866,1001.432
2025-07-15 01:00:00,0.582,2.697,129.41,405.948,6.372,72.657,980.889
2025-07-15 02:00:00,1.507,2.697,250.0,316.847,5.408,83.553,981.471
2025-07-15 03:00:00,2.234,2.697,353.553,304.245,6.929,80.39,980.585
2025-07-15 04:00:00,1.216,2.697,433.013,344.295,9.357,86.516,997.0
2025-07-15 05:00:00,1.729,2.697,482.963,350.116,4.893,81.065,986.486
2025-07-15 06:00:00,2.062,2.697,500.0,363.831,7.576,79.59,1007.842
2025-07-15 07:00:00,0.859,2.697,482.963,333.524,5.991,92.478,1019.933
2025-07-15 08:00:00,0.223,2.697,433.013,332.199,8.077,83.791,1004.681
2025-07-15 09:00:00,0.783,2.697,353.553,314.286,5.177,72.549,1006.662
2025-07-15 10:00:00,1.826,2.697,250.0,319.184,7.454,85.796,983.217
2025-07-15 11:00:00,2.429,2.697,129.41,409.579,6.001,72.047,1016.067
2025-07-15 12:00:00,4.987,2.697,0.0,388.152,6.959,77.734,986.796
2025-07-15 13:00:00,1.832,2.697,0.0,302.03,4.817,83.614,1011.255
2025-07-15 14:00:00,0.168,2.697,0.0,339.258,9.749,93.742,1016.509
2025-07-15 15:00:00,2.855,2.697,0.0,318.541,9.474,78.365,996.51
2025-07-15 16:00:00,1.095,2.697,0.0,318.557,8.633,86.701,998.25
2025-07-15 17:00:00,5.02,2.697,0.0,371.536,4.648,86.987,983.486
2025-07-15 18:00:00,1.752,2.697,0.0,320.826,6.785,82.383,1005.496
2025-07-15 19:00:00,6.905,2.697,0.0,397.632,9.118,83.823,1019.37
2025-07-15 20:00:00,1.43,2.697,0.0,386.051,8.361,71.992,990.074
2025-07-15 21:00:00,2.707,2.697,0.0,409.885,4.507,91.465,1010.893
2025-07-15 22:00:00,1.508,2.697,0.0,357.837,6.219,93.02,989.997
2025-07-15 23:00:00,1.013,2.697,0.0,329.299,9.274,89.342,985.326
2025-07-16 00:00:00,2.096,2.53,0.0,373.393,8.097,81.798,999.939
2025-07-16 01:00:00,1.135,2.53,129.41,302.528,9.202,85.142,1009.889
2025-07-16 02:00:00,0.443,2.53,250.0,332.899,6.45,73.944,1009.914
2025-07-16 03:00:00,2.944,2.53,353.553,366.514,7.593,94.267,997.435
2025-07-16 04:00:00,1.796,2.53,433.013,374.542,9.685,85.063,989.409
2025-07-16 05:00:00,0.221,2.53,482.963,410.987,4.645,72.55,1016.29
2025-07-16 06:00:00,0.728,2.53,500.0,405.862,9.609,77.614,1009.935
2025-07-16 07:00:00,3.057,2.53,482.963,416.183,8.547,77.095,1005.581
2025-07-16 08:00:00,1.597,2.53,433.013,334.141,4.168,91.438,992.676
2025-07-16 09:00:00,2.504,2.53,353.553,327.362,4.059,85.476,987.269
2025-07-16 10:00:00,1.783,2.53,250.0,319.523,5.613,89.72,1017.341
2025-07-16 11:00:00,0.482,2.53,129.41,338.963,9.389,91.559,980.962
2025-07-16 12:00:00,1.052,2.53,0.0,350.017,8.661,94.921,1005.561
2025-07-16 13:00:00,0.137,2.53,0.0,414.082,7.5,94.497,1018.321
2025-07-16 14:00:00,1.355,2.53,0.0,412.559,8.25,85.365,982.255
2025-07-16 15:00:00,1.544,2.53,0.0,405.189,9.975,87.324,1009.232
2025-07-16 16:00:00,2.444,2.53,0.0,397.381,8.27,80.196,994.821
2025-07-16 17:00:00,0.998,2.53,0.0,349.176,6.132,87.079,1005.114
2025-07-16 18:00:00,3.465,2.53,0.0,370.126,4.457,83.522,1011.995
2025-07-16 19:00:00,1.916,2.53,0.0,404.43,4.311,92.897,1012.043
2025-07-16 20:00:00,0.841,2.53,0.0,328.211,8.226,86.625,981.767
2025-07-16 21:00:00,0.552,2.53,0.0,303.022,4.974,90.121,1011.115
2025-07-16 22:00:00,1.667,2.53,0.0,324.967,4.82,91.538,988.295
2025-07-16 23:00:00,1.458,2.53,0.0,344.014,8.549,89.857,1018.207
2025-07-17 00:00:00,0.532,2.363,0.0,356.541,5.451,81.487,990.886
2025-07-17 01:00:00,2.086,2.363,129.41,310.315,5.112,91.417,1017.024
2025-07-17 02:00:00,0.844,2.363,250.0,348.871,5.446,73.682,988.475
2025-07-17 03:00:00,0.496,2.363,353.553,300.119,4.631,74.033,985.826
2025-07-17 04:00:00,1.994,2.363,433.013,358.654,5.168,78.796,994.79
2025-07-17 05:00:00,1.197,2.363,482.963,367.261,8.245,70.629,1002.796
2025-07-17 06:00:00,3.97,2.363,500.0,383.977,8.037,82.599,984.613
2025-07-17 07:00:00,3.67,2.363,482.963,378.069,6.549,70.565,998.636
2025-07-17 08:00:00,0.948,2.363,433.013,338.005,5.065,83.027,983.839
2025-07-17 09:00:00,0.761,2.363,353.553,346.635,6.731,85.875,983.019
2025-07-17 10:00:00,0.782,2.363,250.0,381.602,9.092,81.591,989.447
2025-07-17 11:00:00,5.396,2.363,129.41,408.837,6.669,87.258,986.406
2025-07-17 12:00:00,1.15,2.363,0.0,414.742,4.199,79.118,1004.673
2025-07-17 13:00:00,1.855,2.363,0.0,345.281,8.955,92.736,1000.882
2025-07-17 14:00:00,0.498,2.363,0.0,325.443,8.284,75.612,1009.645
2025-07-17 15:00:00,1.19,2.363,0.0,375.254,7.458,87.584,1010.515
2025-07-17 16:00:00,0.613,2.363,0.0,394.677,6.252,81.003,1011.058
2025-07-17 17:00:00,2.565,2.363,0.0,370.273,5.027,76.357,998.302
2025-07-17 18:00:00,0.609,2.363,0.0,323.698,6.115,80.224,992.835
2025-07-17 19:00:00,1.19,2.363,0.0,386.75,7.7,82.482,984.787
2025-07-17 20:00:00,0.89,2.363,0.0,357.73,6.856,78.47,1016.714
2025-07-17 21:00:00,1.432,2.363,0.0,300.317,5.809,82.192,1009.319
2025-07-17 22:00:00,0.844,2.363,0.0,381.601,6.828,75.551,1014.429
2025-07-17 23:00:00,0.472,2.363,0.0,403.86,9.261,74.305,981.877
2025-07-18 00:00:00,2.055,2.198,0.0,334.958,9.98,89.607,980.177
2025-07-18 01:00:00,3.972,2.198,129.41,337.116,7.926,86.335,1015.294
2025-07-18 02:00:00,0.951,2.198,250.0,394.81,7.274,94.977,980.266
2025-07-18 03:00:00,5.781,2.198,353.553,326.056,8.948,79.696,1007.516
2025-07-18 04:00:00,1.265,2.198,433.013,391.385,8.007,94.91,1016.429
2025-07-18 05:00:00,1.855,2.198,482.963,321.671,6.278,80.58,989.312
2025-07-18 06:00:00,0.442,2.198,500.0,415.3,6.713,94.384,1010.955
2025-07-18 07:00:00,0.903,2.198,482.963,315.773,5.067,73.237,1005.134
2025-07-18 08:00:00,1.145,2.198,433.013,408.851,9.414,87.75,1000.783
2025-07-18 09:00:00,2.018,2.198,353.553,368.445,7.522,75.931,984.418
2025-07-18 10:00:00,0.317,2.198,250.0,358.94,5.522,82.806,1015.961
2025-07-18 11:00:00,0.02,2.198,129.41,372.562,4.208,79.923,986.821
2025-07-18 12:00:00,2.071,2.198,0.0,324.779,6.268,81.061,990.253
2025-07-18 13:00:00,0.778,2.198,0.0,370.295,9.441,85.78,983.718
2025-07-18 14:00:00,0.082,2.198,0.0,306.917,4.258,94.459,981.905
2025-07-18 15:00:00,1.194,2.198,0.0,339.272,4.221,71.707,999.253
2025-07-18 16:00:00,1.65,2.198,0.0,364.142,9.109,77.027,1002.577
2025-07-18 17:00:00,3.197,2.198,0.0,410.809,9.464,75.021,993.407
2025-07-18 18:00:00,3.355,2.198,0.0,382.769,4.172,70.963,1011.796
2025-07-18 19:00:00,2.666,2.198,0.0,372.142,9.491,80.553,1011.186
2025-07-18 20:00:00,0.259,2.198,0.0,329.197,7.782,86.037,984.623
2025-07-18 21:00:00,1.01,2.198,0.0,304.435,9.767,81.842,980.284
2025-07-18 22:00:00,3.571,2.198,0.0,382.655,8.089,87.69,1005.882
2025-07-18 23:00:00,1.793,2.198,0.0,334.555,6.863,76.787,985.841
2025-07-19 00:00:00,3.161,2.033,0.0,329.529,7.013,92.146,985.466
2025-07-19 01:00:00,0.641,2.033,129.41,411.888,6.052,92.12,985.079
2025-07-19 02:00:00,2.112,2.033,250.0,361.598,8.134,94.138,1000.067
2025-07-19 03:00:00,2.347,2.033,353.553,361.006,6.135,71.936,985.245
2025-07-19 04:00:00,3.533,2.033,433.013,380.838,9.481,94.932,1002.886
2025-07-19 05:00:00,0.449,2.033,482.963,329.016,4.596,89.428,982.734
2025-07-19 06:00:00,2.587,2.033,500.0,300.251,6.706,73.211,997.87
2025-07-19 07:00:00,4.518,2.033,482.963,364.94,8.808,76.486,981.788
2025-07-19 08:00:00,0.595,2.033,433.013,388.079,6.634,80.445,982.324
2025-07-19 09:00:00,2.131,2.033,353.553,349.51,8.321,93.088,1012.812
2025-07-19 10:00:00,0.931,2.033,250.0,339.704,6.444,90.014,1007.282
2025-07-19 11:00:00,2.136,2.033,129.41,345.309,7.468,83.446,1015.674
2025-07-19 12:00:00,0.514,2.033,0.0,369.793,7.192,75.487,1000.799
2025-07-19 13:00:00,0.969,2.033,0.0,329.041,6.869,86.235,981.293
2025-07-19 14:00:00,0.884,2.033,0.0,397.865,4.471,70.163,999.972
2025-07-19 15:00:00,0.684,2.033,0.0,356.534,7.894,86.768,989.741
2025-07-19 16:00:00,2.069,2.033,0.0,336.33,5.779,84.334,1018.504
2025-07-19 17:00:00,7.773,2.033,0.0,342.183,6.563,73.451,988.064
2025-07-19 18:00:00,1.217,2.033,0.0,418.952,9.577,93.374,985.527
2025-07-19 19:00:00,0.29,2.033,0.0,417.612,5.945,87.057,1019.023
2025-07-19 20:00:00,0.561,2.033,0.0,317.878,5.0,92.303,999.364
2025-07-19 21:00:00,1.411,2.033,0.0,380.057,5.946,80.813,997.924
2025-07-19 22:00:00,3.151,2.033,0.0,384.612,9.793,89.518,1016.27
2025-07-19 23:00:00,2.696,2.033,0.0,319.229,7.824,76.019,1001.397
2025-07-20 00:00:00,0.662,1.869,0.0,365.638,5.017,81.706,1006.823
2025-07-20 01:00:00,0.396,1.869,129.41,348.779,6.52,81.113,982.789
2025-07-20 02:00:00,2.61,1.869,250.0,352.576,8.922,94.72,1016.741
2025-07-20 03:00:00,1.647,1.869,353.553,332.072,7.295,72.345,996.974
2025-07-20 04:00:00,1.314,1.869,433.013,418.698,5.083,93.548,980.78
2025-07-20 05:00:00,0.793,1.869,482.963,360.319,8.199,85.281,1009.232
2025-07-20 06:00:00,0.404,1.869,500.0,312.649,9.305,93.459,998.831
2025-07-20 07:00:00,1.167,1.869,482.963,384.468,8.912,76.387,993.799
2025-07-20 08:00:00,2.073,1.869,433.013,340.271,4.305,87.116,983.067
2025-07-20 09:00:00,0.12,1.869,353.553,372.964,8.888,77.172,986.746
2025-07-20 10:00:00,0.46,1.869,250.0,343.308,7.929,75.495,1004.839
2025-07-20 11:00:00,1.015,1.869,129.41,347.748,4.186,80.368,992.224
2025-07-20 12:00:00,3.41,1.869,0.0,419.457,8.976,74.568,1016.921
2025-07-20 13:00:00,1.032,1.869,0.0,328.313,8.333,85.111,1019.701
2025-07-20 14:00:00,0.373,1.869,0.0,325.469,6.063,83.472,992.748
2025-07-20 15:00:00,2.483,1.869,0.0,352.513,7.398,85.017,1005.781
2025-07-20 16:00:00,1.372,1.869,0.0,317.974,9.769,77.01,993.059
2025-07-20 17:00:00,1.599,1.869,0.0,393.265,8.74,92.446,1013.567
2025-07-20 18:00:00,1.629,1.869,0.0,391.576,5.39,88.507,997.535
2025-07-20 19:00:00,3.874,1.869,0.0,328.581,4.823,87.125,980.616
2025-07-20 20:00:00,0.597,1.869,0.0,317.855,4.912,88.87,1016.826
2025-07-20 21:00:00,0.953,1.869,0.0,306.628,5.306,70.341,999.03
2025-07-20 22:00:00,0.57,1.869,0.0,343.869,6.918,85.805,995.473
2025-07-20 23:00:00,2.51,1.869,0.0,302.65,7.019,90.317,986.702
2025-07-21 00:00:00,1.414,1.706,0.0,339.226,4.478,72.718,1013.987
2025-07-21 01:00:00,1.221,1.706,129.41,418.27,4.793,83.327,982.707
2025-07-21 02:00:00,1.251,1.706,250.0,383.725,7.405,93.405,992.571
2025-07-21 03:00:00,1.384,1.706,353.553,385.252,6.553,76.698,988.002
2025-07-21 04:00:00,0.444,1.706,433.013,302.795,8.728,83.321,1017.494
2025-07-21 05:00:00,3.779,1.706,482.963,312.722,5.354,82.802,1013.29
2025-07-21 06:00:00,0.53,1.706,500.0,345.614,8.443,93.96,1011.857
2025-07-21 07:00:00,3.617,1.706,482.963,325.157,7.303,77.929,981.533
2025-07-21 08:00:00,4.079,1.706,433.013,380.503,8.98,85.811,986.478
2025-07-21 09:00:00,0.907,1.706,353.553,389.427,5.303,86.26,1003.474
2025-07-21 10:00:00,0.499,1.706,250.0,394.054,6.869,81.704,992.479
2025-07-21 11:00:00,2.514,1.706,129.41,366.036,4.882,90.635,1008.578
2025-07-21 12:00:00,0.418,1.706,0.0,348.168,5.371,76.053,988.057
2025-07-21 13:00:00,0.538,1.706,0.0,329.319,4.405,79.408,981.454
2025-07-21 14:00:00,1.656,1.706,0.0,319.401,4.96,82.096,1000.213
2025-07-21 15:00:00,1.215,1.706,0.0,302.743,8.309,89.91,1015.1
2025-07-21 16:00:00,0.914,1.706,0.0,404.487,7.035,70.243,1000.367
2025-07-21 17:00:00,1.371,1.706,0.0,302.252,6.038,92.517,1014.507
2025-07-21 18:00:00,2.319,1.706,0.0,322.944,5.582,90.008,1012.572
2025-07-21 19:00:00,1.478,1.706,0.0,383.755,4.012,74.238,1012.451
2025-07-21 20:00:00,0.63,1.706,0.0,315.318,8.364,73.004,991.428
2025-07-21 21:00:00,1.857,1.706,0.0,409.699,7.003,89.633,1004.41
2025-07-21 22:00:00,0.247,1.706,0.0,391.8,5.214,84.332,1012.78
2025-07-21 23:00:00,0.704,1.706,0.0,324.522,7.659,76.494,982.866
2025-07-22 00:00:00,1.285,1.544,0.0,371.983,5.258,78.832,980.064
2025-07-22 01:00:00,0.83,1.544,129.41,413.339,4.891,86.922,1002.266
2025-07-22 02:00:00,1.19,1.544,250.0,327.916,9.851,93.059,1018.28
2025-07-22 03:00:00,0.915,1.544,353.553,404.935,5.537,88.6,1018.971
2025-07-22 04:00:00,2.318,1.544,433.013,384.487,6.84,93.517,1004.339
2025-07-22 05:00:00,0.601,1.544,482.963,335.696,8.287,90.495,1001.801
2025-07-22 06:00:00,0.857,1.544,500.0,344.888,7.611,72.896,982.293
2025-07-22 07:00:00,2.212,1.544,482.963,393.382,5.861,78.864,986.915
2025-07-22 08:00:00,3.009,1.544,433.013,373.528,6.59,89.9,996.569
2025-07-22 09:00:00,1.894,1.544,353.553,378.065,7.006,90.824,1014.706
2025-07-22 10:00:00,0.309,1.544,250.0,307.385,9.779,79.584,1005.879
2025-07-22 11:00:00,1.186,1.544,129.41,409.228,4.285,87.568,1006.828
2025-07-22 12:00:00,3.108,1.544,0.0,311.963,8.481,74.793,1010.415
2025-07-22 13:00:00,0.946,1.544,0.0,320.627,7.98,74.237,998.575
2025-07-22 14:00:00,1.037,1.544,0.0,329.106,4.495,81.156,1012.469
2025-07-22 15:00:00,1.055,1.544,0.0,408.801,4.751,81.102,997.961
2025-07-22 16:00:00,0.579,1.544,0.0,346.319,7.304,92.137,1017.447
2025-07-22 17:00:00,1.06,1.544,0.0,391.767,4.633,74.374,993.372
2025-07-22 18:00:00,0.971,1.544,0.0,373.553,6.393,82.573,983.808
2025-07-22 19:00:00,2.761,1.544,0.0,406.02,7.854,74.585,993.313
2025-07-22 20:00:00,2.78,1.544,0.0,378.027,5.819,93.784,990.454
2025-07-22 21:00:00,0.582,1.544,0.0,318.592,6.226,84.912,996.199
2025-07-22 22:00:00,2.573,1.544,0.0,368.557,9.881,78.171,994.092
2025-07-22 23:00:00,1.462,1.544,0.0,370.005,8.491,79.177,1007.52
2025-07-23 00:00:00,0.43,1.383,0.0,406.139,4.032,88.649,1011.943
2025-07-23 01:00:00,0.238,1.383,129.41,301.48,4.507,75.773,993.568
2025-07-23 02:00:00,2.27,1.383,250.0,335.098,6.371,75.697,998.677
2025-07-23 03:00:00,0.232,1.383,353.553,413.477,5.053,91.732,984.521
2025-07-23 04:00:00,0.529,1.383,433.013,316.439,6.766,89.261,1016.276
2025-07-23 05:00:00,2.776,1.383,482.963,405.998,7.335,91.2,988.412
2025-07-23 06:00:00,0.229,1.383,500.0,378.867,6.837,81.507,1006.121
2025-07-23 07:00:00,0.994,1.383,482.963,367.442,7.244,71.694,997.656
2025-07-23 08:00:00,1.404,1.383,433.013,406.72,9.058,77.618,1014.055
2025-07-23 09:00:00,1.139,1.383,353.553,351.895,4.463,88.795,1015.483
2025-07-23 10:00:00,2.095,1.383,250.0,401.572,5.054,87.427,1014.553
2025-07-23 11:00:00,0.621,1.383,129.41,382.516,6.479,74.937,984.787
2025-07-23 12:00:00,0.361,1.383,0.0,392.418,9.994,76.386,1008.024
2025-07-23 13:00:00,1.513,1.383,0.0,356.17,6.224,91.31,1013.097
2025-07-23 14:00:00,0.344,1.383,0.0,359.245,6.637,87.671,984.614
2025-07-23 15:00:00,2.354,1.383,0.0,379.994,7.878,86.915,982.946
2025-07-23 16:00:00,1.601,1.383,0.0,355.504,9.558,93.92,1003.949
2025-07-23 17:00:00,1.583,1.383,0.0,412.276,6.215,94.365,995.345
2025-07-23 18:00:00,2.069,1.383,0.0,380.579,5.125,82.954,1015.017
2025-07-23 19:00:00,1.648,1.383,0.0,411.299,9.736,72.198,982.014
2025-07-23 20:00:00,1.352,1.383,0.0,346.641,8.563,80.914,1008.153
2025-07-23 21:00:00,2.66,1.383,0.0,338.775,4.854,88.252,1013.267
2025-07-23 22:00:00,0.266,1.383,0.0,396.829,8.059,93.292,1013.492
2025-07-23 23:00:00,1.55,1.383,0.0,350.727,7.957,85.918,987.317
2025-07-24 00:00:00,0.256,1.223,0.0,345.54,7.157,77.712,1000.312
2025-07-24 01:00:00,0.444,1.223,129.41,379.065,4.374,91.189,1008.347
2025-07-24 02:00:00,2.658,1.223,250.0,404.98,4.507,76.559,1008.767
2025-07-24 03:00:00,0.878,1.223,353.553,347.849,4.332,88.539,1017.423
2025-07-24 04:00:00,0.595,1.223,433.013,356.749,9.67,89.861,1005.261
2025-07-24 05:00:00,0.591,1.223,482.963,359.819,9.135,74.989,984.036
2025-07-24 06:00:00,1.976,1.223,500.0,317.88,8.559,78.441,1016.144
2025-07-24 07:00:00,2.389,1.223,482.963,391.949,8.641,83.887,1015.225
2025-07-24 08:00:00,4.715,1.223,433.013,376.281,6.152,73.504,984.505
2025-07-24 09:00:00,3.505,1.223,353.553,349.167,6.727,87.889,1013.147
2025-07-24 10:00:00,2.589,1.223,250.0,355.909,6.044,91.805,980.405
2025-07-24 11:00:00,0.388,1.223,129.41,404.583,7.674,75.688,986.388
2025-07-24 12:00:00,0.699,1.223,0.0,329.064,8.219,80.463,987.737
2025-07-24 13:00:00,0.125,1.223,0.0,400.925,4.436,89.638,993.066
2025-07-24 14:00:00,2.064,1.223,0.0,416.218,9.736,73.64,1012.177
2025-07-24 15:00:00,1.633,1.223,0.0,301.635,4.433,76.048,1018.871
2025-07-24 16:00:00,2.099,1.223,0.0,401.51,6.26,92.545,994.838
2025-07-24 17:00:00,3.261,1.223,0.0,371.246,8.91,84.857,1018.207
2025-07-24 18:00:00,0.91,1.223,0.0,390.271,6.219,80.054,1007.713
2025-07-24 19:00:00,2.176,1.223,0.0,361.263,7.086,81.762,1012.999
2025-07-24 20:00:00,0.87,1.223,0.0,354.239,5.535,94.629,989.446
2025-07-24 21:00:00,1.512,1.223,0.0,331.531,8.741,83.731,1003.254
2025-07-24 22:00:00,0.617,1.223,0.0,344.024,4.662,79.702,996.39
2025-07-24 23:00:00,1.074,1.223,0.0,326.927,5.425,89.691,989.861
2025-07-25 00:00:00,1.09,1.064,0.0,355.688,7.23,81.972,982.054
2025-07-25 01:00:00,1.006,1.064,129.41,334.122,4.487,72.474,1010.78
2025-07-25 02:00:00,0.699,1.064,250.0,381.716,5.277,79.91,987.744
2025-07-25 03:00:00,2.68,1.064,353.553,349.652,4.934,94.287,1000.762
2025-07-25 04:00:00,1.046,1.064,433.013,306.603,7.665,74.8,994.104
2025-07-25 05:00:00,2.067,1.064,482.963,329.558,9.513,74.292,999.652
2025-07-25 06:00:00,0.367,1.064,500.0,375.94,9.748,92.853,986.345
2025-07-25 07:00:00,0.12,1.064,482.963,367.982,9.326,73.669,1004.665
2025-07-25 08:00:00,0.888,1.064,433.013,318.54,5.09,86.718,996.109
2025-07-25 09:00:00,0.813,1.064,353.553,368.313,9.788,87.76,1012.099
2025-07-25 10:00:00,2.455,1.064,250.0,404.137,7.051,80.437,999.795
2025-07-25 11:00:00,2.755,1.064,129.41,387.391,4.197,85.25,1007.229
2025-07-25 12:00:00,0.699,1.064,0.0,384.164,7.814,87.233,987.517
2025-07-25 13:00:00,0.532,1.064,0.0,331.059,8.328,91.802,1005.766
2025-07-25 14:00:00,0.486,1.064,0.0,389.526,7.776,84.777,1018.548
2025-07-25 15:00:00,1.399,1.064,0.0,415.26,5.963,88.515,985.941
2025-07-25 16:00:00,1.324,1.064,0.0,413.484,8.754,82.435,990.266
2025-07-25 17:00:00,1.532,1.064,0.0,331.338,5.703,93.454,1019.384
2025-07-25 18:00:00,1.329,1.064,0.0,363.806,9.88,83.648,985.503
2025-07-25 19:00:00,1.205,1.064,0.0,383.944,4.276,89.477,1005.85
2025-07-25 20:00:00,2.363,1.064,0.0,393.305,5.919,86.617,983.545
2025-07-25 21:00:00,0.574,1.064,0.0,394.499,6.76,82.03,1015.724
2025-07-25 22:00:00,1.483,1.064,0.0,372.181,5.735,81.284,981.344
2025-07-25 23:00:00,1.078,1.064,0.0,348.616,7.7,77.766,985.029
2025-07-26 00:00:00,0.306,0.906,0.0,349.474,9.337,74.276,998.382
2025-07-26 01:00:00,1.176,0.906,129.41,393.2,7.744,71.842,998.647
2025-07-26 02:00:00,3.72,0.906,250.0,361.096,4.752,87.242,1011.881
2025-07-26 03:00:00,0.359,0.906,353.553,419.709,5.471,91.188,982.142
2025-07-26 04:00:00,0.478,0.906,433.013,350.796,4.143,89.142,1000.712
2025-07-26 05:00:00,1.602,0.906,482.963,342.361,6.732,85.537,1014.259
2025-07-26 06:00:00,0.71,0.906,500.0,392.13,9.812,85.446,1007.523
2025-07-26 07:00:00,0.645,0.906,482.963,302.759,4.918,91.469,1013.596
2025-07-26 08:00:00,1.26,0.906,433.013,364.462,4.191,90.063,1013.753
2025-07-26 09:00:00,3.409,0.906,353.553,325.956,8.091,76.091,980.933
2025-07-26 10:00:00,1.186,0.906,250.0,396.013,7.593,80.903,1004.556
2025-07-26 11:00:00,1.985,0.906,129.41,415.818,8.574,77.902,986.707
2025-07-26 12:00:00,0.962,0.906,0.0,413.131,6.648,89.892,1002.394
2025-07-26 13:00:00,1.252,0.906,0.0,334.757,5.425,85.334,996.759
2025-07-26 14:00:00,3.841,0.906,0.0,362.093,8.624,94.59,989.432
2025-07-26 15:00:00,1.615,0.906,0.0,302.856,5.087,85.031,1018.84
2025-07-26 16:00:00,2.876,0.906,0.0,316.108,9.538,91.383,986.836
2025-07-26 17:00:00,0.819,0.906,0.0,360.858,4.225,78.252,1011.805
2025-07-26 18:00:00,0.721,0.906,0.0,317.668,7.563,87.63,1012.934
2025-07-26 19:00:00,2.769,0.906,0.0,412.8,6.999,82.23,998.647
2025-07-26 20:00:00,0.721,0.906,0.0,366.693,7.582,80.1,981.339
2025-07-26 21:00:00,0.925,0.906,0.0,414.467,8.373,78.521,990.369
2025-07-26 22:00:00,1.693,0.906,0.0,384.319,8.018,83.156,987.856
2025-07-26 23:00:00,1.85,0.906,0.0,353.787,7.117,89.831,989.382
2025-07-27 00:00:00,0.101,0.75,0.0,307.688,4.33,86.447,989.429
2025-07-27 01:00:00,0.187,0.75,129.41,337.645,5.609,71.23,1014.04
2025-07-27 02:00:00,0.272,0.75,250.0,354.663,8.83,72.063,1005.461
2025-07-27 03:00:00,0.901,0.75,353.553,311.088,7.846,86.448,988.45
2025-07-27 04:00:00,2.348,0.75,433.013,414.659,8.91,79.591,990.682
2025-07-27 05:00:00,0.107,0.75,482.963,358.082,5.309,76.317,983.616
2025-07-27 06:00:00,3.777,0.75,500.0,307.815,4.177,87.135,988.233
2025-07-27 07:00:00,1.046,0.75,482.963,370.417,8.367,86.259,1018.167
2025-07-27 08:00:00,1.327,0.75,433.013,407.995,8.892,87.43,982.923
2025-07-27 09:00:00,0.509,0.75,353.553,392.202,7.588,90.097,1000.265
2025-07-27 10:00:00,2.131,0.75,250.0,417.509,7.743,94.618,1006.655
2025-07-27 11:00:00,3.867,0.75,129.41,301.258,4.685,92.892,1001.242
2025-07-27 12:00:00,0.519,0.75,0.0,317.502,5.155,70.515,995.648
2025-07-27 13:00:00,3.428,0.75,0.0,369.78,9.061,88.697,1012.648
2025-07-27 14:00:00,1.825,0.75,0.0,367.006,9.371,75.717,990.976
2025-07-27 15:00:00,0.805,0.75,0.0,353.505,7.165,92.032,993.138
2025-07-27 16:00:00,0.209,0.75,0.0,303.71,4.62,80.83,1011.599
2025-07-27 17:00:00,4.046,0.75,0.0,395.582,8.638,72.283,997.978
2025-07-27 18:00:00,0.312,0.75,0.0,381.48,7.247,81.081,995.375
2025-07-27 19:00:00,1.35,0.75,0.0,370.728,6.336,82.542,1007.031
2025-07-27 20:00:00,0.314,0.75,0.0,334.726,9.444,76.502,1007.822
2025-07-27 21:00:00,2.68,0.75,0.0,306.094,6.229,84.362,980.406
2025-07-27 22:00:00,0.802,0.75,0.0,385.547,7.031,83.919,996.805
2025-07-27 23:00:00,1.031,0.75,0.0,412.971,8.883,82.57,1014.871
2025-07-28 00:00:00,2.155,0.595,0.0,302.52,8.37,80.928,1006.639
2025-07-28 01:00:00,0.976,0.595,129.41,379.707,9.293,86.749,990.677
2025-07-28 02:00:00,3.056,0.595,250.0,309.883,4.086,88.7,1015.495
2025-07-28 03:00:00,2.096,0.595,353.553,404.209,7.73,93.095,1014.121
2025-07-28 04:00:00,2.594,0.595,433.013,301.623,9.594,88.914,1019.242
2025-07-28 05:00:00,3.977,0.595,482.963,358.313,4.425,91.969,1006.816
2025-07-28 06:00:00,0.819,0.595,500.0,359.889,9.032,80.504,1002.848
2025-07-28 07:00:00,0.605,0.595,482.963,324.258,7.839,78.757,1019.846
2025-07-28 08:00:00,3.221,0.595,433.013,375.805,4.987,88.519,983.661
2025-07-28 09:00:00,0.159,0.595,353.553,346.45,4.9,75.834,991.728
2025-07-28 10:00:00,0.762,0.595,250.0,406.12,9.249,90.574,981.664
2025-07-28 11:00:00,1.953,0.595,129.41,370.808,4.371,85.146,993.015
2025-07-28 12:00:00,1.367,0.595,0.0,411.471,9.83,72.575,989.17
2025-07-28 13:00:00,0.736,0.595,0.0,416.903,7.652,94.678,1002.412
2025-07-28 14:00:00,0.58,0.595,0.0,330.524,6.827,80.233,1001.291
2025-07-28 15:00:00,0.018,0.595,0.0,392.448,6.518,74.29,988.119
2025-07-28 16:00:00,1.521,0.595,0.0,382.933,9.056,70.738,983.834
2025-07-28 17:00:00,1.104,0.595,0.0,362.804,4.828,71.108,991.251
2025-07-28 18:00:00,3.54,0.595,0.0,368.422,6.974,79.234,1013.339
2025-07-28 19:00:00,2.634,0.595,0.0,408.114,8.786,72.105,980.585
2025-07-28 20:00:00,2.563,0.595,0.0,395.596,9.181,92.931,1012.035
2025-07-28 21:00:00,2.163,0.595,0.0,305.064,4.861,86.285,1018.855
2025-07-28 22:00:00,1.271,0.595,0.0,370.414,9.582,91.87,981.595
2025-07-28 23:00:00,0.072,0.595,0.0,314.168,5.525,87.014,993.699
2025-07-29 00:00:00,1.12,0.441,0.0,364.314,4.476,94.634,996.103
2025-07-29 01:00:00,2.073,0.441,129.41,415.076,9.117,79.582,993.621
2025-07-29 02:00:00,1.416,0.441,250.0,352.98,4.47,71.955,984.093
2025-07-29 03:00:00,0.952,0.441,353.553,301.9,5.237,81.1,987.217
2025-07-29 04:00:00,1.116,0.441,433.013,384.335,5.085,75.561,981.125
2025-07-29 05:00:00,3.007,0.441,482.963,345.435,5.921,84.306,995.241
2025-07-29 06:00:00,0.581,0.441,500.0,405.496,8.588,78.732,989.409
2025-07-29 07:00:00,0.282,0.441,482.963,384.556,6.576,92.436,986.756
2025-07-29 08:00:00,1.213,0.441,433.013,384.793,7.991,84.339,989.432
2025-07-29 09:00:00,1.558,0.441,353.553,315.113,4.629,78.378,1008.828
2025-07-29 10:00:00,0.832,0.441,250.0,356.969,7.031,76.992,986.459
2025-07-29 11:00:00,3.034,0.441,129.41,381.876,9.096,71.761,994.178
2025-07-29 12:00:00,0.205,0.441,0.0,366.527,9.01,91.428,985.144
2025-07-29 13:00:00,2.18,0.441,0.0,318.231,8.481,87.616,1017.309
2025-07-29 14:00:00,1.388,0.441,0.0,344.003,4.495,92.605,1001.462
2025-07-29 15:00:00,0.833,0.441,0.0,402.147,4.452,87.618,1018.363
2025-07-29 16:00:00,1.692,0.441,0.0,406.984,9.758,80.349,992.907
2025-07-29 17:00:00,1.054,0.441,0.0,305.137,8.361,78.87,996.325
2025-07-29 18:00:00,0.082,0.441,0.0,315.588,9.569,81.333,1001.583
2025-07-29 19:00:00,1.457,0.441,0.0,392.815,4.78,91.107,988.995
2025-07-29 20:00:00,2.49,0.441,0.0,403.793,4.769,77.001,1009.966
2025-07-29 21:00:00,2.581,0.441,0.0,408.864,4.777,80.637,1007.543
2025-07-29 22:00:00,1.0,0.441,0.0,306.499,8.502,78.563,1002.488
2025-07-29 23:00:00,1.351,0.441,0.0,414.442,6.424,71.133,1017.443
2025-07-30 00:00:00,1.216,0.288,0.0,398.157,7.292,82.103,1006.851
2025-07-30 01:00:00,0.497,0.288,129.41,377.717,9.976,91.761,982.691
2025-07-30 02:00:00,1.222,0.288,250.0,390.662,7.805,82.405,991.456
2025-07-30 03:00:00,1.437,0.288,353.553,409.695,9.905,81.453,1002.291
2025-07-30 04:00:00,1.921,0.288,433.013,401.699,4.834,88.541,1002.125
2025-07-30 05:00:00,0.94,0.288,482.963,398.703,8.292,92.016,980.971
2025-07-30 06:00:00,1.66,0.288,500.0,375.03,5.582,77.089,999.878
2025-07-30 07:00:00,0.96,0.288,482.963,406.512,6.828,92.388,996.309
2025-07-30 08:00:00,0.779,0.288,433.013,382.817,7.599,86.224,1011.285
2025-07-30 09:00:00,1.518,0.288,353.553,340.332,5.052,73.172,1006.827
2025-07-30 10:00:00,1.098,0.288,250.0,373.532,4.535,85.631,1007.699
2025-07-30 11:00:00,3.213,0.288,129.41,346.671,7.66,94.708,1018.303
2025-07-30 12:00:00,2.041,0.288,0.0,383.205,9.734,76.554,990.652
2025-07-30 13:00:00,1.453,0.288,0.0,341.795,8.649,74.395,980.941
2025-07-30 14:00:00,1.336,0.288,0.0,359.466,9.949,78.793,983.826
2025-07-30 15:00:00,1.076,0.288,0.0,393.721,5.531,74.26,1000.523
2025-07-30 16:00:00,0.716,0.288,0.0,342.228,6.205,71.688,1001.323
2025-07-30 17:00:00,0.191,0.288,0.0,316.283,4.59,94.363,982.515
2025-07-30 18:00:00,1.236,0.288,0.0,321.822,4.378,73.359,988.468
2025-07-30 19:00:00,1.092,0.288,0.0,411.822,7.723,75.263,1011.144
2025-07-30 20:00:00,0.431,0.288,0.0,396.765,5.619,91.531,986.821
2025-07-30 21:00:00,0.592,0.288,0.0,344.273,7.067,81.027,985.075
2025-07-30 22:00:00,4.133,0.288,0.0,326.104,9.867,70.698,1014.735
2025-07-30 23:00:00,3.384,0.288,0.0,409.962,4.934,88.78,980.207
2025-07-31 00:00:00,4.247,0.137,0.0,352.865,9.219,88.901,1015.645
2025-07-31 01:00:00,0.456,0.137,129.41,388.436,4.439,72.65,1009.619
2025-07-31 02:00:00,0.357,0.137,250.0,384.913,9.246,74.202,996.538
2025-07-31 03:00:00,1.735,0.137,353.553,346.757,8.445,86.674,988.684
2025-07-31 04:00:00,1.732,0.137,433.013,365.339,6.414,73.796,1018.781
2025-07-31 05:00:00,0.888,0.137,482.963,314.878,6.716,91.688,983.563
2025-07-31 06:00:00,3.373,0.137,500.0,334.739,9.783,88.762,993.351
2025-07-31 07:00:00,1.184,0.137,482.963,329.485,4.873,75.849,1019.741
2025-07-31 08:00:00,1.985,0.137,433.013,396.118,8.557,80.381,1012.62
2025-07-31 09:00:00,0.421,0.137,353.553,339.868,4.229,86.548,994.753
2025-07-31 10:00:00,5.48,0.137,250.0,357.368,9.797,74.41,992.417
2025-07-31 11:00:00,6.958,0.137,129.41,372.711,7.127,80.608,995.43
2025-07-31 12:00:00,0.275,0.137,0.0,366.027,6.031,74.854,1011.079
2025-07-31 13:00:00,0.202,0.137,0.0,386.469,6.955,82.27,1001.429
2025-07-31 14:00:00,0.417,0.137,0.0,347.64,4.486,71.163,985.292
2025-07-31 15:00:00,0.349,0.137,0.0,322.226,4.159,80.956,1009.038
2025-07-31 16:00:00,2.913,0.137,0.0,307.463,8.923,70.817,984.764
2025-07-31 17:00:00,1.69,0.137,0.0,300.466,5.26,75.706,997.511
2025-07-31 18:00:00,1.356,0.137,0.0,354.878,4.748,83.126,981.259
2025-07-31 19:00:00,0.35,0.137,0.0,391.649,8.368,70.071,1011.365
2025-07-31 20:00:00,3.97,0.137,0.0,384.395,4.034,89.672,1003.207
2025-07-31 21:00:00,0.928,0.137,0.0,378.633,4.652,75.088,1016.389
2025-07-31 22:00:00,2.612,0.137,0.0,331.523,4.799,94.34,1017.789
2025-07-31 23:00:00,0.691,0.137,0.0,355.888,6.785,73.777,980.986
2025-08-01 00:00:00,0.595,-0.012,0.0,324.983,8.04,94.457,983.919
2025-08-01 01:00:00,3.099,-0.012,129.41,309.91,9.949,84.544,1014.291
2025-08-01 02:00:00,1.691,-0.012,250.0,360.941,5.665,85.6,990.83
2025-08-01 03:00:00,2.564,-0.012,353.553,375.706,8.474,80.872,987.495
2025-08-01 04:00:00,1.661,-0.012,433.013,355.887,9.897,70.636,989.334
2025-08-01 05:00:00,0.409,-0.012,482.963,371.822,9.559,73.074,1010.739
2025-08-01 06:00:00,0.591,-0.012,500.0,378.306,9.179,72.817,989.648
2025-08-01 07:00:00,0.919,-0.012,482.963,300.219,7.243,90.204,1013.541
2025-08-01 08:00:00,0.207,-0.012,433.013,401.608,9.176,73.713,1010.603
2025-08-01 09:00:00,1.592,-0.012,353.553,324.321,5.178,81.444,1008.001
2025-08-01 10:00:00,2.037,-0.012,250.0,403.819,6.463,83.545,1016.186
2025-08-01 11:00:00,3.362,-0.012,129.41,358.68,6.043,94.093,982.041
2025-08-01 12:00:00,4.405,-0.012,0.0,345.872,6.698,77.192,1002.474
2025-08-01 13:00:00,2.365,-0.012,0.0,361.023,8.191,77.127,1017.631
2025-08-01 14:00:00,2.098,-0.012,0.0,327.458,5.078,90.487,983.011
2025-08-01 15:00:00,1.094,-0.012,0.0,357.394,8.173,93.644,1015.93
2025-08-01 16:00:00,2.556,-0.012,0.0,339.529,9.88,88.489,1007.983
2025-08-01 17:00:00,0.176,-0.012,0.0,304.75,4.542,90.325,1017.954
2025-08-01 18:00:00,0.653,-0.012,0.0,301.34,6.859,93.436,1013.786
2025-08-01 19:00:00,0.704,-0.012,0.0,390.23,6.582,83.783,1012.736
2025-08-01 20:00:00,2.446,-0.012,0.0,402.04,9.356,89.899,1011.559
2025-08-01 21:00:00,3.714,-0.012,0.0,341.932,4.471,75.185,1010.499
2025-08-01 22:00:00,0.715,-0.012,0.0,335.506,8.119,89.457,993.709
2025-08-01 23:00:00,4.029,-0.012,0.0,329.621,7.0,75.758,990.441
2025-08-02 00:00:00,3.247,-0.161,0.0,327.797,8.77,73.167,1000.756
2025-08-02 01:00:00,0.8,-0.161,129.41,348.648,6.841,72.18,996.653
2025-08-02 02:00:00,3.86,-0.161,250.0,325.124,7.322,81.737,981.016
2025-08-02 03:00:00,1.723,-0.161,353.553,327.324,8.449,88.829,1006.394
2025-08-02 04:00:00,0.734,-0.161,433.013,394.084,6.892,90.871,987.876
2025-08-02 05:00:00,2.611,-0.161,482.963,395.853,6.323,84.916,985.86
2025-08-02 06:00:00,4.096,-0.161,500.0,332.109,5.001,80.592,993.135
2025-08-02 07:00:00,1.946,-0.161,482.963,324.667,6.907,77.747,987.62
2025-08-02 08:00:00,0.384,-0.161,433.013,349.7,4.576,79.723,1005.36
2025-08-02 09:00:00,1.326,-0.161,353.553,391.899,8.658,87.634,990.703
2025-08-02 10:00:00,1.835,-0.161,250.0,340.7,4.686,89.301,982.94
2025-08-02 11:00:00,0.988,-0.161,129.41,355.494,9.955,90.759,1017.533
2025-08-02 12:00:00,0.081,-0.161,0.0,417.687,5.229,83.667,992.116
2025-08-02 13:00:00,0.895,-0.161,0.0,329.783,5.579,87.665,1016.289
2025-08-02 14:00:00,0.962,-0.161,0.0,394.07,6.749,90.841,987.034
2025-08-02 15:00:00,0.722,-0.161,0.0,351.772,4.527,94.817,983.885
2025-08-02 16:00:00,0.525,-0.161,0.0,345.06,7.006,82.215,1009.964
2025-08-02 17:00:00,1.872,-0.161,0.0,316.412,5.468,88.854,990.13
2025-08-02 18:00:00,0.63,-0.161,0.0,380.242,8.394,91.385,982.615
2025-08-02 19:00:00,1.689,-0.161,0.0,398.981,4.699,85.898,1001.638
2025-08-02 20:00:00,1.2,-0.161,0.0,416.62,4.044,94.465,993.253
2025-08-02 21:00:00,2.56,-0.161,0.0,364.139,6.738,93.54,993.94
2025-08-02 22:00:00,1.29,-0.161,0.0,327.488,8.637,86.721,997.584
2025-08-02 23:00:00,0.293,-0.161,0.0,364.329,7.034,89.159,990.89
2025-08-03 00:00:00,0.124,-0.307,0.0,397.384,8.335,91.463,996.584
2025-08-03 01:00:00,0.652,-0.307,129.41,306.285,5.287,93.138,986.172
2025-08-03 02:00:00,1.331,-0.307,250.0,354.235,4.953,92.753,1014.126
2025-08-03 03:00:00,0.144,-0.307,353.553,314.711,6.933,80.117,1004.177
2025-08-03 04:00:00,4.06,-0.307,433.013,413.38,9.144,76.341,986.406
2025-08-03 05:00:00,2.843,-0.307,482.963,364.934,4.014,89.733,1006.93
2025-08-03 06:00:00,0.183,-0.307,500.0,360.196,4.687,84.845,996.457
2025-08-03 07:00:00,4.137,-0.307,482.963,333.251,8.841,75.764,985.868
2025-08-03 08:00:00,2.893,-0.307,433.013,333.825,8.032,85.435,990.761
2025-08-03 09:00:00,1.556,-0.307,353.553,332.129,9.073,74.449,1012.766
2025-08-03 10:00:00,0.694,-0.307,250.0,376.867,9.475,91.446,1014.593
2025-08-03 11:00:00,4.243,-0.307,129.41,351.226,4.115,76.389,981.551
2025-08-03 12:00:00,1.873,-0.307,0.0,383.089,4.493,94.686,990.492
2025-08-03 13:00:00,1.036,-0.307,0.0,407.157,5.861,92.736,1013.165
2025-08-03 14:00:00,1.097,-0.307,0.0,413.449,4.241,85.871,1008.691
2025-08-03 15:00:00,0.623,-0.307,0.0,322.074,9.745,81.389,1001.93
2025-08-03 16:00:00,1.033,-0.307,0.0,302.681,5.657,81.395,993.522
2025-08-03 17:00:00,0.665,-0.307,0.0,375.338,8.325,86.878,1000.197
2025-08-03 18:00:00,3.887,-0.307,0.0,397.585,9.209,93.227,999.173
2025-08-03 19:00:00,3.105,-0.307,0.0,366.136,4.14,93.995,985.796
2025-08-03 20:00:00,1.033,-0.307,0.0,381.576,7.841,78.185,984.749
2025-08-03 21:00:00,1.855,-0.307,0.0,304.025,9.319,93.932,1004.868
2025-08-03 22:00:00,0.977,-0.307,0.0,350.312,5.324,92.272,1018.131
2025-08-03 23:00:00,0.475,-0.307,0.0,333.747,4.661,71.102,1013.089
2025-08-04 00:00:00,0.649,-0.452,0.0,400.315,6.48,79.17,1019.172
2025-08-04 01:00:00,1.653,-0.452,129.41,301.829,8.637,86.546,996.407
2025-08-04 02:00:00,3.286,-0.452,250.0,368.021,4.16,83.777,980.691
2025-08-04 03:00:00,4.421,-0.452,353.553,341.058,4.21,78.865,995.178
2025-08-04 04:00:00,2.278,-0.452,433.013,377.695,8.721,78.08,1010.024
2025-08-04 05:00:00,3.442,-0.452,482.963,396.349,9.278,73.896,991.681
2025-08-04 06:00:00,3.609,-0.452,500.0,360.4,9.256,94.356,1019.366
2025-08-04 07:00:00,1.256,-0.452,482.963,376.705,7.246,86.889,989.109
2025-08-04 08:00:00,0.108,-0.452,433.013,373.619,9.223,70.586,1014.116
2025-08-04 09:00:00,1.905,-0.452,353.553,361.545,8.784,94.784,989.039
2025-08-04 10:00:00,4.746,-0.452,250.0,325.453,7.488,74.762,985.829
2025-08-04 11:00:00,1.837,-0.452,129.41,388.545,9.147,81.821,1006.237
2025-08-04 12:00:00,0.916,-0.452,0.0,346.324,7.197,84.964,991.648
2025-08-04 13:00:00,1.539,-0.452,0.0,351.0,9.463,79.086,981.011
2025-08-04 14:00:00,2.335,-0.452,0.0,346.99,7.208,94.544,996.296
2025-08-04 15:00:00,0.102,-0.452,0.0,372.069,9.499,75.69,1014.927
2025-08-04 16:00:00,1.345,-0.452,0.0,371.225,7.87,77.092,985.759
2025-08-04 17:00:00,1.186,-0.452,0.0,375.679,7.458,87.022,984.262
2025-08-04 18:00:00,1.182,-0.452,0.0,348.497,4.84,85.459,997.851
2025-08-04 19:00:00,0.959,-0.452,0.0,304.878,8.025,84.271,994.887
2025-08-04 20:00:00,1.466,-0.452,0.0,386.865,5.193,76.592,982.219
2025-08-04 21:00:00,1.659,-0.452,0.0,335.33,9.09,70.148,986.69
2025-08-04 22:00:00,1.537,-0.452,0.0,342.17,6.549,72.066,980.891
2025-08-04 23:00:00,1.489,-0.452,0.0,370.581,7.579,70.502,994.346
2025-08-05 00:00:00,0.858,-0.596,0.0,395.696,4.81,72.88,987.672
2025-08-05 01:00:00,1.596,-0.596,129.41,365.907,8.5,86.057,998.621
2025-08-05 02:00:00,0.099,-0.596,250.0,415.602,7.185,85.324,981.11
2025-08-05 03:00:00,1.217,-0.596,353.553,385.439,8.509,78.543,985.817
2025-08-05 04:00:00,1.139,-0.596,433.013,392.136,6.237,78.942,1007.837
2025-08-05 05:00:00,0.679,-0.596,482.963,412.625,5.675,79.034,1011.914
2025-08-05 06:00:00,1.129,-0.596,500.0,307.918,4.947,90.933,1009.058
2025-08-05 07:00:00,0.225,-0.596,482.963,407.69,4.444,91.712,996.758
2025-08-05 08:00:00,0.649,-0.596,433.013,399.754,8.258,79.905,989.946
2025-08-05 09:00:00,0.24,-0.596,353.553,392.551,4.425,79.078,995.392
2025-08-05 10:00:00,1.385,-0.596,250.0,414.966,6.644,91.288,1007.241
2025-08-05 11:00:00,0.649,-0.596,129.41,348.11,7.84,71.774,980.972
2025-08-05 12:00:00,0.421,-0.596,0.0,402.201,8.288,75.115,990.802
2025-08-05 13:00:00,1.329,-0.596,0.0,390.969,8.451,91.556,1004.863
2025-08-05 14:00:00,2.186,-0.596,0.0,303.621,5.448,75.937,1006.09
2025-08-05 15:00:00,3.302,-0.596,0.0,341.339,9.067,77.706,999.446
2025-08-05 16:00:00,1.858,-0.596,0.0,363.389,9.617,74.112,1017.885
2025-08-05 17:00:00,1.55,-0.596,0.0,385.02,6.03,76.995,1003.108
2025-08-05 18:00:00,7.591,-0.596,0.0,353.099,9.648,78.538,986.663
2025-08-05 19:00:00,1.375,-0.596,0.0,312.074,5.367,90.337,1004.512
2025-08-05 20:00:00,1.518,-0.596,0.0,326.358,5.256,74.581,993.927
2025-08-05 21:00:00,1.478,-0.596,0.0,310.286,8.413,87.219,985.997
2025-08-05 22:00:00,0.48,-0.596,0.0,313.925,4.221,80.091,1002.427
2025-08-05 23:00:00,4.212,-0.596,0.0,344.71,7.791,81.493,998.498
2025-08-06 00:00:00,0.835,-0.738,0.0,310.646,8.353,70.724,1005.353
2025-08-06 01:00:00,0.358,-0.738,129.41,318.188,5.914,81.591,988.844
2025-08-06 02:00:00,1.148,-0.738,250.0,354.732,4.322,83.973,1002.646
2025-08-06 03:00:00,6.67,-0.738,353.553,378.96,9.566,71.475,984.195
2025-08-06 04:00:00,1.73,-0.738,433.013,395.386,7.482,81.587,1013.484
2025-08-06 05:00:00,0.561,-0.738,482.963,404.077,9.364,78.739,1005.282
2025-08-06 06:00:00,1.11,-0.738,500.0,373.948,5.211,92.823,1007.339
2025-08-06 07:00:00,0.026,-0.738,482.963,344.137,9.649,89.127,1006.809
2025-08-06 08:00:00,3.203,-0.738,433.013,364.413,6.501,83.621,986.954
2025-08-06 09:00:00,0.473,-0.738,353.553,377.855,9.09,84.28,984.076
2025-08-06 10:00:00,1.68,-0.738,250.0,387.506,4.699,86.873,980.898
2025-08-06 11:00:00,0.232,-0.738,129.41,356.231,8.087,75.63,1017.73
2025-08-06 12:00:00,1.144,-0.738,0.0,376.541,9.377,83.088,1003.257
2025-08-06 13:00:00,0.786,-0.738,0.0,386.663,9.226,73.581,990.299
2025-08-06 14:00:00,0.959,-0.738,0.0,352.63,7.138,78.092,988.976
2025-08-06 15:00:00,0.124,-0.738,0.0,320.819,9.981,75.392,1010.734
2025-08-06 16:00:00,5.14,-0.738,0.0,346.125,6.363,79.669,995.943
2025-08-06 17:00:00,0.754,-0.738,0.0,376.11,5.603,91.269,997.498
2025-08-06 18:00:00,0.141,-0.738,0.0,350.971,8.961,76.312,1009.992
2025-08-06 19:00:00,0.297,-0.738,0.0,333.367,9.273,73.578,988.102
2025-08-06 20:00:00,2.289,-0.738,0.0,319.853,5.546,85.29,990.496
2025-08-06 21:00:00,0.041,-0.738,0.0,356.251,4.627,77.532,1019.677
2025-08-06 22:00:00,1.481,-0.738,0.0,411.865,8.176,81.241,1019.873
2025-08-06 23:00:00,2.402,-0.738,0.0,356.407,7.017,86.19,997.043
2025-08-07 00:00:00,0.53,-0.878,0.0,387.767,9.402,70.305,988.837
2025-08-07 01:00:00,0.517,-0.878,129.41,301.685,7.326,71.067,1000.407
2025-08-07 02:00:00,2.935,-0.878,250.0,300.668,4.79,93.783,1001.074
2025-08-07 03:00:00,1.976,-0.878,353.553,324.949,6.619,73.439,997.361
2025-08-07 04:00:00,2.398,-0.878,433.013,419.912,9.933,87.181,984.375
2025-08-07 05:00:00,0.424,-0.878,482.963,305.946,8.567,77.859,992.374
2025-08-07 06:00:00,0.799,-0.878,500.0,360.288,6.846,93.024,993.893
2025-08-07 07:00:00,2.733,-0.878,482.963,391.187,9.349,81.491,993.844
2025-08-07 08:00:00,1.012,-0.878,433.013,330.693,9.392,72.882,1015.125
2025-08-07 09:00:00,3.418,-0.878,353.553,412.491,5.989,76.96,990.462
2025-08-07 10:00:00,0.361,-0.878,250.0,349.013,9.686,81.501,1009.559
2025-08-07 11:00:00,0.467,-0.878,129.41,315.402,6.217,77.382,984.46
2025-08-07 12:00:00,0.28,-0.878,0.0,417.21,6.826,81.233,1000.18
2025-08-07 13:00:00,0.75,-0.878,0.0,312.916,7.051,87.971,992.231
2025-08-07 14:00:00,2.124,-0.878,0.0,410.721,4.791,70.506,986.346
2025-08-07 15:00:00,0.637,-0.878,0.0,336.135,9.205,79.406,1009.226
2025-08-07 16:00:00,1.358,-0.878,0.0,382.789,5.486,84.396,1005.625
2025-08-07 17:00:00,3.671,-0.878,0.0,328.24,6.635,80.664,985.676
2025-08-07 18:00:00,1.324,-0.878,0.0,361.116,5.93,94.004,1012.156
2025-08-07 19:00:00,1.924,-0.878,0.0,344.219,6.41,74.504,997.212
2025-08-07 20:00:00,1.539,-0.878,0.0,300.45,8.749,83.325,998.965
2025-08-07 21:00:00,1.31,-0.878,0.0,360.395,4.423,93.276,991.916
2025-08-07 22:00:00,0.468,-0.878,0.0,310.203,9.49,79.042,985.311
2025-08-07 23:00:00,2.098,-0.878,0.0,418.595,7.726,86.871,980.883
2025-08-08 00:00:00,2.665,-1.016,0.0,393.526,9.289,83.463,1006.922
2025-08-08 01:00:00,1.931,-1.016,129.41,416.649,4.126,70.966,1019.785
2025-08-08 02:00:00,0.529,-1.016,250.0,401.167,8.978,82.323,994.977
2025-08-08 03:00:00,0.344,-1.016,353.553,384.622,7.995,88.035,1015.314
2025-08-08 04:00:00,1.579,-1.016,433.013,331.26,4.974,88.396,985.808
2025-08-08 05:00:00,1.39,-1.016,482.963,330.516,4.464,73.43,1007.871
2025-08-08 06:00:00,0.764,-1.016,500.0,309.423,5.187,82.639,1006.239
2025-08-08 07:00:00,1.105,-1.016,482.963,362.21,6.201,90.512,990.367
2025-08-08 08:00:00,1.554,-1.016,433.013,375.137,6.323,76.576,984.332
2025-08-08 09:00:00,0.245,-1.016,353.553,321.101,8.816,72.8,1008.204
2025-08-08 10:00:00,1.434,-1.016,250.0,336.559,6.403,84.338,990.149
2025-08-08 11:00:00,2.859,-1.016,129.41,357.028,7.398,83.986,995.621
2025-08-08 12:00:00,0.578,-1.016,0.0,373.849,8.058,77.347,987.394
2025-08-08 13:00:00,0.566,-1.016,0.0,418.183,8.004,72.433,1000.489
2025-08-08 14:00:00,0.676,-1.016,0.0,319.127,8.681,86.782,981.329
2025-08-08 15:00:00,0.433,-1.016,0.0,418.983,9.167,94.463,980.655
2025-08-08 16:00:00,3.371,-1.016,0.0,392.162,8.35,94.512,994.238
2025-08-08 17:00:00,0.125,-1.016,0.0,351.496,6.035,87.136,986.441
2025-08-08 18:00:00,1.586,-1.016,0.0,390.176,9.577,74.323,1018.987
2025-08-08 19:00:00,1.441,-1.016,0.0,405.268,5.147,84.77,1010.741
2025-08-08 20:00:00,0.933,-1.016,0.0,334.608,5.206,86.4,1008.61
2025-08-08 21:00:00,1.791,-1.016,0.0,338.812,7.788,94.289,980.583
2025-08-08 22:00:00,1.059,-1.016,0.0,325.6,8.961,71.227,1012.082
2025-08-08 23:00:00,1.004,-1.016,0.0,338.603,6.095,92.708,1011.426
2025-08-09 00:00:00,1.777,-1.153,0.0,383.327,9.922,89.427,1002.653
2025-08-09 01:00:00,3.351,-1.153,129.41,349.278,6.692,86.934,981.416
2025-08-09 02:00:00,0.714,-1.153,250.0,331.036,8.098,72.378,1004.07
2025-08-09 03:00:00,1.627,-1.153,353.553,358.224,4.897,80.718,1019.873
2025-08-09 04:00:00,1.924,-1.153,433.013,385.215,5.094,72.887,999.234
2025-08-09 05:00:00,1.45,-1.153,482.963,416.01,7.434,72.017,1010.476
2025-08-09 06:00:00,1.858,-1.153,500.0,313.026,5.048,83.139,1003.75
2025-08-09 07:00:00,1.634,-1.153,482.963,337.231,4.272,74.0,992.152
2025-08-09 08:00:00,0.683,-1.153,433.013,313.165,7.376,72.675,995.572
2025-08-09 09:00:00,4.112,-1.153,353.553,359.648,6.156,78.552,1004.672
2025-08-09 10:00:00,2.478,-1.153,250.0,328.379,7.189,78.122,992.226
2025-08-09 11:00:00,0.43,-1.153,129.41,405.123,7.231,87.718,1017.68
2025-08-09 12:00:00,0.176,-1.153,0.0,320.674,7.962,73.331,996.72
2025-08-09 13:00:00,0.553,-1.153,0.0,390.085,8.643,89.086,999.502
2025-08-09 14:00:00,2.902,-1.153,0.0,311.278,6.884,84.52,1019.768
2025-08-09 15:00:00,2.162,-1.153,0.0,308.179,5.074,85.233,982.487
2025-08-09 16:00:00,2.817,-1.153,0.0,323.18,6.253,78.538,996.467
2025-08-09 17:00:00,2.047,-1.153,0.0,373.518,4.766,91.989,990.392
2025-08-09 18:00:00,0.659,-1.153,0.0,337.675,6.428,73.015,998.65
2025-08-09 19:00:00,1.225,-1.153,0.0,392.659,9.365,88.43,991.112
2025-08-09 20:00:00,0.085,-1.153,0.0,408.782,6.321,78.124,990.47
2025-08-09 21:00:00,1.071,-1.153,0.0,358.63,4.47,90.183,1004.053
2025-08-09 22:00:00,2.077,-1.153,0.0,352.8,4.6,86.275,997.017
2025-08-09 23:00:00,2.211,-1.153,0.0,395.501,7.838,70.769,1016.365
2025-08-10 00:00:00,0.041,-1.288,0.0,323.248,4.311,79.761,1004.064
2025-08-10 01:00:00,0.063,-1.288,129.41,412.336,5.591,74.521,991.623
2025-08-10 02:00:00,2.332,-1.288,250.0,419.022,8.843,84.541,1019.667
2025-08-10 03:00:00,2.51,-1.288,353.553,359.49,6.812,88.312,991.336
2025-08-10 04:00:00,0.266,-1.288,433.013,315.481,4.292,78.688,982.621
2025-08-10 05:00:00,0.829,-1.288,482.963,322.713,4.329,74.699,998.98
2025-08-10 06:00:00,1.42,-1.288,500.0,349.393,5.943,79.61,1015.778
2025-08-10 07:00:00,1.596,-1.288,482.963,349.733,9.465,80.799,993.093
2025-08-10 08:00:00,1.4,-1.288,433.013,315.909,4.258,76.01,1016.286
2025-08-10 09:00:00,0.894,-1.288,353.553,306.734,6.169,93.002,995.93
2025-08-10 10:00:00,0.489,-1.288,250.0,308.334,8.253,78.714,1011.447
2025-08-10 11:00:00,3.972,-1.288,129.41,378.383,9.142,89.927,992.825
2025-08-10 12:00:00,0.508,-1.288,0.0,366.726,4.079,94.003,984.194
2025-08-10 13:00:00,2.578,-1.288,0.0,340.507,4.311,81.189,995.072
2025-08-10 14:00:00,1.142,-1.288,0.0,381.757,8.574,90.85,1007.712
2025-08-10 15:00:00,1.745,-1.288,0.0,308.918,8.497,84.643,1003.613
2025-08-10 16:00:00,0.926,-1.288,0.0,411.951,5.803,87.611,1005.074
2025-08-10 17:00:00,1.546,-1.288,0.0,398.711,7.226,94.82,999.44
2025-08-10 18:00:00,0.698,-1.288,0.0,332.212,5.127,79.738,981.841
2025-08-10 19:00:00,0.252,-1.288,0.0,310.336,7.971,75.12,995.697
2025-08-10 20:00:00,0.316,-1.288,0.0,368.554,7.886,78.814,1002.788
2025-08-10 21:00:00,1.974,-1.288,0.0,335.359,7.876,76.88,990.492
2025-08-10 22:00:00,0.274,-1.288,0.0,359.814,4.965,74.664,1005.66
2025-08-10 23:00:00,0.319,-1.288,0.0,390.747,6.065,78.898,1015.857
2025-08-11 00:00:00,2.09,-1.421,0.0,320.37,4.509,91.213,1017.377
2025-08-11 01:00:00,1.34,-1.421,129.41,338.63,7.318,84.705,1004.2
2025-08-11 02:00:00,1.65,-1.421,250.0,393.189,8.544,71.327,994.88
2025-08-11 03:00:00,2.413,-1.421,353.553,322.531,6.897,93.311,988.654
2025-08-11 04:00:00,3.166,-1.421,433.013,412.252,9.449,75.881,1018.451
2025-08-11 05:00:00,0.944,-1.421,482.963,372.518,5.417,88.379,1010.736
2025-08-11 06:00:00,0.502,-1.421,500.0,402.871,7.226,84.338,985.918
2025-08-11 07:00:00,1.568,-1.421,482.963,406.809,5.683,94.143,981.536
2025-08-11 08:00:00,0.839,-1.421,433.013,325.364,5.466,86.461,987.128
2025-08-11 09:00:00,0.162,-1.421,353.553,394.926,6.223,71.916,1005.201
2025-08-11 10:00:00,0.754,-1.421,250.0,313.943,5.309,86.467,988.722
2025-08-11 11:00:00,3.896,-1.421,129.41,326.348,9.086,94.818,1019.725
2025-08-11 12:00:00,2.469,-1.421,0.0,344.43,7.402,93.263,998.929
2025-08-11 13:00:00,6.441,-1.421,0.0,357.985,4.648,80.56,1006.831
2025-08-11 14:00:00,2.086,-1.421,0.0,308.514,8.932,80.245,1013.862
2025-08-11 15:00:00,0.87,-1.421,0.0,370.74,7.391,75.167,989.054
2025-08-11 16:00:00,2.077,-1.421,0.0,356.261,4.375,81.747,1002.077
2025-08-11 17:00:00,0.599,-1.421,0.0,412.051,9.934,73.822,980.36
2025-08-11 18:00:00,0.997,-1.421,0.0,379.59,8.572,85.891,990.822
2025-08-11 19:00:00,4.027,-1.421,0.0,395.098,5.449,76.681,1018.557
2025-08-11 20:00:00,0.556,-1.421,0.0,395.67,5.085,90.991,982.082
2025-08-11 21:00:00,1.858,-1.421,0.0,391.141,9.247,88.526,1008.204
2025-08-11 22:00:00,0.155,-1.421,0.0,369.844,8.913,72.653,993.657
2025-08-11 23:00:00,1.304,-1.421,0.0,397.889,7.822,84.194,1009.631
2025-08-12 00:00:00,2.445,-1.552,0.0,314.85,7.637,86.451,1004.592
2025-08-12 01:00:00,1.919,-1.552,129.41,384.736,6.623,93.957,998.923
2025-08-12 02:00:00,0.718,-1.552,250.0,331.945,9.166,85.957,984.767
2025-08-12 03:00:00,0.904,-1.552,353.553,365.867,9.645,72.115,1018.931
2025-08-12 04:00:00,0.255,-1.552,433.013,311.829,4.057,80.011,990.207
2025-08-12 05:00:00,0.827,-1.552,482.963,411.658,6.245,76.34,994.982
2025-08-12 06:00:00,0.638,-1.552,500.0,302.453,9.028,73.058,1009.693
2025-08-12 07:00:00,0.051,-1.552,482.963,368.261,7.28,81.957,982.349
2025-08-12 08:00:00,0.817,-1.552,433.013,397.946,4.769,89.469,998.84
2025-08-12 09:00:00,2.405,-1.552,353.553,376.701,8.222,78.839,991.352
2025-08-12 10:00:00,1.485,-1.552,250.0,319.011,6.542,74.465,1002.544
2025-08-12 11:00:00,1.051,-1.552,129.41,307.922,7.466,89.793,991.568
2025-08-12 12:00:00,3.572,-1.552,0.0,338.799,7.405,81.504,1017.041
2025-08-12 13:00:00,0.553,-1.552,0.0,318.703,5.763,79.959,993.325
2025-08-12 14:00:00,1.07,-1.552,0.0,346.138,5.224,90.351,1005.316
2025-08-12 15:00:00,0.511,-1.552,0.0,354.202,7.923,75.295,1016.776
2025-08-12 16:00:00,2.514,-1.552,0.0,405.233,5.054,94.452,1019.222
2025-08-12 17:00:00,2.415,-1.552,0.0,409.162,5.267,71.82,1011.677
2025-08-12 18:00:00,1.213,-1.552,0.0,410.923,5.555,79.299,987.587
2025-08-12 19:00:00,0.935,-1.552,0.0,362.882,4.833,90.749,1008.36
2025-08-12 20:00:00,1.63,-1.552,0.0,336.951,8.115,77.148,985.102
2025-08-12 21:00:00,2.605,-1.552,0.0,316.649,6.759,85.53,991.355
2025-08-12 22:00:00,2.643,-1.552,0.0,374.252,9.437,73.206,983.833
2025-08-12 23:00:00,2.102,-1.552,0.0,402.124,8.89,88.57,984.561
2025-08-13 00:00:00,1.222,-1.681,0.0,402.215,4.013,85.017,1016.704
2025-08-13 01:00:00,0.655,-1.681,129.41,331.486,6.515,88.77,1008.241
2025-08-13 02:00:00,5.235,-1.681,250.0,366.112,9.423,81.539,1006.611
2025-08-13 03:00:00,1.602,-1.681,353.553,341.12,9.315,90.75,1017.168
2025-08-13 04:00:00,1.459,-1.681,433.013,360.671,4.75,85.781,991.048
2025-08-13 05:00:00,1.39,-1.681,482.963,403.828,9.238,72.123,1009.763
2025-08-13 06:00:00,0.789,-1.681,500.0,371.262,4.977,75.4,996.543
2025-08-13 07:00:00,1.341,-1.681,482.963,417.163,5.085,75.1,1010.858
2025-08-13 08:00:00,1.174,-1.681,433.013,326.988,6.863,93.864,987.764
2025-08-13 09:00:00,3.205,-1.681,353.553,354.296,5.547,77.582,1018.772
2025-08-13 10:00:00,2.425,-1.681,250.0,360.106,5.35,88.947,1006.191
2025-08-13 11:00:00,2.219,-1.681,129.41,339.785,9.186,75.979,1009.894
2025-08-13 12:00:00,4.568,-1.681,0.0,337.078,4.225,73.433,1019.691
2025-08-13 13:00:00,1.315,-1.681,0.0,356.05,6.806,87.996,1007.066
2025-08-13 14:00:00,1.099,-1.681,0.0,388.144,7.268,77.337,986.184
2025-08-13 15:00:00,1.127,-1.681,0.0,411.918,8.116,79.21,983.879
2025-08-13 16:00:00,2.457,-1.681,0.0,415.925,9.299,92.759,1005.636
2025-08-13 17:00:00,0.303,-1.681,0.0,355.865,8.43,71.273,1009.429
2025-08-13 18:00:00,1.417,-1.681,0.0,347.426,7.218,73.303,999.728
2025-08-13 19:00:00,1.213,-1.681,0.0,386.95,7.797,82.699,990.829
2025-08-13 20:00:00,0.796,-1.681,0.0,390.141,8.469,88.454,988.883
2025-08-13 21:00:00,0.191,-1.681,0.0,334.878,8.733,70.107,1008.909
2025-08-13 22:00:00,2.545,-1.681,0.0,348.492,6.871,89.572,1019.031
2025-08-13 23:00:00,2.739,-1.681,0.0,305.273,8.151,76.382,995.146
2025-08-14 00:00:00,0.262,-1.808,0.0,408.903,4.632,81.243,988.672
2025-08-14 01:00:00,5.437,-1.808,129.41,401.733,9.29,75.763,985.699
2025-08-14 02:00:00,0.721,-1.808,250.0,366.363,5.543,94.343,990.593
2025-08-14 03:00:00,1.676,-1.808,353.553,384.462,8.566,73.886,999.222
2025-08-14 04:00:00,1.208,-1.808,433.013,322.09,8.638,85.591,985.405
2025-08-14 05:00:00,0.366,-1.808,482.963,325.404,9.92,71.118,1015.885
2025-08-14 06:00:00,1.516,-1.808,500.0,379.066,4.018,88.477,1006.105
2025-08-14 07:00:00,0.726,-1.808,482.963,369.11,7.448,92.262,985.535
2025-08-14 08:00:00,2.688,-1.808,433.013,382.407,4.729,88.994,1019.114
2025-08-14 09:00:00,0.195,-1.808,353.553,329.919,4.677,74.329,990.121
2025-08-14 10:00:00,0.932,-1.808,250.0,355.45,4.574,72.709,1008.721
2025-08-14 11:00:00,1.53,-1.808,129.41,407.853,7.811,87.331,995.167
2025-08-14 12:00:00,1.005,-1.808,0.0,320.7,4.175,70.508,1018.324
2025-08-14 13:00:00,0.67,-1.808,0.0,325.715,6.935,94.867,1017.568
2025-08-14 14:00:00,1.749,-1.808,0.0,410.805,7.104,94.449,1013.678
2025-08-14 15:00:00,0.031,-1.808,0.0,323.335,9.121,94.958,982.709
2025-08-14 16:00:00,0.181,-1.808,0.0,403.241,7.056,94.195,1015.662
2025-08-14 17:00:00,1.907,-1.808,0.0,326.118,9.321,77.662,996.203
2025-08-14 18:00:00,1.383,-1.808,0.0,375.294,4.891,76.966,1011.326
2025-08-14 19:00:00,1.277,-1.808,0.0,327.92,9.157,78.632,1009.589
2025-08-14 20:00:00,3.79,-1.808,0.0,368.571,7.164,78.166,995.993
2025-08-14 21:00:00,0.351,-1.808,0.0,378.949,9.141,86.349,986.563
2025-08-14 22:00:00,0.513,-1.808,0.0,314.375,6.12,76.319,1019.461
2025-08-14 23:00:00,1.539,-1.808,0.0,349.59,4.593,77.253,995.052
2025-08-15 00:00:00,3.285,-1.933,0.0,372.351,7.647,71.779,999.136
2025-08-15 01:00:00,1.659,-1.933,129.41,320.913,7.893,74.328,1017.915
2025-08-15 02:00:00,1.558,-1.933,250.0,310.038,8.391,77.109,1018.835
2025-08-15 03:00:00,0.751,-1.933,353.553,329.214,6.65,74.273,990.811
2025-08-15 04:00:00,3.076,-1.933,433.013,348.908,4.674,83.291,1018.896
2025-08-15 05:00:00,0.745,-1.933,482.963,350.665,4.918,78.125,1010.843
2025-08-15 06:00:00,1.208,-1.933,500.0,309.689,9.066,92.071,1002.407
2025-08-15 07:00:00,6.355,-1.933,482.963,407.49,9.547,91.76,1007.651
2025-08-15 08:00:00,1.759,-1.933,433.013,395.224,8.883,71.309,981.228
2025-08-15 09:00:00,4.268,-1.933,353.553,376.719,9.345,90.667,1012.691
2025-08-15 10:00:00,1.557,-1.933,250.0,398.11,6.005,71.195,1005.508
2025-08-15 11:00:00,3.055,-1.933,129.41,384.457,7.109,76.967,986.544
2025-08-15 12:00:00,1.318,-1.933,0.0,419.078,4.2,86.433,1019.072
2025-08-15 13:00:00,1.443,-1.933,0.0,406.224,8.295,75.492,1015.571
2025-08-15 14:00:00,1.291,-1.933,0.0,334.873,7.059,78.438,996.744
2025-08-15 15:00:00,2.599,-1.933,0.0,361.741,4.549,86.734,990.297
2025-08-15 16:00:00,1.454,-1.933,0.0,402.976,8.85,77.081,1012.031
2025-08-15 17:00:00,0.071,-1.933,0.0,383.362,9.887,77.032,992.987
2025-08-15 18:00:00,2.061,-1.933,0.0,395.968,8.764,89.46,989.62
2025-08-15 19:00:00,2.014,-1.933,0.0,329.567,5.436,79.143,1004.426
2025-08-15 20:00:00,3.229,-1.933,0.0,359.086,7.198,83.956,996.454
2025-08-15 21:00:00,2.296,-1.933,0.0,326.734,8.729,73.99,997.083
2025-08-15 22:00:00,3.51,-1.933,0.0,341.922,5.425,90.073,1010.083
2025-08-15 23:00:00,0.651,-1.933,0.0,408.698,6.398,92.21,997.168
2025-08-16 00:00:00,0.791,-2.056,0.0,338.581,7.964,85.4,1016.42
2025-08-16 01:00:00,0.416,-2.056,129.41,305.223,8.359,73.062,995.003
2025-08-16 02:00:00,1.795,-2.056,250.0,415.261,6.52,94.835,1003.147
2025-08-16 03:00:00,0.495,-2.056,353.553,384.087,5.677,87.133,981.293
2025-08-16 04:00:00,0.269,-2.056,433.013,412.033,8.933,71.075,989.15
2025-08-16 05:00:00,0.488,-2.056,482.963,415.663,8.392,91.781,1012.284
2025-08-16 06:00:00,1.683,-2.056,500.0,353.196,6.061,93.768,1010.135
2025-08-16 07:00:00,0.22,-2.056,482.963,373.248,6.186,89.491,982.98
2025-08-16 08:00:00,1.32,-2.056,433.013,310.33,8.929,92.296,1006.904
2025-08-16 09:00:00,3.175,-2.056,353.553,386.25,9.644,94.886,1008.831
2025-08-16 10:00:00,1.399,-2.056,250.0,328.097,4.062,80.275,1009.795
2025-08-16 11:00:00,0.438,-2.056,129.41,312.267,5.361,71.438,992.779
2025-08-16 12:00:00,0.864,-2.056,0.0,374.815,6.281,93.216,997.824
2025-08-16 13:00:00,0.604,-2.056,0.0,367.889,5.498,80.116,997.328
2025-08-16 14:00:00,0.938,-2.056,0.0,397.451,7.429,76.085,1009.656
2025-08-16 15:00:00,1.323,-2.056,0.0,412.478,9.868,76.068,981.432
2025-08-16 16:00:00,1.958,-2.056,0.0,341.78,7.855,81.271,1004.015
2025-08-16 17:00:00,0.261,-2.056,0.0,345.667,6.267,75.913,1001.544
2025-08-16 18:00:00,1.513,-2.056,0.0,356.106,4.122,75.896,1004.056
2025-08-16 19:00:00,1.958,-2.056,0.0,392.653,6.901,70.644,991.522
2025-08-16 20:00:00,2.588,-2.056,0.0,312.612,9.595,78.025,995.324
2025-08-16 21:00:00,0.777,-2.056,0.0,339.074,8.902,76.363,982.25
2025-08-16 22:00:00,4.66,-2.056,0.0,384.106,4.408,75.553,1012.549
2025-08-16 23:00:00,2.367,-2.056,0.0,329.421,5.378,81.43,1006.576
2025-08-17 00:00:00,0.639,-2.177,0.0,304.032,6.805,93.261,983.888
2025-08-17 01:00:00,0.088,-2.177,129.41,418.008,7.533,86.343,1009.968
2025-08-17 02:00:00,1.911,-2.177,250.0,357.16,9.563,85.414,988.343
2025-08-17 03:00:00,1.46,-2.177,353.553,347.891,6.938,81.043,1017.213
2025-08-17 04:00:00,0.801,-2.177,433.013,364.601,6.628,81.61,981.818
2025-08-17 05:00:00,0.691,-2.177,482.963,306.548,6.033,86.277,1008.627
2025-08-17 06:00:00,0.299,-2.177,500.0,404.233,7.888,76.018,1007.998
2025-08-17 07:00:00,0.922,-2.177,482.963,373.374,5.231,92.74,1006.804
2025-08-17 08:00:00,1.296,-2.177,433.013,313.52,7.382,75.462,990.288
2025-08-17 09:00:00,0.53,-2.177,353.553,390.47,4.497,70.783,1009.546
2025-08-17 10:00:00,0.149,-2.177,250.0,345.532,8.261,74.923,996.357
2025-08-17 11:00:00,0.656,-2.177,129.41,375.707,5.77,88.76,1000.366
2025-08-17 12:00:00,3.496,-2.177,0.0,307.731,6.64,82.542,995.039
2025-08-17 13:00:00,1.719,-2.177,0.0,332.111,5.222,80.648,1015.843
2025-08-17 14:00:00,1.72,-2.177,0.0,345.206,8.047,82.092,995.171
2025-08-17 15:00:00,0.591,-2.177,0.0,326.86,6.816,75.198,1006.207
2025-08-17 16:00:00,1.741,-2.177,0.0,359.476,6.527,92.207,1013.908
2025-08-17 17:00:00,1.606,-2.177,0.0,381.565,9.37,79.698,984.424
2025-08-17 18:00:00,0.638,-2.177,0.0,353.34,4.065,79.107,982.979
2025-08-17 19:00:00,0.752,-2.177,0.0,377.387,9.666,73.434,1006.714
2025-08-17 20:00:00,3.196,-2.177,0.0,319.742,8.983,84.789,992.136
2025-08-17 21:00:00,0.076,-2.177,0.0,362.419,6.928,73.709,988.606
2025-08-17 22:00:00,0.629,-2.177,0.0,314.146,8.569,80.473,1010.254
2025-08-17 23:00:00,0.698,-2.177,0.0,375.611,8.12,71.298,986.851
2025-08-18 00:00:00,1.48,-2.296,0.0,373.924,9.714,80.752,1015.903
2025-08-18 01:00:00,1.115,-2.296,129.41,398.995,8.254,94.202,1005.688
2025-08-18 02:00:00,3.518,-2.296,250.0,354.358,7.907,74.208,1003.954
2025-08-18 03:00:00,0.199,-2.296,353.553,320.55,8.546,76.559,998.063
2025-08-18 04:00:00,2.756,-2.296,433.013,343.679,8.288,94.326,991.532
2025-08-18 05:00:00,0.522,-2.296,482.963,408.626,8.95,81.577,986.671
2025-08-18 06:00:00,0.793,-2.296,500.0,325.661,5.544,74.327,1003.563
2025-08-18 07:00:00,1.017,-2.296,482.963,371.169,6.0,77.492,980.168
2025-08-18 08:00:00,2.106,-2.296,433.013,341.856,5.025,70.48,981.631
2025-08-18 09:00:00,1.167,-2.296,353.553,314.141,6.907,90.502,980.535
2025-08-18 10:00:00,0.167,-2.296,250.0,307.701,9.397,78.292,1015.595
2025-08-18 11:00:00,1.237,-2.296,129.41,329.808,4.516,94.377,1019.217
2025-08-18 12:00:00,1.258,-2.296,0.0,390.244,8.171,80.646,1001.71
2025-08-18 13:00:00,0.109,-2.296,0.0,373.044,8.514,79.907,999.286
2025-08-18 14:00:00,0.456,-2.296,0.0,366.454,8.784,70.147,1012.522
2025-08-18 15:00:00,3.12,-2.296,0.0,348.894,6.344,71.863,986.892
2025-08-18 16:00:00,1.252,-2.296,0.0,321.418,9.612,84.692,997.295
2025-08-18 17:00:00,2.024,-2.296,0.0,362.171,5.02,89.06,984.038
2025-08-18 18:00:00,2.44,-2.296,0.0,331.358,9.63,75.712,1013.161
2025-08-18 19:00:00,3.327,-2.296,0.0,322.043,5.318,85.131,1003.042
2025-08-18 20:00:00,0.911,-2.296,0.0,324.403,9.703,92.648,981.223
2025-08-18 21:00:00,0.39,-2.296,0.0,402.842,9.972,89.537,1005.75
2025-08-18 22:00:00,1.121,-2.296,0.0,302.154,7.854,91.743,1002.649
2025-08-18 23:00:00,1.401,-2.296,0.0,326.561,6.687,86.947,1007.92
2025-08-19 00:00:00,1.706,-2.412,0.0,344.203,5.974,81.139,988.818
2025-08-19 01:00:00,0.158,-2.412,129.41,346.522,9.928,83.441,997.542
2025-08-19 02:00:00,2.053,-2.412,250.0,406.314,5.016,85.362,986.08
2025-08-19 03:00:00,0.502,-2.412,353.553,389.169,7.106,86.275,996.318
2025-08-19 04:00:00,1.656,-2.412,433.013,331.934,9.831,92.053,985.824
2025-08-19 05:00:00,0.302,-2.412,482.963,381.419,9.954,84.477,990.887
2025-08-19 06:00:00,0.507,-2.412,500.0,385.921,5.609,86.441,1014.489
2025-08-19 07:00:00,0.331,-2.412,482.963,415.885,7.687,85.007,1012.432
2025-08-19 08:00:00,0.523,-2.412,433.013,335.282,9.824,87.617,1012.939
2025-08-19 09:00:00,1.003,-2.412,353.553,318.43,8.491,73.918,1005.582
2025-08-19 10:00:00,0.225,-2.412,250.0,378.469,9.865,92.056,1001.824
2025-08-19 11:00:00,0.582,-2.412,129.41,411.242,4.315,76.162,1015.164
2025-08-19 12:00:00,1.134,-2.412,0.0,413.012,9.772,86.496,1012.986
2025-08-19 13:00:00,0.683,-2.412,0.0,328.334,5.234,76.798,1014.488
2025-08-19 14:00:00,3.108,-2.412,0.0,334.052,4.651,85.389,1002.878
2025-08-19 15:00:00,0.055,-2.412,0.0,333.535,5.742,94.598,1011.363
2025-08-19 16:00:00,1.263,-2.412,0.0,329.317,5.191,88.904,998.566
2025-08-19 17:00:00,2.404,-2.412,0.0,378.308,9.97,75.519,1016.985
2025-08-19 18:00:00,1.903,-2.412,0.0,314.928,8.936,88.531,1004.195
2025-08-19 19:00:00,0.749,-2.412,0.0,387.864,8.871,92.551,988.872
2025-08-19 20:00:00,1.418,-2.412,0.0,311.887,9.925,74.239,990.715
2025-08-19 21:00:00,0.722,-2.412,0.0,350.385,9.898,86.896,1017.815
2025-08-19 22:00:00,0.393,-2.412,0.0,363.483,6.103,80.779,1004.17
2025-08-19 23:00:00,0.851,-2.412,0.0,396.877,5.86,84.732,1019.407
2025-08-20 00:00:00,3.62,-2.527,0.0,369.638,7.869,75.439,989.321
2025-08-20 01:00:00,0.658,-2.527,129.41,317.696,6.207,81.436,990.765
2025-08-20 02:00:00,5.475,-2.527,250.0,356.114,4.27,73.387,1001.356
2025-08-20 03:00:00,0.133,-2.527,353.553,337.146,4.958,91.986,997.655
2025-08-20 04:00:00,2.114,-2.527,433.013,374.872,6.657,89.567,992.502
2025-08-20 05:00:00,0.301,-2.527,482.963,316.543,7.001,84.151,990.785
2025-08-20 06:00:00,2.097,-2.527,500.0,399.029,8.783,83.165,986.448
2025-08-20 07:00:00,0.656,-2.527,482.963,309.73,5.732,75.105,988.603
2025-08-20 08:00:00,2.117,-2.527,433.013,348.951,5.151,89.663,985.593
2025-08-20 09:00:00,0.686,-2.527,353.553,373.175,7.776,86.264,1015.217
2025-08-20 10:00:00,0.411,-2.527,250.0,307.579,6.519,73.966,1006.215
2025-08-20 11:00:00,1.67,-2.527,129.41,368.707,9.717,72.121,998.417
2025-08-20 12:00:00,2.766,-2.527,0.0,315.836,4.708,93.414,983.847
2025-08-20 13:00:00,6.124,-2.527,0.0,409.454,8.959,77.075,998.003
2025-08-20 14:00:00,1.065,-2.527,0.0,385.971,4.325,89.58,991.664
2025-08-20 15:00:00,0.548,-2.527,0.0,352.384,7.888,76.991,1001.785
2025-08-20 16:00:00,0.203,-2.527,0.0,383.619,4.697,87.488,1019.569
2025-08-20 17:00:00,0.183,-2.527,0.0,401.749,7.729,72.703,992.414
2025-08-20 18:00:00,1.695,-2.527,0.0,310.732,6.051,89.098,988.631
2025-08-20 19:00:00,1.652,-2.527,0.0,395.931,4.692,72.937,980.217
2025-08-20 20:00:00,0.126,-2.527,0.0,375.856,7.748,74.729,1011.24
2025-08-20 21:00:00,0.708,-2.527,0.0,331.66,7.92,93.37,1001.647
2025-08-20 22:00:00,3.258,-2.527,0.0,363.926,8.343,87.503,998.432
2025-08-20 23:00:00,0.647,-2.527,0.0,310.336,6.872,70.193,1006.718
2025-08-21 00:00:00,1.461,-2.639,0.0,333.788,7.178,92.168,991.606
2025-08-21 01:00:00,6.316,-2.639,129.41,397.249,5.506,80.822,1008.477
2025-08-21 02:00:00,0.258,-2.639,250.0,335.652,5.631,77.308,983.287
2025-08-21 03:00:00,5.248,-2.639,353.553,411.359,8.051,90.801,987.451
2025-08-21 04:00:00,0.496,-2.639,433.013,355.529,5.883,90.063,1001.177
2025-08-21 05:00:00,0.212,-2.639,482.963,323.432,4.127,90.734,992.588
2025-08-21 06:00:00,1.534,-2.639,500.0,347.292,5.667,70.735,1010.359
2025-08-21 07:00:00,2.319,-2.639,482.963,328.356,6.792,88.473,1018.07
2025-08-21 08:00:00,0.306,-2.639,433.013,397.71,4.764,89.703,986.477
2025-08-21 09:00:00,1.097,-2.639,353.553,388.457,4.659,77.384,1016.523
2025-08-21 10:00:00,1.914,-2.639,250.0,379.256,4.528,88.023,1019.173
2025-08-21 11:00:00,0.89,-2.639,129.41,368.798,7.698,81.886,998.755
2025-08-21 12:00:00,0.227,-2.639,0.0,352.31,8.223,87.143,1012.289
2025-08-21 13:00:00,0.012,-2.639,0.0,411.503,4.151,86.071,1003.438
2025-08-21 14:00:00,1.992,-2.639,0.0,359.381,9.095,86.743,1019.12
2025-08-21 15:00:00,0.017,-2.639,0.0,409.06,8.084,72.066,1015.631
2025-08-21 16:00:00,1.209,-2.639,0.0,353.967,4.476,82.07,999.675
2025-08-21 17:00:00,0.224,-2.639,0.0,410.625,4.39,83.109,989.028
2025-08-21 18:00:00,0.621,-2.639,0.0,357.451,4.258,77.985,988.781
2025-08-21 19:00:00,0.307,-2.639,0.0,305.708,6.144,81.573,996.386
2025-08-21 20:00:00,0.95,-2.639,0.0,310.815,9.315,78.251,982.114
2025-08-21 21:00:00,2.101,-2.639,0.0,381.729,7.533,78.775,1017.965
2025-08-21 22:00:00,1.207,-2.639,0.0,391.913,5.455,74.118,1006.078
2025-08-21 23:00:00,0.675,-2.639,0.0,372.304,6.312,81.679,1011.974
2025-08-22 00:00:00,2.373,-2.749,0.0,316.493,5.01,94.919,998.208
2025-08-22 01:00:00,0.534,-2.749,129.41,412.828,4.61,86.962,996.11
2025-08-22 02:00:00,1.038,-2.749,250.0,389.343,7.309,76.985,1001.995
2025-08-22 03:00:00,3.789,-2.749,353.553,386.346,4.673,74.307,1009.866
2025-08-22 04:00:00,1.964,-2.749,433.013,416.807,7.217,90.475,981.019
2025-08-22 05:00:00,0.415,-2.749,482.963,353.013,4.825,84.732,986.689
2025-08-22 06:00:00,0.658,-2.749,500.0,329.799,9.101,87.569,1006.588
2025-08-22 07:00:00,0.646,-2.749,482.963,321.642,6.249,79.643,998.323
2025-08-22 08:00:00,1.119,-2.749,433.013,384.396,7.34,91.183,991.59
2025-08-22 09:00:00,0.059,-2.749,353.553,315.539,9.05,88.765,989.173
2025-08-22 10:00:00,0.23,-2.749,250.0,386.348,4.937,77.055,999.257
2025-08-22 11:00:00,0.661,-2.749,129.41,375.117,5.115,76.564,992.223
2025-08-22 12:00:00,0.832,-2.749,0.0,390.32,4.096,70.555,990.03
2025-08-22 13:00:00,0.647,-2.749,0.0,332.084,9.791,83.096,1007.409
2025-08-22 14:00:00,1.367,-2.749,0.0,395.188,5.085,87.472,1014.44
2025-08-22 15:00:00,0.275,-2.749,0.0,411.009,5.897,81.776,1010.986
2025-08-22 16:00:00,1.591,-2.749,0.0,339.137,5.044,79.822,1015.249
2025-08-22 17:00:00,1.13,-2.749,0.0,391.527,9.241,79.552,1002.156
2025-08-22 18:00:00,1.784,-2.749,0.0,309.395,6.976,71.161,980.511
2025-08-22 19:00:00,1.02,-2.749,0.0,394.333,8.955,79.319,1017.414
2025-08-22 20:00:00,0.308,-2.749,0.0,406.442,4.827,88.153,988.201
2025-08-22 21:00:00,0.704,-2.749,0.0,327.694,9.854,76.815,986.342
2025-08-22 22:00:00,1.404,-2.749,0.0,320.21,7.831,93.746,1008.539
2025-08-22 23:00:00,1.527,-2.749,0.0,309.792,7.202,79.034,995.926
2025-08-23 00:00:00,1.352,-2.856,0.0,335.441,7.871,88.812,995.262
2025-08-23 01:00:00,0.753,-2.856,129.41,318.21,8.905,74.316,1009.034
2025-08-23 02:00:00,0.378,-2.856,250.0,395.294,6.276,87.461,1013.384
2025-08-23 03:00:00,0.78,-2.856,353.553,396.092,4.885,71.433,991.214
2025-08-23 04:00:00,0.216,-2.856,433.013,394.051,5.184,77.902,1001.472
2025-08-23 05:00:00,1.096,-2.856,482.963,310.364,9.122,81.675,1003.813
2025-08-23 06:00:00,0.287,-2.856,500.0,339.943,5.147,89.578,1003.856
2025-08-23 07:00:00,3.677,-2.856,482.963,335.985,9.345,80.008,987.438
2025-08-23 08:00:00,1.011,-2.856,433.013,396.84,7.28,84.555,1006.008
2025-08-23 09:00:00,3.535,-2.856,353.553,376.494,5.964,76.073,1005.27
2025-08-23 10:00:00,1.121,-2.856,250.0,333.133,4.604,86.717,1017.663
2025-08-23 11:00:00,0.649,-2.856,129.41,367.117,8.732,83.437,980.27
2025-08-23 12:00:00,1.306,-2.856,0.0,331.291,9.49,90.222,994.63
2025-08-23 13:00:00,2.96,-2.856,0.0,349.431,7.025,73.666,1015.771
2025-08-23 14:00:00,0.581,-2.856,0.0,325.912,4.317,84.921,982.355
2025-08-23 15:00:00,4.073,-2.856,0.0,303.56,5.039,84.972,1002.861
2025-08-23 16:00:00,2.213,-2.856,0.0,322.392,8.985,71.094,981.16
2025-08-23 17:00:00,0.778,-2.856,0.0,369.607,4.756,91.162,982.729
2025-08-23 18:00:00,1.62,-2.856,0.0,354.829,6.153,87.943,986.615
2025-08-23 19:00:00,1.578,-2.856,0.0,379.365,8.167,72.322,997.335
2025-08-23 20:00:00,1.476,-2.856,0.0,332.403,6.007,90.749,1003.691
2025-08-23 21:00:00,0.336,-2.856,0.0,307.934,8.938,74.452,1018.277
2025-08-23 22:00:00,0.165,-2.856,0.0,319.637,4.843,76.828,1007.236
2025-08-23 23:00:00,0.471,-2.856,0.0,338.144,7.337,71.98,1011.956
2025-08-24 00:00:00,0.557,-2.962,0.0,301.663,8.167,81.256,993.732
2025-08-24 01:00:00,0.165,-2.962,129.41,410.656,9.292,77.112,1011.796
2025-08-24 02:00:00,0.545,-2.962,250.0,305.956,7.255,80.271,991.142
2025-08-24 03:00:00,2.327,-2.962,353.553,344.676,8.192,84.29,1015.366
2025-08-24 04:00:00,2.42,-2.962,433.013,317.484,8.455,86.597,991.678
2025-08-24 05:00:00,0.511,-2.962,482.963,318.614,7.923,78.043,1003.817
2025-08-24 06:00:00,1.68,-2.962,500.0,327.159,8.252,79.452,992.287
2025-08-24 07:00:00,1.711,-2.962,482.963,333.771,4.894,89.357,1017.221
2025-08-24 08:00:00,0.234,-2.962,433.013,385.62,4.309,82.675,980.298
2025-08-24 09:00:00,0.06,-2.962,353.553,336.382,6.144,92.904,999.507
2025-08-24 10:00:00,0.516,-2.962,250.0,310.156,4.322,82.543,987.092
2025-08-24 11:00:00,0.858,-2.962,129.41,405.997,8.231,85.482,983.257
2025-08-24 12:00:00,1.118,-2.962,0.0,304.943,6.392,90.107,1009.864
2025-08-24 13:00:00,1.494,-2.962,0.0,349.894,9.719,88.514,1016.222
2025-08-24 14:00:00,3.947,-2.962,0.0,374.328,6.932,87.603,998.212
2025-08-24 15:00:00,2.736,-2.962,0.0,376.908,9.081,80.647,1008.55
2025-08-24 16:00:00,0.28,-2.962,0.0,401.936,4.507,87.965,981.526
2025-08-24 17:00:00,3.556,-2.962,0.0,378.257,8.305,77.366,1007.927
2025-08-24 18:00:00,1.31,-2.962,0.0,342.703,6.446,78.012,998.617
2025-08-24 19:00:00,1.642,-2.962,0.0,379.579,9.557,71.569,1008.209
2025-08-24 20:00:00,0.247,-2.962,0.0,356.547,6.21,72.614,992.455
2025-08-24 21:00:00,0.467,-2.962,0.0,416.696,5.737,82.412,981.972
2025-08-24 22:00:00,0.848,-2.962,0.0,374.487,9.266,77.251,980.339
2025-08-24 23:00:00,0.547,-2.962,0.0,312.618,5.566,91.95,1009.464
2025-08-25 00:00:00,0.103,-3.065,0.0,381.184,8.6,78.143,1002.603
2025-08-25 01:00:00,2.611,-3.065,129.41,384.488,9.984,73.244,1004.102
2025-08-25 02:00:00,1.17,-3.065,250.0,318.365,8.322,94.895,1016.637
2025-08-25 03:00:00,0.384,-3.065,353.553,330.524,9.557,86.882,1010.105
2025-08-25 04:00:00,0.678,-3.065,433.013,304.997,5.527,94.483,1010.428
2025-08-25 05:00:00,0.992,-3.065,482.963,300.205,7.151,87.788,1013.14
2025-08-25 06:00:00,0.8,-3.065,500.0,389.946,8.588,71.721,988.682
2025-08-25 07:00:00,0.597,-3.065,482.963,369.573,5.08,75.821,998.856
2025-08-25 08:00:00,0.236,-3.065,433.013,309.183,9.755,75.404,1017.172
2025-08-25 09:00:00,0.378,-3.065,353.553,392.674,7.79,78.771,988.833
2025-08-25 10:00:00,0.594,-3.065,250.0,309.138,8.365,78.99,988.225
2025-08-25 11:00:00,0.885,-3.065,129.41,415.071,4.597,72.004,987.185
2025-08-25 12:00:00,0.381,-3.065,0.0,367.048,4.523,74.554,993.599
2025-08-25 13:00:00,4.916,-3.065,0.0,359.497,7.948,92.719,985.551
2025-08-25 14:00:00,1.091,-3.065,0.0,312.107,7.172,90.629,1001.447
2025-08-25 15:00:00,0.546,-3.065,0.0,386.555,9.055,93.608,1017.506
2025-08-25 16:00:00,1.305,-3.065,0.0,317.597,7.97,74.32,980.023
2025-08-25 17:00:00,0.671,-3.065,0.0,300.304,6.055,90.372,1015.647
2025-08-25 18:00:00,1.264,-3.065,0.0,403.577,7.523,91.835,1011.316
2025-08-25 19:00:00,0.586,-3.065,0.0,337.685,7.362,75.527,1010.958
2025-08-25 20:00:00,1.759,-3.065,0.0,351.98,6.887,83.47,991.037
2025-08-25 21:00:00,0.771,-3.065,0.0,400.53,6.82,89.011,1008.526
2025-08-25 22:00:00,1.378,-3.065,0.0,363.693,6.183,81.355,1000.394
2025-08-25 23:00:00,1.023,-3.065,0.0,348.825,4.244,76.889,1019.586
2025-08-26 00:00:00,1.976,-3.165,0.0,416.526,8.673,93.973,1015.826
2025-08-26 01:00:00,0.438,-3.165,129.41,352.192,8.987,71.172,999.972
2025-08-26 02:00:00,3.354,-3.165,250.0,335.298,7.76,84.865,984.216
2025-08-26 03:00:00,0.15,-3.165,353.553,300.168,5.021,89.493,995.444
2025-08-26 04:00:00,0.446,-3.165,433.013,380.151,9.634,70.932,1012.812
2025-08-26 05:00:00,0.907,-3.165,482.963,385.695,8.473,92.29,1003.268
2025-08-26 06:00:00,0.183,-3.165,500.0,384.117,9.601,72.708,1007.019
2025-08-26 07:00:00,0.685,-3.165,482.963,383.844,4.429,89.33,1000.682
2025-08-26 08:00:00,0.805,-3.165,433.013,414.543,7.292,94.944,992.364
2025-08-26 09:00:00,3.862,-3.165,353.553,302.396,6.219,94.639,983.203
2025-08-26 10:00:00,2.161,-3.165,250.0,397.542,9.819,71.582,983.352
2025-08-26 11:00:00,2.244,-3.165,129.41,312.697,8.245,75.804,1004.931
2025-08-26 12:00:00,1.93,-3.165,0.0,340.62,4.336,92.571,1001.591
2025-08-26 13:00:00,1.251,-3.165,0.0,335.745,5.409,80.761,1018.628
2025-08-26 14:00:00,0.696,-3.165,0.0,413.319,8.267,82.336,992.814
2025-08-26 15:00:00,0.241,-3.165,0.0,330.55,4.778,88.589,992.344
2025-08-26 16:00:00,0.64,-3.165,0.0,340.738,8.664,80.211,989.179
2025-08-26 17:00:00,0.795,-3.165,0.0,319.525,8.086,91.345,1005.821
2025-08-26 18:00:00,0.684,-3.165,0.0,372.45,7.261,76.875,998.475
2025-08-26 19:00:00,4.694,-3.165,0.0,419.248,5.336,72.672,994.13
2025-08-26 20:00:00,0.357,-3.165,0.0,366.917,7.931,73.542,985.76
2025-08-26 21:00:00,1.685,-3.165,0.0,347.702,8.508,80.995,987.008
2025-08-26 22:00:00,3.575,-3.165,0.0,405.803,8.542,86.092,1007.412
2025-08-26 23:00:00,0.507,-3.165,0.0,404.635,9.278,73.919,1014.203
2025-08-27 00:00:00,0.121,-3.264,0.0,313.405,4.89,87.309,1004.08
2025-08-27 01:00:00,0.426,-3.264,129.41,401.004,6.062,81.825,1012.131
2025-08-27 02:00:00,0.161,-3.264,250.0,403.154,6.247,83.558,990.634
2025-08-27 03:00:00,2.334,-3.264,353.553,363.232,5.935,87.11,988.309
2025-08-27 04:00:00,1.627,-3.264,433.013,391.457,7.28,72.236,993.579
2025-08-27 05:00:00,1.901,-3.264,482.963,369.782,7.106,80.366,1014.017
2025-08-27 06:00:00,0.007,-3.264,500.0,330.682,9.963,83.606,995.571
2025-08-27 07:00:00,1.24,-3.264,482.963,406.362,5.712,87.811,1008.391
2025-08-27 08:00:00,0.529,-3.264,433.013,408.667,7.257,80.384,980.372
2025-08-27 09:00:00,0.708,-3.264,353.553,322.899,6.584,93.188,988.317
2025-08-27 10:00:00,0.485,-3.264,250.0,334.284,9.857,94.115,1000.474
2025-08-27 11:00:00,3.334,-3.264,129.41,312.371,8.003,78.338,1016.402
2025-08-27 12:00:00,1.037,-3.264,0.0,392.044,5.83,87.27,1009.873
2025-08-27 13:00:00,0.605,-3.264,0.0,327.111,6.81,91.137,1002.867
2025-08-27 14:00:00,3.79,-3.264,0.0,352.339,8.485,93.001,995.548
2025-08-27 15:00:00,2.881,-3.264,0.0,398.423,4.981,85.016,1013.029
2025-08-27 16:00:00,0.46,-3.264,0.0,314.305,7.011,88.017,1009.28
2025-08-27 17:00:00,1.67,-3.264,0.0,379.923,5.903,83.939,1014.022
2025-08-27 18:00:00,0.47,-3.264,0.0,316.457,6.894,81.356,993.77
2025-08-27 19:00:00,1.347,-3.264,0.0,377.507,4.06,86.864,1001.179
2025-08-27 20:00:00,1.511,-3.264,0.0,381.1,8.41,84.675,994.763
2025-08-27 21:00:00,2.972,-3.264,0.0,315.707,5.779,84.865,1015.606
2025-08-27 22:00:00,0.5,-3.264,0.0,368.25,8.836,93.098,1014.707
2025-08-27 23:00:00,0.018,-3.264,0.0,418.021,7.689,94.29,1012.799
2025-08-28 00:00:00,0.651,-3.359,0.0,338.373,5.341,87.22,980.646
2025-08-28 01:00:00,0.306,-3.359,129.41,344.451,8.371,75.212,1007.879
2025-08-28 02:00:00,1.733,-3.359,250.0,415.614,4.92,92.817,991.748
2025-08-28 03:00:00,1.77,-3.359,353.553,302.227,6.986,73.706,1012.244
2025-08-28 04:00:00,1.867,-3.359,433.013,372.421,7.697,86.561,992.517
2025-08-28 05:00:00,0.42,-3.359,482.963,338.174,7.582,81.181,983.455
2025-08-28 06:00:00,1.791,-3.359,500.0,347.702,9.172,93.313,989.113
2025-08-28 07:00:00,1.076,-3.359,482.963,382.599,7.581,91.064,989.758
2025-08-28 08:00:00,1.911,-3.359,433.013,386.246,6.775,84.889,989.815
2025-08-28 09:00:00,0.982,-3.359,353.553,335.352,5.018,74.606,1002.85
2025-08-28 10:00:00,2.205,-3.359,250.0,333.911,5.802,93.852,981.928
2025-08-28 11:00:00,1.545,-3.359,129.41,386.47,8.507,78.226,994.161
2025-08-28 12:00:00,0.651,-3.359,0.0,376.364,6.949,81.085,1003.916
2025-08-28 13:00:00,0.677,-3.359,0.0,343.646,9.242,91.243,984.403
2025-08-28 14:00:00,1.959,-3.359,0.0,353.43,6.426,74.769,1015.551
2025-08-28 15:00:00,1.118,-3.359,0.0,328.884,5.218,70.026,1009.085
2025-08-28 16:00:00,0.498,-3.359,0.0,322.843,4.945,83.674,1004.117
2025-08-28 17:00:00,3.318,-3.359,0.0,306.23,6.477,85.279,1018.113
2025-08-28 18:00:00,6.303,-3.359,0.0,419.032,9.81,83.342,986.218
2025-08-28 19:00:00,0.682,-3.359,0.0,342.458,5.816,91.919,984.952
2025-08-28 20:00:00,4.957,-3.359,0.0,376.691,8.83,93.717,993.572
2025-08-28 21:00:00,2.566,-3.359,0.0,329.943,5.935,78.217,1000.965
2025-08-28 22:00:00,2.255,-3.359,0.0,307.57,6.232,80.954,1005.685
2025-08-28 23:00:00,1.683,-3.359,0.0,311.244,6.172,92.558,1017.523
2025-08-29 00:00:00,0.244,-3.452,0.0,407.057,8.36,75.311,1014.199
2025-08-29 01:00:00,1.333,-3.452,129.41,377.84,4.99,78.286,997.495
2025-08-29 02:00:00,0.457,-3.452,250.0,318.847,8.118,91.915,1008.694
2025-08-29 03:00:00,1.401,-3.452,353.553,419.23,8.664,82.52,995.537
2025-08-29 04:00:00,3.886,-3.452,433.013,316.65,8.656,94.83,992.73
2025-08-29 05:00:00,2.481,-3.452,482.963,387.71,5.95,89.605,1004.597
2025-08-29 06:00:00,2.872,-3.452,500.0,392.481,6.663,71.2,1016.792
2025-08-29 07:00:00,2.79,-3.452,482.963,384.329,7.201,92.642,1010.113
2025-08-29 08:00:00,4.013,-3.452,433.013,393.865,6.57,74.661,1016.022
2025-08-29 09:00:00,1.514,-3.452,353.553,382.291,5.168,71.099,1014.311
2025-08-29 10:00:00,0.501,-3.452,250.0,385.914,4.797,85.481,1003.107
2025-08-29 11:00:00,0.57,-3.452,129.41,335.393,8.73,74.572,981.329
2025-08-29 12:00:00,1.354,-3.452,0.0,365.766,6.247,70.849,986.966
2025-08-29 13:00:00,2.203,-3.452,0.0,389.274,6.39,88.299,992.852
2025-08-29 14:00:00,0.921,-3.452,0.0,396.863,4.262,81.903,1016.572
2025-08-29 15:00:00,0.441,-3.452,0.0,381.433,6.483,83.733,993.84
2025-08-29 16:00:00,2.656,-3.452,0.0,300.62,9.067,91.588,987.599
2025-08-29 17:00:00,2.431,-3.452,0.0,383.396,8.733,83.936,1012.972
2025-08-29 18:00:00,0.597,-3.452,0.0,325.493,6.198,81.591,999.669
2025-08-29 19:00:00,2.974,-3.452,0.0,327.29,4.287,93.981,1001.445
2025-08-29 20:00:00,2.392,-3.452,0.0,380.255,9.205,86.061,993.17
2025-08-29 21:00:00,2.076,-3.452,0.0,369.413,7.416,84.426,1015.545
2025-08-29 22:00:00,2.704,-3.452,0.0,327.509,4.754,82.912,995.676
2025-08-29 23:00:00,2.134,-3.452,0.0,301.722,7.148,78.419,982.193
2025-08-30 00:00:00,0.257,-3.543,0.0,338.727,7.88,94.407,982.341
2025-08-30 01:00:00,0.58,-3.543,129.41,326.412,5.68,81.843,1007.116
2025-08-30 02:00:00,3.613,-3.543,250.0,414.295,5.84,82.889,996.231
2025-08-30 03:00:00,2.262,-3.543,353.553,309.818,8.208,84.172,981.159
2025-08-30 04:00:00,0.457,-3.543,433.013,348.076,5.666,80.108,1014.797
2025-08-30 05:00:00,0.869,-3.543,482.963,343.817,4.589,86.478,1015.825
2025-08-30 06:00:00,2.86,-3.543,500.0,414.845,4.086,71.681,1017.549
2025-08-30 07:00:00,0.747,-3.543,482.963,353.654,4.139,86.576,1000.015
2025-08-30 08:00:00,0.852,-3.543,433.013,321.495,6.47,92.872,983.641
2025-08-30 09:00:00,0.574,-3.543,353.553,381.211,8.819,92.947,1016.54
2025-08-30 10:00:00,2.372,-3.543,250.0,414.902,9.663,72.803,995.791
2025-08-30 11:00:00,0.42,-3.543,129.41,336.505,4.031,75.921,989.714
2025-08-30 12:00:00,1.29,-3.543,0.0,347.784,8.672,77.576,993.844
2025-08-30 13:00:00,0.916,-3.543,0.0,366.185,9.257,71.299,980.289
2025-08-30 14:00:00,1.683,-3.543,0.0,300.366,7.533,86.805,1003.71
2025-08-30 15:00:00,0.426,-3.543,0.0,389.419,7.375,82.941,987.174
2025-08-30 16:00:00,1.305,-3.543,0.0,300.028,5.4,73.859,998.357
2025-08-30 17:00:00,4.033,-3.543,0.0,393.429,5.296,91.468,1015.928
2025-08-30 18:00:00,2.474,-3.543,0.0,374.82,9.507,94.322,1017.004
2025-08-30 19:00:00,2.025,-3.543,0.0,388.217,6.767,89.358,1002.471
2025-08-30 20:00:00,2.483,-3.543,0.0,316.951,7.357,91.059,997.21
2025-08-30 21:00:00,0.309,-3.543,0.0,405.423,8.383,81.204,992.523
2025-08-30 22:00:00,2.92,-3.543,0.0,311.404,4.358,88.961,989.707
2025-08-30 23:00:00,2.112,-3.543,0.0,328.807,9.801,92.578,991.652
2025-08-31 00:00:00,0.641,-3.631,0.0,419.587,5.686,74.367,1016.147
2025-08-31 01:00:00,1.071,-3.631,129.41,315.669,9.15,87.923,994.663
2025-08-31 02:00:00,1.139,-3.631,250.0,397.86,5.98,78.426,1005.388
2025-08-31 03:00:00,0.572,-3.631,353.553,366.418,4.361,91.507,993.898
2025-08-31 04:00:00,0.455,-3.631,433.013,408.555,9.088,90.495,983.103
2025-08-31 05:00:00,0.281,-3.631,482.963,337.088,5.605,91.188,992.869
2025-08-31 06:00:00,1.902,-3.631,500.0,309.168,6.959,85.009,1003.331
2025-08-31 07:00:00,0.054,-3.631,482.963,395.277,5.36,87.049,1003.169
2025-08-31 08:00:00,0.865,-3.631,433.013,317.181,9.101,78.375,990.314
2025-08-31 09:00:00,3.074,-3.631,353.553,328.583,9.825,76.968,1018.239
2025-08-31 10:00:00,0.919,-3.631,250.0,381.933,9.053,94.683,1015.917
2025-08-31 11:00:00,1.343,-3.631,129.41,401.883,7.038,93.624,980.532
2025-08-31 12:00:00,0.281,-3.631,0.0,348.556,9.551,70.382,992.211
2025-08-31 13:00:00,0.408,-3.631,0.0,394.841,9.671,73.982,987.586
2025-08-31 14:00:00,1.135,-3.631,0.0,412.56,4.791,71.452,989.756
2025-08-31 15:00:00,0.208,-3.631,0.0,396.651,5.637,79.98,984.047
2025-08-31 16:00:00,1.122,-3.631,0.0,373.532,7.948,74.009,983.045
2025-08-31 17:00:00,2.165,-3.631,0.0,300.99,9.179,78.036,985.338
2025-08-31 18:00:00,0.912,-3.631,0.0,387.97,4.727,92.3,1006.284
2025-08-31 19:00:00,0.209,-3.631,0.0,401.431,6.961,79.513,984.398
2025-08-31 20:00:00,1.053,-3.631,0.0,337.645,9.899,78.142,982.71
2025-08-31 21:00:00,0.87,-3.631,0.0,340.51,5.419,88.642,992.503
2025-08-31 22:00:00,0.422,-3.631,0.0,375.605,9.726,85.22,991.027
2025-08-31 23:00:00,1.995,-3.631,0.0,317.008,9.829,89.566,1002.354
2025-09-01 00:00:00,0.804,-3.717,0.0,371.094,9.156,79.449,1007.991
2025-09-01 01:00:00,1.364,-3.717,129.41,341.845,5.013,93.176,999.592
2025-09-01 02:00:00,1.243,-3.717,250.0,337.046,4.674,94.35,1012.656
2025-09-01 03:00:00,2.96,-3.717,353.553,418.851,6.558,91.201,1003.063
2025-09-01 04:00:00,1.656,-3.717,433.013,342.28,7.724,80.66,1009.352
2025-09-01 05:00:00,0.28,-3.717,482.963,380.022,9.899,91.95,981.355
2025-09-01 06:00:00,1.188,-3.717,500.0,345.079,9.562,86.34,986.374
2025-09-01 07:00:00,1.972,-3.717,482.963,403.562,5.363,74.102,984.152
2025-09-01 08:00:00,0.486,-3.717,433.013,360.468,8.961,94.159,1017.278
2025-09-01 09:00:00,0.416,-3.717,353.553,403.678,4.724,92.791,991.81
2025-09-01 10:00:00,0.386,-3.717,250.0,345.915,8.815,84.223,1013.256
2025-09-01 11:00:00,1.275,-3.717,129.41,339.663,4.184,74.44,982.529
2025-09-01 12:00:00,4.33,-3.717,0.0,381.543,7.068,92.213,989.137
2025-09-01 13:00:00,2.095,-3.717,0.0,402.925,9.532,90.838,1011.779
2025-09-01 14:00:00,0.542,-3.717,0.0,318.871,5.903,73.929,1006.421
2025-09-01 15:00:00,1.601,-3.717,0.0,336.969,6.984,72.703,981.906
2025-09-01 16:00:00,1.835,-3.717,0.0,397.082,7.79,82.426,994.623
2025-09-01 17:00:00,0.831,-3.717,0.0,348.714,7.068,89.094,1014.529
2025-09-01 18:00:00,2.59,-3.717,0.0,343.951,6.923,75.933,1006.504
2025-09-01 19:00:00,2.62,-3.717,0.0,327.373,9.072,77.405,1000.03
2025-09-01 20:00:00,0.459,-3.717,0.0,355.999,8.816,78.185,1011.674
2025-09-01 21:00:00,1.762,-3.717,0.0,301.684,4.186,70.866,1011.94
2025-09-01 22:00:00,1.879,-3.717,0.0,392.369,9.195,80.17,1007.72
2025-09-01 23:00:00,0.668,-3.717,0.0,333.157,8.544,90.125,1015.183
2025-09-02 00:00:00,1.684,-3.8,0.0,400.386,8.557,84.69,986.889
2025-09-02 01:00:00,2.984,-3.8,129.41,311.525,6.725,83.461,1005.554
2025-09-02 02:00:00,1.234,-3.8,250.0,416.458,9.401,94.667,983.692
2025-09-02 03:00:00,1.378,-3.8,353.553,382.133,5.789,73.512,1019.374
2025-09-02 04:00:00,0.772,-3.8,433.013,361.513,6.791,89.847,995.871
2025-09-02 05:00:00,0.667,-3.8,482.963,334.593,7.179,88.395,1015.06
2025-09-02 06:00:00,4.88,-3.8,500.0,360.399,7.274,76.55,1006.99
2025-09-02 07:00:00,0.78,-3.8,482.963,398.817,8.555,84.898,991.749
2025-09-02 08:00:00,0.451,-3.8,433.013,395.36,4.07,92.711,992.111
2025-09-02 09:00:00,0.074,-3.8,353.553,326.711,6.373,75.67,981.831
2025-09-02 10:00:00,0.892,-3.8,250.0,402.519,7.477,78.184,1007.369
2025-09-02 11:00:00,0.734,-3.8,129.41,373.089,5.511,75.415,1009.022
2025-09-02 12:00:00,1.141,-3.8,0.0,416.816,4.385,91.583,1009.522
2025-09-02 13:00:00,1.351,-3.8,0.0,396.883,7.396,74.129,996.763
2025-09-02 14:00:00,1.489,-3.8,0.0,411.473,6.066,71.905,1001.221
2025-09-02 15:00:00,1.938,-3.8,0.0,402.774,5.794,89.328,985.715
2025-09-02 16:00:00,0.222,-3.8,0.0,418.276,8.145,77.421,1002.124
2025-09-02 17:00:00,1.218,-3.8,0.0,357.164,6.076,77.241,995.718
2025-09-02 18:00:00,0.198,-3.8,0.0,320.516,8.991,86.128,1005.953
2025-09-02 19:00:00,1.856,-3.8,0.0,417.223,8.573,80.741,1010.87
2025-09-02 20:00:00,0.509,-3.8,0.0,415.8,9.737,78.303,1001.36
2025-09-02 21:00:00,1.761,-3.8,0.0,371.416,8.526,71.752,985.727
2025-09-02 22:00:00,2.285,-3.8,0.0,347.628,4.514,81.247,997.748
2025-09-02 23:00:00,1.244,-3.8,0.0,322.17,9.896,85.648,1015.028
2025-09-03 00:00:00,1.565,-3.881,0.0,406.611,4.49,89.317,1018.884
2025-09-03 01:00:00,0.637,-3.881,129.41,356.583,4.951,82.367,1008.739
2025-09-03 02:00:00,3.054,-3.881,250.0,406.363,9.978,89.373,1010.313
2025-09-03 03:00:00,0.439,-3.881,353.553,305.153,5.09,83.221,1018.477
2025-09-03 04:00:00,0.371,-3.881,433.013,415.345,4.699,70.468,1012.224
2025-09-03 05:00:00,1.087,-3.881,482.963,356.306,8.387,79.878,981.409
2025-09-03 06:00:00,2.355,-3.881,500.0,349.22,6.117,84.257,1013.208
2025-09-03 07:00:00,5.0,-3.881,482.963,377.228,4.969,86.181,983.33
2025-09-03 08:00:00,0.102,-3.881,433.013,416.278,5.885,73.966,984.141
2025-09-03 09:00:00,0.075,-3.881,353.553,379.874,4.797,82.089,989.837
2025-09-03 10:00:00,0.801,-3.881,250.0,301.482,8.34,75.552,1008.218
2025-09-03 11:00:00,1.228,-3.881,129.41,392.234,7.067,74.839,996.333
2025-09-03 12:00:00,0.577,-3.881,0.0,383.445,9.224,86.448,989.105
2025-09-03 13:00:00,2.909,-3.881,0.0,328.775,6.602,88.062,994.781
2025-09-03 14:00:00,1.12,-3.881,0.0,334.896,4.857,76.956,981.403
2025-09-03 15:00:00,4.256,-3.881,0.0,360.819,4.584,75.654,1013.377
2025-09-03 16:00:00,0.896,-3.881,0.0,387.342,8.33,73.267,1015.062
2025-09-03 17:00:00,1.883,-3.881,0.0,406.284,6.509,85.75,990.318
2025-09-03 18:00:00,2.626,-3.881,0.0,390.985,4.521,90.583,998.101
2025-09-03 19:00:00,0.312,-3.881,0.0,355.715,4.314,93.045,1016.826
2025-09-03 20:00:00,1.861,-3.881,0.0,396.648,9.554,74.291,1012.964
2025-09-03 21:00:00,0.568,-3.881,0.0,414.199,5.501,90.947,982.607
2025-09-03 22:00:00,5.401,-3.881,0.0,335.063,6.551,93.811,990.066
2025-09-03 23:00:00,3.175,-3.881,0.0,331.716,7.619,81.316,995.751
2025-09-04 00:00:00,0.462,-3.958,0.0,365.093,6.079,82.638,1015.941
2025-09-04 01:00:00,1.746,-3.958,129.41,417.711,9.653,91.156,981.504
2025-09-04 02:00:00,0.44,-3.958,250.0,306.253,7.897,91.201,992.347
2025-09-04 03:00:00,0.854,-3.958,353.553,350.59,7.33,80.688,1019.049
2025-09-04 04:00:00,0.262,-3.958,433.013,413.431,6.849,74.746,982.257
2025-09-04 05:00:00,1.742,-3.958,482.963,411.606,4.754,72.053,1003.724
2025-09-04 06:00:00,1.243,-3.958,500.0,306.006,4.44,70.916,1018.308
2025-09-04 07:00:00,1.807,-3.958,482.963,325.874,7.734,72.157,990.739
2025-09-04 08:00:00,3.407,-3.958,433.013,410.543,4.247,91.679,989.887
2025-09-04 09:00:00,2.619,-3.958,353.553,312.03,7.705,83.729,989.736
2025-09-04 10:00:00,2.294,-3.958,250.0,318.355,5.675,84.911,997.71
2025-09-04 11:00:00,0.604,-3.958,129.41,328.713,8.875,70.148,988.143
2025-09-04 12:00:00,2.438,-3.958,0.0,313.394,4.179,72.753,1017.247
2025-09-04 13:00:00,3.186,-3.958,0.0,344.649,8.933,86.276,1000.682
2025-09-04 14:00:00,0.362,-3.958,0.0,304.469,4.727,72.216,993.376
2025-09-04 15:00:00,1.193,-3.958,0.0,383.723,6.483,82.799,986.964
2025-09-04 16:00:00,0.268,-3.958,0.0,364.769,7.869,74.088,1006.404
2025-09-04 17:00:00,0.703,-3.958,0.0,373.145,6.843,77.926,992.539
2025-09-04 18:00:00,2.052,-3.958,0.0,323.477,8.005,90.362,1017.538
2025-09-04 19:00:00,1.103,-3.958,0.0,328.408,8.75,82.549,985.737
2025-09-04 20:00:00,4.021,-3.958,0.0,332.705,9.683,73.904,990.48
2025-09-04 21:00:00,0.462,-3.958,0.0,354.732,9.024,93.412,982.128
2025-09-04 22:00:00,1.468,-3.958,0.0,337.189,9.248,70.917,992.998
2025-09-04 23:00:00,1.764,-3.958,0.0,418.611,9.985,94.784,988.274
2025-09-05 00:00:00,0.8,-4.034,0.0,363.53,4.327,89.101,992.865
2025-09-05 01:00:00,1.251,-4.034,129.41,363.186,6.001,93.832,994.121
2025-09-05 02:00:00,2.128,-4.034,250.0,303.665,8.816,82.112,983.317
2025-09-05 03:00:00,1.193,-4.034,353.553,395.181,5.048,72.062,1019.216
2025-09-05 04:00:00,1.686,-4.034,433.013,315.962,8.036,94.045,1013.475
2025-09-05 05:00:00,0.507,-4.034,482.963,332.83,6.148,71.926,1000.824
2025-09-05 06:00:00,1.132,-4.034,500.0,374.861,8.709,87.151,984.241
2025-09-05 07:00:00,0.573,-4.034,482.963,340.442,5.63,76.068,990.065
2025-09-05 08:00:00,2.597,-4.034,433.013,402.885,4.575,89.021,1007.902
2025-09-05 09:00:00,0.087,-4.034,353.553,335.754,4.99,93.287,982.012
2025-09-05 10:00:00,1.523,-4.034,250.0,320.04,9.189,75.897,989.336
2025-09-05 11:00:00,1.195,-4.034,129.41,374.399,7.412,79.213,1008.074
2025-09-05 12:00:00,0.585,-4.034,0.0,389.602,9.791,70.337,993.805
2025-09-05 13:00:00,1.11,-4.034,0.0,375.85,8.822,93.42,995.774
2025-09-05 14:00:00,1.395,-4.034,0.0,326.531,7.535,93.684,994.116
2025-09-05 15:00:00,0.473,-4.034,0.0,305.909,8.371,75.322,982.329
2025-09-05 16:00:00,2.627,-4.034,0.0,380.815,8.225,72.102,992.925
2025-09-05 17:00:00,1.23,-4.034,0.0,368.062,5.359,89.594,985.588
2025-09-05 18:00:00,4.891,-4.034,0.0,349.493,6.87,78.43,989.939
2025-09-05 19:00:00,0.134,-4.034,0.0,371.735,6.239,70.529,1002.755
2025-09-05 20:00:00,1.812,-4.034,0.0,408.264,9.086,92.342,1005.676
2025-09-05 21:00:00,4.261,-4.034,0.0,411.543,9.135,79.909,1005.132
2025-09-05 22:00:00,0.127,-4.034,0.0,408.688,5.625,88.308,992.488
2025-09-05 23:00:00,0.241,-4.034,0.0,326.462,5.024,91.868,1018.803
2025-09-06 00:00:00,0.931,-4.106,0.0,361.018,4.629,88.84,1015.659
2025-09-06 01:00:00,2.14,-4.106,129.41,400.892,5.465,85.975,1006.734
2025-09-06 02:00:00,0.115,-4.106,250.0,369.678,5.047,76.756,998.415
2025-09-06 03:00:00,2.43,-4.106,353.553,377.757,4.312,81.98,1014.836
2025-09-06 04:00:00,0.416,-4.106,433.013,315.404,8.499,84.171,1013.485
2025-09-06 05:00:00,0.758,-4.106,482.963,331.932,5.403,81.231,1010.98
2025-09-06 06:00:00,1.873,-4.106,500.0,326.205,7.323,93.245,1001.003
2025-09-06 07:00:00,1.657,-4.106,482.963,359.447,9.583,84.968,1009.81
2025-09-06 08:00:00,0.696,-4.106,433.013,385.61,7.648,94.581,1015.95
2025-09-06 09:00:00,1.887,-4.106,353.553,365.163,5.741,93.626,1002.333
2025-09-06 10:00:00,1.094,-4.106,250.0,336.886,4.276,73.231,1005.636
2025-09-06 11:00:00,0.524,-4.106,129.41,356.606,4.393,94.149,996.805
2025-09-06 12:00:00,0.819,-4.106,0.0,303.034,4.335,82.541,991.065
2025-09-06 13:00:00,0.625,-4.106,0.0,392.171,4.427,83.353,1018.221
2025-09-06 14:00:00,0.456,-4.106,0.0,398.683,4.019,72.203,1009.794
2025-09-06 15:00:00,0.216,-4.106,0.0,357.95,4.749,81.301,990.912
2025-09-06 16:00:00,0.575,-4.106,0.0,319.109,4.005,89.699,990.718
2025-09-06 17:00:00,1.57,-4.106,0.0,352.272,9.86,90.445,1005.668
2025-09-06 18:00:00,0.201,-4.106,0.0,344.069,8.553,88.07,988.745
2025-09-06 19:00:00,5.705,-4.106,0.0,362.687,4.316,93.412,1010.747
2025-09-06 20:00:00,0.951,-4.106,0.0,350.577,4.707,79.73,998.344
2025-09-06 21:00:00,3.057,-4.106,0.0,327.104,5.921,82.964,1014.509
2025-09-06 22:00:00,0.581,-4.106,0.0,367.147,5.616,85.83,985.414
2025-09-06 23:00:00,0.63,-4.106,0.0,391.648,9.929,70.438,980.521
2025-09-07 00:00:00,0.801,-4.176,0.0,394.058,4.153,75.299,1016.894
2025-09-07 01:00:00,1.608,-4.176,129.41,372.553,4.396,86.08,982.698
2025-09-07 02:00:00,1.405,-4.176,250.0,384.388,8.302,71.736,990.57
2025-09-07 03:00:00,0.836,-4.176,353.553,385.818,4.774,76.595,1019.429
2025-09-07 04:00:00,0.157,-4.176,433.013,350.788,6.813,78.477,999.975
2025-09-07 05:00:00,1.048,-4.176,482.963,331.926,4.186,75.311,1003.181
2025-09-07 06:00:00,0.723,-4.176,500.0,394.143,6.232,93.573,980.315
2025-09-07 07:00:00,1.891,-4.176,482.963,327.092,4.531,91.063,986.059
2025-09-07 08:00:00,0.59,-4.176,433.013,311.413,4.864,85.934,988.861
2025-09-07 09:00:00,0.07,-4.176,353.553,391.509,7.524,82.346,991.137
2025-09-07 10:00:00,1.775,-4.176,250.0,316.275,4.527,91.806,1005.86
2025-09-07 11:00:00,1.521,-4.176,129.41,349.499,8.096,74.867,980.785
2025-09-07 12:00:00,1.282,-4.176,0.0,371.549,8.934,70.233,993.439
2025-09-07 13:00:00,2.329,-4.176,0.0,300.388,8.274,72.973,990.134
2025-09-07 14:00:00,2.556,-4.176,0.0,400.535,5.813,94.51,991.896
2025-09-07 15:00:00,0.823,-4.176,0.0,327.329,4.787,80.814,1011.931
2025-09-07 16:00:00,0.615,-4.176,0.0,416.56,8.447,78.398,1016.666
2025-09-07 17:00:00,2.755,-4.176,0.0,337.455,8.71,84.267,988.041
2025-09-07 18:00:00,1.097,-4.176,0.0,316.376,9.476,83.53,996.462
2025-09-07 19:00:00,0.216,-4.176,0.0,404.103,7.165,78.256,1000.699
2025-09-07 20:00:00,1.09,-4.176,0.0,405.195,6.186,80.194,983.884
2025-09-07 21:00:00,2.034,-4.176,0.0,391.056,8.886,84.323,991.579
2025-09-07 22:00:00,2.918,-4.176,0.0,362.794,4.736,76.969,1008.019
2025-09-07 23:00:00,0.867,-4.176,0.0,307.093,9.491,72.414,999.129
2025-09-08 00:00:00,0.953,-4.243,0.0,310.082,6.707,90.244,989.343
2025-09-08 01:00:00,1.241,-4.243,129.41,313.963,7.449,93.549,1012.586
2025-09-08 02:00:00,0.931,-4.243,250.0,356.3,9.756,80.28,986.41
2025-09-08 03:00:00,1.296,-4.243,353.553,369.76,8.272,88.064,1009.802
2025-09-08 04:00:00,0.189,-4.243,433.013,343.744,9.928,88.466,1009.384
2025-09-08 05:00:00,0.676,-4.243,482.963,393.918,5.597,94.523,1007.603
2025-09-08 06:00:00,1.38,-4.243,500.0,362.047,7.108,74.784,988.248
2025-09-08 07:00:00,0.679,-4.243,482.963,377.669,8.916,85.786,1019.188
2025-09-08 08:00:00,1.288,-4.243,433.013,318.594,8.706,88.989,1009.331
2025-09-08 09:00:00,3.151,-4.243,353.553,387.373,7.728,79.749,1018.036
2025-09-08 10:00:00,1.35,-4.243,250.0,409.905,9.878,71.069,1005.47
2025-09-08 11:00:00,2.916,-4.243,129.41,349.116,5.088,72.985,1011.82
2025-09-08 12:00:00,0.673,-4.243,0.0,308.194,5.05,91.063,1013.982
2025-09-08 13:00:00,3.129,-4.243,0.0,411.543,5.787,91.438,997.812
2025-09-08 14:00:00,0.755,-4.243,0.0,365.261,8.112,86.923,1006.91
2025-09-08 15:00:00,0.359,-4.243,0.0,367.769,7.458,94.155,1014.906
2025-09-08 16:00:00,0.169,-4.243,0.0,388.388,9.17,90.102,996.543
2025-09-08 17:00:00,2.123,-4.243,0.0,357.271,6.855,87.706,988.537
2025-09-08 18:00:00,4.004,-4.243,0.0,418.394,8.4,78.463,1008.831
2025-09-08 19:00:00,2.857,-4.243,0.0,361.018,6.746,83.012,988.429
2025-09-08 20:00:00,1.574,-4.243,0.0,402.534,4.866,90.806,995.597
2025-09-08 21:00:00,1.046,-4.243,0.0,317.766,4.405,79.226,1013.842
2025-09-08 22:00:00,1.87,-4.243,0.0,414.991,5.473,76.081,984.762
2025-09-08 23:00:00,0.526,-4.243,0.0,350.622,4.761,71.891,1010.46
2025-09-09 00:00:00,2.471,-4.307,0.0,332.6,6.182,72.563,987.397
2025-09-09 01:00:00,0.95,-4.307,129.41,368.622,8.503,86.689,992.791
2025-09-09 02:00:00,0.085,-4.307,250.0,390.769,9.432,88.524,995.217
2025-09-09 03:00:00,0.308,-4.307,353.553,300.044,9.492,75.675,1006.307
2025-09-09 04:00:00,0.839,-4.307,433.013,368.321,9.114,70.134,1007.931
2025-09-09 05:00:00,0.466,-4.307,482.963,355.545,5.412,87.102,1009.34
2025-09-09 06:00:00,2.068,-4.307,500.0,341.534,5.958,71.51,1017.55
2025-09-09 07:00:00,1.663,-4.307,482.963,391.689,7.912,94.185,997.049
2025-09-09 08:00:00,1.275,-4.307,433.013,328.386,9.921,87.558,1016.967
2025-09-09 09:00:00,0.93,-4.307,353.553,326.975,7.511,93.918,999.894
2025-09-09 10:00:00,0.17,-4.307,250.0,409.582,7.292,92.762,980.231
2025-09-09 11:00:00,0.433,-4.307,129.41,365.35,7.151,94.911,1019.798
2025-09-09 12:00:00,0.684,-4.307,0.0,337.899,7.404,76.64,997.636
2025-09-09 13:00:00,2.406,-4.307,0.0,411.181,5.715,81.954,1012.17
2025-09-09 14:00:00,1.511,-4.307,0.0,413.553,7.941,91.193,1017.299
2025-09-09 15:00:00,0.641,-4.307,0.0,328.385,5.137,83.318,987.914
2025-09-09 16:00:00,0.664,-4.307,0.0,394.244,8.833,83.336,993.284
2025-09-09 17:00:00,0.445,-4.307,0.0,303.076,8.741,78.412,1001.977
2025-09-09 18:00:00,0.017,-4.307,0.0,323.63,4.412,72.078,989.964
2025-09-09 19:00:00,2.729,-4.307,0.0,324.326,4.051,88.271,1011.899
2025-09-09 20:00:00,3.418,-4.307,0.0,353.661,6.101,85.473,993.761
2025-09-09 21:00:00,1.691,-4.307,0.0,363.744,6.527,89.125,998.941
2025-09-09 22:00:00,0.254,-4.307,0.0,401.689,7.887,70.235,995.521
2025-09-09 23:00:00,1.738,-4.307,0.0,311.631,7.987,85.499,995.573
2025-09-10 00:00:00,1.599,-4.369,0.0,322.613,9.994,91.383,989.262
2025-09-10 01:00:00,2.867,-4.369,129.41,413.618,8.555,87.593,994.124
2025-09-10 02:00:00,0.105,-4.369,250.0,350.53,7.39,81.839,1010.755
2025-09-10 03:00:00,1.533,-4.369,353.553,337.547,7.249,75.542,983.307
2025-09-10 04:00:00,1.765,-4.369,433.013,364.073,8.251,82.574,994.118
2025-09-10 05:00:00,0.977,-4.369,482.963,324.434,8.25,74.34,988.502
2025-09-10 06:00:00,1.705,-4.369,500.0,342.47,6.247,72.21,989.29
2025-09-10 07:00:00,1.562,-4.369,482.963,320.44,6.946,86.482,986.533
2025-09-10 08:00:00,1.237,-4.369,433.013,367.158,4.69,79.278,1003.11
2025-09-10 09:00:00,1.135,-4.369,353.553,300.26,6.345,70.757,1005.218
2025-09-10 10:00:00,0.721,-4.369,250.0,358.832,8.257,78.991,983.138
2025-09-10 11:00:00,0.724,-4.369,129.41,374.431,8.983,82.139,980.937
2025-09-10 12:00:00,1.997,-4.369,0.0,324.799,4.002,92.178,1001.384
2025-09-10 13:00:00,0.142,-4.369,0.0,351.925,8.011,87.06,997.584
2025-09-10 14:00:00,0.74,-4.369,0.0,310.003,7.947,77.74,1009.551
2025-09-10 15:00:00,1.949,-4.369,0.0,300.354,4.704,83.615,997.16
2025-09-10 16:00:00,0.74,-4.369,0.0,415.114,9.368,74.923,997.925
2025-09-10 17:00:00,3.199,-4.369,0.0,335.266,6.959,79.421,1009.057
2025-09-10 18:00:00,1.024,-4.369,0.0,383.757,6.101,78.394,994.508
2025-09-10 19:00:00,1.107,-4.369,0.0,345.378,5.934,83.801,991.126
2025-09-10 20:00:00,1.76,-4.369,0.0,325.391,8.858,89.145,1010.987
2025-09-10 21:00:00,1.605,-4.369,0.0,390.703,8.753,74.535,985.781
2025-09-10 22:00:00,0.91,-4.369,0.0,385.335,7.684,74.94,1008.041
2025-09-10 23:00:00,5.25,-4.369,0.0,327.002,4.202,71.258,985.289
2025-09-11 00:00:00,0.77,-4.428,0.0,358.288,7.72,81.775,1010.978
2025-09-11 01:00:00,2.493,-4.428,129.41,368.91,6.057,74.833,1007.316
2025-09-11 02:00:00,1.451,-4.428,250.0,375.995,9.165,76.078,1017.142
2025-09-11 03:00:00,1.636,-4.428,353.553,351.98,8.806,86.916,993.007
2025-09-11 04:00:00,0.557,-4.428,433.013,389.078,7.294,72.718,1012.207
2025-09-11 05:00:00,0.212,-4.428,482.963,375.077,5.739,89.743,981.642
2025-09-11 06:00:00,0.588,-4.428,500.0,401.165,4.692,78.072,1016.355
2025-09-11 07:00:00,1.271,-4.428,482.963,321.048,7.743,77.297,999.99
2025-09-11 08:00:00,1.28,-4.428,433.013,351.377,8.983,78.591,990.317
2025-09-11 09:00:00,0.187,-4.428,353.553,340.481,9.381,83.275,1009.612
2025-09-11 10:00:00,0.551,-4.428,250.0,411.92,5.432,86.746,997.061
2025-09-11 11:00:00,0.431,-4.428,129.41,360.586,6.802,93.145,988.102
2025-09-11 12:00:00,1.046,-4.428,0.0,370.787,7.332,79.048,1008.098
2025-09-11 13:00:00,0.889,-4.428,0.0,345.839,5.402,71.877,986.435
2025-09-11 14:00:00,2.328,-4.428,0.0,367.844,5.93,78.24,990.827
2025-09-11 15:00:00,2.944,-4.428,0.0,331.753,5.487,92.349,1011.05
2025-09-11 16:00:00,1.379,-4.428,0.0,392.314,7.158,72.981,992.106
2025-09-11 17:00:00,0.344,-4.428,0.0,357.535,5.114,80.546,1014.587
2025-09-11 18:00:00,1.796,-4.428,0.0,305.656,9.621,80.068,1007.547
2025-09-11 19:00:00,0.667,-4.428,0.0,408.035,8.39,80.897,1018.563
2025-09-11 20:00:00,3.437,-4.428,0.0,373.764,4.984,80.833,1012.002
2025-09-11 21:00:00,3.546,-4.428,0.0,350.3,8.773,82.852,1005.208
2025-09-11 22:00:00,2.49,-4.428,0.0,413.633,4.219,87.787,994.773
2025-09-11 23:00:00,0.126,-4.428,0.0,361.411,7.498,70.551,981.321
2025-09-12 00:00:00,1.247,-4.484,0.0,341.421,6.786,93.463,1018.786
2025-09-12 01:00:00,0.151,-4.484,129.41,388.276,9.661,77.626,994.499
2025-09-12 02:00:00,1.908,-4.484,250.0,310.331,9.131,82.258,981.281
2025-09-12 03:00:00,2.091,-4.484,353.553,358.694,8.656,75.32,1006.121
2025-09-12 04:00:00,2.022,-4.484,433.013,389.112,9.182,75.337,986.553
2025-09-12 05:00:00,1.164,-4.484,482.963,355.712,4.661,78.089,1017.026
2025-09-12 06:00:00,1.98,-4.484,500.0,380.843,8.076,91.911,1008.537
2025-09-12 07:00:00,0.281,-4.484,482.963,337.19,4.426,80.379,997.585
2025-09-12 08:00:00,0.785,-4.484,433.013,312.282,9.783,74.881,987.314
2025-09-12 09:00:00,0.576,-4.484,353.553,413.672,8.675,93.579,1014.102
2025-09-12 10:00:00,0.121,-4.484,250.0,353.977,9.006,78.888,1004.374
2025-09-12 11:00:00,2.739,-4.484,129.41,300.616,4.524,73.961,984.814
2025-09-12 12:00:00,0.257,-4.484,0.0,385.68,7.232,88.443,989.318
2025-09-12 13:00:00,0.855,-4.484,0.0,347.402,7.814,85.204,996.626
2025-09-12 14:00:00,1.138,-4.484,0.0,334.949,6.584,91.894,991.707
2025-09-12 15:00:00,1.901,-4.484,0.0,319.215,7.337,86.654,995.416
2025-09-12 16:00:00,1.518,-4.484,0.0,335.176,8.718,86.618,1008.372
2025-09-12 17:00:00,1.19,-4.484,0.0,319.391,7.571,77.893,1019.277
2025-09-12 18:00:00,2.399,-4.484,0.0,311.978,8.264,90.654,1008.592
2025-09-12 19:00:00,0.429,-4.484,0.0,329.982,8.53,75.206,1002.635
2025-09-12 20:00:00,1.996,-4.484,0.0,300.331,8.068,71.958,1008.372
2025-09-12 21:00:00,6.278,-4.484,0.0,367.561,7.482,93.873,998.436
2025-09-12 22:00:00,1.422,-4.484,0.0,373.915,7.949,87.146,996.198
2025-09-12 23:00:00,0.315,-4.484,0.0,317.055,8.502,80.848,991.055
2025-09-13 00:00:00,1.76,-4.537,0.0,406.672,6.182,87.528,1015.931
2025-09-13 01:00:00,1.407,-4.537,129.41,314.554,9.015,92.208,988.269
2025-09-13 02:00:00,2.516,-4.537,250.0,377.714,7.834,86.981,1008.575
2025-09-13 03:00:00,2.502,-4.537,353.553,354.807,6.147,86.779,1003.679
2025-09-13 04:00:00,0.721,-4.537,433.013,418.979,5.51,86.704,1004.93
2025-09-13 05:00:00,2.508,-4.537,482.963,320.255,5.283,72.872,1003.507
2025-09-13 06:00:00,1.893,-4.537,500.0,359.96,8.956,89.636,1018.768
2025-09-13 07:00:00,1.241,-4.537,482.963,383.657,8.688,82.127,1006.428
2025-09-13 08:00:00,0.651,-4.537,433.013,350.142,7.939,92.582,1004.777
2025-09-13 09:00:00,0.421,-4.537,353.553,354.705,8.223,73.902,996.801
2025-09-13 10:00:00,0.832,-4.537,250.0,357.86,5.342,71.532,981.331
2025-09-13 11:00:00,1.587,-4.537,129.41,302.423,6.115,93.887,992.359
2025-09-13 12:00:00,0.838,-4.537,0.0,301.482,5.485,85.655,990.024
2025-09-13 13:00:00,2.778,-4.537,0.0,360.552,7.199,83.223,1006.09
2025-09-13 14:00:00,2.533,-4.537,0.0,400.863,5.884,81.223,999.545
2025-09-13 15:00:00,0.436,-4.537,0.0,319.271,4.19,88.989,1003.647
2025-09-13 16:00:00,2.813,-4.537,0.0,326.821,5.699,90.721,1009.733
2025-09-13 17:00:00,2.014,-4.537,0.0,327.234,7.145,72.972,1001.679
2025-09-13 18:00:00,0.878,-4.537,0.0,383.979,9.409,82.938,980.676
2025-09-13 19:00:00,0.879,-4.537,0.0,379.105,5.71,90.369,1008.51
2025-09-13 20:00:00,1.505,-4.537,0.0,344.364,6.307,82.435,995.25
2025-09-13 21:00:00,4.881,-4.537,0.0,330.707,7.696,74.401,1003.809
2025-09-13 22:00:00,1.593,-4.537,0.0,323.582,4.407,84.956,1010.826
2025-09-13 23:00:00,0.826,-4.537,0.0,406.422,5.013,85.167,1010.159
2025-09-14 00:00:00,1.216,-4.587,0.0,358.509,9.618,81.709,998.399
2025-09-14 01:00:00,0.942,-4.587,129.41,311.399,4.351,86.026,1005.36
2025-09-14 02:00:00,0.361,-4.587,250.0,309.685,6.866,84.763,1006.148
2025-09-14 03:00:00,1.774,-4.587,353.553,311.9,6.06,88.707,985.115
2025-09-14 04:00:00,4.432,-4.587,433.013,316.132,6.675,71.496,1002.819
2025-09-14 05:00:00,0.21,-4.587,482.963,308.557,4.995,94.82,985.854
2025-09-14 06:00:00,1.164,-4.587,500.0,378.197,9.323,74.856,986.146
2025-09-14 07:00:00,0.357,-4.587,482.963,402.452,8.94,91.862,993.746
2025-09-14 08:00:00,0.142,-4.587,433.013,314.955,8.78,83.917,1017.364
2025-09-14 09:00:00,2.173,-4.587,353.553,394.122,6.993,85.777,1008.173
2025-09-14 10:00:00,0.474,-4.587,250.0,350.136,8.467,73.072,980.43
2025-09-14 11:00:00,0.326,-4.587,129.41,353.435,4.055,76.828,987.253
2025-09-14 12:00:00,6.822,-4.587,0.0,371.621,8.274,81.664,999.573
2025-09-14 13:00:00,0.789,-4.587,0.0,358.485,7.869,76.453,984.228
2025-09-14 14:00:00,0.505,-4.587,0.0,322.731,7.484,75.82,1013.25
2025-09-14 15:00:00,0.207,-4.587,0.0,332.33,8.942,94.023,1002.679
2025-09-14 16:00:00,0.471,-4.587,0.0,334.109,8.938,89.19,981.724
2025-09-14 17:00:00,1.811,-4.587,0.0,326.993,7.819,76.924,994.677
2025-09-14 18:00:00,6.537,-4.587,0.0,397.723,6.924,94.35,1001.165
2025-09-14 19:00:00,2.463,-4.587,0.0,325.207,8.22,86.886,1010.303
2025-09-14 20:00:00,1.353,-4.587,0.0,375.474,8.975,91.958,992.624
2025-09-14 21:00:00,0.593,-4.587,0.0,351.767,9.261,91.13,1006.961
2025-09-14 22:00:00,2.893,-4.587,0.0,384.693,9.509,73.986,987.037
2025-09-14 23:00:00,0.65,-4.587,0.0,384.667,4.801,82.327,982.196
2025-09-15 00:00:00,2.923,-4.635,0.0,364.974,6.251,70.682,989.437
2025-09-15 01:00:00,1.501,-4.635,129.41,382.767,4.807,76.773,995.997
2025-09-15 02:00:00,2.41,-4.635,250.0,379.509,4.273,85.342,1010.785
2025-09-15 03:00:00,0.939,-4.635,353.553,359.032,4.905,84.641,983.105
2025-09-15 04:00:00,0.642,-4.635,433.013,366.015,5.923,84.934,982.358
2025-09-15 05:00:00,0.389,-4.635,482.963,397.49,6.89,84.981,1000.717
2025-09-15 06:00:00,0.085,-4.635,500.0,419.478,6.728,90.12,997.484
2025-09-15 07:00:00,1.772,-4.635,482.963,323.151,6.709,76.596,1003.732
2025-09-15 08:00:00,3.139,-4.635,433.013,375.438,5.877,72.113,1008.48
2025-09-15 09:00:00,2.114,-4.635,353.553,418.798,4.331,74.902,992.086
2025-09-15 10:00:00,3.866,-4.635,250.0,316.198,6.348,73.256,982.851
2025-09-15 11:00:00,1.7,-4.635,129.41,376.861,4.703,88.274,1016.957
2025-09-15 12:00:00,1.714,-4.635,0.0,311.928,9.176,91.549,991.471
2025-09-15 13:00:00,2.556,-4.635,0.0,357.717,5.688,71.171,991.68
2025-09-15 14:00:00,0.484,-4.635,0.0,338.133,9.706,73.341,994.249
2025-09-15 15:00:00,2.631,-4.635,0.0,401.484,8.473,91.151,990.401
2025-09-15 16:00:00,1.168,-4.635,0.0,353.729,7.714,82.226,1005.81
2025-09-15 17:00:00,0.381,-4.635,0.0,413.21,7.079,89.286,982.533
2025-09-15 18:00:00,0.885,-4.635,0.0,355.145,9.773,72.76,1008.452
2025-09-15 19:00:00,2.518,-4.635,0.0,385.285,5.18,70.482,1017.215
2025-09-15 20:00:00,1.524,-4.635,0.0,367.114,4.328,92.471,994.264
2025-09-15 21:00:00,2.263,-4.635,0.0,414.636,5.464,94.876,1016.885
2025-09-15 22:00:00,0.332,-4.635,0.0,310.3,7.79,91.32,1012.006
2025-09-15 23:00:00,0.55,-4.635,0.0,338.134,4.799,77.707,1009.477
2025-09-16 00:00:00,0.119,-4.679,0.0,355.144,7.953,71.574,1017.104
2025-09-16 01:00:00,3.615,-4.679,129.41,330.704,9.916,82.589,982.769
2025-09-16 02:00:00,2.813,-4.679,250.0,417.767,4.498,84.657,1013.655
2025-09-16 03:00:00,2.172,-4.679,353.553,391.72,4.133,72.273,991.552
2025-09-16 04:00:00,1.683,-4.679,433.013,411.617,5.011,86.924,998.561
2025-09-16 05:00:00,2.149,-4.679,482.963,380.153,7.312,87.476,996.546
2025-09-16 06:00:00,0.335,-4.679,500.0,368.567,9.72,73.867,1006.547
2025-09-16 07:00:00,1.233,-4.679,482.963,411.978,9.841,93.204,998.238
2025-09-16 08:00:00,0.15,-4.679,433.013,309.602,5.029,82.232,1009.77
2025-09-16 09:00:00,0.317,-4.679,353.553,309.585,5.729,73.81,994.768
2025-09-16 10:00:00,0.497,-4.679,250.0,317.066,7.546,94.026,1013.842
2025-09-16 11:00:00,0.739,-4.679,129.41,352.971,7.187,72.229,1010.922
2025-09-16 12:00:00,0.196,-4.679,0.0,396.026,9.403,70.275,1019.486
2025-09-16 13:00:00,1.375,-4.679,0.0,394.758,7.523,71.976,1019.32
2025-09-16 14:00:00,0.879,-4.679,0.0,325.737,8.112,93.018,1017.984
2025-09-16 15:00:00,3.62,-4.679,0.0,383.086,5.486,72.919,1019.755
2025-09-16 16:00:00,1.977,-4.679,0.0,345.183,7.909,84.833,987.854
2025-09-16 17:00:00,0.871,-4.679,0.0,341.744,9.548,91.569,988.632
2025-09-16 18:00:00,1.772,-4.679,0.0,308.137,4.782,76.693,1017.708
2025-09-16 19:00:00,0.851,-4.679,0.0,400.023,5.374,91.95,993.21
2025-09-16 20:00:00,2.212,-4.679,0.0,306.827,9.884,75.863,991.407
2025-09-16 21:00:00,0.715,-4.679,0.0,336.157,8.668,71.871,1016.975
2025-09-16 22:00:00,2.762,-4.679,0.0,416.751,5.344,77.298,981.28
2025-09-16 23:00:00,0.804,-4.679,0.0,385.089,6.608,91.342,1018.811
2025-09-17 00:00:00,1.556,-4.721,0.0,401.812,8.901,80.354,1003.151
2025-09-17 01:00:00,1.375,-4.721,129.41,383.27,5.984,79.151,996.249
2025-09-17 02:00:00,2.239,-4.721,250.0,362.94,6.8,92.967,994.617
2025-09-17 03:00:00,2.988,-4.721,353.553,370.8,8.897,85.506,1004.969
2025-09-17 04:00:00,3.69,-4.721,433.013,307.43,8.059,81.555,1009.524
2025-09-17 05:00:00,0.274,-4.721,482.963,306.336,5.162,90.31,981.786
2025-09-17 06:00:00,2.65,-4.721,500.0,396.226,8.275,72.395,1006.062
2025-09-17 07:00:00,0.851,-4.721,482.963,311.002,7.098,88.83,1012.125
2025-09-17 08:00:00,0.938,-4.721,433.013,404.25,4.934,87.992,1002.654
2025-09-17 09:00:00,1.674,-4.721,353.553,314.211,9.115,80.844,1019.214
2025-09-17 10:00:00,2.945,-4.721,250.0,318.661,9.738,86.783,1003.53
2025-09-17 11:00:00,0.59,-4.721,129.41,305.683,8.976,90.146,1011.209
2025-09-17 12:00:00,1.599,-4.721,0.0,335.358,9.32,92.402,982.769
2025-09-17 13:00:00,1.072,-4.721,0.0,312.461,9.823,93.384,982.386
2025-09-17 14:00:00,1.292,-4.721,0.0,405.894,5.11,80.928,1007.218
2025-09-17 15:00:00,4.612,-4.721,0.0,356.345,4.854,78.734,999.527
2025-09-17 16:00:00,2.87,-4.721,0.0,352.205,7.414,92.42,980.533
2025-09-17 17:00:00,2.487,-4.721,0.0,375.277,6.655,85.541,1012.3
2025-09-17 18:00:00,2.935,-4.721,0.0,308.24,7.117,91.837,982.028
2025-09-17 19:00:00,1.701,-4.721,0.0,406.678,9.876,78.278,1009.853
2025-09-17 20:00:00,0.493,-4.721,0.0,361.644,7.754,92.605,1018.409
2025-09-17 21:00:00,0.818,-4.721,0.0,349.642,5.882,77.447,1003.49
2025-09-17 22:00:00,0.742,-4.721,0.0,366.109,8.759,87.737,999.02
2025-09-17 23:00:00,1.42,-4.721,0.0,398.545,5.098,90.635,985.48
2025-09-18 00:00:00,3.515,-4.76,0.0,419.481,7.417,88.431,1004.369
2025-09-18 01:00:00,3.178,-4.76,129.41,320.03,6.368,92.0,1002.509
2025-09-18 02:00:00,1.487,-4.76,250.0,417.778,9.189,93.112,1018.469
2025-09-18 03:00:00,1.011,-4.76,353.553,396.879,9.36,72.571,995.032
2025-09-18 04:00:00,1.302,-4.76,433.013,305.765,4.671,81.93,997.01
2025-09-18 05:00:00,1.218,-4.76,482.963,342.418,5.209,90.939,983.665
2025-09-18 06:00:00,2.765,-4.76,500.0,383.63,8.567,73.978,1014.523
2025-09-18 07:00:00,1.35,-4.76,482.963,315.55,6.647,88.212,994.132
2025-09-18 08:00:00,0.209,-4.76,433.013,314.544,4.113,82.184,988.985
2025-09-18 09:00:00,2.637,-4.76,353.553,369.822,9.217,87.96,986.59
2025-09-18 10:00:00,0.989,-4.76,250.0,337.8,5.814,84.871,997.595
2025-09-18 11:00:00,0.543,-4.76,129.41,403.415,6.691,91.177,985.747
2025-09-18 12:00:00,0.411,-4.76,0.0,334.694,6.627,82.253,999.171
2025-09-18 13:00:00,0.666,-4.76,0.0,378.439,8.899,80.71,992.545
2025-09-18 14:00:00,0.722,-4.76,0.0,345.395,7.828,87.556,1007.505
2025-09-18 15:00:00,0.193,-4.76,0.0,330.099,4.822,78.774,1005.319
2025-09-18 16:00:00,0.061,-4.76,0.0,348.211,7.401,81.454,984.892
2025-09-18 17:00:00,1.316,-4.76,0.0,414.766,4.261,77.979,988.425
2025-09-18 18:00:00,0.816,-4.76,0.0,395.608,6.84,75.904,992.791
2025-09-18 19:00:00,0.099,-4.76,0.0,332.608,7.215,91.822,1006.913
2025-09-18 20:00:00,4.49,-4.76,0.0,339.232,9.195,82.212,1011.745
2025-09-18 21:00:00,4.307,-4.76,0.0,377.948,4.255,78.966,990.606
2025-09-18 22:00:00,1.135,-4.76,0.0,347.271,9.315,72.804,989.718
2025-09-18 23:00:00,0.12,-4.76,0.0,351.408,9.572,78.992,982.843
2025-09-19 00:00:00,4.218,-4.796,0.0,317.477,7.687,72.009,1005.441
2025-09-19 01:00:00,1.754,-4.796,129.41,381.001,9.329,82.552,981.715
2025-09-19 02:00:00,0.626,-4.796,250.0,336.917,7.495,78.486,1016.37
2025-09-19 03:00:00,1.259,-4.796,353.553,338.34,4.84,91.523,995.763
2025-09-19 04:00:00,2.626,-4.796,433.013,358.111,9.503,74.824,1002.928
2025-09-19 05:00:00,0.819,-4.796,482.963,336.69,9.496,81.445,991.981
2025-09-19 06:00:00,0.365,-4.796,500.0,339.025,6.537,79.199,1007.758
2025-09-19 07:00:00,2.824,-4.796,482.963,409.626,4.521,94.017,1011.514
2025-09-19 08:00:00,1.087,-4.796,433.013,313.834,5.319,77.022,982.847
2025-09-19 09:00:00,1.759,-4.796,353.553,347.745,5.043,83.235,1004.332
2025-09-19 10:00:00,0.941,-4.796,250.0,317.7,9.62,86.384,1015.104
2025-09-19 11:00:00,0.427,-4.796,129.41,369.193,4.355,90.34,1019.563
2025-09-19 12:00:00,2.548,-4.796,0.0,349.172,9.121,77.672,1015.883
2025-09-19 13:00:00,0.441,-4.796,0.0,379.28,4.211,82.521,983.326
2025-09-19 14:00:00,0.072,-4.796,0.0,391.582,9.522,73.398,993.004
2025-09-19 15:00:00,0.74,-4.796,0.0,315.194,9.957,80.354,1005.747
2025-09-19 16:00:00,2.627,-4.796,0.0,360.657,5.674,75.955,995.814
2025-09-19 17:00:00,1.38,-4.796,0.0,378.541,4.989,94.585,984.774
2025-09-19 18:00:00,2.852,-4.796,0.0,414.171,7.736,91.78,1014.721
2025-09-19 19:00:00,2.169,-4.796,0.0,383.796,8.982,77.946,997.4
2025-09-19 20:00:00,1.262,-4.796,0.0,315.03,4.56,70.836,1014.405
2025-09-19 21:00:00,0.924,-4.796,0.0,316.202,8.531,77.502,988.178
2025-09-19 22:00:00,3.427,-4.796,0.0,319.301,4.208,73.362,1000.0
2025-09-19 23:00:00,4.278,-4.796,0.0,356.557,5.505,73.843,990.784
2025-09-20 00:00:00,1.198,-4.829,0.0,301.963,6.022,86.974,1011.791
2025-09-20 01:00:00,1.049,-4.829,129.41,407.591,8.217,93.758,1003.844
2025-09-20 02:00:00,1.655,-4.829,250.0,339.097,7.775,91.199,999.211
2025-09-20 03:00:00,1.505,-4.829,353.553,410.345,4.405,91.119,1014.247
2025-09-20 04:00:00,0.587,-4.829,433.013,330.837,9.974,77.31,1017.243
2025-09-20 05:00:00,1.353,-4.829,482.963,327.658,9.214,79.022,1018.003
2025-09-20 06:00:00,3.033,-4.829,500.0,323.338,7.561,85.632,1008.714
2025-09-20 07:00:00,2.588,-4.829,482.963,311.292,9.389,70.535,987.504
2025-09-20 08:00:00,3.135,-4.829,433.013,333.512,7.362,72.892,1017.502
2025-09-20 09:00:00,0.609,-4.829,353.553,322.198,5.241,70.399,1017.657
2025-09-20 10:00:00,0.614,-4.829,250.0,312.448,5.881,70.415,999.41
2025-09-20 11:00:00,3.967,-4.829,129.41,356.761,9.312,80.368,995.568
2025-09-20 12:00:00,1.866,-4.829,0.0,355.416,4.032,84.383,1013.042
2025-09-20 13:00:00,7.085,-4.829,0.0,396.471,6.975,76.67,996.136
2025-09-20 14:00:00,0.521,-4.829,0.0,342.044,7.442,73.066,1009.701
2025-09-20 15:00:00,0.614,-4.829,0.0,329.809,4.737,83.384,1005.34
2025-09-20 16:00:00,0.853,-4.829,0.0,409.424,4.095,74.558,994.426
2025-09-20 17:00:00,0.53,-4.829,0.0,329.661,5.646,88.258,988.744
2025-09-20 18:00:00,3.797,-4.829,0.0,303.019,8.649,90.331,981.992
2025-09-20 19:00:00,1.403,-4.829,0.0,398.413,9.392,90.884,993.284
2025-09-20 20:00:00,0.491,-4.829,0.0,341.005,5.083,77.866,993.603
2025-09-20 21:00:00,2.025,-4.829,0.0,415.524,4.018,91.706,987.005
2025-09-20 22:00:00,1.078,-4.829,0.0,342.843,9.036,85.272,1001.538
2025-09-20 23:00:00,1.919,-4.829,0.0,301.167,4.412,85.622,995.065
2025-09-21 00:00:00,5.179,-4.859,0.0,404.443,9.887,86.161,1012.376
2025-09-21 01:00:00,0.853,-4.859,129.41,379.402,5.639,75.337,1015.593
2025-09-21 02:00:00,1.586,-4.859,250.0,339.582,4.161,75.633,990.471
2025-09-21 03:00:00,0.407,-4.859,353.553,409.989,5.545,76.647,989.861
2025-09-21 04:00:00,0.121,-4.859,433.013,328.73,4.63,88.237,1010.633
2025-09-21 05:00:00,0.565,-4.859,482.963,312.26,4.011,88.829,1011.431
2025-09-21 06:00:00,1.102,-4.859,500.0,314.233,9.159,82.316,992.837
2025-09-21 07:00:00,2.337,-4.859,482.963,367.167,5.56,77.099,1016.562
2025-09-21 08:00:00,0.352,-4.859,433.013,388.838,7.419,84.737,1007.647
2025-09-21 09:00:00,1.872,-4.859,353.553,418.867,4.98,76.409,990.306
2025-09-21 10:00:00,0.712,-4.859,250.0,370.215,6.423,72.281,1016.868
2025-09-21 11:00:00,1.54,-4.859,129.41,331.076,5.063,70.968,1019.679
2025-09-21 12:00:00,0.019,-4.859,0.0,313.457,8.224,92.804,982.413
2025-09-21 13:00:00,0.275,-4.859,0.0,307.232,7.418,91.82,1016.911
2025-09-21 14:00:00,0.525,-4.859,0.0,300.789,5.558,89.97,1004.432
2025-09-21 15:00:00,0.453,-4.859,0.0,396.079,7.201,79.518,1014.986
2025-09-21 16:00:00,3.887,-4.859,0.0,373.707,5.843,94.94,1012.351
2025-09-21 17:00:00,1.063,-4.859,0.0,350.913,9.63,80.682,1007.095
2025-09-21 18:00:00,2.334,-4.859,0.0,392.506,7.689,70.707,1017.024
2025-09-21 19:00:00,1.101,-4.859,0.0,356.362,6.415,72.619,993.067
2025-09-21 20:00:00,0.662,-4.859,0.0,319.827,7.085,78.094,1002.75
2025-09-21 21:00:00,1.777,-4.859,0.0,333.105,5.198,87.592,1007.385
2025-09-21 22:00:00,0.353,-4.859,0.0,321.281,4.086,80.805,1007.039
2025-09-21 23:00:00,3.448,-4.859,0.0,368.097,9.309,83.946,983.57
2025-09-22 00:00:00,0.907,-4.887,0.0,378.271,9.788,72.951,995.54
2025-09-22 01:00:00,1.023,-4.887,129.41,347.812,9.131,90.615,983.233
2025-09-22 02:00:00,1.349,-4.887,250.0,387.518,5.436,80.419,985.113
2025-09-22 03:00:00,0.579,-4.887,353.553,337.117,7.417,88.462,980.774
2025-09-22 04:00:00,2.008,-4.887,433.013,414.68,8.048,82.422,998.017
2025-09-22 05:00:00,0.472,-4.887,482.963,345.452,7.193,77.257,993.697
2025-09-22 06:00:00,0.613,-4.887,500.0,305.159,5.648,70.521,1004.628
2025-09-22 07:00:00,0.669,-4.887,482.963,311.483,9.922,80.808,999.931
2025-09-22 08:00:00,3.353,-4.887,433.013,409.23,6.127,92.537,998.091
2025-09-22 09:00:00,1.509,-4.887,353.553,363.157,5.068,72.108,988.328
2025-09-22 10:00:00,2.582,-4.887,250.0,368.383,5.075,87.667,1009.167
2025-09-22 11:00:00,0.564,-4.887,129.41,382.941,4.62,94.812,993.191
2025-09-22 12:00:00,1.506,-4.887,0.0,311.402,4.656,82.475,990.978
2025-09-22 13:00:00,1.757,-4.887,0.0,332.867,4.097,83.781,987.651
2025-09-22 14:00:00,0.378,-4.887,0.0,335.964,7.849,81.699,1009.312
2025-09-22 15:00:00,4.342,-4.887,0.0,394.451,6.757,92.801,994.409
2025-09-22 16:00:00,1.279,-4.887,0.0,338.531,4.462,82.545,1007.387
2025-09-22 17:00:00,0.362,-4.887,0.0,372.57,6.454,82.715,1010.243
2025-09-22 18:00:00,0.857,-4.887,0.0,383.452,7.076,74.687,1013.159
2025-09-22 19:00:00,1.166,-4.887,0.0,322.051,5.33,72.677,992.162
2025-09-22 20:00:00,0.994,-4.887,0.0,384.746,4.97,91.781,1016.5
2025-09-22 21:00:00,0.3,-4.887,0.0,309.464,4.43,83.932,1005.617
2025-09-22 22:00:00,0.262,-4.887,0.0,417.6,4.237,88.125,995.082
2025-09-22 23:00:00,0.329,-4.887,0.0,391.183,4.302,84.278,1008.635
2025-09-23 00:00:00,0.263,-4.911,0.0,373.8,4.82,91.293,1004.449
2025-09-23 01:00:00,1.275,-4.911,129.41,324.934,7.001,84.096,1003.48
2025-09-23 02:00:00,1.096,-4.911,250.0,300.652,5.241,78.148,1011.981
2025-09-23 03:00:00,0.965,-4.911,353.553,329.06,9.323,91.497,993.256
2025-09-23 04:00:00,0.193,-4.911,433.013,359.467,8.018,93.86,1000.533
2025-09-23 05:00:00,1.832,-4.911,482.963,342.078,9.705,87.174,992.301
2025-09-23 06:00:00,1.185,-4.911,500.0,305.622,5.656,91.756,1012.818
2025-09-23 07:00:00,1.051,-4.911,482.963,348.59,5.544,77.152,1005.124
2025-09-23 08:00:00,2.392,-4.911,433.013,365.305,8.694,78.135,1005.094
2025-09-23 09:00:00,0.693,-4.911,353.553,342.294,7.656,85.922,1017.754
2025-09-23 10:00:00,2.585,-4.911,250.0,397.036,7.6,78.117,989.056
2025-09-23 11:00:00,2.517,-4.911,129.41,369.823,6.063,78.044,995.887
2025-09-23 12:00:00,0.061,-4.911,0.0,405.255,6.205,79.161,981.989
2025-09-23 13:00:00,0.482,-4.911,0.0,306.52,8.284,85.974,1004.803
2025-09-23 14:00:00,1.952,-4.911,0.0,388.155,6.794,71.914,1018.086
2025-09-23 15:00:00,0.383,-4.911,0.0,322.891,7.334,77.468,998.459
2025-09-23 16:00:00,1.042,-4.911,0.0,330.366,9.577,89.939,1013.999
2025-09-23 17:00:00,0.287,-4.911,0.0,372.105,5.228,77.192,982.699
2025-09-23 18:00:00,0.51,-4.911,0.0,383.615,7.712,83.812,1019.688
2025-09-23 19:00:00,0.969,-4.911,0.0,369.52,8.132,73.188,1017.557
2025-09-23 20:00:00,0.317,-4.911,0.0,358.062,5.907,87.45,1010.977
2025-09-23 21:00:00,1.004,-4.911,0.0,412.857,6.26,74.323,989.967
2025-09-23 22:00:00,2.026,-4.911,0.0,308.597,4.132,71.225,980.282
2025-09-23 23:00:00,0.848,-4.911,0.0,414.805,9.35,79.266,981.052
2025-09-24 00:00:00,0.538,-4.933,0.0,363.845,8.677,76.166,992.507
2025-09-24 01:00:00,3.273,-4.933,129.41,403.685,5.235,77.511,989.164
2025-09-24 02:00:00,0.893,-4.933,250.0,354.855,9.931,87.927,997.727
2025-09-24 03:00:00,1.253,-4.933,353.553,356.342,6.194,88.609,981.882
2025-09-24 04:00:00,1.23,-4.933,433.013,302.27,8.879,89.035,1019.559
2025-09-24 05:00:00,0.546,-4.933,482.963,375.931,9.725,83.354,987.5
2025-09-24 06:00:00,1.704,-4.933,500.0,346.847,4.414,85.586,1011.527
2025-09-24 07:00:00,2.29,-4.933,482.963,391.664,4.471,72.367,987.672
2025-09-24 08:00:00,2.004,-4.933,433.013,406.305,5.374,78.172,1018.868
2025-09-24 09:00:00,1.566,-4.933,353.553,342.722,5.874,75.772,1013.632
2025-09-24 10:00:00,2.318,-4.933,250.0,387.424,9.864,71.124,989.186
2025-09-24 11:00:00,0.263,-4.933,129.41,397.478,8.999,76.295,1019.268
2025-09-24 12:00:00,0.336,-4.933,0.0,371.937,7.218,71.058,990.531
2025-09-24 13:00:00,0.919,-4.933,0.0,342.873,9.213,83.428,1014.459
2025-09-24 14:00:00,2.038,-4.933,0.0,338.267,8.467,79.299,981.289
2025-09-24 15:00:00,0.402,-4.933,0.0,407.637,5.699,93.22,1012.769
2025-09-24 16:00:00,2.27,-4.933,0.0,397.405,7.929,85.965,989.287
2025-09-24 17:00:00,0.494,-4.933,0.0,300.472,4.28,70.771,1017.104
2025-09-24 18:00:00,0.764,-4.933,0.0,388.739,6.774,86.605,1019.717
2025-09-24 19:00:00,1.566,-4.933,0.0,359.544,8.219,94.492,1005.782
2025-09-24 20:00:00,3.571,-4.933,0.0,368.372,8.685,90.701,1017.188
2025-09-24 21:00:00,1.716,-4.933,0.0,401.186,8.948,82.003,1002.266
2025-09-24 22:00:00,0.977,-4.933,0.0,315.978,4.047,89.842,998.161
2025-09-24 23:00:00,0.45,-4.933,0.0,306.371,9.038,87.137,984.929
2025-09-25 00:00:00,0.612,-4.951,0.0,371.09,8.729,93.221,996.327
2025-09-25 01:00:00,1.397,-4.951,129.41,350.201,9.552,74.054,992.749
2025-09-25 02:00:00,4.859,-4.951,250.0,326.539,7.899,81.098,1005.859
2025-09-25 03:00:00,1.029,-4.951,353.553,322.199,6.219,78.371,1000.221
2025-09-25 04:00:00,0.768,-4.951,433.013,362.131,7.53,70.297,1018.621
2025-09-25 05:00:00,1.328,-4.951,482.963,373.361,4.351,92.682,1010.333
2025-09-25 06:00:00,3.049,-4.951,500.0,312.586,5.554,91.239,994.986
2025-09-25 07:00:00,0.622,-4.951,482.963,307.631,7.09,77.043,1019.106
2025-09-25 08:00:00,1.836,-4.951,433.013,360.557,9.894,79.655,985.155
2025-09-25 09:00:00,0.819,-4.951,353.553,369.847,7.35,88.836,1000.7
2025-09-25 10:00:00,1.309,-4.951,250.0,417.659,9.481,82.018,1018.536
2025-09-25 11:00:00,2.133,-4.951,129.41,371.383,6.833,86.457,994.469
2025-09-25 12:00:00,2.234,-4.951,0.0,403.292,8.083,79.792,1019.422
2025-09-25 13:00:00,0.999,-4.951,0.0,409.679,4.658,92.109,998.66
2025-09-25 14:00:00,1.488,-4.951,0.0,364.291,9.422,89.133,1019.137
2025-09-25 15:00:00,0.202,-4.951,0.0,404.678,6.324,77.368,985.776
2025-09-25 16:00:00,2.235,-4.951,0.0,411.617,6.745,88.215,1013.191
2025-09-25 17:00:00,0.187,-4.951,0.0,359.742,9.297,93.951,1017.304
2025-09-25 18:00:00,1.756,-4.951,0.0,405.484,6.282,93.069,991.922
2025-09-25 19:00:00,0.754,-4.951,0.0,344.919,5.247,75.58,1005.166
2025-09-25 20:00:00,1.148,-4.951,0.0,397.758,9.887,86.949,1007.368
2025-09-25 21:00:00,0.345,-4.951,0.0,310.211,5.937,79.37,993.489
2025-09-25 22:00:00,0.584,-4.951,0.0,301.112,6.632,79.756,1006.439
2025-09-25 23:00:00,0.441,-4.951,0.0,379.94,7.423,86.119,998.2
2025-09-26 00:00:00,2.093,-4.967,0.0,309.376,5.661,76.012,996.034
2025-09-26 01:00:00,0.977,-4.967,129.41,397.185,4.837,70.127,1015.689
2025-09-26 02:00:00,1.184,-4.967,250.0,334.713,8.587,85.71,994.124
2025-09-26 03:00:00,3.138,-4.967,353.553,338.61,9.229,76.658,993.168
2025-09-26 04:00:00,0.675,-4.967,433.013,402.734,5.786,84.811,1017.051
2025-09-26 05:00:00,0.358,-4.967,482.963,410.241,7.521,85.197,1008.49
2025-09-26 06:00:00,1.159,-4.967,500.0,305.371,8.602,87.415,983.204
2025-09-26 07:00:00,1.198,-4.967,482.963,393.268,4.782,70.226,1007.596
2025-09-26 08:00:00,0.623,-4.967,433.013,415.793,7.233,77.189,981.673
2025-09-26 09:00:00,0.169,-4.967,353.553,338.075,5.875,74.974,984.869
2025-09-26 10:00:00,2.513,-4.967,250.0,415.436,8.75,90.247,996.292
2025-09-26 11:00:00,0.393,-4.967,129.41,318.549,6.804,76.83,1002.666
2025-09-26 12:00:00,0.548,-4.967,0.0,395.479,8.672,72.395,1015.121
2025-09-26 13:00:00,2.589,-4.967,0.0,376.208,9.278,86.002,1016.601
2025-09-26 14:00:00,0.376,-4.967,0.0,376.239,7.531,91.952,991.96
2025-09-26 15:00:00,0.776,-4.967,0.0,337.075,9.722,92.613,992.377
2025-09-26 16:00:00,2.159,-4.967,0.0,399.115,7.962,80.201,1000.254
2025-09-26 17:00:00,1.879,-4.967,0.0,373.754,8.318,78.642,1015.228
2025-09-26 18:00:00,3.477,-4.967,0.0,407.568,6.816,73.3,1011.596
2025-09-26 19:00:00,1.867,-4.967,0.0,302.907,8.255,87.631,988.876
2025-09-26 20:00:00,2.509,-4.967,0.0,333.639,7.202,76.533,1012.528
2025-09-26 21:00:00,2.625,-4.967,0.0,370.178,5.294,89.64,992.923
2025-09-26 22:00:00,1.016,-4.967,0.0,372.078,6.201,93.616,1019.927
2025-09-26 23:00:00,1.507,-4.967,0.0,400.541,6.788,83.242,1011.421
2025-09-27 00:00:00,2.744,-4.979,0.0,362.428,8.646,87.614,987.971
2025-09-27 01:00:00,1.441,-4.979,129.41,361.711,4.127,71.885,998.223
2025-09-27 02:00:00,1.87,-4.979,250.0,408.669,4.972,92.694,981.02
2025-09-27 03:00:00,1.78,-4.979,353.553,379.273,7.19,80.859,1000.976
2025-09-27 04:00:00,1.312,-4.979,433.013,410.721,6.95,94.897,992.107
2025-09-27 05:00:00,0.777,-4.979,482.963,330.482,4.903,86.473,1000.403
2025-09-27 06:00:00,1.51,-4.979,500.0,330.858,9.768,78.96,987.23
2025-09-27 07:00:00,1.094,-4.979,482.963,329.154,7.958,71.701,982.24
2025-09-27 08:00:00,0.345,-4.979,433.013,314.595,5.601,81.015,1010.915
2025-09-27 09:00:00,0.393,-4.979,353.553,379.847,8.46,71.931,1008.459
2025-09-27 10:00:00,0.103,-4.979,250.0,385.298,7.266,92.278,1017.188
2025-09-27 11:00:00,1.052,-4.979,129.41,394.389,4.574,85.988,988.648
2025-09-27 12:00:00,0.765,-4.979,0.0,382.495,4.731,73.457,986.79
2025-09-27 13:00:00,1.769,-4.979,0.0,341.589,8.236,87.261,985.358
2025-09-27 14:00:00,0.164,-4.979,0.0,364.534,9.956,70.747,999.024
2025-09-27 15:00:00,0.945,-4.979,0.0,415.011,8.214,91.799,1007.107
2025-09-27 16:00:00,2.794,-4.979,0.0,418.718,5.581,89.438,1009.673
2025-09-27 17:00:00,2.041,-4.979,0.0,340.734,7.018,70.181,1008.059
2025-09-27 18:00:00,0.989,-4.979,0.0,419.375,7.014,94.102,1002.102
2025-09-27 19:00:00,4.886,-4.979,0.0,396.831,8.854,89.49,1001.765
2025-09-27 20:00:00,1.51,-4.979,0.0,341.858,9.356,78.404,993.969
2025-09-27 21:00:00,1.976,-4.979,0.0,406.471,6.529,93.82,993.115
2025-09-27 22:00:00,0.82,-4.979,0.0,308.694,4.389,89.472,1019.887
2025-09-27 23:00:00,0.348,-4.979,0.0,347.92,8.892,78.547,1010.663
2025-09-28 00:00:00,0.709,-4.989,0.0,328.135,8.405,78.754,990.558
2025-09-28 01:00:00,0.866,-4.989,129.41,343.925,9.615,81.833,1010.081
2025-09-28 02:00:00,1.59,-4.989,250.0,331.488,4.297,73.584,1001.273
2025-09-28 03:00:00,1.874,-4.989,353.553,318.145,5.981,91.299,989.229
2025-09-28 04:00:00,1.114,-4.989,433.013,373.9,8.501,89.241,993.832
2025-09-28 05:00:00,1.092,-4.989,482.963,325.211,8.93,73.58,1011.062
2025-09-28 06:00:00,0.718,-4.989,500.0,395.992,9.142,75.068,984.023
2025-09-28 07:00:00,2.317,-4.989,482.963,307.954,7.793,70.234,980.74
2025-09-28 08:00:00,0.51,-4.989,433.013,395.162,4.948,81.059,1015.258
2025-09-28 09:00:00,1.827,-4.989,353.553,316.917,7.999,93.625,1000.682
2025-09-28 10:00:00,0.01,-4.989,250.0,341.176,6.823,70.363,988.785
2025-09-28 11:00:00,1.306,-4.989,129.41,382.29,7.726,74.559,1005.041
2025-09-28 12:00:00,3.305,-4.989,0.0,395.164,4.215,92.698,998.04
2025-09-28 13:00:00,1.894,-4.989,0.0,375.998,9.611,91.566,1005.524
2025-09-28 14:00:00,1.947,-4.989,0.0,304.427,6.459,89.976,988.412
2025-09-28 15:00:00,0.616,-4.989,0.0,394.406,7.398,81.405,1013.928
2025-09-28 16:00:00,1.253,-4.989,0.0,320.835,5.185,77.483,1001.672
2025-09-28 17:00:00,4.416,-4.989,0.0,332.621,4.97,84.62,993.628
2025-09-28 18:00:00,3.045,-4.989,0.0,355.765,5.77,91.027,982.759
2025-09-28 19:00:00,0.391,-4.989,0.0,397.934,9.906,75.896,1019.749
2025-09-28 20:00:00,0.755,-4.989,0.0,327.382,4.542,78.461,1006.206
2025-09-28 21:00:00,0.157,-4.989,0.0,415.074,5.247,94.963,981.804
2025-09-28 22:00:00,0.618,-4.989,0.0,343.415,5.296,89.683,992.706
2025-09-28 23:00:00,2.705,-4.989,0.0,334.21,8.606,77.354,995.233
2025-09-29 00:00:00,0.446,-4.995,0.0,365.968,7.138,78.857,992.312
2025-09-29 01:00:00,0.62,-4.995,129.41,404.604,5.47,80.737,988.702
2025-09-29 02:00:00,1.185,-4.995,250.0,390.765,5.358,81.976,1005.6
2025-09-29 03:00:00,3.875,-4.995,353.553,311.677,7.759,92.738,1017.33
2025-09-29 04:00:00,1.58,-4.995,433.013,394.889,5.139,87.489,993.683
2025-09-29 05:00:00,3.233,-4.995,482.963,312.528,4.197,88.376,985.927
2025-09-29 06:00:00,0.992,-4.995,500.0,347.623,9.925,72.839,981.522
2025-09-29 07:00:00,0.431,-4.995,482.963,413.217,8.69,86.14,986.612
2025-09-29 08:00:00,1.059,-4.995,433.013,378.107,6.077,88.593,984.585
2025-09-29 09:00:00,3.0,-4.995,353.553,378.081,6.649,89.743,1010.327
2025-09-29 10:00:00,4.283,-4.995,250.0,309.658,4.194,86.334,980.429
2025-09-29 11:00:00,0.809,-4.995,129.41,307.17,8.783,88.598,1008.907
2025-09-29 12:00:00,1.02,-4.995,0.0,370.306,4.173,89.442,993.327
2025-09-29 13:00:00,3.499,-4.995,0.0,377.354,9.049,93.854,1017.54
2025-09-29 14:00:00,0.724,-4.995,0.0,414.655,6.664,82.908,1005.909
2025-09-29 15:00:00,0.479,-4.995,0.0,392.571,8.967,90.92,1009.735
2025-09-29 16:00:00,0.292,-4.995,0.0,394.622,9.334,91.965,1017.944
2025-09-29 17:00:00,1.952,-4.995,0.0,304.334,7.33,82.755,996.433
2025-09-29 18:00:00,0.457,-4.995,0.0,335.763,5.518,79.512,1006.223
2025-09-29 19:00:00,5.282,-4.995,0.0,387.675,7.116,73.306,986.808
2025-09-29 20:00:00,0.69,-4.995,0.0,313.251,5.049,78.235,1008.555
2025-09-29 21:00:00,2.746,-4.995,0.0,412.675,9.572,82.376,1000.808
2025-09-29 22:00:00,0.513,-4.995,0.0,305.562,9.903,88.814,1017.651
2025-09-29 23:00:00,4.127,-4.995,0.0,347.969,6.166,93.423,999.704
2025-09-30 00:00:00,0.92,-4.999,0.0,388.691,6.342,74.923,994.797
2025-09-30 01:00:00,1.612,-4.999,129.41,346.551,8.301,83.345,1001.366
2025-09-30 02:00:00,1.126,-4.999,250.0,399.659,6.403,75.152,1019.168
2025-09-30 03:00:00,0.179,-4.999,353.553,332.806,4.209,84.319,1000.567
2025-09-30 04:00:00,2.578,-4.999,433.013,314.587,5.745,84.54,1009.947
2025-09-30 05:00:00,2.96,-4.999,482.963,372.274,9.805,73.043,984.274
2025-09-30 06:00:00,0.574,-4.999,500.0,359.736,4.074,84.805,1016.199
2025-09-30 07:00:00,3.002,-4.999,482.963,391.938,4.871,85.255,1009.438
2025-09-30 08:00:00,1.193,-4.999,433.013,377.923,8.92,82.827,1010.231
2025-09-30 09:00:00,0.846,-4.999,353.553,413.029,6.582,93.713,981.394
2025-09-30 10:00:00,4.528,-4.999,250.0,397.19,9.815,79.464,1011.915
2025-09-30 11:00:00,2.19,-4.999,129.41,393.552,9.042,84.326,999.616
2025-09-30 12:00:00,0.843,-4.999,0.0,374.768,5.184,93.852,1019.565
2025-09-30 13:00:00,0.222,-4.999,0.0,385.658,4.227,91.851,986.341
2025-09-30 14:00:00,1.195,-4.999,0.0,337.319,9.954,92.164,988.754
2025-09-30 15:00:00,1.041,-4.999,0.0,325.419,5.581,84.298,1005.546
2025-09-30 16:00:00,1.782,-4.999,0.0,355.345,5.476,79.839,1013.55
2025-09-30 17:00:00,0.901,-4.999,0.0,343.948,7.296,77.748,1007.191
2025-09-30 18:00:00,1.772,-4.999,0.0,396.556,8.899,84.54,1010.62
2025-09-30 19:00:00,0.326,-4.999,0.0,309.174,6.068,83.846,1001.05
2025-09-30 20:00:00,1.689,-4.999,0.0,419.422,8.672,92.382,993.007
2025-09-30 21:00:00,1.33,-4.999,0.0,363.112,7.147,75.431,984.584
2025-09-30 22:00:00,1.43,-4.999,0.0,389.845,5.724,72.963,998.887
2025-09-30 23:00:00,1.119,-4.999,0.0,303.801,7.586,90.666,995.179
2025-10-01 00:00:00,3.036,-5.0,0.0,359.614,9.892,81.616,989.178
2025-10-01 01:00:00,0.887,-5.0,129.41,340.902,4.581,86.339,983.787
2025-10-01 02:00:00,1.288,-5.0,250.0,397.88,4.392,79.518,985.332
2025-10-01 03:00:00,0.77,-5.0,353.553,413.433,6.303,91.178,1015.858
2025-10-01 04:00:00,2.06,-5.0,433.013,360.435,4.117,86.145,985.617
2025-10-01 05:00:00,2.002,-5.0,482.963,328.083,9.459,76.67,997.142
2025-10-01 06:00:00,0.375,-5.0,500.0,406.374,5.504,74.99,1016.77
2025-10-01 07:00:00,0.373,-5.0,482.963,403.96,8.006,94.076,1005.691
2025-10-01 08:00:00,0.386,-5.0,433.013,364.282,8.08,74.117,1007.745
2025-10-01 09:00:00,3.832,-5.0,353.553,317.182,4.104,80.228,986.556
2025-10-01 10:00:00,4.847,-5.0,250.0,326.808,5.792,78.769,996.181
2025-10-01 11:00:00,0.753,-5.0,129.41,321.495,8.846,71.377,1007.346
2025-10-01 12:00:00,2.543,-5.0,0.0,383.088,9.443,86.757,1013.229
2025-10-01 13:00:00,2.967,-5.0,0.0,371.118,4.59,92.708,997.213
2025-10-01 14:00:00,0.598,-5.0,0.0,324.595,9.207,88.098,1012.019
2025-10-01 15:00:00,1.152,-5.0,0.0,400.301,8.081,86.842,990.762
2025-10-01 16:00:00,1.004,-5.0,0.0,319.747,4.889,78.095,991.741
2025-10-01 17:00:00,0.022,-5.0,0.0,350.905,9.808,79.494,990.094
2025-10-01 18:00:00,1.539,-5.0,0.0,376.768,5.096,83.87,998.585
2025-10-01 19:00:00,2.27,-5.0,0.0,306.89,9.167,79.702,983.197
2025-10-01 20:00:00,3.962,-5.0,0.0,326.951,9.794,88.801,989.4
2025-10-01 21:00:00,0.335,-5.0,0.0,325.824,6.591,70.353,1000.754
2025-10-01 22:00:00,0.198,-5.0,0.0,410.844,6.398,76.018,980.466
2025-10-01 23:00:00,0.965,-5.0,0.0,301.819,4.568,79.414,982.209
2025-10-02 00:00:00,3.456,-4.998,0.0,416.327,6.78,83.966,1008.621
2025-10-02 01:00:00,0.035,-4.998,129.41,373.98,9.929,80.717,1014.513
2025-10-02 02:00:00,1.303,-4.998,250.0,373.723,4.756,72.527,984.543
2025-10-02 03:00:00,2.719,-4.998,353.553,417.128,7.898,83.396,981.86
2025-10-02 04:00:00,1.123,-4.998,433.013,378.423,9.052,88.923,996.265
2025-10-02 05:00:00,2.413,-4.998,482.963,390.986,4.816,72.691,999.848
2025-10-02 06:00:00,0.151,-4.998,500.0,375.244,8.062,78.782,1012.035
2025-10-02 07:00:00,0.696,-4.998,482.963,402.844,4.867,82.955,1016.587
2025-10-02 08:00:00,1.525,-4.998,433.013,347.159,7.436,88.478,996.016
2025-10-02 09:00:00,0.554,-4.998,353.553,357.325,4.757,81.939,1013.493
2025-10-02 10:00:00,1.269,-4.998,250.0,351.228,5.83,87.086,985.99
2025-10-02 11:00:00,0.18,-4.998,129.41,354.091,9.511,78.202,1019.21
2025-10-02 12:00:00,0.179,-4.998,0.0,372.482,4.886,92.497,989.458
2025-10-02 13:00:00,1.123,-4.998,0.0,329.697,8.295,83.302,982.471
2025-10-02 14:00:00,1.038,-4.998,0.0,316.266,4.358,76.374,991.546
2025-10-02 15:00:00,1.336,-4.998,0.0,318.873,9.538,76.857,997.161
2025-10-02 16:00:00,1.472,-4.998,0.0,332.29,4.813,84.187,987.728
2025-10-02 17:00:00,0.363,-4.998,0.0,410.559,7.408,70.612,982.985
2025-10-02 18:00:00,0.916,-4.998,0.0,400.106,7.904,77.327,997.621
2025-10-02 19:00:00,0.27,-4.998,0.0,391.282,9.73,81.497,989.329
2025-10-02 20:00:00,5.035,-4.998,0.0,376.613,6.706,75.504,984.549
2025-10-02 21:00:00,1.892,-4.998,0.0,327.909,6.731,85.637,1005.541
2025-10-02 22:00:00,0.24,-4.998,0.0,312.968,8.745,82.234,989.974
2025-10-02 23:00:00,0.166,-4.998,0.0,416.404,6.433,79.694,1005.622
2025-10-03 00:00:00,0.987,-4.993,0.0,377.219,5.28,87.975,980.791
2025-10-03 01:00:00,1.184,-4.993,129.41,381.34,9.888,76.165,1000.49
2025-10-03 02:00:00,4.961,-4.993,250.0,346.349,8.639,80.238,995.832
2025-10-03 03:00:00,1.294,-4.993,353.553,329.414,4.418,85.103,986.957
2025-10-03 04:00:00,1.419,-4.993,433.013,350.021,9.344,79.009,999.056
2025-10-03 05:00:00,2.153,-4.993,482.963,309.611,8.636,84.262,1008.452
2025-10-03 06:00:00,1.926,-4.993,500.0,347.219,6.652,85.485,1014.385
2025-10-03 07:00:00,1.508,-4.993,482.963,329.354,9.319,91.132,991.027
2025-10-03 08:00:00,0.672,-4.993,433.013,334.49,9.589,88.899,1019.36
2025-10-03 09:00:00,1.24,-4.993,353.553,332.289,5.535,82.89,1014.79
2025-10-03 10:00:00,0.471,-4.993,250.0,301.693,8.803,80.824,984.812
2025-10-03 11:00:00,1.297,-4.993,129.41,389.345,6.593,83.66,1016.894
2025-10-03 12:00:00,1.936,-4.993,0.0,319.675,8.875,88.219,989.576
2025-10-03 13:00:00,0.432,-4.993,0.0,316.645,9.732,72.917,982.929
2025-10-03 14:00:00,1.854,-4.993,0.0,322.15,9.222,84.568,1010.363
2025-10-03 15:00:00,1.51,-4.993,0.0,396.194,6.767,78.424,1016.99
2025-10-03 16:00:00,2.773,-4.993,0.0,339.71,5.923,93.476,998.115
2025-10-03 17:00:00,1.834,-4.993,0.0,364.21,5.95,71.897,982.587
2025-10-03 18:00:00,1.199,-4.993,0.0,310.974,7.06,88.661,986.883
2025-10-03 19:00:00,0.752,-4.993,0.0,344.315,8.964,76.415,1009.534
2025-10-03 20:00:00,1.254,-4.993,0.0,396.994,7.135,76.237,998.039
2025-10-03 21:00:00,1.443,-4.993,0.0,386.957,8.074,70.378,980.182
2025-10-03 22:00:00,2.277,-4.993,0.0,317.346,7.04,86.378,981.354
2025-10-03 23:00:00,0.124,-4.993,0.0,371.139,4.967,71.278,983.429
2025-10-04 00:00:00,1.244,-4.984,0.0,344.446,8.312,70.85,1001.802
2025-10-04 01:00:00,0.521,-4.984,129.41,302.634,7.32,71.309,988.821
2025-10-04 02:00:00,0.517,-4.984,250.0,383.853,6.027,80.254,1002.991
2025-10-04 03:00:00,1.156,-4.984,353.553,342.742,6.378,73.215,989.624
2025-10-04 04:00:00,0.317,-4.984,433.013,350.488,5.654,83.945,982.443
2025-10-04 05:00:00,1.91,-4.984,482.963,348.162,8.465,70.927,1013.22
2025-10-04 06:00:00,4.131,-4.984,500.0,365.421,5.492,82.108,1000.269
2025-10-04 07:00:00,1.165,-4.984,482.963,344.859,4.431,89.666,1019.997
2025-10-04 08:00:00,0.862,-4.984,433.013,404.99,4.256,86.053,980.073
2025-10-04 09:00:00,2.224,-4.984,353.553,372.874,5.171,83.216,992.164
2025-10-04 10:00:00,0.915,-4.984,250.0,316.5,9.22,72.949,1016.838
2025-10-04 11:00:00,1.658,-4.984,129.41,332.478,4.676,74.24,1015.201
2025-10-04 12:00:00,2.885,-4.984,0.0,374.365,6.662,89.174,995.224
2025-10-04 13:00:00,1.145,-4.984,0.0,323.091,6.051,77.121,989.308
2025-10-04 14:00:00,2.315,-4.984,0.0,346.467,8.926,92.887,997.393
2025-10-04 15:00:00,1.18,-4.984,0.0,350.745,4.881,70.961,989.697
2025-10-04 16:00:00,1.332,-4.984,0.0,387.297,5.345,78.181,1000.016
2025-10-04 17:00:00,0.511,-4.984,0.0,402.155,6.856,72.401,1017.185
2025-10-04 18:00:00,1.246,-4.984,0.0,370.137,4.473,92.647,1003.325
2025-10-04 19:00:00,1.345,-4.984,0.0,336.822,5.939,84.074,981.197
2025-10-04 20:00:00,1.719,-4.984,0.0,412.85,8.125,82.475,1001.376
2025-10-04 21:00:00,1.029,-4.984,0.0,416.082,9.159,94.164,1008.263
2025-10-04 22:00:00,0.805,-4.984,0.0,308.407,4.325,80.997,997.418
2025-10-04 23:00:00,1.733,-4.984,0.0,322.146,9.418,73.928,995.333
2025-10-05 00:00:00,1.888,-4.973,0.0,354.457,9.313,74.213,985.966
2025-10-05 01:00:00,2.773,-4.973,129.41,371.222,7.728,71.199,986.782
2025-10-05 02:00:00,2.712,-4.973,250.0,363.355,7.386,83.279,1001.299
2025-10-05 03:00:00,0.705,-4.973,353.553,335.094,7.14,76.868,989.009
2025-10-05 04:00:00,1.086,-4.973,433.013,345.634,4.75,89.911,1019.338
2025-10-05 05:00:00,1.095,-4.973,482.963,361.819,4.961,71.037,1014.524
2025-10-05 06:00:00,0.471,-4.973,500.0,413.519,7.425,73.787,1017.037
2025-10-05 07:00:00,0.898,-4.973,482.963,302.503,8.021,83.302,980.634
2025-10-05 08:00:00,1.09,-4.973,433.013,313.829,9.76,73.969,980.146
2025-10-05 09:00:00,0.469,-4.973,353.553,357.629,6.243,71.744,1007.815
2025-10-05 10:00:00,3.713,-4.973,250.0,300.676,5.426,84.303,1015.317
2025-10-05 11:00:00,1.11,-4.973,129.41,364.275,4.196,94.616,1019.9
2025-10-05 12:00:00,1.055,-4.973,0.0,311.315,8.005,78.445,988.305
2025-10-05 13:00:00,3.534,-4.973,0.0,389.47,4.684,77.489,1008.053
2025-10-05 14:00:00,0.977,-4.973,0.0,363.717,6.678,78.873,1002.787
2025-10-05 15:00:00,1.638,-4.973,0.0,343.134,9.997,82.388,1003.063
2025-10-05 16:00:00,1.875,-4.973,0.0,373.559,7.475,83.055,989.5
2025-10-05 17:00:00,1.231,-4.973,0.0,354.411,4.39,88.072,1000.35
2025-10-05 18:00:00,0.663,-4.973,0.0,394.78,7.84,86.323,1017.461
2025-10-05 19:00:00,2.58,-4.973,0.0,342.716,7.59,81.477,1005.332
2025-10-05 20:00:00,2.036,-4.973,0.0,327.625,7.801,75.643,992.023
2025-10-05 21:00:00,1.318,-4.973,0.0,352.978,4.062,70.298,1019.681
2025-10-05 22:00:00,3.282,-4.973,0.0,327.367,4.002,82.8,1014.454
2025-10-05 23:00:00,0.551,-4.973,0.0,378.947,7.484,87.18,989.963
2025-10-06 00:00:00,0.396,-4.959,0.0,324.519,6.609,88.674,1009.41
2025-10-06 01:00:00,1.512,-4.959,129.41,328.141,7.321,73.03,997.352
2025-10-06 02:00:00,4.194,-4.959,250.0,399.628,8.327,86.148,1012.992
2025-10-06 03:00:00,1.881,-4.959,353.553,407.269,8.35,88.427,1019.9
2025-10-06 04:00:00,0.132,-4.959,433.013,369.842,4.773,74.311,1004.858
2025-10-06 05:00:00,2.74,-4.959,482.963,357.273,8.93,91.102,998.143
2025-10-06 06:00:00,3.773,-4.959,500.0,334.916,8.204,91.477,1012.102
2025-10-06 07:00:00,1.645,-4.959,482.963,355.274,4.855,94.804,989.938
2025-10-06 08:00:00,3.524,-4.959,433.013,408.444,4.315,81.285,993.788
2025-10-06 09:00:00,1.095,-4.959,353.553,360.783,7.545,89.319,1018.955
2025-10-06 10:00:00,2.143,-4.959,250.0,312.665,7.71,83.116,994.899
2025-10-06 11:00:00,2.662,-4.959,129.41,323.653,4.383,91.977,994.76
2025-10-06 12:00:00,0.749,-4.959,0.0,311.449,7.297,75.596,1013.567
2025-10-06 13:00:00,1.445,-4.959,0.0,316.931,9.08,94.093,999.755
2025-10-06 14:00:00,0.991,-4.959,0.0,398.52,9.868,83.275,982.375
2025-10-06 15:00:00,0.116,-4.959,0.0,334.232,4.493,83.242,989.284
2025-10-06 16:00:00,0.741,-4.959,0.0,347.991,5.709,81.562,1017.72
2025-10-06 17:00:00,1.863,-4.959,0.0,382.682,8.709,94.428,1003.436
2025-10-06 18:00:00,4.541,-4.959,0.0,354.78,6.944,84.556,996.713
2025-10-06 19:00:00,2.369,-4.959,0.0,336.012,6.123,94.077,1015.127
2025-10-06 20:00:00,0.266,-4.959,0.0,311.596,7.732,71.507,1019.696
2025-10-06 21:00:00,2.098,-4.959,0.0,312.575,5.193,72.746,992.185
2025-10-06 22:00:00,0.945,-4.959,0.0,376.463,4.374,86.886,981.456
2025-10-06 23:00:00,0.276,-4.959,0.0,359.416,4.875,94.574,1004.53
2025-10-07 00:00:00,0.729,-4.942,0.0,358.525,7.701,87.305,992.384
2025-10-07 01:00:00,3.419,-4.942,129.41,365.956,7.284,80.584,1018.693
2025-10-07 02:00:00,4.66,-4.942,250.0,355.333,6.563,90.396,1012.977
2025-10-07 03:00:00,0.397,-4.942,353.553,363.854,5.357,72.283,990.62
2025-10-07 04:00:00,1.617,-4.942,433.013,305.052,9.3,88.929,992.615
2025-10-07 05:00:00,0.423,-4.942,482.963,419.943,6.14,87.263,986.864
2025-10-07 06:00:00,1.382,-4.942,500.0,412.325,9.626,83.958,984.346
2025-10-07 07:00:00,1.604,-4.942,482.963,302.931,5.698,87.988,994.266
2025-10-07 08:00:00,0.069,-4.942,433.013,357.348,5.459,90.35,998.651
2025-10-07 09:00:00,2.978,-4.942,353.553,360.108,7.343,83.121,988.232
2025-10-07 10:00:00,1.055,-4.942,250.0,310.825,8.813,94.561,1004.485
2025-10-07 11:00:00,0.728,-4.942,129.41,414.061,7.389,86.493,998.594
2025-10-07 12:00:00,1.919,-4.942,0.0,374.486,5.847,83.049,982.383
2025-10-07 13:00:00,0.476,-4.942,0.0,419.882,4.305,83.624,981.797
2025-10-07 14:00:00,1.87,-4.942,0.0,350.978,9.828,72.393,991.121
2025-10-07 15:00:00,1.811,-4.942,0.0,391.321,9.876,93.387,1008.143
2025-10-07 16:00:00,1.441,-4.942,0.0,330.039,5.821,75.704,1007.74
2025-10-07 17:00:00,0.579,-4.942,0.0,401.118,9.141,85.709,1011.254
2025-10-07 18:00:00,0.28,-4.942,0.0,351.843,6.917,86.813,992.222
2025-10-07 19:00:00,2.439,-4.942,0.0,375.044,5.532,77.065,988.23
2025-10-07 20:00:00,0.343,-4.942,0.0,301.253,8.845,93.364,998.309
2025-10-07 21:00:00,2.389,-4.942,0.0,362.589,6.731,87.775,992.861
2025-10-07 22:00:00,0.395,-4.942,0.0,350.688,6.67,79.887,996.176
2025-10-07 23:00:00,2.5,-4.942,0.0,413.261,5.095,94.336,1012.959
2025-10-08 00:00:00,0.332,-4.922,0.0,324.078,8.513,81.272,981.486
2025-10-08 01:00:00,2.869,-4.922,129.41,333.305,5.433,90.45,1016.881
2025-10-08 02:00:00,1.086,-4.922,250.0,301.023,5.814,77.897,991.769
2025-10-08 03:00:00,0.906,-4.922,353.553,317.089,8.231,77.023,1009.435
2025-10-08 04:00:00,0.098,-4.922,433.013,323.699,4.119,88.035,1011.268
2025-10-08 05:00:00,0.818,-4.922,482.963,384.096,5.059,79.622,1000.974
2025-10-08 06:00:00,1.668,-4.922,500.0,356.766,9.659,86.279,980.166
2025-10-08 07:00:00,2.22,-4.922,482.963,305.995,8.098,82.222,1003.622
2025-10-08 08:00:00,2.005,-4.922,433.013,327.106,4.802,83.439,984.188
2025-10-08 09:00:00,0.02,-4.922,353.553,310.419,7.623,87.932,1018.218
2025-10-08 10:00:00,0.863,-4.922,250.0,305.428,5.952,72.853,1015.499
2025-10-08 11:00:00,1.407,-4.922,129.41,313.911,7.228,87.554,1010.707
2025-10-08 12:00:00,0.722,-4.922,0.0,307.699,8.883,91.773,1004.678
2025-10-08 13:00:00,1.108,-4.922,0.0,360.84,9.762,90.282,1002.428
2025-10-08 14:00:00,0.445,-4.922,0.0,368.288,7.446,70.739,1011.307
2025-10-08 15:00:00,0.414,-4.922,0.0,345.572,7.002,84.068,999.229
2025-10-08 16:00:00,0.563,-4.922,0.0,345.403,9.299,84.281,980.623
2025-10-08 17:00:00,1.434,-4.922,0.0,407.222,5.453,93.975,1016.332
2025-10-08 18:00:00,2.936,-4.922,0.0,334.363,8.229,76.294,1008.484
2025-10-08 19:00:00,0.971,-4.922,0.0,368.09,6.898,79.887,1005.734
2025-10-08 20:00:00,1.599,-4.922,0.0,390.675,6.693,74.0,1019.547
2025-10-08 21:00:00,2.598,-4.922,0.0,301.277,4.54,84.584,1013.484
2025-10-08 22:00:00,0.716,-4.922,0.0,314.269,4.159,92.876,1008.711
2025-10-08 23:00:00,1.691,-4.922,0.0,376.762,9.674,86.103,985.655
2025-10-09 00:00:00,2.229,-4.899,0.0,390.721,6.706,75.365,1018.71
2025-10-09 01:00:00,2.57,-4.899,129.41,310.842,4.047,89.683,988.404
2025-10-09 02:00:00,3.918,-4.899,250.0,410.681,6.234,80.227,1001.999
2025-10-09 03:00:00,0.82,-4.899,353.553,304.656,4.736,87.379,1016.837
2025-10-09 04:00:00,2.242,-4.899,433.013,326.798,4.115,87.719,1007.156
2025-10-09 05:00:00,1.907,-4.899,482.963,310.676,9.772,87.24,1001.631
2025-10-09 06:00:00,2.461,-4.899,500.0,381.956,7.218,86.325,1007.306
2025-10-09 07:00:00,1.252,-4.899,482.963,374.924,4.286,86.514,1016.809
2025-10-09 08:00:00,1.347,-4.899,433.013,346.591,8.082,83.296,980.545
2025-10-09 09:00:00,1.583,-4.899,353.553,388.017,6.288,81.0,1012.155
2025-10-09 10:00:00,1.103,-4.899,250.0,306.869,7.725,89.428,990.455
2025-10-09 11:00:00,0.333,-4.899,129.41,408.718,8.337,71.209,1014.756
2025-10-09 12:00:00,1.592,-4.899,0.0,319.486,9.496,86.922,986.127
2025-10-09 13:00:00,0.504,-4.899,0.0,307.963,4.047,75.381,987.393
2025-10-09 14:00:00,2.955,-4.899,0.0,319.314,5.468,80.241,991.692
2025-10-09 15:00:00,2.558,-4.899,0.0,393.452,6.475,81.921,990.08
2025-10-09 16:00:00,0.199,-4.899,0.0,396.379,6.563,93.834,990.357
2025-10-09 17:00:00,1.402,-4.899,0.0,388.949,8.55,70.678,1004.257
2025-10-09 18:00:00,0.327,-4.899,0.0,313.602,4.652,85.391,993.982
2025-10-09 19:00:00,2.577,-4.899,0.0,374.613,7.53,78.97,988.419
2025-10-09 20:00:00,0.498,-4.899,0.0,346.837,8.192,82.165,983.041
2025-10-09 21:00:00,0.278,-4.899,0.0,338.201,6.776,93.007,995.541
2025-10-09 22:00:00,0.323,-4.899,0.0,362.755,8.263,76.845,1003.833
2025-10-09 23:00:00,1.852,-4.899,0.0,409.901,7.474,78.146,991.526
2025-10-10 00:00:00,1.734,-4.873,0.0,417.079,4.731,81.552,1009.694
2025-10-10 01:00:00,0.209,-4.873,129.41,333.584,5.276,90.319,990.357
2025-10-10 02:00:00,1.3,-4.873,250.0,338.776,8.992,86.85,985.088
2025-10-10 03:00:00,0.463,-4.873,353.553,334.845,8.337,81.521,1018.273
2025-10-10 04:00:00,0.134,-4.873,433.013,361.46,6.271,81.083,999.092
2025-10-10 05:00:00,0.716,-4.873,482.963,416.841,4.297,86.42,996.213
2025-10-10 06:00:00,0.768,-4.873,500.0,328.718,5.219,70.798,986.053
2025-10-10 07:00:00,6.023,-4.873,482.963,328.126,7.377,80.342,1004.114
2025-10-10 08:00:00,1.739,-4.873,433.013,379.624,8.217,86.671,993.118
2025-10-10 09:00:00,0.789,-4.873,353.553,340.142,4.504,91.518,1010.721
2025-10-10 10:00:00,0.65,-4.873,250.0,344.899,5.412,70.192,984.616
2025-10-10 11:00:00,1.419,-4.873,129.41,316.969,4.409,77.649,1010.897
2025-10-10 12:00:00,0.926,-4.873,0.0,386.921,6.394,72.371,1003.901
2025-10-10 13:00:00,0.912,-4.873,0.0,333.337,8.732,84.151,998.84
2025-10-10 14:00:00,1.125,-4.873,0.0,397.542,6.498,94.157,987.921
2025-10-10 15:00:00,1.305,-4.873,0.0,330.483,6.744,90.92,1002.133
2025-10-10 16:00:00,0.711,-4.873,0.0,342.36,4.443,76.197,986.69
2025-10-10 17:00:00,3.091,-4.873,0.0,314.168,4.81,72.088,996.265
2025-10-10 18:00:00,1.017,-4.873,0.0,331.776,8.423,73.377,994.486
2025-10-10 19:00:00,1.63,-4.873,0.0,418.924,8.134,71.411,990.97
2025-10-10 20:00:00,1.196,-4.873,0.0,405.858,4.346,80.024,995.8
2025-10-10 21:00:00,1.016,-4.873,0.0,393.395,6.951,81.823,1004.89
2025-10-10 22:00:00,0.6,-4.873,0.0,363.688,9.407,78.223,981.896
2025-10-10 23:00:00,1.056,-4.873,0.0,340.047,9.3,79.402,981.243
2025-10-11 00:00:00,0.493,-4.845,0.0,395.192,4.865,89.937,1016.619
2025-10-11 01:00:00,1.128,-4.845,129.41,321.26,9.349,91.105,997.092
2025-10-11 02:00:00,3.294,-4.845,250.0,354.201,9.452,78.584,994.037
2025-10-11 03:00:00,0.694,-4.845,353.553,332.336,5.985,84.638,994.73
2025-10-11 04:00:00,0.849,-4.845,433.013,396.302,5.332,70.74,1006.583
2025-10-11 05:00:00,0.062,-4.845,482.963,359.729,5.347,86.198,1016.06
2025-10-11 06:00:00,3.033,-4.845,500.0,409.364,4.627,77.967,992.291
2025-10-11 07:00:00,1.603,-4.845,482.963,393.564,5.771,75.082,1003.788
2025-10-11 08:00:00,0.82,-4.845,433.013,347.421,8.755,71.191,982.768
2025-10-11 09:00:00,0.506,-4.845,353.553,310.886,6.409,70.656,980.303
2025-10-11 10:00:00,1.466,-4.845,250.0,340.706,7.513,83.896,991.729
2025-10-11 11:00:00,0.323,-4.845,129.41,413.122,7.976,77.291,997.492
2025-10-11 12:00:00,0.368,-4.845,0.0,386.315,6.513,93.743,997.076
2025-10-11 13:00:00,1.829,-4.845,0.0,376.869,4.865,79.607,995.547
2025-10-11 14:00:00,1.345,-4.845,0.0,398.383,5.288,76.258,1011.451
2025-10-11 15:00:00,0.79,-4.845,0.0,311.731,7.684,73.784,995.642
2025-10-11 16:00:00,0.241,-4.845,0.0,358.741,4.611,70.39,997.708
2025-10-11 17:00:00,0.518,-4.845,0.0,399.726,9.652,93.46,997.858
2025-10-11 18:00:00,3.48,-4.845,0.0,414.346,6.501,92.499,1007.719
2025-10-11 19:00:00,1.066,-4.845,0.0,304.242,4.255,79.786,999.383
2025-10-11 20:00:00,0.575,-4.845,0.0,300.85,9.608,71.22,987.186
2025-10-11 21:00:00,1.038,-4.845,0.0,379.871,5.707,84.8,990.387
2025-10-11 22:00:00,0.727,-4.845,0.0,352.804,4.551,72.923,991.009
2025-10-11 23:00:00,1.498,-4.845,0.0,410.373,4.627,73.625,995.353
2025-10-12 00:00:00,0.584,-4.813,0.0,334.663,6.068,71.568,1019.348
2025-10-12 01:00:00,0.718,-4.813,129.41,324.691,4.415,73.323,1019.789
2025-10-12 02:00:00,0.277,-4.813,250.0,321.757,4.151,72.932,988.212
2025-10-12 03:00:00,2.629,-4.813,353.553,339.134,5.479,77.547,1004.448
2025-10-12 04:00:00,0.593,-4.813,433.013,336.923,8.677,81.677,1010.204
2025-10-12 05:00:00,0.309,-4.813,482.963,363.851,5.571,70.986,1001.61
2025-10-12 06:00:00,0.92,-4.813,500.0,403.528,4.842,78.034,1008.649
2025-10-12 07:00:00,0.255,-4.813,482.963,419.307,6.976,92.792,1002.327
2025-10-12 08:00:00,0.519,-4.813,433.013,396.858,4.623,88.968,995.781
2025-10-12 09:00:00,2.862,-4.813,353.553,310.741,7.46,75.709,1006.951
2025-10-12 10:00:00,1.625,-4.813,250.0,375.617,5.647,93.005,987.014
2025-10-12 11:00:00,0.132,-4.813,129.41,406.622,9.195,76.889,1009.963
2025-10-12 12:00:00,0.316,-4.813,0.0,308.199,7.561,90.155,1001.211
2025-10-12 13:00:00,2.498,-4.813,0.0,354.586,4.823,76.158,991.925
2025-10-12 14:00:00,1.438,-4.813,0.0,333.913,5.919,76.116,1014.953
2025-10-12 15:00:00,3.894,-4.813,0.0,359.137,8.156,83.646,1014.65
2025-10-12 16:00:00,1.57,-4.813,0.0,348.425,9.189,89.255,999.157
2025-10-12 17:00:00,2.843,-4.813,0.0,338.713,5.177,83.743,1005.677
2025-10-12 18:00:00,0.191,-4.813,0.0,302.773,9.619,70.468,1011.722
2025-10-12 19:00:00,1.525,-4.813,0.0,417.77,9.668,88.459,1013.935
2025-10-12 20:00:00,0.982,-4.813,0.0,313.705,4.822,88.847,997.441
2025-10-12 21:00:00,1.687,-4.813,0.0,401.347,9.687,89.782,980.734
2025-10-12 22:00:00,0.55,-4.813,0.0,387.072,7.513,84.524,990.016
2025-10-12 23:00:00,0.939,-4.813,0.0,340.456,4.662,82.263,1004.926
2025-10-13 00:00:00,6.508,-4.778,0.0,359.18,8.519,87.691,1004.68
2025-10-13 01:00:00,0.644,-4.778,129.41,308.782,7.759,71.745,1011.699
2025-10-13 02:00:00,0.486,-4.778,250.0,324.848,7.939,85.331,992.217
2025-10-13 03:00:00,0.236,-4.778,353.553,341.179,8.34,93.279,1016.16
2025-10-13 04:00:00,4.039,-4.778,433.013,309.095,7.54,74.11,1011.319
2025-10-13 05:00:00,1.627,-4.778,482.963,383.807,6.635,76.729,1013.735
2025-10-13 06:00:00,0.709,-4.778,500.0,417.79,4.216,75.546,1004.571
2025-10-13 07:00:00,2.067,-4.778,482.963,381.871,5.637,89.716,997.512
2025-10-13 08:00:00,0.676,-4.778,433.013,339.894,5.463,71.725,984.884
2025-10-13 09:00:00,0.943,-4.778,353.553,324.361,6.985,92.071,1018.705
2025-10-13 10:00:00,0.118,-4.778,250.0,303.645,4.94,79.514,1006.999
2025-10-13 11:00:00,2.054,-4.778,129.41,336.074,6.548,92.71,1008.142
2025-10-13 12:00:00,0.764,-4.778,0.0,319.397,4.173,94.78,1007.666
2025-10-13 13:00:00,1.599,-4.778,0.0,333.877,5.659,74.386,1013.625
2025-10-13 14:00:00,1.02,-4.778,0.0,362.943,7.24,91.639,1009.285
2025-10-13 15:00:00,0.319,-4.778,0.0,355.698,8.288,86.687,1003.514
2025-10-13 16:00:00,0.847,-4.778,0.0,345.08,7.086,89.439,988.933
2025-10-13 17:00:00,0.341,-4.778,0.0,301.003,8.855,89.472,1011.799
2025-10-13 18:00:00,1.394,-4.778,0.0,415.005,9.369,83.529,989.714
2025-10-13 19:00:00,5.285,-4.778,0.0,349.02,8.438,70.182,990.356
2025-10-13 20:00:00,0.624,-4.778,0.0,317.912,6.195,85.358,1015.262
2025-10-13 21:00:00,5.738,-4.778,0.0,324.43,8.126,77.108,1018.169
2025-10-13 22:00:00,0.474,-4.778,0.0,331.055,6.29,78.669,996.485
2025-10-13 23:00:00,0.408,-4.778,0.0,357.71,7.114,74.501,1014.483
2025-10-14 00:00:00,0.454,-4.741,0.0,318.163,4.748,81.711,997.545
2025-10-14 01:00:00,0.197,-4.741,129.41,385.178,6.058,93.368,1009.69
2025-10-14 02:00:00,0.884,-4.741,250.0,322.956,7.564,82.482,1014.428
2025-10-14 03:00:00,0.208,-4.741,353.553,321.241,6.954,81.867,1009.218
2025-10-14 04:00:00,2.9,-4.741,433.013,305.522,6.555,86.989,1003.108
2025-10-14 05:00:00,4.182,-4.741,482.963,350.469,6.871,94.636,991.383
2025-10-14 06:00:00,0.611,-4.741,500.0,414.226,6.341,83.018,983.563
2025-10-14 07:00:00,1.286,-4.741,482.963,390.81,9.123,88.116,989.288
2025-10-14 08:00:00,0.32,-4.741,433.013,310.5,9.327,87.922,1017.291
2025-10-14 09:00:00,1.304,-4.741,353.553,414.913,9.499,76.943,1013.534
2025-10-14 10:00:00,0.585,-4.741,250.0,349.333,9.387,84.527,1001.332
2025-10-14 11:00:00,0.905,-4.741,129.41,411.675,8.931,71.52,1012.429
2025-10-14 12:00:00,0.652,-4.741,0.0,372.864,8.937,74.443,988.097
2025-10-14 13:00:00,3.125,-4.741,0.0,303.679,5.036,93.057,1015.762
2025-10-14 14:00:00,0.59,-4.741,0.0,395.845,5.775,74.217,988.675
2025-10-14 15:00:00,0.493,-4.741,0.0,369.912,8.329,78.289,1001.901
2025-10-14 16:00:00,1.511,-4.741,0.0,312.199,7.349,82.856,996.937
2025-10-14 17:00:00,3.273,-4.741,0.0,332.179,6.549,72.196,1007.861
2025-10-14 18:00:00,0.173,-4.741,0.0,415.939,5.994,86.694,1007.404
2025-10-14 19:00:00,1.872,-4.741,0.0,345.874,4.292,78.764,1010.451
2025-10-14 20:00:00,1.029,-4.741,0.0,409.123,5.176,83.033,996.579
2025-10-14 21:00:00,1.429,-4.741,0.0,418.936,7.987,89.026,1015.637
2025-10-14 22:00:00,0.93,-4.741,0.0,300.466,9.344,77.021,1004.937
2025-10-14 23:00:00,0.399,-4.741,0.0,367.857,8.602,77.72,1018.116
2025-10-15 00:00:00,0.095,-4.701,0.0,315.165,4.016,85.645,982.641
2025-10-15 01:00:00,1.416,-4.701,129.41,377.243,6.493,71.121,1018.32
2025-10-15 02:00:00,0.568,-4.701,250.0,411.756,8.073,80.359,1012.184
2025-10-15 03:00:00,0.113,-4.701,353.553,391.305,6.902,86.85,981.549
2025-10-15 04:00:00,1.607,-4.701,433.013,302.151,9.297,70.04,1008.235
2025-10-15 05:00:00,0.392,-4.701,482.963,413.038,4.029,84.189,991.931
2025-10-15 06:00:00,0.376,-4.701,500.0,327.757,7.919,90.697,1009.471
2025-10-15 07:00:00,1.578,-4.701,482.963,372.038,7.222,77.632,981.075
2025-10-15 08:00:00,0.703,-4.701,433.013,413.429,9.462,92.994,1001.436
2025-10-15 09:00:00,0.844,-4.701,353.553,408.915,6.804,71.709,1008.657
2025-10-15 10:00:00,6.338,-4.701,250.0,301.381,5.219,76.355,1019.093
2025-10-15 11:00:00,2.915,-4.701,129.41,409.53,6.864,89.991,993.003
2025-10-15 12:00:00,1.526,-4.701,0.0,367.476,4.42,75.048,1003.971
2025-10-15 13:00:00,0.058,-4.701,0.0,317.719,9.706,73.824,1000.028
2025-10-15 14:00:00,1.107,-4.701,0.0,415.668,8.927,89.718,984.148
2025-10-15 15:00:00,3.234,-4.701,0.0,335.981,6.756,70.912,993.705
2025-10-15 16:00:00,1.294,-4.701,0.0,377.94,5.583,91.156,999.948
2025-10-15 17:00:00,1.334,-4.701,0.0,313.189,4.683,92.289,1015.146
2025-10-15 18:00:00,0.486,-4.701,0.0,300.155,5.611,88.439,996.669
2025-10-15 19:00:00,0.274,-4.701,0.0,379.51,4.756,77.054,995.803
2025-10-15 20:00:00,0.126,-4.701,0.0,328.564,9.973,84.658,1005.926
2025-10-15 21:00:00,2.216,-4.701,0.0,407.134,6.692,87.553,1012.954
2025-10-15 22:00:00,1.836,-4.701,0.0,410.246,9.567,73.908,989.405
2025-10-15 23:00:00,3.921,-4.701,0.0,304.345,7.595,74.689,1015.734
2025-10-16 00:00:00,0.537,-4.657,0.0,386.707,4.263,70.912,993.222
2025-10-16 01:00:00,2.216,-4.657,129.41,414.852,7.914,92.341,1010.797
2025-10-16 02:00:00,0.722,-4.657,250.0,418.976,4.268,94.735,1009.03
2025-10-16 03:00:00,1.444,-4.657,353.553,370.572,5.763,82.835,998.754
2025-10-16 04:00:00,0.024,-4.657,433.013,393.619,5.56,83.371,998.634
2025-10-16 05:00:00,2.533,-4.657,482.963,302.245,8.42,77.117,1017.89
2025-10-16 06:00:00,0.804,-4.657,500.0,387.526,7.601,78.07,996.777
2025-10-16 07:00:00,1.163,-4.657,482.963,344.466,6.972,94.744,988.438
2025-10-16 08:00:00,1.144,-4.657,433.013,345.172,6.644,78.559,983.18
2025-10-16 09:00:00,2.141,-4.657,353.553,412.829,4.359,87.983,1009.357
2025-10-16 10:00:00,0.212,-4.657,250.0,319.901,7.286,90.052,1006.489
2025-10-16 11:00:00,1.067,-4.657,129.41,374.905,6.296,86.411,994.864
2025-10-16 12:00:00,2.0,-4.657,0.0,314.118,4.169,86.935,996.625
2025-10-16 13:00:00,1.212,-4.657,0.0,340.443,8.668,80.092,1000.324
2025-10-16 14:00:00,1.14,-4.657,0.0,372.504,5.1,80.992,997.178
2025-10-16 15:00:00,0.843,-4.657,0.0,402.166,4.769,79.611,985.35
2025-10-16 16:00:00,0.233,-4.657,0.0,307.072,5.93,70.167,1009.543
2025-10-16 17:00:00,1.951,-4.657,0.0,317.972,5.606,91.192,1018.17
2025-10-16 18:00:00,0.317,-4.657,0.0,365.096,7.102,73.358,1007.999
2025-10-16 19:00:00,1.267,-4.657,0.0,399.563,8.151,80.189,1016.802
2025-10-16 20:00:00,1.456,-4.657,0.0,381.545,5.446,83.381,1019.166
2025-10-16 21:00:00,0.47,-4.657,0.0,315.582,8.435,72.407,990.923
2025-10-16 22:00:00,0.986,-4.657,0.0,356.864,9.483,76.204,1018.91
2025-10-16 23:00:00,1.737,-4.657,0.0,322.043,6.836,81.5,1002.91
2025-10-17 00:00:00,0.723,-4.611,0.0,312.966,8.729,85.639,1008.226
2025-10-17 01:00:00,0.828,-4.611,129.41,330.451,7.504,93.384,1001.058
2025-10-17 02:00:00,0.412,-4.611,250.0,309.393,7.313,71.072,1009.53
2025-10-17 03:00:00,2.838,-4.611,353.553,396.366,4.013,80.546,1011.157
2025-10-17 04:00:00,0.605,-4.611,433.013,377.024,7.561,75.898,993.255
2025-10-17 05:00:00,1.48,-4.611,482.963,342.638,5.095,73.553,1004.1
2025-10-17 06:00:00,0.937,-4.611,500.0,326.379,4.361,81.562,995.21
2025-10-17 07:00:00,0.669,-4.611,482.963,351.625,4.915,85.784,1017.725
2025-10-17 08:00:00,3.277,-4.611,433.013,374.304,5.091,80.664,1003.385
2025-10-17 09:00:00,0.487,-4.611,353.553,344.073,5.003,82.026,1015.128
2025-10-17 10:00:00,0.37,-4.611,250.0,375.467,9.771,94.483,984.771
2025-10-17 11:00:00,2.036,-4.611,129.41,312.554,9.087,86.132,986.034
2025-10-17 12:00:00,4.581,-4.611,0.0,414.74,5.643,83.728,981.925
2025-10-17 13:00:00,2.344,-4.611,0.0,356.765,4.264,85.435,984.409
2025-10-17 14:00:00,0.823,-4.611,0.0,390.28,9.943,88.977,996.512
2025-10-17 15:00:00,0.85,-4.611,0.0,347.951,4.013,91.99,981.324
2025-10-17 16:00:00,0.837,-4.611,0.0,378.149,7.748,93.267,1002.894
2025-10-17 17:00:00,1.18,-4.611,0.0,350.559,6.424,81.593,994.365
2025-10-17 18:00:00,2.363,-4.611,0.0,350.951,6.425,71.028,991.377
2025-10-17 19:00:00,1.578,-4.611,0.0,407.901,5.841,91.009,1006.766
2025-10-17 20:00:00,0.773,-4.611,0.0,401.68,9.056,81.816,1010.336
2025-10-17 21:00:00,0.831,-4.611,0.0,407.733,5.507,85.879,998.672
2025-10-17 22:00:00,0.022,-4.611,0.0,311.321,5.723,94.539,1005.146
2025-10-17 23:00:00,0.53,-4.611,0.0,311.548,6.943,84.702,992.967
2025-10-18 00:00:00,1.007,-4.562,0.0,402.787,9.725,73.274,980.7
2025-10-18 01:00:00,1.871,-4.562,129.41,388.786,5.112,93.673,1013.116
2025-10-18 02:00:00,2.502,-4.562,250.0,348.022,5.003,88.34,997.34
2025-10-18 03:00:00,1.832,-4.562,353.553,355.619,4.497,73.037,982.088
2025-10-18 04:00:00,3.631,-4.562,433.013,341.21,7.697,75.721,998.337
2025-10-18 05:00:00,0.586,-4.562,482.963,373.025,7.954,94.334,1008.838
2025-10-18 06:00:00,1.198,-4.562,500.0,310.435,5.237,78.873,996.367
2025-10-18 07:00:00,0.779,-4.562,482.963,354.343,9.259,85.878,1008.727
2025-10-18 08:00:00,1.103,-4.562,433.013,336.511,9.535,75.359,993.589
2025-10-18 09:00:00,1.917,-4.562,353.553,330.825,4.916,88.513,1003.481
2025-10-18 10:00:00,0.57,-4.562,250.0,353.409,9.534,85.591,995.757
2025-10-18 11:00:00,1.856,-4.562,129.41,360.539,9.264,77.85,1015.716
2025-10-18 12:00:00,1.563,-4.562,0.0,376.066,4.079,71.089,1018.398
2025-10-18 13:00:00,1.023,-4.562,0.0,302.756,8.638,91.697,995.626
2025-10-18 14:00:00,2.278,-4.562,0.0,315.407,9.805,80.765,1018.728
2025-10-18 15:00:00,0.153,-4.562,0.0,398.246,4.754,91.911,1010.061
2025-10-18 16:00:00,1.945,-4.562,0.0,376.063,7.742,86.659,1013.088
2025-10-18 17:00:00,2.033,-4.562,0.0,416.431,4.609,91.121,993.177
2025-10-18 18:00:00,0.646,-4.562,0.0,327.307,8.067,82.647,982.915
2025-10-18 19:00:00,4.33,-4.562,0.0,393.491,9.341,75.004,1010.763
2025-10-18 20:00:00,0.95,-4.562,0.0,395.746,6.875,77.924,1008.621
2025-10-18 21:00:00,2.742,-4.562,0.0,407.248,8.078,71.544,989.007
2025-10-18 22:00:00,0.542,-4.562,0.0,388.165,4.524,73.089,1001.976
2025-10-18 23:00:00,1.239,-4.562,0.0,387.336,5.783,86.593,1004.806
2025-10-19 00:00:00,0.188,-4.511,0.0,317.949,5.786,83.478,996.874
2025-10-19 01:00:00,3.249,-4.511,129.41,320.07,6.46,72.295,1014.388
2025-10-19 02:00:00,1.247,-4.511,250.0,327.7,9.459,79.879,1006.327
2025-10-19 03:00:00,1.566,-4.511,353.553,393.222,8.526,76.535,993.187
2025-10-19 04:00:00,1.392,-4.511,433.013,356.857,9.129,91.371,985.489
2025-10-19 05:00:00,2.981,-4.511,482.963,339.99,4.333,90.875,988.033
2025-10-19 06:00:00,0.986,-4.511,500.0,339.695,8.038,92.729,997.884
2025-10-19 07:00:00,1.665,-4.511,482.963,413.163,4.575,92.148,1016.614
2025-10-19 08:00:00,0.609,-4.511,433.013,335.583,7.589,75.982,997.756
2025-10-19 09:00:00,0.215,-4.511,353.553,394.32,4.359,79.111,1011.636
2025-10-19 10:00:00,0.373,-4.511,250.0,335.136,7.936,84.478,1005.002
2025-10-19 11:00:00,2.079,-4.511,129.41,354.631,6.965,75.806,1017.94
2025-10-19 12:00:00,1.657,-4.511,0.0,412.563,6.978,78.93,984.502
2025-10-19 13:00:00,0.128,-4.511,0.0,330.482,8.589,87.736,989.63
2025-10-19 14:00:00,0.261,-4.511,0.0,366.163,5.316,85.154,993.056
2025-10-19 15:00:00,0.496,-4.511,0.0,319.188,8.469,89.506,993.251
2025-10-19 16:00:00,0.552,-4.511,0.0,355.468,7.741,83.957,998.308
2025-10-19 17:00:00,0.723,-4.511,0.0,396.725,9.679,93.51,993.575
2025-10-19 18:00:00,1.301,-4.511,0.0,380.332,4.883,89.278,1008.196
2025-10-19 19:00:00,0.9,-4.511,0.0,331.797,6.029,81.87,1015.058
2025-10-19 20:00:00,8.506,-4.511,0.0,337.341,8.037,86.665,990.766
2025-10-19 21:00:00,0.576,-4.511,0.0,363.777,7.123,80.819,1003.927
2025-10-19 22:00:00,3.425,-4.511,0.0,337.379,4.241,88.453,984.676
2025-10-19 23:00:00,1.19,-4.511,0.0,314.014,4.856,90.235,981.537
2025-10-20 00:00:00,2.071,-4.456,0.0,324.898,8.429,79.004,1003.95
2025-10-20 01:00:00,2.913,-4.456,129.41,390.822,4.451,70.271,1000.179
2025-10-20 02:00:00,1.947,-4.456,250.0,380.827,4.613,75.613,1004.755
2025-10-20 03:00:00,2.027,-4.456,353.553,326.871,4.699,76.05,1013.632
2025-10-20 04:00:00,1.011,-4.456,433.013,409.708,6.303,79.719,1002.71
2025-10-20 05:00:00,2.2,-4.456,482.963,387.329,6.477,78.707,1010.77
2025-10-20 06:00:00,5.555,-4.456,500.0,309.62,7.935,90.006,980.083
2025-10-20 07:00:00,0.473,-4.456,482.963,385.274,7.528,81.365,992.01
2025-10-20 08:00:00,1.208,-4.456,433.013,370.839,7.023,83.025,994.365
2025-10-20 09:00:00,0.388,-4.456,353.553,376.585,9.658,86.345,984.922
2025-10-20 10:00:00,3.684,-4.456,250.0,373.274,4.856,88.553,1015.048
2025-10-20 11:00:00,1.425,-4.456,129.41,379.32,9.046,84.828,995.217
2025-10-20 12:00:00,0.697,-4.456,0.0,321.679,8.942,94.422,984.922
2025-10-20 13:00:00,2.628,-4.456,0.0,414.21,5.634,75.683,1006.499
2025-10-20 14:00:00,1.298,-4.456,0.0,354.909,7.122,92.104,996.901
2025-10-20 15:00:00,2.714,-4.456,0.0,342.355,4.076,85.773,1004.313
2025-10-20 16:00:00,0.857,-4.456,0.0,410.698,9.583,91.388,1012.536
2025-10-20 17:00:00,1.125,-4.456,0.0,409.085,4.059,81.443,1001.283
2025-10-20 18:00:00,0.222,-4.456,0.0,333.92,4.227,87.163,1006.821
2025-10-20 19:00:00,1.612,-4.456,0.0,339.861,5.609,78.435,997.9
2025-10-20 20:00:00,1.477,-4.456,0.0,313.965,9.702,83.138,981.758
2025-10-20 21:00:00,3.908,-4.456,0.0,352.195,6.008,74.806,1017.675
2025-10-20 22:00:00,1.005,-4.456,0.0,340.894,7.072,92.405,1002.049
2025-10-20 23:00:00,0.378,-4.456,0.0,303.813,4.859,83.75,1015.923
2025-10-21 00:00:00,3.297,-4.399,0.0,303.6,5.372,78.443,999.489
2025-10-21 01:00:00,0.541,-4.399,129.41,353.019,4.882,76.619,1005.725
2025-10-21 02:00:00,2.185,-4.399,250.0,300.124,7.102,83.49,1018.275
2025-10-21 03:00:00,0.723,-4.399,353.553,415.316,6.591,82.597,982.042
2025-10-21 04:00:00,0.448,-4.399,433.013,363.778,7.437,94.373,982.452
2025-10-21 05:00:00,0.265,-4.399,482.963,330.262,6.443,88.432,1012.084
2025-10-21 06:00:00,0.465,-4.399,500.0,379.985,9.343,80.055,998.781
2025-10-21 07:00:00,1.378,-4.399,482.963,345.003,4.845,84.793,980.792
2025-10-21 08:00:00,1.01,-4.399,433.013,342.599,4.123,90.089,1012.287
2025-10-21 09:00:00,4.642,-4.399,353.553,340.065,7.143,89.083,991.971
2025-10-21 10:00:00,1.16,-4.399,250.0,368.213,8.524,82.353,1019.131
2025-10-21 11:00:00,0.485,-4.399,129.41,358.936,8.174,70.231,1015.307
2025-10-21 12:00:00,1.646,-4.399,0.0,402.094,8.056,70.352,994.47
2025-10-21 13:00:00,4.704,-4.399,0.0,337.402,4.511,75.122,993.649
2025-10-21 14:00:00,2.714,-4.399,0.0,387.849,7.586,78.422,993.215
2025-10-21 15:00:00,1.013,-4.399,0.0,375.31,5.853,72.355,1004.179
2025-10-21 16:00:00,2.258,-4.399,0.0,307.445,7.811,91.254,1011.638
2025-10-21 17:00:00,1.402,-4.399,0.0,359.075,4.398,81.841,1011.172
2025-10-21 18:00:00,2.89,-4.399,0.0,406.464,6.742,91.179,1006.379
2025-10-21 19:00:00,2.982,-4.399,0.0,408.09,8.34,71.534,987.783
2025-10-21 20:00:00,0.686,-4.399,0.0,356.774,6.537,82.168,984.31
2025-10-21 21:00:00,0.985,-4.399,0.0,416.804,4.567,70.238,987.939
2025-10-21 22:00:00,0.984,-4.399,0.0,358.706,8.25,81.011,1009.465
2025-10-21 23:00:00,1.078,-4.399,0.0,334.577,7.003,70.211,1014.431
2025-10-22 00:00:00,2.142,-4.338,0.0,307.176,6.013,71.542,993.491
2025-10-22 01:00:00,1.775,-4.338,129.41,335.248,5.485,73.691,1004.861
2025-10-22 02:00:00,0.597,-4.338,250.0,323.959,7.175,73.712,1009.929
2025-10-22 03:00:00,4.222,-4.338,353.553,332.077,6.526,80.675,992.211
2025-10-22 04:00:00,1.134,-4.338,433.013,362.871,7.76,70.689,1015.009
2025-10-22 05:00:00,0.407,-4.338,482.963,350.683,7.29,86.026,999.67
2025-10-22 06:00:00,1.143,-4.338,500.0,419.748,9.578,86.529,1015.86
2025-10-22 07:00:00,0.642,-4.338,482.963,376.613,7.883,73.818,1017.856
2025-10-22 08:00:00,1.227,-4.338,433.013,350.914,6.72,79.244,1008.101
2025-10-22 09:00:00,1.518,-4.338,353.553,363.904,4.077,77.619,986.521
2025-10-22 10:00:00,0.834,-4.338,250.0,355.005,8.895,78.291,987.851
2025-10-22 11:00:00,0.845,-4.338,129.41,393.102,7.473,91.446,988.993
2025-10-22 12:00:00,0.814,-4.338,0.0,334.152,8.369,89.365,1008.997
2025-10-22 13:00:00,0.385,-4.338,0.0,355.076,4.929,70.424,1006.796
2025-10-22 14:00:00,1.798,-4.338,0.0,321.507,4.614,71.366,1000.708
2025-10-22 15:00:00,0.206,-4.338,0.0,326.692,6.747,83.721,999.525
2025-10-22 16:00:00,2.846,-4.338,0.0,321.134,5.861,90.704,991.74
2025-10-22 17:00:00,1.158,-4.338,0.0,347.899,5.162,82.671,998.06
2025-10-22 18:00:00,0.129,-4.338,0.0,313.973,5.243,92.729,991.639
2025-10-22 19:00:00,0.993,-4.338,0.0,369.899,4.342,78.4,983.241
2025-10-22 20:00:00,0.435,-4.338,0.0,364.715,8.477,89.374,1011.629
2025-10-22 21:00:00,1.581,-4.338,0.0,395.482,7.588,89.962,982.226
2025-10-22 22:00:00,0.457,-4.338,0.0,352.813,4.005,93.381,1003.203
2025-10-22 23:00:00,0.77,-4.338,0.0,329.356,9.675,88.082,991.092
2025-10-23 00:00:00,1.944,-4.275,0.0,369.884,7.609,74.104,1007.421
2025-10-23 01:00:00,0.576,-4.275,129.41,303.492,7.659,81.071,1002.19
2025-10-23 02:00:00,4.547,-4.275,250.0,330.313,5.114,83.285,988.316
2025-10-23 03:00:00,1.096,-4.275,353.553,349.413,8.363,74.608,1001.15
2025-10-23 04:00:00,0.702,-4.275,433.013,342.979,9.133,89.802,982.887
2025-10-23 05:00:00,1.049,-4.275,482.963,414.306,7.975,80.353,980.806
2025-10-23 06:00:00,0.91,-4.275,500.0,325.934,9.354,78.681,1019.802
2025-10-23 07:00:00,1.021,-4.275,482.963,307.159,5.067,84.337,1011.894
2025-10-23 08:00:00,0.414,-4.275,433.013,364.963,8.413,87.662,997.945
2025-10-23 09:00:00,0.074,-4.275,353.553,366.739,5.392,91.458,1012.859
2025-10-23 10:00:00,2.82,-4.275,250.0,360.902,9.529,78.599,986.369
2025-10-23 11:00:00,1.644,-4.275,129.41,307.696,5.794,78.504,1003.777
2025-10-23 12:00:00,1.179,-4.275,0.0,369.955,4.395,85.716,989.918
2025-10-23 13:00:00,0.09,-4.275,0.0,378.935,7.061,71.024,982.0
2025-10-23 14:00:00,0.898,-4.275,0.0,346.517,7.328,90.835,1012.054
2025-10-23 15:00:00,1.958,-4.275,0.0,316.536,6.014,88.123,1012.351
2025-10-23 16:00:00,5.583,-4.275,0.0,403.485,4.144,78.163,999.677
2025-10-23 17:00:00,1.142,-4.275,0.0,362.556,9.569,70.657,1018.858
2025-10-23 18:00:00,0.166,-4.275,0.0,364.707,5.329,83.661,1017.179
2025-10-23 19:00:00,0.538,-4.275,0.0,345.177,7.448,77.348,1004.501
2025-10-23 20:00:00,0.865,-4.275,0.0,330.506,6.23,89.713,992.928
2025-10-23 21:00:00,1.511,-4.275,0.0,319.385,6.843,81.468,987.998
2025-10-23 22:00:00,1.356,-4.275,0.0,336.692,6.578,93.82,1019.103
2025-10-23 23:00:00,1.679,-4.275,0.0,307.4,5.163,84.568,981.533
2025-10-24 00:00:00,1.401,-4.21,0.0,332.153,9.765,92.745,992.274
2025-10-24 01:00:00,1.261,-4.21,129.41,408.051,8.516,86.077,995.048
2025-10-24 02:00:00,1.614,-4.21,250.0,375.569,9.883,81.06,996.083
2025-10-24 03:00:00,0.414,-4.21,353.553,312.918,7.727,91.373,1007.426
2025-10-24 04:00:00,3.231,-4.21,433.013,313.838,6.534,80.287,1014.343
2025-10-24 05:00:00,0.147,-4.21,482.963,351.929,6.977,70.336,995.469
2025-10-24 06:00:00,2.906,-4.21,500.0,351.815,8.337,80.337,1013.983
2025-10-24 07:00:00,0.666,-4.21,482.963,321.511,9.78,89.464,995.364
2025-10-24 08:00:00,1.457,-4.21,433.013,404.025,4.484,89.807,1013.652
2025-10-24 09:00:00,3.299,-4.21,353.553,356.331,5.624,80.052,990.503
2025-10-24 10:00:00,0.037,-4.21,250.0,337.285,6.279,70.815,1011.233
2025-10-24 11:00:00,0.506,-4.21,129.41,377.201,6.209,90.768,994.986
2025-10-24 12:00:00,0.455,-4.21,0.0,328.151,4.019,88.185,986.551
2025-10-24 13:00:00,2.834,-4.21,0.0,400.814,9.618,70.724,986.071
2025-10-24 14:00:00,0.156,-4.21,0.0,411.419,8.5,93.584,999.325
2025-10-24 15:00:00,2.11,-4.21,0.0,414.809,9.561,70.748,1003.124
2025-10-24 16:00:00,1.399,-4.21,0.0,358.396,5.254,93.053,1007.302
2025-10-24 17:00:00,0.448,-4.21,0.0,407.866,6.263,89.983,999.8
2025-10-24 18:00:00,2.536,-4.21,0.0,336.622,6.756,84.614,1004.477
2025-10-24 19:00:00,0.949,-4.21,0.0,303.654,6.886,92.462,1005.252
2025-10-24 20:00:00,0.541,-4.21,0.0,418.617,4.229,91.041,985.32
2025-10-24 21:00:00,0.526,-4.21,0.0,361.976,8.634,92.448,985.51
2025-10-24 22:00:00,1.72,-4.21,0.0,371.242,9.472,73.507,1009.018
2025-10-24 23:00:00,0.287,-4.21,0.0,361.143,8.302,77.618,982.408
2025-10-25 00:00:00,0.356,-4.141,0.0,303.286,9.465,84.779,987.369
2025-10-25 01:00:00,1.488,-4.141,129.41,324.796,7.03,91.013,980.203
2025-10-25 02:00:00,4.937,-4.141,250.0,314.485,4.735,87.514,1009.06
2025-10-25 03:00:00,2.946,-4.141,353.553,318.598,6.253,73.075,1018.062
2025-10-25 04:00:00,0.566,-4.141,433.013,401.858,7.572,90.939,997.986
2025-10-25 05:00:00,2.566,-4.141,482.963,387.065,5.94,93.54,1016.923
2025-10-25 06:00:00,0.887,-4.141,500.0,410.402,9.644,76.165,1007.903
2025-10-25 07:00:00,3.719,-4.141,482.963,344.877,4.124,87.739,984.394
2025-10-25 08:00:00,1.815,-4.141,433.013,300.392,7.969,88.46,1010.496
2025-10-25 09:00:00,2.595,-4.141,353.553,382.031,6.506,76.47,988.089
2025-10-25 10:00:00,2.064,-4.141,250.0,410.282,5.422,72.515,1005.789
2025-10-25 11:00:00,0.209,-4.141,129.41,304.78,5.125,85.85,1007.41
2025-10-25 12:00:00,2.913,-4.141,0.0,401.182,4.654,79.483,1011.617
2025-10-25 13:00:00,0.227,-4.141,0.0,374.825,4.05,93.063,1016.138
2025-10-25 14:00:00,0.719,-4.141,0.0,305.734,6.711,80.432,985.02
2025-10-25 15:00:00,2.797,-4.141,0.0,406.816,8.296,74.946,1008.119
2025-10-25 16:00:00,0.407,-4.141,0.0,302.247,5.411,83.993,986.381
2025-10-25 17:00:00,2.674,-4.141,0.0,397.183,7.776,91.887,1014.207
2025-10-25 18:00:00,1.669,-4.141,0.0,333.136,8.194,75.265,992.673
2025-10-25 19:00:00,0.463,-4.141,0.0,337.783,7.873,73.31,1009.483
2025-10-25 20:00:00,1.682,-4.141,0.0,316.486,4.713,87.385,995.405
2025-10-25 21:00:00,0.656,-4.141,0.0,349.489,8.261,71.834,997.401
2025-10-25 22:00:00,0.544,-4.141,0.0,344.34,4.678,79.175,1002.031
2025-10-25 23:00:00,1.718,-4.141,0.0,358.778,5.576,94.276,1018.398
2025-10-26 00:00:00,3.203,-4.07,0.0,404.367,9.204,82.926,1015.93
2025-10-26 01:00:00,0.02,-4.07,129.41,415.18,8.993,87.854,1013.14
2025-10-26 02:00:00,0.068,-4.07,250.0,372.281,5.757,81.125,1003.476
2025-10-26 03:00:00,0.488,-4.07,353.553,389.215,8.779,76.821,995.383
2025-10-26 04:00:00,0.594,-4.07,433.013,372.836,4.325,91.502,1018.032
2025-10-26 05:00:00,2.012,-4.07,482.963,368.129,9.984,82.625,990.081
2025-10-26 06:00:00,0.737,-4.07,500.0,349.385,9.392,76.438,992.876
2025-10-26 07:00:00,1.855,-4.07,482.963,321.414,5.078,92.237,987.767
2025-10-26 08:00:00,0.794,-4.07,433.013,357.234,6.759,85.307,992.414
2025-10-26 09:00:00,0.773,-4.07,353.553,303.394,6.076,75.311,985.618
2025-10-26 10:00:00,2.789,-4.07,250.0,413.962,5.077,75.771,1019.647
2025-10-26 11:00:00,0.316,-4.07,129.41,333.737,9.174,79.157,1006.085
2025-10-26 12:00:00,2.379,-4.07,0.0,319.44,4.607,84.936,1002.156
2025-10-26 13:00:00,0.489,-4.07,0.0,414.282,4.113,76.216,1001.469
2025-10-26 14:00:00,1.901,-4.07,0.0,321.754,7.827,84.049,1000.892
2025-10-26 15:00:00,0.824,-4.07,0.0,331.185,4.773,87.728,1008.063
2025-10-26 16:00:00,3.668,-4.07,0.0,354.221,7.571,79.951,1016.823
2025-10-26 17:00:00,0.401,-4.07,0.0,365.746,9.189,78.241,995.403
2025-10-26 18:00:00,0.697,-4.07,0.0,409.336,6.861,94.922,986.147
2025-10-26 19:00:00,0.737,-4.07,0.0,317.716,6.742,93.028,1009.101
2025-10-26 20:00:00,1.237,-4.07,0.0,363.449,7.029,77.201,1014.169
2025-10-26 21:00:00,0.666,-4.07,0.0,326.076,9.449,84.262,1018.459
2025-10-26 22:00:00,2.455,-4.07,0.0,342.9,9.96,80.671,980.845
2025-10-26 23:00:00,0.464,-4.07,0.0,347.973,6.333,86.304,1012.388
2025-10-27 00:00:00,0.957,-3.996,0.0,401.708,6.825,92.984,981.075
2025-10-27 01:00:00,0.768,-3.996,129.41,338.079,6.676,89.057,986.397
2025-10-27 02:00:00,1.539,-3.996,250.0,404.847,5.907,87.935,1004.083
2025-10-27 03:00:00,2.314,-3.996,353.553,393.886,6.753,80.884,1014.864
2025-10-27 04:00:00,0.392,-3.996,433.013,369.068,8.459,79.23,1014.823
2025-10-27 05:00:00,0.222,-3.996,482.963,338.123,8.498,74.674,996.332
2025-10-27 06:00:00,1.111,-3.996,500.0,326.967,8.68,86.135,1000.046
2025-10-27 07:00:00,0.523,-3.996,482.963,405.21,8.816,75.679,1003.064
2025-10-27 08:00:00,1.799,-3.996,433.013,304.372,5.284,72.426,995.303
2025-10-27 09:00:00,1.656,-3.996,353.553,349.134,9.656,88.769,980.95
2025-10-27 10:00:00,0.892,-3.996,250.0,371.53,8.521,91.9,989.449
2025-10-27 11:00:00,1.537,-3.996,129.41,346.606,7.21,75.293,985.402
2025-10-27 12:00:00,1.454,-3.996,0.0,345.168,4.884,94.022,995.926
2025-10-27 13:00:00,0.873,-3.996,0.0,332.306,7.33,87.534,990.029
2025-10-27 14:00:00,1.81,-3.996,0.0,364.088,5.18,77.33,986.537
2025-10-27 15:00:00,1.172,-3.996,0.0,345.113,6.222,86.76,999.24
2025-10-27 16:00:00,0.187,-3.996,0.0,301.241,7.2,83.716,994.466
2025-10-27 17:00:00,1.445,-3.996,0.0,419.791,5.345,77.249,1006.113
2025-10-27 18:00:00,3.598,-3.996,0.0,316.953,8.217,72.485,1017.053
2025-10-27 19:00:00,1.703,-3.996,0.0,336.142,8.641,94.539,993.498
2025-10-27 20:00:00,4.251,-3.996,0.0,363.5,4.174,93.007,1006.218
2025-10-27 21:00:00,2.562,-3.996,0.0,409.802,4.585,85.587,1017.987
2025-10-27 22:00:00,2.299,-3.996,0.0,340.689,5.369,84.574,1004.67
2025-10-27 23:00:00,0.793,-3.996,0.0,372.499,5.137,70.327,1007.416
2025-10-28 00:00:00,1.841,-3.92,0.0,390.362,9.211,80.864,996.056
2025-10-28 01:00:00,1.852,-3.92,129.41,323.888,8.488,80.654,994.281
2025-10-28 02:00:00,0.381,-3.92,250.0,314.749,9.694,92.423,997.644
2025-10-28 03:00:00,2.507,-3.92,353.553,365.301,7.073,70.55,984.24
2025-10-28 04:00:00,2.678,-3.92,433.013,309.233,7.851,87.817,981.515
2025-10-28 05:00:00,3.559,-3.92,482.963,314.746,6.333,76.654,1010.373
2025-10-28 06:00:00,0.727,-3.92,500.0,399.308,4.82,87.071,1006.222
2025-10-28 07:00:00,1.166,-3.92,482.963,366.593,7.143,84.658,991.821
2025-10-28 08:00:00,1.622,-3.92,433.013,334.396,9.097,70.5,1007.87
2025-10-28 09:00:00,2.922,-3.92,353.553,391.985,8.313,86.363,1010.235
2025-10-28 10:00:00,0.274,-3.92,250.0,378.626,6.213,93.125,993.174
2025-10-28 11:00:00,2.408,-3.92,129.41,372.415,6.852,75.695,985.37
2025-10-28 12:00:00,0.092,-3.92,0.0,385.413,4.959,80.216,986.541
2025-10-28 13:00:00,3.056,-3.92,0.0,408.607,8.207,77.507,1003.501
2025-10-28 14:00:00,2.116,-3.92,0.0,332.412,9.086,82.955,989.063
2025-10-28 15:00:00,0.551,-3.92,0.0,416.18,8.985,91.998,999.265
2025-10-28 16:00:00,2.878,-3.92,0.0,366.254,6.124,92.027,1005.665
2025-10-28 17:00:00,1.734,-3.92,0.0,393.231,8.545,87.035,1018.364
2025-10-28 18:00:00,2.339,-3.92,0.0,349.628,6.835,81.747,997.463
2025-10-28 19:00:00,2.818,-3.92,0.0,305.488,6.286,84.638,992.376
2025-10-28 20:00:00,2.364,-3.92,0.0,383.842,6.817,89.992,1017.804
2025-10-28 21:00:00,3.744,-3.92,0.0,416.155,7.684,71.055,1004.89
2025-10-28 22:00:00,0.122,-3.92,0.0,375.636,5.594,88.495,991.947
2025-10-28 23:00:00,1.042,-3.92,0.0,379.4,7.42,78.673,987.779
2025-10-29 00:00:00,1.995,-3.841,0.0,374.545,7.932,86.573,987.129
2025-10-29 01:00:00,2.862,-3.841,129.41,370.613,5.601,77.201,1016.408
2025-10-29 02:00:00,1.755,-3.841,250.0,320.775,5.253,71.683,1002.309
2025-10-29 03:00:00,1.312,-3.841,353.553,410.195,4.826,73.381,986.919
2025-10-29 04:00:00,1.769,-3.841,433.013,374.589,4.414,91.289,980.109
2025-10-29 05:00:00,0.686,-3.841,482.963,383.276,4.486,91.988,1015.889
2025-10-29 06:00:00,0.599,-3.841,500.0,301.896,5.964,90.132,987.962
2025-10-29 07:00:00,0.228,-3.841,482.963,365.412,8.365,87.236,985.93
2025-10-29 08:00:00,0.212,-3.841,433.013,380.244,5.889,89.209,1011.841
2025-10-29 09:00:00,1.666,-3.841,353.553,365.424,7.122,72.329,1004.572
2025-10-29 10:00:00,1.153,-3.841,250.0,312.06,4.391,92.5,985.754
2025-10-29 11:00:00,4.885,-3.841,129.41,337.646,7.886,91.608,1009.216
2025-10-29 12:00:00,2.149,-3.841,0.0,390.567,8.617,76.076,1004.348
2025-10-29 13:00:00,1.083,-3.841,0.0,334.04,8.605,77.284,991.169
2025-10-29 14:00:00,1.219,-3.841,0.0,304.858,8.241,79.767,1007.224
2025-10-29 15:00:00,0.482,-3.841,0.0,326.973,5.072,88.715,996.678
2025-10-29 16:00:00,2.758,-3.841,0.0,391.158,6.321,92.607,986.38
2025-10-29 17:00:00,0.154,-3.841,0.0,322.373,9.699,88.158,998.584
2025-10-29 18:00:00,0.45,-3.841,0.0,301.785,7.94,74.761,1004.692
2025-10-29 19:00:00,2.435,-3.841,0.0,307.292,7.471,88.402,987.298
2025-10-29 20:00:00,1.428,-3.841,0.0,384.942,5.421,83.297,994.269
2025-10-29 21:00:00,0.974,-3.841,0.0,360.988,8.092,73.673,1016.021
2025-10-29 22:00:00,0.669,-3.841,0.0,315.256,6.956,85.606,988.091
2025-10-29 23:00:00,0.246,-3.841,0.0,404.519,7.025,72.226,1001.783
2025-10-30 00:00:00,0.217,-3.759,0.0,331.316,5.681,93.035,988.063
2025-10-30 01:00:00,1.686,-3.759,129.41,339.765,7.759,78.258,983.39
2025-10-30 02:00:00,0.875,-3.759,250.0,406.885,5.538,93.789,1013.472
2025-10-30 03:00:00,2.353,-3.759,353.553,343.213,5.042,93.79,1000.74
2025-10-30 04:00:00,0.449,-3.759,433.013,342.731,9.041,85.44,1011.71
2025-10-30 05:00:00,6.279,-3.759,482.963,414.041,4.834,87.716,987.151
2025-10-30 06:00:00,2.507,-3.759,500.0,348.588,4.751,70.689,982.31
2025-10-30 07:00:00,2.003,-3.759,482.963,389.428,6.723,93.937,1007.196
2025-10-30 08:00:00,0.803,-3.759,433.013,329.444,6.842,76.169,1003.22
2025-10-30 09:00:00,1.128,-3.759,353.553,367.702,9.712,81.899,1004.461
2025-10-30 10:00:00,0.304,-3.759,250.0,403.969,7.763,92.207,991.549
2025-10-30 11:00:00,0.253,-3.759,129.41,404.994,7.915,80.366,982.985
2025-10-30 12:00:00,0.954,-3.759,0.0,311.928,9.784,94.764,983.993
2025-10-30 13:00:00,2.491,-3.759,0.0,380.124,8.165,70.628,1015.065
2025-10-30 14:00:00,0.203,-3.759,0.0,350.868,6.112,72.517,986.685
2025-10-30 15:00:00,0.25,-3.759,0.0,327.58,7.838,74.523,1003.825
2025-10-30 16:00:00,2.209,-3.759,0.0,306.729,6.089,79.842,1007.351
2025-10-30 17:00:00,0.772,-3.759,0.0,349.056,9.981,86.467,1011.809
2025-10-30 18:00:00,0.862,-3.759,0.0,396.736,4.756,91.743,999.786
2025-10-30 19:00:00,0.242,-3.759,0.0,356.658,6.278,74.505,996.895
2025-10-30 20:00:00,0.045,-3.759,0.0,407.483,4.344,80.392,1009.438
2025-10-30 21:00:00,0.58,-3.759,0.0,302.175,6.894,77.005,1001.015
2025-10-30 22:00:00,0.994,-3.759,0.0,370.755,8.78,72.101,990.372
2025-10-30 23:00:00,0.475,-3.759,0.0,379.552,8.798,70.562,1004.787
2025-10-31 00:00:00,0.946,-3.675,0.0,393.665,6.418,86.256,982.144
2025-10-31 01:00:00,0.563,-3.675,129.41,322.469,8.082,78.323,1016.648
2025-10-31 02:00:00,0.146,-3.675,250.0,319.203,7.049,94.788,1005.605
2025-10-31 03:00:00,0.524,-3.675,353.553,307.8,9.884,90.811,1011.17
2025-10-31 04:00:00,1.75,-3.675,433.013,326.323,9.847,81.017,1003.528
2025-10-31 05:00:00,0.312,-3.675,482.963,360.611,5.497,84.375,996.143
2025-10-31 06:00:00,0.103,-3.675,500.0,391.339,5.276,82.979,985.003
2025-10-31 07:00:00,0.753,-3.675,482.963,392.884,6.861,75.173,981.756
2025-10-31 08:00:00,0.57,-3.675,433.013,337.641,7.294,78.42,1009.064
2025-10-31 09:00:00,0.064,-3.675,353.553,358.223,4.047,84.148,1007.941
2025-10-31 10:00:00,1.086,-3.675,250.0,314.437,5.554,74.265,1004.499
2025-10-31 11:00:00,2.885,-3.675,129.41,303.378,7.613,77.34,998.193
2025-10-31 12:00:00,1.112,-3.675,0.0,356.67,7.804,73.737,986.525
2025-10-31 13:00:00,0.388,-3.675,0.0,372.313,6.717,91.458,983.041
2025-10-31 14:00:00,1.264,-3.675,0.0,317.111,5.957,91.23,983.911
2025-10-31 15:00:00,0.488,-3.675,0.0,333.406,6.001,82.03,991.163
2025-10-31 16:00:00,0.836,-3.675,0.0,352.293,8.668,74.439,992.074
2025-10-31 17:00:00,0.281,-3.675,0.0,367.322,4.454,83.972,1018.928
2025-10-31 18:00:00,1.392,-3.675,0.0,409.875,6.122,72.485,1013.851
2025-10-31 19:00:00,0.14,-3.675,0.0,410.981,8.95,74.223,1019.364
2025-10-31 20:00:00,0.782,-3.675,0.0,350.984,8.591,79.699,991.065
2025-10-31 21:00:00,0.158,-3.675,0.0,346.838,5.247,91.187,1019.75
2025-10-31 22:00:00,4.706,-3.675,0.0,392.934,9.419,81.337,986.854
2025-10-31 23:00:00,0.842,-3.675,0.0,378.276,4.083,73.995,998.138
2025-11-01 00:00:00,2.116,-3.588,0.0,419.865,5.551,72.798,982.924
2025-11-01 01:00:00,0.319,-3.588,129.41,372.188,8.77,79.505,989.974
2025-11-01 02:00:00,1.987,-3.588,250.0,369.936,6.841,85.135,981.357
2025-11-01 03:00:00,0.087,-3.588,353.553,378.356,6.525,88.82,998.258
2025-11-01 04:00:00,0.925,-3.588,433.013,374.206,4.837,87.9,1010.905
2025-11-01 05:00:00,2.427,-3.588,482.963,407.342,6.189,74.725,1007.781
2025-11-01 06:00:00,0.386,-3.588,500.0,333.47,7.482,82.814,980.321
2025-11-01 07:00:00,1.337,-3.588,482.963,387.05,8.085,76.639,992.078
2025-11-01 08:00:00,0.185,-3.588,433.013,362.177,6.952,77.908,987.055
2025-11-01 09:00:00,0.465,-3.588,353.553,397.617,8.359,78.043,1016.977
2025-11-01 10:00:00,2.16,-3.588,250.0,342.402,7.848,77.359,999.982
2025-11-01 11:00:00,0.25,-3.588,129.41,413.845,9.405,85.811,1005.926
2025-11-01 12:00:00,0.681,-3.588,0.0,376.949,6.512,77.008,1016.281
2025-11-01 13:00:00,0.56,-3.588,0.0,338.517,6.758,72.959,993.199
2025-11-01 14:00:00,1.729,-3.588,0.0,335.416,7.462,93.923,985.224
2025-11-01 15:00:00,0.356,-3.588,0.0,367.609,4.688,94.682,1018.714
2025-11-01 16:00:00,3.376,-3.588,0.0,393.365,4.721,78.873,996.732
2025-11-01 17:00:00,1.833,-3.588,0.0,308.868,9.338,86.603,989.552
2025-11-01 18:00:00,0.017,-3.588,0.0,402.619,4.864,75.544,982.63
2025-11-01 19:00:00,0.401,-3.588,0.0,320.08,5.692,76.085,1005.024
2025-11-01 20:00:00,4.239,-3.588,0.0,321.398,9.628,75.59,1017.506
2025-11-01 21:00:00,1.081,-3.588,0.0,306.983,8.02,72.549,1001.144
2025-11-01 22:00:00,1.465,-3.588,0.0,348.096,7.897,90.178,1010.051
2025-11-01 23:00:00,1.947,-3.588,0.0,414.157,7.108,71.136,981.22
2025-11-02 00:00:00,0.556,-3.498,0.0,404.669,7.186,93.015,993.266
2025-11-02 01:00:00,0.099,-3.498,129.41,301.782,5.929,74.928,1012.947
2025-11-02 02:00:00,3.63,-3.498,250.0,392.482,5.037,82.182,981.372
2025-11-02 03:00:00,1.78,-3.498,353.553,386.108,5.726,89.667,1019.302
2025-11-02 04:00:00,0.579,-3.498,433.013,414.966,7.528,71.4,1009.518
2025-11-02 05:00:00,0.629,-3.498,482.963,401.951,8.053,77.934,1007.621
2025-11-02 06:00:00,1.525,-3.498,500.0,329.168,4.512,94.696,986.625
2025-11-02 07:00:00,0.793,-3.498,482.963,335.205,9.165,82.613,1017.011
2025-11-02 08:00:00,1.87,-3.498,433.013,310.042,5.09,84.89,998.065
2025-11-02 09:00:00,1.27,-3.498,353.553,389.898,7.295,85.616,999.283
2025-11-02 10:00:00,2.475,-3.498,250.0,379.501,8.689,76.786,996.024
2025-11-02 11:00:00,1.593,-3.498,129.41,406.851,9.053,70.807,984.362
2025-11-02 12:00:00,2.0,-3.498,0.0,324.291,5.618,73.503,1010.08
2025-11-02 13:00:00,0.111,-3.498,0.0,377.874,5.727,84.186,997.163
2025-11-02 14:00:00,0.672,-3.498,0.0,349.709,9.981,91.017,1002.66
2025-11-02 15:00:00,0.472,-3.498,0.0,320.122,5.844,79.553,997.918
2025-11-02 16:00:00,0.1,-3.498,0.0,307.848,6.337,79.596,1019.931
2025-11-02 17:00:00,0.865,-3.498,0.0,417.637,5.755,91.546,991.344
2025-11-02 18:00:00,0.18,-3.498,0.0,412.072,9.118,79.105,988.174
2025-11-02 19:00:00,1.004,-3.498,0.0,305.179,9.144,76.477,984.098
2025-11-02 20:00:00,0.939,-3.498,0.0,354.012,9.71,82.666,1014.716
2025-11-02 21:00:00,0.647,-3.498,0.0,365.15,4.918,92.942,1007.608
2025-11-02 22:00:00,2.715,-3.498,0.0,376.483,4.145,94.782,983.221
2025-11-02 23:00:00,0.627,-3.498,0.0,415.569,9.687,84.353,980.683
2025-11-03 00:00:00,3.456,-3.406,0.0,342.012,9.047,89.34,1016.892
2025-11-03 01:00:00,1.017,-3.406,129.41,391.541,8.118,72.695,984.553
2025-11-03 02:00:00,1.133,-3.406,250.0,407.041,6.993,74.365,1002.507
2025-11-03 03:00:00,1.644,-3.406,353.553,320.527,4.406,71.105,1014.117
2025-11-03 04:00:00,1.145,-3.406,433.013,406.656,5.594,89.677,982.298
2025-11-03 05:00:00,2.105,-3.406,482.963,402.349,9.043,84.069,1001.091
2025-11-03 06:00:00,1.306,-3.406,500.0,303.597,8.069,94.588,980.273
2025-11-03 07:00:00,0.453,-3.406,482.963,326.353,9.704,75.074,988.617
2025-11-03 08:00:00,1.028,-3.406,433.013,351.18,9.166,81.937,983.174
2025-11-03 09:00:00,2.613,-3.406,353.553,343.443,6.527,76.312,987.391
2025-11-03 10:00:00,0.331,-3.406,250.0,315.661,8.598,86.321,1013.359
2025-11-03 11:00:00,0.361,-3.406,129.41,323.929,4.359,93.896,1008.313
2025-11-03 12:00:00,0.393,-3.406,0.0,366.55,7.61,70.429,997.684
2025-11-03 13:00:00,0.582,-3.406,0.0,418.772,5.592,72.871,994.425
2025-11-03 14:00:00,1.793,-3.406,0.0,318.833,5.023,71.6,1008.861
2025-11-03 15:00:00,1.825,-3.406,0.0,357.067,8.882,84.772,992.422
2025-11-03 16:00:00,0.901,-3.406,0.0,408.625,5.144,88.178,1013.844
2025-11-03 17:00:00,1.281,-3.406,0.0,362.436,6.995,72.496,1011.833
2025-11-03 18:00:00,2.076,-3.406,0.0,414.206,8.718,91.475,988.174
2025-11-03 19:00:00,0.449,-3.406,0.0,374.794,6.635,70.427,1010.149
2025-11-03 20:00:00,0.727,-3.406,0.0,315.882,5.808,78.572,987.701
2025-11-03 21:00:00,1.496,-3.406,0.0,312.275,9.665,76.402,984.421
2025-11-03 22:00:00,2.072,-3.406,0.0,305.001,8.477,86.533,1005.165
2025-11-03 23:00:00,0.292,-3.406,0.0,312.255,6.781,87.506,1008.059
2025-11-04 00:00:00,0.71,-3.312,0.0,334.12,6.686,91.158,989.536
2025-11-04 01:00:00,0.768,-3.312,129.41,419.479,9.197,88.689,1007.562
2025-11-04 02:00:00,0.474,-3.312,250.0,314.669,8.164,83.672,1001.711
2025-11-04 03:00:00,0.727,-3.312,353.553,314.198,4.246,87.015,1013.794
2025-11-04 04:00:00,0.786,-3.312,433.013,404.347,8.963,70.802,1005.116
2025-11-04 05:00:00,0.331,-3.312,482.963,334.098,7.025,93.16,986.398
2025-11-04 06:00:00,1.118,-3.312,500.0,348.428,6.091,84.488,1011.647
2025-11-04 07:00:00,2.417,-3.312,482.963,307.118,8.577,74.476,985.421
2025-11-04 08:00:00,0.061,-3.312,433.013,371.44,7.929,79.193,1003.404
2025-11-04 09:00:00,4.299,-3.312,353.553,340.153,8.773,91.06,983.676
2025-11-04 10:00:00,1.515,-3.312,250.0,341.016,6.328,90.89,996.682
2025-11-04 11:00:00,0.544,-3.312,129.41,407.07,4.809,83.315,980.121
2025-11-04 12:00:00,1.412,-3.312,0.0,363.606,9.66,71.845,1013.556
2025-11-04 13:00:00,0.975,-3.312,0.0,322.28,6.644,84.524,1007.229
2025-11-04 14:00:00,1.408,-3.312,0.0,382.743,6.385,85.391,1013.434
2025-11-04 15:00:00,1.668,-3.312,0.0,306.753,8.376,85.278,982.164
2025-11-04 16:00:00,1.82,-3.312,0.0,340.855,6.665,74.125,1010.124
2025-11-04 17:00:00,3.404,-3.312,0.0,410.139,5.902,87.421,990.204
2025-11-04 18:00:00,0.724,-3.312,0.0,316.553,9.395,88.523,1002.736
2025-11-04 19:00:00,0.496,-3.312,0.0,391.515,6.885,79.352,1004.062
2025-11-04 20:00:00,1.15,-3.312,0.0,317.846,6.662,86.492,1018.654
2025-11-04 21:00:00,2.076,-3.312,0.0,319.239,5.436,73.651,1019.993
2025-11-04 22:00:00,0.513,-3.312,0.0,318.967,4.228,80.353,988.688
2025-11-04 23:00:00,0.4,-3.312,0.0,345.151,4.151,92.431,995.646
2025-11-05 00:00:00,0.957,-3.215,0.0,350.012,4.275,82.161,987.41
2025-11-05 01:00:00,0.2,-3.215,129.41,318.376,8.197,91.79,1014.568
2025-11-05 02:00:00,1.719,-3.215,250.0,351.006,4.974,83.661,1015.391
2025-11-05 03:00:00,0.497,-3.215,353.553,364.911,8.985,85.007,986.263
2025-11-05 04:00:00,0.522,-3.215,433.013,389.99,4.424,87.414,1004.798
2025-11-05 05:00:00,0.918,-3.215,482.963,357.584,6.05,93.453,984.078
2025-11-05 06:00:00,1.637,-3.215,500.0,333.942,6.812,89.684,984.175
2025-11-05 07:00:00,0.396,-3.215,482.963,324.67,8.243,86.959,1007.249
2025-11-05 08:00:00,0.942,-3.215,433.013,385.204,6.541,93.395,981.537
2025-11-05 09:00:00,0.878,-3.215,353.553,337.948,4.912,84.402,1003.171
2025-11-05 10:00:00,1.927,-3.215,250.0,369.972,6.285,76.5,1012.829
2025-11-05 11:00:00,0.178,-3.215,129.41,302.341,6.017,75.413,1001.366
2025-11-05 12:00:00,0.973,-3.215,0.0,418.382,5.14,73.035,1011.549
2025-11-05 13:00:00,0.953,-3.215,0.0,369.881,6.382,91.906,1008.4
2025-11-05 14:00:00,1.305,-3.215,0.0,399.958,6.542,73.2,993.2
2025-11-05 15:00:00,0.288,-3.215,0.0,406.096,4.733,77.515,1006.296
2025-11-05 16:00:00,5.514,-3.215,0.0,405.696,7.699,80.508,986.424
2025-11-05 17:00:00,0.518,-3.215,0.0,416.92,4.209,83.187,992.336
2025-11-05 18:00:00,0.575,-3.215,0.0,412.518,5.652,94.698,991.686
2025-11-05 19:00:00,5.204,-3.215,0.0,314.777,9.769,79.06,1007.78
2025-11-05 20:00:00,0.33,-3.215,0.0,417.573,4.107,82.033,1005.831
2025-11-05 21:00:00,0.106,-3.215,0.0,383.58,8.191,75.917,981.963
2025-11-05 22:00:00,0.949,-3.215,0.0,380.609,7.834,78.28,994.064
2025-11-05 23:00:00,5.511,-3.215,0.0,374.951,4.804,86.193,985.094
2025-11-06 00:00:00,0.77,-3.115,0.0,321.239,5.015,93.541,1006.904
2025-11-06 01:00:00,5.324,-3.115,129.41,319.237,9.743,74.968,1017.605
2025-11-06 02:00:00,0.033,-3.115,250.0,344.545,5.136,70.369,1009.012
2025-11-06 03:00:00,3.833,-3.115,353.553,360.311,9.223,80.472,1017.747
2025-11-06 04:00:00,0.92,-3.115,433.013,417.419,4.682,90.871,987.978
2025-11-06 05:00:00,1.116,-3.115,482.963,413.961,5.231,77.797,1017.216
2025-11-06 06:00:00,0.055,-3.115,500.0,378.413,6.405,79.609,1005.257
2025-11-06 07:00:00,4.95,-3.115,482.963,390.654,8.859,71.616,992.219
2025-11-06 08:00:00,3.762,-3.115,433.013,311.994,5.664,71.461,1000.463
2025-11-06 09:00:00,1.695,-3.115,353.553,342.396,9.001,78.802,1018.837
2025-11-06 10:00:00,0.729,-3.115,250.0,410.152,4.863,76.286,1004.751
2025-11-06 11:00:00,0.868,-3.115,129.41,344.017,4.556,88.785,997.132
2025-11-06 12:00:00,8.069,-3.115,0.0,336.776,5.739,71.913,995.294
2025-11-06 13:00:00,0.586,-3.115,0.0,359.805,5.609,87.918,985.412
2025-11-06 14:00:00,3.186,-3.115,0.0,345.74,6.086,94.806,1009.369
2025-11-06 15:00:00,3.676,-3.115,0.0,375.195,6.487,84.931,1019.844
2025-11-06 16:00:00,1.382,-3.115,0.0,396.651,6.576,71.285,1009.364
2025-11-06 17:00:00,1.023,-3.115,0.0,400.782,4.213,81.948,995.55
2025-11-06 18:00:00,0.897,-3.115,0.0,356.421,8.268,90.621,1010.51
2025-11-06 19:00:00,7.159,-3.115,0.0,359.846,7.427,79.676,1017.872
2025-11-06 20:00:00,1.449,-3.115,0.0,418.88,9.842,75.598,981.02
2025-11-06 21:00:00,0.719,-3.115,0.0,390.198,4.647,93.701,1002.681
2025-11-06 22:00:00,0.849,-3.115,0.0,327.902,9.41,88.628,993.498
2025-11-06 23:00:00,0.954,-3.115,0.0,336.156,7.724,75.176,1019.07
2025-11-07 00:00:00,0.641,-3.014,0.0,398.749,6.624,72.699,983.319
2025-11-07 01:00:00,0.556,-3.014,129.41,399.841,4.754,87.338,1010.925
2025-11-07 02:00:00,0.273,-3.014,250.0,370.576,4.012,91.154,1009.766
2025-11-07 03:00:00,2.492,-3.014,353.553,403.943,8.135,72.615,986.211
2025-11-07 04:00:00,1.282,-3.014,433.013,384.853,5.611,80.81,982.72
2025-11-07 05:00:00,0.627,-3.014,482.963,314.809,5.041,70.531,991.69
2025-11-07 06:00:00,0.331,-3.014,500.0,411.632,4.308,88.704,999.137
2025-11-07 07:00:00,0.745,-3.014,482.963,364.014,4.937,86.979,1009.53
2025-11-07 08:00:00,1.736,-3.014,433.013,347.775,8.929,91.835,998.882
2025-11-07 09:00:00,3.044,-3.014,353.553,410.778,4.195,88.415,983.261
2025-11-07 10:00:00,0.028,-3.014,250.0,322.741,7.341,88.917,1019.752
2025-11-07 11:00:00,2.049,-3.014,129.41,402.616,7.415,82.06,984.789
2025-11-07 12:00:00,0.627,-3.014,0.0,382.4,5.405,76.612,1012.214
2025-11-07 13:00:00,0.809,-3.014,0.0,361.368,8.115,92.441,982.308
2025-11-07 14:00:00,1.53,-3.014,0.0,369.652,5.146,89.874,1005.428
2025-11-07 15:00:00,1.112,-3.014,0.0,382.334,5.059,75.596,996.4
2025-11-07 16:00:00,0.908,-3.014,0.0,400.041,5.512,91.073,985.512
2025-11-07 17:00:00,1.524,-3.014,0.0,357.772,4.835,80.819,1016.45
2025-11-07 18:00:00,0.682,-3.014,0.0,363.062,9.439,85.036,994.637
2025-11-07 19:00:00,0.499,-3.014,0.0,307.833,4.829,84.425,990.576
2025-11-07 20:00:00,3.498,-3.014,0.0,326.482,7.054,77.534,1005.642
2025-11-07 21:00:00,0.64,-3.014,0.0,334.355,5.968,74.673,997.517
2025-11-07 22:00:00,0.761,-3.014,0.0,395.543,6.888,94.926,1017.602
2025-11-07 23:00:00,0.809,-3.014,0.0,309.33,8.771,82.658,1016.555
2025-11-08 00:00:00,0.108,-2.909,0.0,332.873,8.69,86.915,990.404
2025-11-08 01:00:00,0.319,-2.909,129.41,348.553,6.923,88.004,980.592
2025-11-08 02:00:00,5.355,-2.909,250.0,370.644,7.719,82.978,989.689
2025-11-08 03:00:00,2.002,-2.909,353.553,374.551,9.725,93.93,996.064
2025-11-08 04:00:00,1.222,-2.909,433.013,393.452,7.448,78.52,1016.489
2025-11-08 05:00:00,1.043,-2.909,482.963,377.322,9.04,71.078,1007.287
2025-11-08 06:00:00,1.071,-2.909,500.0,343.512,6.139,78.525,982.687
2025-11-08 07:00:00,3.081,-2.909,482.963,328.735,9.38,84.219,1007.067
2025-11-08 08:00:00,2.787,-2.909,433.013,360.829,7.837,86.371,980.054
2025-11-08 09:00:00,2.849,-2.909,353.553,323.754,4.428,87.815,1002.309
2025-11-08 10:00:00,1.201,-2.909,250.0,390.426,7.459,72.796,1017.911
2025-11-08 11:00:00,0.757,-2.909,129.41,323.128,9.72,90.23,1005.457
2025-11-08 12:00:00,1.01,-2.909,0.0,305.294,8.531,87.983,1017.325
2025-11-08 13:00:00,0.612,-2.909,0.0,366.596,5.429,79.06,1002.952
2025-11-08 14:00:00,1.562,-2.909,0.0,355.946,9.13,93.613,982.87
2025-11-08 15:00:00,3.506,-2.909,0.0,364.147,7.699,78.378,985.406
2025-11-08 16:00:00,1.737,-2.909,0.0,413.991,5.62,72.353,981.333
2025-11-08 17:00:00,1.178,-2.909,0.0,310.701,7.769,70.615,1013.407
2025-11-08 18:00:00,0.797,-2.909,0.0,364.843,7.979,75.38,983.852
2025-11-08 19:00:00,2.946,-2.909,0.0,406.111,7.52,71.08,1002.321
2025-11-08 20:00:00,0.072,-2.909,0.0,399.354,9.76,75.421,1012.061
2025-11-08 21:00:00,2.586,-2.909,0.0,399.469,5.387,70.886,1012.95
2025-11-08 22:00:00,5.162,-2.909,0.0,325.544,6.439,74.059,1003.668
2025-11-08 23:00:00,2.18,-2.909,0.0,384.901,5.386,86.125,982.682
2025-11-09 00:00:00,2.156,-2.803,0.0,305.656,8.114,88.291,981.682
2025-11-09 01:00:00,0.726,-2.803,129.41,405.428,7.01,73.814,1006.148
2025-11-09 02:00:00,0.761,-2.803,250.0,344.558,5.928,83.6,999.2
2025-11-09 03:00:00,2.941,-2.803,353.553,404.686,8.951,87.699,991.766
2025-11-09 04:00:00,1.844,-2.803,433.013,414.497,8.896,92.951,1010.119
2025-11-09 05:00:00,4.384,-2.803,482.963,396.04,9.006,81.68,991.567
2025-11-09 06:00:00,0.597,-2.803,500.0,343.751,8.585,90.286,1007.18
2025-11-09 07:00:00,1.009,-2.803,482.963,369.746,6.781,83.262,989.822
2025-11-09 08:00:00,0.563,-2.803,433.013,377.571,6.175,90.012,987.67
2025-11-09 09:00:00,0.644,-2.803,353.553,376.665,7.899,90.866,997.62
2025-11-09 10:00:00,0.356,-2.803,250.0,369.818,5.261,73.154,1004.298
2025-11-09 11:00:00,1.01,-2.803,129.41,325.057,7.557,81.271,982.212
2025-11-09 12:00:00,1.104,-2.803,0.0,355.755,7.396,90.476,1008.982
2025-11-09 13:00:00,1.174,-2.803,0.0,304.44,8.274,79.762,989.585
2025-11-09 14:00:00,4.85,-2.803,0.0,314.582,8.331,78.357,987.248
2025-11-09 15:00:00,2.182,-2.803,0.0,391.279,6.597,90.322,981.445
2025-11-09 16:00:00,1.684,-2.803,0.0,417.235,5.458,93.811,986.023
2025-11-09 17:00:00,2.696,-2.803,0.0,342.829,4.03,86.306,987.518
2025-11-09 18:00:00,2.324,-2.803,0.0,379.188,8.288,91.351,1014.101
2025-11-09 19:00:00,0.335,-2.803,0.0,406.269,8.479,80.83,1004.898
2025-11-09 20:00:00,0.504,-2.803,0.0,302.158,4.06,81.213,999.882
2025-11-09 21:00:00,0.094,-2.803,0.0,347.15,9.834,93.122,981.883
2025-11-09 22:00:00,0.373,-2.803,0.0,406.042,9.092,74.535,1009.533
2025-11-09 23:00:00,2.003,-2.803,0.0,332.941,5.019,77.934,1018.101
2025-11-10 00:00:00,2.342,-2.694,0.0,371.582,6.018,74.405,990.002
2025-11-10 01:00:00,0.773,-2.694,129.41,322.898,6.227,75.879,1017.946
2025-11-10 02:00:00,0.997,-2.694,250.0,334.8,6.141,89.559,989.068
2025-11-10 03:00:00,0.273,-2.694,353.553,405.682,8.018,92.666,1005.75
2025-11-10 04:00:00,0.681,-2.694,433.013,314.716,4.066,87.959,983.965
2025-11-10 05:00:00,0.436,-2.694,482.963,365.738,7.862,90.729,981.398
2025-11-10 06:00:00,1.267,-2.694,500.0,351.921,7.172,89.229,992.909
2025-11-10 07:00:00,1.408,-2.694,482.963,362.871,4.435,86.547,1003.836
2025-11-10 08:00:00,0.98,-2.694,433.013,330.809,8.582,81.686,1001.828
2025-11-10 09:00:00,0.247,-2.694,353.553,385.385,6.439,85.999,984.226
2025-11-10 10:00:00,1.322,-2.694,250.0,391.135,6.68,80.808,990.388
2025-11-10 11:00:00,0.982,-2.694,129.41,384.611,7.546,80.581,981.683
2025-11-10 12:00:00,1.585,-2.694,0.0,309.225,8.693,78.219,988.384
2025-11-10 13:00:00,0.767,-2.694,0.0,377.938,4.251,92.668,981.244
2025-11-10 14:00:00,0.984,-2.694,0.0,366.199,7.829,86.887,1002.447
2025-11-10 15:00:00,0.12,-2.694,0.0,414.384,5.747,76.235,1013.528
2025-11-10 16:00:00,0.424,-2.694,0.0,315.394,9.806,72.233,999.307
2025-11-10 17:00:00,0.402,-2.694,0.0,319.547,8.681,70.311,1009.378
2025-11-10 18:00:00,4.439,-2.694,0.0,419.087,6.338,76.946,984.602
2025-11-10 19:00:00,3.249,-2.694,0.0,389.139,4.722,73.103,987.164
2025-11-10 20:00:00,1.088,-2.694,0.0,353.664,7.865,81.438,984.905
2025-11-10 21:00:00,2.772,-2.694,0.0,377.557,7.529,76.257,1016.399
2025-11-10 22:00:00,2.022,-2.694,0.0,300.032,4.024,77.472,992.871
2025-11-10 23:00:00,2.182,-2.694,0.0,315.869,8.752,78.81,1006.578
2025-11-11 00:00:00,1.381,-2.583,0.0,382.669,8.407,94.864,993.872
2025-11-11 01:00:00,4.421,-2.583,129.41,308.625,5.601,72.174,985.974
2025-11-11 02:00:00,0.312,-2.583,250.0,378.449,6.448,82.389,1018.89
2025-11-11 03:00:00,0.806,-2.583,353.553,302.641,5.343,74.716,1012.986
2025-11-11 04:00:00,2.779,-2.583,433.013,371.406,4.366,78.843,984.917
2025-11-11 05:00:00,2.75,-2.583,482.963,374.394,4.256,94.561,1009.894
2025-11-11 06:00:00,0.425,-2.583,500.0,348.959,8.008,86.115,1015.915
2025-11-11 07:00:00,2.693,-2.583,482.963,380.424,7.855,82.537,1011.439
2025-11-11 08:00:00,1.763,-2.583,433.013,330.722,8.799,83.468,1014.51
2025-11-11 09:00:00,0.329,-2.583,353.553,407.428,5.184,81.874,990.941
2025-11-11 10:00:00,2.012,-2.583,250.0,338.276,8.868,79.43,1006.358
2025-11-11 11:00:00,1.972,-2.583,129.41,389.182,4.703,77.551,1018.298
2025-11-11 12:00:00,2.323,-2.583,0.0,337.874,7.692,79.661,988.331
2025-11-11 13:00:00,1.076,-2.583,0.0,392.31,4.931,94.504,1015.822
2025-11-11 14:00:00,0.326,-2.583,0.0,369.37,8.356,93.625,1015.724
2025-11-11 15:00:00,2.517,-2.583,0.0,395.954,5.042,73.712,995.475
2025-11-11 16:00:00,1.998,-2.583,0.0,385.46,9.131,79.752,990.293
2025-11-11 17:00:00,1.236,-2.583,0.0,310.141,6.166,81.406,990.626
2025-11-11 18:00:00,0.557,-2.583,0.0,390.939,8.366,73.291,1012.925
2025-11-11 19:00:00,4.055,-2.583,0.0,416.792,9.193,78.22,1008.694
2025-11-11 20:00:00,0.148,-2.583,0.0,343.236,4.067,79.366,996.741
2025-11-11 21:00:00,0.991,-2.583,0.0,357.445,9.592,83.116,989.026
2025-11-11 22:00:00,2.371,-2.583,0.0,419.74,4.551,73.845,996.493
2025-11-11 23:00:00,0.2,-2.583,0.0,409.812,9.345,74.022,987.077
2025-11-12 00:00:00,1.203,-2.47,0.0,333.402,4.096,70.412,1009.156
2025-11-12 01:00:00,2.804,-2.47,129.41,355.651,9.635,88.276,1009.669
2025-11-12 02:00:00,1.077,-2.47,250.0,355.822,6.485,83.501,995.064
2025-11-12 03:00:00,0.323,-2.47,353.553,377.838,5.997,70.423,1009.278
2025-11-12 04:00:00,1.909,-2.47,433.013,326.484,9.986,83.94,995.942
2025-11-12 05:00:00,4.256,-2.47,482.963,337.967,5.703,81.264,990.578
2025-11-12 06:00:00,5.647,-2.47,500.0,410.42,8.419,84.15,1007.17
2025-11-12 07:00:00,0.338,-2.47,482.963,411.221,5.982,79.561,989.188
2025-11-12 08:00:00,1.603,-2.47,433.013,314.583,9.441,89.23,1014.938
2025-11-12 09:00:00,8.712,-2.47,353.553,402.139,6.863,92.294,1008.004
2025-11-12 10:00:00,0.312,-2.47,250.0,343.887,5.269,89.226,981.284
2025-11-12 11:00:00,2.088,-2.47,129.41,316.129,6.518,73.86,983.303
2025-11-12 12:00:00,0.837,-2.47,0.0,319.995,8.45,77.347,999.772
2025-11-12 13:00:00,0.052,-2.47,0.0,336.754,6.468,70.626,993.026
2025-11-12 14:00:00,3.169,-2.47,0.0,329.337,4.942,75.549,982.774
2025-11-12 15:00:00,1.765,-2.47,0.0,337.9,5.882,94.762,994.94
2025-11-12 16:00:00,0.843,-2.47,0.0,321.058,5.485,87.363,1000.168
2025-11-12 17:00:00,3.167,-2.47,0.0,348.104,4.335,94.305,1000.952
2025-11-12 18:00:00,2.238,-2.47,0.0,374.727,8.045,93.294,989.671
2025-11-12 19:00:00,1.237,-2.47,0.0,310.765,6.992,90.92,1016.049
2025-11-12 20:00:00,1.079,-2.47,0.0,403.331,6.713,73.307,995.765
2025-11-12 21:00:00,3.939,-2.47,0.0,339.341,5.81,73.502,1006.178
2025-11-12 22:00:00,1.283,-2.47,0.0,308.035,8.093,79.883,984.339
2025-11-12 23:00:00,3.442,-2.47,0.0,415.313,9.327,74.831,983.227
2025-11-13 00:00:00,1.571,-2.354,0.0,316.894,8.27,82.61,994.389
2025-11-13 01:00:00,1.012,-2.354,129.41,366.148,4.301,80.625,1005.094
2025-11-13 02:00:00,0.763,-2.354,250.0,399.352,7.452,72.104,991.455
2025-11-13 03:00:00,1.46,-2.354,353.553,392.566,4.299,90.403,989.727
2025-11-13 04:00:00,0.337,-2.354,433.013,366.813,8.478,74.465,1018.063
2025-11-13 05:00:00,0.089,-2.354,482.963,324.083,8.169,93.235,993.131
2025-11-13 06:00:00,0.958,-2.354,500.0,413.047,6.213,70.597,1010.81
2025-11-13 07:00:00,0.888,-2.354,482.963,363.305,5.859,88.217,1008.224
2025-11-13 08:00:00,1.258,-2.354,433.013,337.909,9.484,93.147,1006.683
2025-11-13 09:00:00,3.193,-2.354,353.553,349.151,8.89,84.184,981.143
2025-11-13 10:00:00,3.605,-2.354,250.0,378.68,4.509,77.576,989.485
2025-11-13 11:00:00,0.458,-2.354,129.41,398.264,9.05,82.087,992.375
2025-11-13 12:00:00,1.558,-2.354,0.0,405.233,8.998,77.386,996.877
2025-11-13 13:00:00,1.307,-2.354,0.0,339.282,9.041,79.336,1012.9
2025-11-13 14:00:00,0.44,-2.354,0.0,380.165,9.939,83.357,981.548
2025-11-13 15:00:00,0.331,-2.354,0.0,378.09,4.409,79.231,1013.397
2025-11-13 16:00:00,2.343,-2.354,0.0,350.531,4.64,77.015,1013.131
2025-11-13 17:00:00,0.886,-2.354,0.0,388.399,4.53,70.264,1006.726
2025-11-13 18:00:00,1.994,-2.354,0.0,310.955,9.912,93.404,1001.189
2025-11-13 19:00:00,3.455,-2.354,0.0,383.233,4.813,80.833,994.341
2025-11-13 20:00:00,0.538,-2.354,0.0,392.446,6.129,87.788,988.567
2025-11-13 21:00:00,0.433,-2.354,0.0,369.126,6.75,79.345,1015.761
2025-11-13 22:00:00,3.446,-2.354,0.0,327.567,5.952,89.149,1003.783
2025-11-13 23:00:00,0.061,-2.354,0.0,390.059,4.15,74.685,1003.514
2025-11-14 00:00:00,1.918,-2.236,0.0,401.576,4.313,81.628,1006.551
2025-11-14 01:00:00,0.692,-2.236,129.41,381.453,9.677,75.877,1002.756
2025-11-14 02:00:00,0.174,-2.236,250.0,384.194,4.41,93.964,991.48
2025-11-14 03:00:00,1.046,-2.236,353.553,408.997,4.43,80.297,997.099
2025-11-14 04:00:00,0.302,-2.236,433.013,335.029,4.618,90.501,999.243
2025-11-14 05:00:00,1.255,-2.236,482.963,367.032,9.128,86.278,986.998
2025-11-14 06:00:00,1.036,-2.236,500.0,411.43,9.029,91.349,1017.594
2025-11-14 07:00:00,1.525,-2.236,482.963,377.67,5.689,73.543,995.153
2025-11-14 08:00:00,0.744,-2.236,433.013,336.154,6.878,84.903,996.161
2025-11-14 09:00:00,1.536,-2.236,353.553,331.311,9.907,94.796,987.284
2025-11-14 10:00:00,1.581,-2.236,250.0,380.314,8.376,93.955,1016.842
2025-11-14 11:00:00,2.42,-2.236,129.41,367.042,6.23,75.738,992.307
2025-11-14 12:00:00,4.652,-2.236,0.0,361.796,4.766,93.236,1018.534
2025-11-14 13:00:00,0.611,-2.236,0.0,344.81,9.104,88.179,1015.022
2025-11-14 14:00:00,2.742,-2.236,0.0,336.683,6.922,83.431,983.715
2025-11-14 15:00:00,0.352,-2.236,0.0,309.775,9.03,83.442,983.869
2025-11-14 16:00:00,0.12,-2.236,0.0,305.546,8.086,77.037,1015.08
2025-11-14 17:00:00,1.102,-2.236,0.0,380.496,7.655,93.274,1010.58
2025-11-14 18:00:00,4.406,-2.236,0.0,378.362,7.845,81.686,1012.285
2025-11-14 19:00:00,2.587,-2.236,0.0,305.791,8.299,94.072,992.42
2025-11-14 20:00:00,0.733,-2.236,0.0,419.475,5.819,83.317,1005.361
2025-11-14 21:00:00,2.914,-2.236,0.0,350.791,6.823,92.014,1003.722
2025-11-14 22:00:00,1.303,-2.236,0.0,321.987,9.416,85.363,990.241
2025-11-14 23:00:00,3.706,-2.236,0.0,326.813,5.386,77.172,1017.986
2025-11-15 00:00:00,0.863,-2.117,0.0,304.469,5.095,89.03,995.691
2025-11-15 01:00:00,2.153,-2.117,129.41,307.087,4.762,73.857,998.118
2025-11-15 02:00:00,0.701,-2.117,250.0,401.218,9.549,84.538,1000.754
2025-11-15 03:00:00,0.38,-2.117,353.553,353.508,7.175,88.181,982.067
2025-11-15 04:00:00,1.086,-2.117,433.013,404.034,4.237,87.689,986.678
2025-11-15 05:00:00,0.227,-2.117,482.963,381.778,7.737,81.372,989.068
2025-11-15 06:00:00,1.363,-2.117,500.0,381.652,4.946,72.007,1014.721
2025-11-15 07:00:00,0.488,-2.117,482.963,419.408,5.946,79.746,1002.431
2025-11-15 08:00:00,0.176,-2.117,433.013,364.069,7.574,72.433,993.438
2025-11-15 09:00:00,0.155,-2.117,353.553,375.711,7.737,87.119,1010.983
2025-11-15 10:00:00,9.536,-2.117,250.0,402.107,9.51,86.834,994.881
2025-11-15 11:00:00,1.727,-2.117,129.41,372.277,8.273,89.959,983.747
2025-11-15 12:00:00,0.205,-2.117,0.0,311.149,5.487,71.536,987.488
2025-11-15 13:00:00,1.557,-2.117,0.0,406.408,9.532,91.005,987.16
2025-11-15 14:00:00,3.004,-2.117,0.0,386.08,9.615,91.899,990.229
2025-11-15 15:00:00,0.213,-2.117,0.0,376.615,5.319,92.804,980.803
2025-11-15 16:00:00,0.818,-2.117,0.0,389.915,6.483,75.22,1015.404
2025-11-15 17:00:00,2.679,-2.117,0.0,375.957,6.377,88.228,1000.911
2025-11-15 18:00:00,0.967,-2.117,0.0,365.972,7.918,82.638,986.316
2025-11-15 19:00:00,0.927,-2.117,0.0,322.878,4.144,73.834,1013.121
2025-11-15 20:00:00,1.785,-2.117,0.0,320.634,7.607,89.183,985.079
2025-11-15 21:00:00,0.778,-2.117,0.0,344.821,8.008,91.212,995.699
2025-11-15 22:00:00,0.66,-2.117,0.0,353.084,7.214,79.552,980.569
2025-11-15 23:00:00,3.006,-2.117,0.0,369.153,6.954,92.617,981.072
2025-11-16 00:00:00,1.853,-1.995,0.0,346.203,6.009,87.443,1001.943
2025-11-16 01:00:00,0.925,-1.995,129.41,410.995,8.735,83.47,1011.491
2025-11-16 02:00:00,1.468,-1.995,250.0,331.447,4.191,88.917,987.254
2025-11-16 03:00:00,2.89,-1.995,353.553,353.566,5.87,87.409,1019.951
2025-11-16 04:00:00,0.363,-1.995,433.013,404.523,9.198,86.507,991.949
2025-11-16 05:00:00,2.164,-1.995,482.963,368.42,5.507,79.92,1012.869
2025-11-16 06:00:00,0.456,-1.995,500.0,412.737,7.009,86.095,998.575
2025-11-16 07:00:00,2.016,-1.995,482.963,413.633,4.507,79.426,988.596
2025-11-16 08:00:00,0.771,-1.995,433.013,349.201,8.645,82.176,1011.481
2025-11-16 09:00:00,0.746,-1.995,353.553,300.234,6.508,90.198,983.687
2025-11-16 10:00:00,0.375,-1.995,250.0,315.731,4.795,85.498,997.527
2025-11-16 11:00:00,1.675,-1.995,129.41,359.002,9.787,89.706,998.475
2025-11-16 12:00:00,3.236,-1.995,0.0,325.195,9.348,92.974,987.815
2025-11-16 13:00:00,0.782,-1.995,0.0,384.858,5.356,76.054,980.812
2025-11-16 14:00:00,2.164,-1.995,0.0,335.003,9.304,90.073,988.423
2025-11-16 15:00:00,1.106,-1.995,0.0,390.37,8.285,77.855,1019.062
2025-11-16 16:00:00,0.499,-1.995,0.0,323.303,6.201,83.233,982.898
2025-11-16 17:00:00,0.703,-1.995,0.0,396.788,8.286,74.178,990.423
2025-11-16 18:00:00,3.086,-1.995,0.0,366.132,8.464,85.723,993.848
2025-11-16 19:00:00,0.343,-1.995,0.0,323.958,6.855,91.449,1004.855
2025-11-16 20:00:00,1.817,-1.995,0.0,317.786,7.603,78.326,998.696
2025-11-16 21:00:00,1.925,-1.995,0.0,371.622,4.128,80.146,1011.927
2025-11-16 22:00:00,2.916,-1.995,0.0,406.634,7.439,71.98,992.428
2025-11-16 23:00:00,0.783,-1.995,0.0,311.105,7.333,80.62,982.111
2025-11-17 00:00:00,2.836,-1.871,0.0,318.867,5.104,83.323,984.766
2025-11-17 01:00:00,0.298,-1.871,129.41,335.735,8.65,88.122,984.269
2025-11-17 02:00:00,0.35,-1.871,250.0,417.323,6.965,89.698,1016.637
2025-11-17 03:00:00,0.895,-1.871,353.553,369.26,8.651,86.795,1017.15
2025-11-17 04:00:00,1.976,-1.871,433.013,307.849,4.232,84.638,1007.454
2025-11-17 05:00:00,0.3,-1.871,482.963,338.714,7.801,79.21,996.869
2025-11-17 06:00:00,0.471,-1.871,500.0,411.13,6.819,91.503,1018.773
2025-11-17 07:00:00,0.919,-1.871,482.963,409.698,6.089,81.303,1019.897
2025-11-17 08:00:00,1.043,-1.871,433.013,301.267,7.553,78.686,982.92
2025-11-17 09:00:00,1.287,-1.871,353.553,365.534,5.052,91.642,986.206
2025-11-17 10:00:00,0.68,-1.871,250.0,382.582,4.145,71.014,995.772
2025-11-17 11:00:00,4.316,-1.871,129.41,356.765,6.927,71.626,990.553
2025-11-17 12:00:00,0.574,-1.871,0.0,412.483,5.52,75.401,1008.547
2025-11-17 13:00:00,0.618,-1.871,0.0,406.999,8.093,94.838,993.91
2025-11-17 14:00:00,1.633,-1.871,0.0,358.108,8.247,79.032,1003.297
2025-11-17 15:00:00,3.026,-1.871,0.0,386.214,4.666,92.639,983.745
2025-11-17 16:00:00,1.48,-1.871,0.0,365.211,9.038,78.606,1012.523
2025-11-17 17:00:00,1.778,-1.871,0.0,404.332,8.078,83.19,988.946
2025-11-17 18:00:00,2.033,-1.871,0.0,385.24,8.531,91.646,1018.558
2025-11-17 19:00:00,1.585,-1.871,0.0,378.361,4.67,72.498,1013.966
2025-11-17 20:00:00,1.891,-1.871,0.0,369.987,8.851,70.006,980.756
2025-11-17 21:00:00,2.523,-1.871,0.0,382.674,5.477,84.287,1009.336
2025-11-17 22:00:00,0.288,-1.871,0.0,404.912,4.408,73.86,992.393
2025-11-17 23:00:00,4.705,-1.871,0.0,384.665,8.859,88.961,1015.399
2025-11-18 00:00:00,0.652,-1.744,0.0,341.402,7.644,88.995,999.179
2025-11-18 01:00:00,2.084,-1.744,129.41,348.622,8.199,72.754,1006.341
2025-11-18 02:00:00,0.257,-1.744,250.0,417.146,8.919,94.008,998.495
2025-11-18 03:00:00,0.962,-1.744,353.553,322.022,6.098,86.263,1003.811
2025-11-18 04:00:00,1.486,-1.744,433.013,415.503,9.394,84.255,985.921
2025-11-18 05:00:00,1.024,-1.744,482.963,300.741,6.214,89.96,983.661
2025-11-18 06:00:00,2.481,-1.744,500.0,324.833,7.233,77.824,996.581
2025-11-18 07:00:00,1.3,-1.744,482.963,309.233,9.372,80.721,986.505
2025-11-18 08:00:00,2.763,-1.744,433.013,408.021,4.537,82.562,1005.061
2025-11-18 09:00:00,1.248,-1.744,353.553,406.613,6.313,80.074,1010.824
2025-11-18 10:00:00,1.116,-1.744,250.0,323.483,8.665,82.533,994.639
2025-11-18 11:00:00,1.96,-1.744,129.41,415.737,4.923,75.446,996.73
2025-11-18 12:00:00,1.557,-1.744,0.0,400.993,7.713,89.65,986.667
2025-11-18 13:00:00,2.287,-1.744,0.0,350.326,8.938,91.561,1009.09
2025-11-18 14:00:00,3.428,-1.744,0.0,392.023,8.671,76.887,980.385
2025-11-18 15:00:00,1.804,-1.744,0.0,308.805,5.362,76.177,987.902
2025-11-18 16:00:00,1.35,-1.744,0.0,397.058,8.807,89.161,981.944
2025-11-18 17:00:00,0.128,-1.744,0.0,413.791,5.624,87.861,993.28
2025-11-18 18:00:00,1.022,-1.744,0.0,365.454,9.474,90.584,989.641
2025-11-18 19:00:00,0.399,-1.744,0.0,397.331,5.108,74.326,1011.818
2025-11-18 20:00:00,0.757,-1.744,0.0,344.083,9.563,84.509,982.67
2025-11-18 21:00:00,0.518,-1.744,0.0,373.366,6.881,78.878,1014.741
2025-11-18 22:00:00,2.453,-1.744,0.0,348.816,8.945,80.992,1009.436
2025-11-18 23:00:00,0.68,-1.744,0.0,346.168,5.043,72.05,982.049
2025-11-19 00:00:00,1.732,-1.616,0.0,331.335,7.837,82.059,989.475
2025-11-19 01:00:00,2.073,-1.616,129.41,310.476,5.612,75.915,1015.946
2025-11-19 02:00:00,4.715,-1.616,250.0,383.13,7.72,77.069,999.576
2025-11-19 03:00:00,4.196,-1.616,353.553,387.518,6.797,89.385,1001.69
2025-11-19 04:00:00,0.959,-1.616,433.013,354.649,9.299,92.457,982.022
2025-11-19 05:00:00,0.234,-1.616,482.963,305.42,6.412,81.317,1018.304
2025-11-19 06:00:00,0.717,-1.616,500.0,341.755,8.342,77.779,984.341
2025-11-19 07:00:00,0.24,-1.616,482.963,385.118,8.806,79.394,1014.062
2025-11-19 08:00:00,0.382,-1.616,433.013,358.634,5.552,81.284,1010.273
2025-11-19 09:00:00,1.615,-1.616,353.553,320.648,6.708,73.041,981.839
2025-11-19 10:00:00,2.769,-1.616,250.0,382.412,4.609,82.0,1011.032
2025-11-19 11:00:00,0.429,-1.616,129.41,352.662,5.534,88.859,1004.728
2025-11-19 12:00:00,0.408,-1.616,0.0,415.184,7.774,80.388,998.735
2025-11-19 13:00:00,1.066,-1.616,0.0,369.82,9.299,79.66,1012.679
2025-11-19 14:00:00,0.462,-1.616,0.0,407.415,7.51,89.304,1002.891
2025-11-19 15:00:00,1.922,-1.616,0.0,397.486,5.249,93.86,999.233
2025-11-19 16:00:00,1.24,-1.616,0.0,401.502,9.662,72.669,992.538
2025-11-19 17:00:00,0.671,-1.616,0.0,400.25,5.241,75.978,1011.86
2025-11-19 18:00:00,2.468,-1.616,0.0,363.543,9.008,88.989,997.547
2025-11-19 19:00:00,2.111,-1.616,0.0,357.745,8.112,85.319,1011.57
2025-11-19 20:00:00,0.234,-1.616,0.0,413.467,7.405,79.413,1008.13
2025-11-19 21:00:00,0.488,-1.616,0.0,387.166,9.563,77.661,983.921
2025-11-19 22:00:00,2.068,-1.616,0.0,355.279,4.14,73.272,996.393
2025-11-19 23:00:00,1.432,-1.616,0.0,339.22,5.684,75.046,986.758
2025-11-20 00:00:00,0.57,-1.486,0.0,388.312,8.063,74.877,1017.986
2025-11-20 01:00:00,1.263,-1.486,129.41,343.038,8.889,91.203,1012.421
2025-11-20 02:00:00,1.206,-1.486,250.0,373.672,9.135,71.386,1001.865
2025-11-20 03:00:00,0.979,-1.486,353.553,406.977,7.539,75.402,1011.579
2025-11-20 04:00:00,1.745,-1.486,433.013,346.106,9.253,75.592,1018.78
2025-11-20 05:00:00,1.54,-1.486,482.963,335.437,6.797,78.461,989.007
2025-11-20 06:00:00,0.444,-1.486,500.0,409.986,8.938,80.228,1019.919
2025-11-20 07:00:00,2.632,-1.486,482.963,406.693,7.355,72.293,987.866
2025-11-20 08:00:00,0.663,-1.486,433.013,368.029,4.967,72.314,989.208
2025-11-20 09:00:00,2.672,-1.486,353.553,343.981,9.419,76.354,999.453
2025-11-20 10:00:00,1.418,-1.486,250.0,376.58,9.507,80.805,997.308
2025-11-20 11:00:00,0.317,-1.486,129.41,359.827,4.28,79.364,981.255
2025-11-20 12:00:00,0.566,-1.486,0.0,320.624,5.924,87.244,992.109
2025-11-20 13:00:00,1.348,-1.486,0.0,389.382,6.351,71.284,985.26
2025-11-20 14:00:00,5.813,-1.486,0.0,382.594,4.881,82.58,1011.117
2025-11-20 15:00:00,0.629,-1.486,0.0,342.935,8.234,81.782,1006.392
2025-11-20 16:00:00,0.095,-1.486,0.0,346.372,5.632,84.936,1012.418
2025-11-20 17:00:00,1.083,-1.486,0.0,382.178,5.386,85.126,981.662
2025-11-20 18:00:00,0.67,-1.486,0.0,343.51,5.414,72.495,980.33
2025-11-20 19:00:00,1.708,-1.486,0.0,378.102,7.329,70.469,1014.736
2025-11-20 20:00:00,1.618,-1.486,0.0,416.914,7.991,78.12,1008.177
2025-11-20 21:00:00,0.918,-1.486,0.0,386.153,5.996,93.376,1000.392
2025-11-20 22:00:00,1.27,-1.486,0.0,359.121,9.729,87.177,992.703
2025-11-20 23:00:00,5.377,-1.486,0.0,379.665,4.515,76.702,981.952
2025-11-21 00:00:00,1.735,-1.354,0.0,322.775,4.649,77.553,997.461
2025-11-21 01:00:00,1.235,-1.354,129.41,387.733,7.676,86.184,1008.716
2025-11-21 02:00:00,0.693,-1.354,250.0,340.24,8.071,76.037,1015.522
2025-11-21 03:00:00,3.931,-1.354,353.553,401.919,9.186,94.08,1018.983
2025-11-21 04:00:00,3.857,-1.354,433.013,389.637,8.083,78.355,1014.686
2025-11-21 05:00:00,1.568,-1.354,482.963,303.211,8.847,93.22,985.917
2025-11-21 06:00:00,1.723,-1.354,500.0,339.323,8.626,86.776,1019.22
2025-11-21 07:00:00,0.884,-1.354,482.963,409.298,9.49,93.583,999.011
2025-11-21 08:00:00,0.058,-1.354,433.013,399.136,7.868,81.975,996.991
2025-11-21 09:00:00,1.242,-1.354,353.553,384.307,7.779,73.185,993.942
2025-11-21 10:00:00,7.712,-1.354,250.0,361.221,6.241,86.509,998.341
2025-11-21 11:00:00,1.414,-1.354,129.41,390.805,9.29,83.095,1018.866
2025-11-21 12:00:00,0.979,-1.354,0.0,342.878,5.981,77.282,983.489
2025-11-21 13:00:00,0.562,-1.354,0.0,402.985,4.72,77.187,982.899
2025-11-21 14:00:00,0.109,-1.354,0.0,338.744,4.874,93.78,984.452
2025-11-21 15:00:00,0.576,-1.354,0.0,370.652,9.792,90.324,980.522
2025-11-21 16:00:00,0.592,-1.354,0.0,347.028,5.898,82.815,982.603
2025-11-21 17:00:00,2.72,-1.354,0.0,389.314,5.713,82.286,980.922
2025-11-21 18:00:00,1.786,-1.354,0.0,344.272,6.833,71.263,991.67
2025-11-21 19:00:00,3.757,-1.354,0.0,401.082,8.073,74.308,1013.053
2025-11-21 20:00:00,0.088,-1.354,0.0,326.99,9.975,85.424,983.367
2025-11-21 21:00:00,0.176,-1.354,0.0,355.103,9.698,79.765,1006.083
2025-11-21 22:00:00,1.427,-1.354,0.0,413.838,5.089,86.317,1015.869
2025-11-21 23:00:00,0.697,-1.354,0.0,336.22,9.619,73.33,984.322
2025-11-22 00:00:00,1.432,-1.22,0.0,341.554,6.501,90.501,1019.179
2025-11-22 01:00:00,0.521,-1.22,129.41,360.014,5.617,78.48,990.298
2025-11-22 02:00:00,3.68,-1.22,250.0,406.163,6.338,78.106,980.047
2025-11-22 03:00:00,1.716,-1.22,353.553,409.581,7.749,86.696,1005.988
2025-11-22 04:00:00,1.139,-1.22,433.013,347.507,4.295,82.527,986.737
2025-11-22 05:00:00,0.344,-1.22,482.963,306.01,7.672,76.124,981.742
2025-11-22 06:00:00,1.492,-1.22,500.0,416.692,5.351,73.786,993.572
2025-11-22 07:00:00,0.751,-1.22,482.963,316.833,5.564,83.81,984.649
2025-11-22 08:00:00,3.094,-1.22,433.013,378.951,9.931,85.816,985.184
2025-11-22 09:00:00,1.224,-1.22,353.553,353.384,5.462,94.11,1014.451
2025-11-22 10:00:00,3.442,-1.22,250.0,379.764,5.998,93.361,1011.728
2025-11-22 11:00:00,0.269,-1.22,129.41,410.301,4.93,93.124,1013.214
2025-11-22 12:00:00,0.763,-1.22,0.0,316.297,5.332,86.539,1018.143
2025-11-22 13:00:00,0.367,-1.22,0.0,385.429,6.946,78.486,992.182
2025-11-22 14:00:00,0.352,-1.22,0.0,344.504,4.415,78.697,1002.86
2025-11-22 15:00:00,1.244,-1.22,0.0,406.321,7.961,80.753,990.701
2025-11-22 16:00:00,3.469,-1.22,0.0,334.533,8.873,91.729,1017.423
2025-11-22 17:00:00,0.409,-1.22,0.0,362.561,9.476,77.488,986.15
2025-11-22 18:00:00,0.134,-1.22,0.0,419.113,9.322,75.389,995.905
2025-11-22 19:00:00,1.073,-1.22,0.0,317.962,9.775,89.157,994.739
2025-11-22 20:00:00,0.996,-1.22,0.0,387.306,9.318,85.672,1009.038
2025-11-22 21:00:00,1.597,-1.22,0.0,323.256,9.249,88.466,982.05
2025-11-22 22:00:00,1.108,-1.22,0.0,392.58,9.451,85.781,1001.669
2025-11-22 23:00:00,2.54,-1.22,0.0,330.803,8.851,82.904,1014.737
2025-11-23 00:00:00,1.953,-1.085,0.0,386.126,9.897,71.597,1006.227
2025-11-23 01:00:00,0.582,-1.085,129.41,370.638,5.94,74.486,987.685
2025-11-23 02:00:00,1.474,-1.085,250.0,395.171,4.629,71.581,1001.584
2025-11-23 03:00:00,0.347,-1.085,353.553,303.035,8.299,83.886,1012.452
2025-11-23 04:00:00,1.448,-1.085,433.013,376.433,5.819,89.517,1014.07
2025-11-23 05:00:00,0.213,-1.085,482.963,323.601,9.629,84.48,1006.056
2025-11-23 06:00:00,1.668,-1.085,500.0,317.971,5.425,71.211,1004.986
2025-11-23 07:00:00,0.442,-1.085,482.963,413.785,7.936,78.109,988.091
2025-11-23 08:00:00,0.694,-1.085,433.013,358.907,7.135,78.349,1012.329
2025-11-23 09:00:00,0.086,-1.085,353.553,339.451,7.42,73.579,1016.017
2025-11-23 10:00:00,0.568,-1.085,250.0,401.218,7.681,91.393,1012.742
2025-11-23 11:00:00,1.227,-1.085,129.41,316.344,8.74,86.324,1002.894
2025-11-23 12:00:00,0.361,-1.085,0.0,408.282,4.819,82.478,987.743
2025-11-23 13:00:00,0.261,-1.085,0.0,343.712,6.155,72.247,996.664
2025-11-23 14:00:00,1.767,-1.085,0.0,313.283,8.764,84.392,980.493
2025-11-23 15:00:00,0.358,-1.085,0.0,310.14,7.656,77.858,1014.839
2025-11-23 16:00:00,1.638,-1.085,0.0,358.616,9.581,77.656,988.767
2025-11-23 17:00:00,1.382,-1.085,0.0,416.332,8.867,80.613,986.678
2025-11-23 18:00:00,0.281,-1.085,0.0,306.462,6.362,92.487,1002.773
2025-11-23 19:00:00,0.844,-1.085,0.0,367.248,4.086,77.419,1000.037
2025-11-23 20:00:00,1.808,-1.085,0.0,406.219,7.494,81.919,1008.445
2025-11-23 21:00:00,1.251,-1.085,0.0,401.569,5.198,92.565,995.33
2025-11-23 22:00:00,0.349,-1.085,0.0,345.826,9.017,75.914,1018.673
2025-11-23 23:00:00,0.828,-1.085,0.0,350.457,8.797,82.683,991.695
2025-11-24 00:00:00,0.317,-0.947,0.0,373.294,6.148,84.498,989.967
2025-11-24 01:00:00,0.846,-0.947,129.41,353.516,9.802,82.001,989.215
2025-11-24 02:00:00,0.131,-0.947,250.0,356.716,4.071,93.153,1015.746
2025-11-24 03:00:00,0.445,-0.947,353.553,394.025,9.068,80.131,1003.228
2025-11-24 04:00:00,2.586,-0.947,433.013,397.033,8.264,91.441,999.213
2025-11-24 05:00:00,3.227,-0.947,482.963,328.76,4.228,79.438,1006.883
2025-11-24 06:00:00,0.183,-0.947,500.0,302.836,7.991,83.051,987.595
2025-11-24 07:00:00,0.845,-0.947,482.963,305.607,9.262,91.272,1000.438
2025-11-24 08:00:00,1.985,-0.947,433.013,354.398,9.781,73.629,983.551
2025-11-24 09:00:00,1.457,-0.947,353.553,364.302,8.127,74.578,1002.594
2025-11-24 10:00:00,3.606,-0.947,250.0,353.05,6.271,92.169,991.157
2025-11-24 11:00:00,2.921,-0.947,129.41,408.506,7.08,85.821,1002.934
2025-11-24 12:00:00,1.097,-0.947,0.0,343.753,5.229,84.843,1011.072
2025-11-24 13:00:00,3.887,-0.947,0.0,404.99,9.25,89.276,999.33
2025-11-24 14:00:00,0.727,-0.947,0.0,310.366,6.688,80.691,1008.755
2025-11-24 15:00:00,0.86,-0.947,0.0,398.973,9.273,73.067,980.364
2025-11-24 16:00:00,1.723,-0.947,0.0,347.087,8.991,76.35,1006.418
2025-11-24 17:00:00,1.619,-0.947,0.0,309.573,7.983,72.359,993.905
2025-11-24 18:00:00,1.239,-0.947,0.0,329.564,8.603,91.971,980.043
2025-11-24 19:00:00,1.6,-0.947,0.0,315.2,6.726,88.13,1013.427
2025-11-24 20:00:00,2.597,-0.947,0.0,352.515,9.995,77.197,995.951
2025-11-24 21:00:00,0.939,-0.947,0.0,387.085,9.467,73.266,1016.31
2025-11-24 22:00:00,0.804,-0.947,0.0,300.144,5.078,86.447,1019.754
2025-11-24 23:00:00,2.447,-0.947,0.0,379.274,6.301,91.583,1002.08
2025-11-25 00:00:00,0.77,-0.808,0.0,316.419,8.229,84.054,996.595
2025-11-25 01:00:00,0.831,-0.808,129.41,393.39,4.957,80.923,981.841
2025-11-25 02:00:00,0.762,-0.808,250.0,307.096,5.396,82.276,1002.736
2025-11-25 03:00:00,0.556,-0.808,353.553,354.623,7.972,78.469,996.859
2025-11-25 04:00:00,0.444,-0.808,433.013,400.461,8.189,92.563,990.61
2025-11-25 05:00:00,0.456,-0.808,482.963,374.734,5.035,86.131,1012.768
2025-11-25 06:00:00,0.745,-0.808,500.0,319.928,8.538,90.555,1012.68
2025-11-25 07:00:00,0.081,-0.808,482.963,341.157,8.414,89.14,1011.518
2025-11-25 08:00:00,1.85,-0.808,433.013,409.728,5.851,73.319,1012.445
2025-11-25 09:00:00,2.94,-0.808,353.553,330.046,5.061,75.425,997.54
2025-11-25 10:00:00,3.539,-0.808,250.0,357.874,9.606,94.109,1007.47
2025-11-25 11:00:00,0.467,-0.808,129.41,382.956,4.455,88.061,1005.541
2025-11-25 12:00:00,0.76,-0.808,0.0,313.233,8.724,85.926,986.379
2025-11-25 13:00:00,1.92,-0.808,0.0,382.491,4.55,89.198,1013.229
2025-11-25 14:00:00,1.271,-0.808,0.0,330.459,6.022,80.833,996.959
2025-11-25 15:00:00,1.05,-0.808,0.0,325.043,5.177,90.611,984.766
2025-11-25 16:00:00,1.084,-0.808,0.0,382.529,7.84,92.885,1017.866
2025-11-25 17:00:00,1.435,-0.808,0.0,398.207,6.021,92.273,1013.235
2025-11-25 18:00:00,1.299,-0.808,0.0,321.46,5.057,80.005,1006.446
2025-11-25 19:00:00,1.347,-0.808,0.0,394.764,8.786,78.317,987.981
2025-11-25 20:00:00,3.901,-0.808,0.0,373.723,4.268,75.167,1005.681
2025-11-25 21:00:00,3.193,-0.808,0.0,383.056,6.684,73.504,1018.107
2025-11-25 22:00:00,0.252,-0.808,0.0,313.438,9.176,79.341,999.377
2025-11-25 23:00:00,1.709,-0.808,0.0,379.248,6.883,94.753,994.563
2025-11-26 00:00:00,3.547,-0.667,0.0,359.083,7.243,88.737,1013.053
2025-11-26 01:00:00,1.043,-0.667,129.41,340.744,5.639,79.239,1007.271
2025-11-26 02:00:00,1.172,-0.667,250.0,382.082,9.235,79.878,989.463
2025-11-26 03:00:00,0.918,-0.667,353.553,357.067,4.248,93.271,984.196
2025-11-26 04:00:00,0.62,-0.667,433.013,338.561,4.235,92.115,1017.584
2025-11-26 05:00:00,0.805,-0.667,482.963,356.411,7.137,82.882,1011.791
2025-11-26 06:00:00,1.057,-0.667,500.0,311.57,4.725,73.387,999.641
2025-11-26 07:00:00,0.401,-0.667,482.963,360.285,4.929,80.668,1002.725
2025-11-26 08:00:00,1.911,-0.667,433.013,311.534,6.721,92.936,986.248
2025-11-26 09:00:00,2.352,-0.667,353.553,361.168,8.085,72.615,994.482
2025-11-26 10:00:00,1.978,-0.667,250.0,401.112,4.347,75.256,1002.178
2025-11-26 11:00:00,5.837,-0.667,129.41,314.905,7.665,94.25,997.394
2025-11-26 12:00:00,1.7,-0.667,0.0,378.963,8.73,84.95,994.081
2025-11-26 13:00:00,4.17,-0.667,0.0,385.492,6.376,81.5,983.205
2025-11-26 14:00:00,1.123,-0.667,0.0,379.909,4.953,83.266,1005.898
2025-11-26 15:00:00,0.541,-0.667,0.0,313.277,8.285,83.663,982.277
2025-11-26 16:00:00,0.179,-0.667,0.0,343.558,9.997,78.007,996.091
2025-11-26 17:00:00,0.264,-0.667,0.0,379.584,6.817,75.684,1005.929
2025-11-26 18:00:00,2.319,-0.667,0.0,377.594,5.191,93.5,1005.074
2025-11-26 19:00:00,1.402,-0.667,0.0,332.958,8.634,78.215,984.777
2025-11-26 20:00:00,1.035,-0.667,0.0,347.015,4.66,79.189,981.775
2025-11-26 21:00:00,0.507,-0.667,0.0,405.138,9.769,85.354,986.345
2025-11-26 22:00:00,0.26,-0.667,0.0,369.065,9.236,82.148,1009.727
2025-11-26 23:00:00,2.502,-0.667,0.0,329.538,8.862,88.403,998.139
2025-11-27 00:00:00,0.926,-0.524,0.0,398.52,6.959,81.495,1015.334
2025-11-27 01:00:00,3.534,-0.524,129.41,333.352,4.03,78.674,1008.868
2025-11-27 02:00:00,0.692,-0.524,250.0,341.545,6.647,86.003,1002.858
2025-11-27 03:00:00,0.804,-0.524,353.553,384.554,8.957,89.993,991.535
2025-11-27 04:00:00,0.902,-0.524,433.013,344.135,5.115,85.993,995.766
2025-11-27 05:00:00,0.198,-0.524,482.963,317.611,8.824,81.689,982.583
2025-11-27 06:00:00,1.264,-0.524,500.0,307.39,9.506,79.686,1015.21
2025-11-27 07:00:00,1.179,-0.524,482.963,300.944,6.804,76.95,1003.603
2025-11-27 08:00:00,1.204,-0.524,433.013,336.929,6.952,73.302,1003.972
2025-11-27 09:00:00,0.723,-0.524,353.553,416.076,7.849,89.602,1012.409
2025-11-27 10:00:00,1.976,-0.524,250.0,317.579,9.333,78.164,981.09
2025-11-27 11:00:00,3.099,-0.524,129.41,315.212,4.813,74.932,998.856
2025-11-27 12:00:00,0.262,-0.524,0.0,372.503,9.044,83.303,1003.008
2025-11-27 13:00:00,1.86,-0.524,0.0,350.765,7.906,83.386,1000.257
2025-11-27 14:00:00,1.556,-0.524,0.0,397.737,8.268,79.934,991.343
2025-11-27 15:00:00,0.498,-0.524,0.0,417.162,4.565,70.995,985.428
2025-11-27 16:00:00,1.613,-0.524,0.0,368.478,5.053,90.461,1018.836
2025-11-27 17:00:00,0.263,-0.524,0.0,375.638,6.494,89.327,994.583
2025-11-27 18:00:00,0.111,-0.524,0.0,407.171,7.527,94.837,981.398
2025-11-27 19:00:00,1.373,-0.524,0.0,360.96,5.295,86.555,1010.409
2025-11-27 20:00:00,0.753,-0.524,0.0,314.663,8.896,80.163,988.994
2025-11-27 21:00:00,2.19,-0.524,0.0,342.128,6.839,87.94,996.717
2025-11-27 22:00:00,0.037,-0.524,0.0,315.639,6.738,86.041,1016.484
2025-11-27 23:00:00,0.551,-0.524,0.0,312.79,4.487,79.279,987.597
2025-11-28 00:00:00,2.326,-0.38,0.0,307.574,9.457,80.286,981.882
2025-11-28 01:00:00,2.023,-0.38,129.41,340.597,5.207,71.555,1013.201
2025-11-28 02:00:00,0.813,-0.38,250.0,301.226,6.12,89.923,996.436
2025-11-28 03:00:00,0.224,-0.38,353.553,350.246,7.583,94.035,1008.869
2025-11-28 04:00:00,4.427,-0.38,433.013,310.607,8.041,73.849,1013.443
2025-11-28 05:00:00,2.039,-0.38,482.963,375.848,5.455,71.493,986.59
2025-11-28 06:00:00,3.266,-0.38,500.0,371.186,8.639,85.394,990.887
2025-11-28 07:00:00,3.582,-0.38,482.963,326.671,9.614,93.458,1015.084
2025-11-28 08:00:00,0.541,-0.38,433.013,371.819,8.073,86.046,1017.326
2025-11-28 09:00:00,4.594,-0.38,353.553,372.476,5.023,94.437,981.73
2025-11-28 10:00:00,1.119,-0.38,250.0,377.294,5.697,85.766,993.05
2025-11-28 11:00:00,0.852,-0.38,129.41,384.844,4.656,74.892,1013.793
2025-11-28 12:00:00,1.55,-0.38,0.0,400.743,6.181,93.516,1005.074
2025-11-28 13:00:00,0.698,-0.38,0.0,330.487,8.631,80.267,999.968
2025-11-28 14:00:00,1.804,-0.38,0.0,323.605,9.108,74.546,982.09
2025-11-28 15:00:00,0.182,-0.38,0.0,342.017,6.105,70.577,995.351
2025-11-28 16:00:00,1.542,-0.38,0.0,416.109,5.081,77.615,999.35
2025-11-28 17:00:00,2.812,-0.38,0.0,413.477,6.445,87.953,1016.717
2025-11-28 18:00:00,1.516,-0.38,0.0,388.558,4.988,94.723,994.093
2025-11-28 19:00:00,2.544,-0.38,0.0,398.359,7.588,81.479,1006.804
2025-11-28 20:00:00,0.84,-0.38,0.0,315.03,5.726,94.948,1014.952
2025-11-28 21:00:00,1.022,-0.38,0.0,305.672,4.399,81.578,1016.246
2025-11-28 22:00:00,0.657,-0.38,0.0,369.687,4.205,93.148,996.332
2025-11-28 23:00:00,2.145,-0.38,0.0,316.039,4.574,94.619,1005.053
2025-11-29 00:00:00,0.727,-0.234,0.0,306.291,4.847,84.54,1017.453
2025-11-29 01:00:00,1.32,-0.234,129.41,348.314,7.93,72.157,1008.421
2025-11-29 02:00:00,1.081,-0.234,250.0,419.668,9.283,89.296,996.443
2025-11-29 03:00:00,1.607,-0.234,353.553,397.188,7.999,93.943,998.437
2025-11-29 04:00:00,0.842,-0.234,433.013,372.723,9.707,86.349,1010.351
2025-11-29 05:00:00,4.257,-0.234,482.963,362.838,6.447,77.334,1011.455
2025-11-29 06:00:00,3.079,-0.234,500.0,300.918,7.881,71.274,1018.939
2025-11-29 07:00:00,1.137,-0.234,482.963,316.223,5.305,74.371,993.881
2025-11-29 08:00:00,0.755,-0.234,433.013,365.914,5.885,70.802,999.364
2025-11-29 09:00:00,0.51,-0.234,353.553,312.2,9.448,90.565,994.242
2025-11-29 10:00:00,0.398,-0.234,250.0,350.054,9.766,74.605,990.769
2025-11-29 11:00:00,1.893,-0.234,129.41,333.499,5.414,93.096,984.6
2025-11-29 12:00:00,1.898,-0.234,0.0,349.47,6.003,91.432,1006.847
2025-11-29 13:00:00,1.749,-0.234,0.0,368.641,6.134,83.052,1013.507
2025-11-29 14:00:00,1.901,-0.234,0.0,319.725,8.535,72.678,1016.848
2025-11-29 15:00:00,1.169,-0.234,0.0,303.422,5.421,88.538,1007.814
2025-11-29 16:00:00,0.417,-0.234,0.0,371.889,8.716,88.305,1016.372
2025-11-29 17:00:00,0.826,-0.234,0.0,346.243,6.301,91.493,991.147
2025-11-29 18:00:00,0.846,-0.234,0.0,413.545,4.955,81.287,997.673
2025-11-29 19:00:00,0.598,-0.234,0.0,303.102,6.702,73.392,985.143
2025-11-29 20:00:00,2.108,-0.234,0.0,325.857,4.03,91.62,982.567
2025-11-29 21:00:00,1.676,-0.234,0.0,385.823,6.889,90.587,985.28
2025-11-29 22:00:00,2.187,-0.234,0.0,357.666,9.436,94.532,1016.305
2025-11-29 23:00:00,0.965,-0.234,0.0,385.331,4.817,88.08,995.188
2025-11-30 00:00:00,0.924,-0.087,0.0,325.906,4.276,78.38,994.752
2025-11-30 01:00:00,6.101,-0.087,129.41,411.993,8.095,86.148,1005.982
2025-11-30 02:00:00,2.144,-0.087,250.0,419.042,8.955,86.203,1013.971
2025-11-30 03:00:00,3.006,-0.087,353.553,335.673,8.453,72.351,990.272
2025-11-30 04:00:00,3.118,-0.087,433.013,356.887,6.422,93.102,1015.551
2025-11-30 05:00:00,1.088,-0.087,482.963,410.525,4.05,93.701,1010.233
2025-11-30 06:00:00,4.853,-0.087,500.0,314.494,7.767,79.918,981.495
2025-11-30 07:00:00,0.786,-0.087,482.963,313.204,5.237,77.665,1000.267
2025-11-30 08:00:00,0.037,-0.087,433.013,418.221,6.094,84.764,991.716
2025-11-30 09:00:00,1.141,-0.087,353.553,334.778,5.99,91.132,1013.222
2025-11-30 10:00:00,1.335,-0.087,250.0,380.237,7.531,81.687,1014.777
2025-11-30 11:00:00,0.646,-0.087,129.41,323.48,4.673,75.006,998.541
2025-11-30 12:00:00,0.534,-0.087,0.0,359.295,8.849,76.917,1011.9
2025-11-30 13:00:00,2.782,-0.087,0.0,396.678,8.617,76.948,994.968
2025-11-30 14:00:00,1.738,-0.087,0.0,348.99,4.795,84.512,1007.143
2025-11-30 15:00:00,0.372,-0.087,0.0,344.237,4.273,86.308,983.034
2025-11-30 16:00:00,1.197,-0.087,0.0,364.546,5.804,89.374,981.309
2025-11-30 17:00:00,2.442,-0.087,0.0,314.198,6.924,91.641,1010.972
2025-11-30 18:00:00,1.631,-0.087,0.0,302.729,5.959,81.496,1016.82
2025-11-30 19:00:00,0.67,-0.087,0.0,368.449,5.675,82.846,992.149
2025-11-30 20:00:00,0.994,-0.087,0.0,343.584,7.697,81.947,997.77
2025-11-30 21:00:00,1.812,-0.087,0.0,378.797,6.905,78.836,1001.11
2025-11-30 22:00:00,2.075,-0.087,0.0,404.236,4.95,77.176,1011.065
2025-11-30 23:00:00,0.957,-0.087,0.0,319.754,7.138,83.882,989.444
2025-12-01 00:00:00,1.98,0.062,0.0,417.094,4.55,75.217,999.174
2025-12-01 01:00:00,0.263,0.062,129.41,322.29,8.933,84.089,1005.409
2025-12-01 02:00:00,2.587,0.062,250.0,407.332,4.914,80.522,1003.805
2025-12-01 03:00:00,0.944,0.062,353.553,308.397,6.837,76.112,990.395
2025-12-01 04:00:00,1.762,0.062,433.013,414.727,6.266,94.862,1007.797
2025-12-01 05:00:00,4.669,0.062,482.963,334.381,9.635,87.622,988.788
2025-12-01 06:00:00,1.089,0.062,500.0,323.841,4.33,86.291,999.631
2025-12-01 07:00:00,2.775,0.062,482.963,393.667,4.539,82.454,993.05
2025-12-01 08:00:00,1.963,0.062,433.013,301.432,9.684,80.068,992.933
2025-12-01 09:00:00,0.632,0.062,353.553,407.51,9.957,77.448,1006.913
2025-12-01 10:00:00,0.221,0.062,250.0,318.39,4.02,88.457,981.608
2025-12-01 11:00:00,0.628,0.062,129.41,369.914,8.9,77.062,1005.926
2025-12-01 12:00:00,1.716,0.062,0.0,417.831,6.253,79.669,1004.983
2025-12-01 13:00:00,1.054,0.062,0.0,378.618,7.487,79.496,1003.056
2025-12-01 14:00:00,0.34,0.062,0.0,371.597,9.31,73.894,1014.725
2025-12-01 15:00:00,1.17,0.062,0.0,405.496,5.949,79.484,1016.877
2025-12-01 16:00:00,0.696,0.062,0.0,368.067,9.46,76.475,997.519
2025-12-01 17:00:00,3.425,0.062,0.0,312.095,7.209,84.245,999.535
2025-12-01 18:00:00,1.095,0.062,0.0,372.164,4.36,83.383,1009.211
2025-12-01 19:00:00,2.187,0.062,0.0,360.195,4.668,89.808,1019.713
2025-12-01 20:00:00,0.205,0.062,0.0,401.9,4.565,79.46,1016.788
2025-12-01 21:00:00,0.049,0.062,0.0,340.459,6.963,71.497,1008.156
2025-12-01 22:00:00,0.642,0.062,0.0,351.052,9.053,89.786,991.911
2025-12-01 23:00:00,0.391,0.062,0.0,356.847,8.381,76.404,1015.41
2025-12-02 00:00:00,0.733,0.213,0.0,330.829,8.103,92.187,1001.901
2025-12-02 01:00:00,2.583,0.213,129.41,380.485,6.214,77.028,989.746
2025-12-02 02:00:00,1.976,0.213,250.0,360.04,8.137,77.703,1008.168
2025-12-02 03:00:00,0.876,0.213,353.553,313.343,7.253,79.061,991.181
2025-12-02 04:00:00,0.579,0.213,433.013,364.909,6.557,75.075,994.684
2025-12-02 05:00:00,0.727,0.213,482.963,415.584,6.825,90.553,990.331
2025-12-02 06:00:00,0.801,0.213,500.0,321.338,8.482,77.274,999.899
2025-12-02 07:00:00,0.642,0.213,482.963,369.952,9.291,87.589,991.811
2025-12-02 08:00:00,1.993,0.213,433.013,350.302,4.999,80.942,1004.088
2025-12-02 09:00:00,1.125,0.213,353.553,394.304,8.672,89.695,1011.15
2025-12-02 10:00:00,0.24,0.213,250.0,403.15,8.745,76.548,1010.524
2025-12-02 11:00:00,0.507,0.213,129.41,338.374,7.438,74.473,998.917
2025-12-02 12:00:00,0.49,0.213,0.0,396.312,6.516,71.727,1014.756
2025-12-02 13:00:00,1.029,0.213,0.0,372.694,8.408,74.802,980.651
2025-12-02 14:00:00,0.876,0.213,0.0,415.688,4.681,84.471,1019.143
2025-12-02 15:00:00,0.05,0.213,0.0,338.623,5.584,76.104,990.513
2025-12-02 16:00:00,0.793,0.213,0.0,357.027,6.465,90.808,983.3
2025-12-02 17:00:00,0.314,0.213,0.0,415.842,8.801,79.409,984.611
2025-12-02 18:00:00,0.251,0.213,0.0,400.384,4.133,94.878,980.761
2025-12-02 19:00:00,1.593,0.213,0.0,361.545,4.416,74.146,992.286
2025-12-02 20:00:00,0.264,0.213,0.0,305.619,5.769,84.954,985.356
2025-12-02 21:00:00,0.648,0.213,0.0,395.757,4.003,87.335,991.582
2025-12-02 22:00:00,1.367,0.213,0.0,365.767,8.939,83.527,984.928
2025-12-02 23:00:00,1.003,0.213,0.0,313.874,5.921,71.972,1016.319
2025-12-03 00:00:00,0.826,0.364,0.0,375.512,9.756,87.369,1008.753
2025-12-03 01:00:00,1.184,0.364,129.41,398.966,4.884,88.654,988.709
2025-12-03 02:00:00,1.053,0.364,250.0,371.76,7.02,71.862,1013.933
2025-12-03 03:00:00,0.118,0.364,353.553,418.358,4.013,71.749,993.225
2025-12-03 04:00:00,0.214,0.364,433.013,363.312,5.002,74.569,982.105
2025-12-03 05:00:00,2.794,0.364,482.963,321.429,7.737,85.091,1018.184
2025-12-03 06:00:00,6.506,0.364,500.0,323.055,5.136,70.857,1008.623
2025-12-03 07:00:00,4.282,0.364,482.963,346.303,8.588,78.249,995.678
2025-12-03 08:00:00,0.297,0.364,433.013,371.34,9.147,71.0,992.537
2025-12-03 09:00:00,0.857,0.364,353.553,413.662,8.389,78.493,995.499
2025-12-03 10:00:00,1.978,0.364,250.0,357.95,5.73,88.186,1013.266
2025-12-03 11:00:00,2.853,0.364,129.41,406.866,9.678,79.896,1013.019
2025-12-03 12:00:00,1.919,0.364,0.0,340.554,4.362,81.382,991.891
2025-12-03 13:00:00,1.901,0.364,0.0,332.365,5.463,83.902,995.993
2025-12-03 14:00:00,2.544,0.364,0.0,418.487,9.614,72.464,1000.383
2025-12-03 15:00:00,0.177,0.364,0.0,414.664,4.334,94.465,1006.144
2025-12-03 16:00:00,3.404,0.364,0.0,330.213,7.032,80.291,1007.528
2025-12-03 17:00:00,1.083,0.364,0.0,300.846,4.384,75.289,1018.793
2025-12-03 18:00:00,0.879,0.364,0.0,366.554,4.674,88.827,1006.22
2025-12-03 19:00:00,3.097,0.364,0.0,340.942,6.593,90.065,991.308
2025-12-03 20:00:00,3.367,0.364,0.0,405.222,9.293,94.486,982.105
2025-12-03 21:00:00,2.496,0.364,0.0,384.734,5.194,94.235,1004.481
2025-12-03 22:00:00,1.569,0.364,0.0,357.962,9.643,72.95,1000.01
2025-12-03 23:00:00,2.431,0.364,0.0,356.581,7.309,79.672,1003.162
2025-12-04 00:00:00,1.667,0.518,0.0,398.116,4.038,77.792,980.243
2025-12-04 01:00:00,0.73,0.518,129.41,394.344,9.729,74.716,998.824
2025-12-04 02:00:00,2.016,0.518,250.0,417.886,8.685,92.473,992.102
2025-12-04 03:00:00,1.073,0.518,353.553,370.007,8.636,85.934,1003.953
2025-12-04 04:00:00,1.626,0.518,433.013,391.671,9.41,77.91,1014.578
2025-12-04 05:00:00,0.282,0.518,482.963,372.062,9.853,89.184,986.198
2025-12-04 06:00:00,1.683,0.518,500.0,368.189,7.041,92.298,989.789
2025-12-04 07:00:00,0.928,0.518,482.963,349.325,7.589,74.163,985.325
2025-12-04 08:00:00,3.931,0.518,433.013,321.838,5.433,79.462,1015.581
2025-12-04 09:00:00,1.629,0.518,353.553,400.573,8.739,85.312,1013.303
2025-12-04 10:00:00,3.555,0.518,250.0,362.847,5.835,73.291,998.061
2025-12-04 11:00:00,1.172,0.518,129.41,325.454,6.846,80.445,995.194
2025-12-04 12:00:00,0.18,0.518,0.0,380.527,4.657,87.138,1005.621
2025-12-04 13:00:00,0.913,0.518,0.0,417.339,6.237,94.931,992.978
2025-12-04 14:00:00,0.293,0.518,0.0,313.872,4.571,79.738,1018.342
2025-12-04 15:00:00,0.783,0.518,0.0,328.932,7.925,87.933,1013.957
2025-12-04 16:00:00,2.892,0.518,0.0,417.796,8.673,86.905,1015.719
2025-12-04 17:00:00,0.344,0.518,0.0,409.129,5.914,70.469,1017.334
2025-12-04 18:00:00,1.154,0.518,0.0,414.29,6.484,78.949,982.528
2025-12-04 19:00:00,0.55,0.518,0.0,309.5,7.569,91.918,1012.466
2025-12-04 20:00:00,0.529,0.518,0.0,317.042,4.965,73.239,1005.516
2025-12-04 21:00:00,2.091,0.518,0.0,366.036,6.869,82.481,1016.151
2025-12-04 22:00:00,0.636,0.518,0.0,403.465,7.053,93.495,1005.955
2025-12-04 23:00:00,1.225,0.518,0.0,369.739,9.047,74.686,984.238
2025-12-05 00:00:00,1.344,0.672,0.0,326.722,9.528,85.511,1014.908
2025-12-05 01:00:00,0.592,0.672,129.41,363.37,7.812,71.051,990.569
2025-12-05 02:00:00,0.876,0.672,250.0,412.87,6.319,91.112,1005.346
2025-12-05 03:00:00,1.076,0.672,353.553,387.386,4.386,87.938,1005.603
2025-12-05 04:00:00,8.629,0.672,433.013,412.562,6.453,81.588,989.201
2025-12-05 05:00:00,0.57,0.672,482.963,320.524,8.494,94.565,1016.057
2025-12-05 06:00:00,4.74,0.672,500.0,395.104,7.453,72.987,1001.287
2025-12-05 07:00:00,3.157,0.672,482.963,412.427,7.221,71.996,1016.219
2025-12-05 08:00:00,0.05,0.672,433.013,339.432,6.892,86.674,994.728
2025-12-05 09:00:00,2.027,0.672,353.553,418.372,7.236,84.82,996.316
2025-12-05 10:00:00,0.81,0.672,250.0,345.732,4.392,94.454,1008.365
2025-12-05 11:00:00,0.98,0.672,129.41,329.394,4.937,75.372,985.755
2025-12-05 12:00:00,0.884,0.672,0.0,367.078,9.518,93.702,1001.631
2025-12-05 13:00:00,4.922,0.672,0.0,382.863,7.472,70.526,981.805
2025-12-05 14:00:00,0.536,0.672,0.0,351.307,5.469,71.939,998.962
2025-12-05 15:00:00,1.234,0.672,0.0,414.595,5.647,92.585,999.131
2025-12-05 16:00:00,0.723,0.672,0.0,302.49,4.404,93.505,988.258
2025-12-05 17:00:00,1.111,0.672,0.0,319.269,6.022,72.572,993.341
2025-12-05 18:00:00,0.92,0.672,0.0,303.017,9.405,74.141,1009.555
2025-12-05 19:00:00,2.257,0.672,0.0,372.397,4.716,85.471,1001.576
2025-12-05 20:00:00,2.371,0.672,0.0,410.843,5.234,71.485,1010.956
2025-12-05 21:00:00,1.234,0.672,0.0,400.165,9.537,87.227,990.699
2025-12-05 22:00:00,1.159,0.672,0.0,397.908,6.888,79.487,1001.413
2025-12-05 23:00:00,0.973,0.672,0.0,400.979,4.521,87.392,1009.7
2025-12-06 00:00:00,0.144,0.828,0.0,332.742,8.049,86.728,997.712
2025-12-06 01:00:00,3.579,0.828,129.41,308.394,8.153,92.528,980.432
2025-12-06 02:00:00,0.995,0.828,250.0,361.971,8.435,87.934,1001.512
2025-12-06 03:00:00,0.241,0.828,353.553,400.779,7.446,87.787,1004.493
2025-12-06 04:00:00,0.697,0.828,433.013,399.59,6.772,84.649,990.577
2025-12-06 05:00:00,3.351,0.828,482.963,394.7,4.687,84.421,1009.163
2025-12-06 06:00:00,1.969,0.828,500.0,380.493,7.329,72.953,1007.52
2025-12-06 07:00:00,0.322,0.828,482.963,309.089,7.316,72.37,1009.955
2025-12-06 08:00:00,0.228,0.828,433.013,403.719,9.738,89.324,996.001
2025-12-06 09:00:00,1.124,0.828,353.553,351.873,9.595,80.798,993.605
2025-12-06 10:00:00,2.813,0.828,250.0,301.136,5.691,85.138,986.744
2025-12-06 11:00:00,1.011,0.828,129.41,325.255,9.092,74.128,1014.56
2025-12-06 12:00:00,0.734,0.828,0.0,368.194,8.289,94.319,1005.68
2025-12-06 13:00:00,1.171,0.828,0.0,407.103,8.163,75.154,1004.818
2025-12-06 14:00:00,1.866,0.828,0.0,335.006,6.135,73.268,1008.013
2025-12-06 15:00:00,1.347,0.828,0.0,345.001,4.444,91.916,1006.33
2025-12-06 16:00:00,1.657,0.828,0.0,336.592,5.493,77.425,1010.677
2025-12-06 17:00:00,1.48,0.828,0.0,371.217,5.878,73.446,1008.138
2025-12-06 18:00:00,0.647,0.828,0.0,360.107,8.404,87.814,991.332
2025-12-06 19:00:00,1.064,0.828,0.0,400.927,7.773,79.385,1003.528
2025-12-06 20:00:00,0.741,0.828,0.0,312.202,5.558,76.702,985.315
2025-12-06 21:00:00,4.889,0.828,0.0,300.653,6.78,70.035,989.05
2025-12-06 22:00:00,5.527,0.828,0.0,352.316,7.931,79.66,1012.835
2025-12-06 23:00:00,1.79,0.828,0.0,312.218,6.808,73.647,1007.527
2025-12-07 00:00:00,3.934,0.985,0.0,350.217,7.827,79.57,1013.931
2025-12-07 01:00:00,1.455,0.985,129.41,325.182,5.981,74.787,995.191
2025-12-07 02:00:00,0.349,0.985,250.0,307.484,4.448,83.789,1019.3
2025-12-07 03:00:00,0.962,0.985,353.553,331.275,7.055,91.664,1018.571
2025-12-07 04:00:00,1.891,0.985,433.013,361.868,7.77,88.808,1002.725
2025-12-07 05:00:00,0.047,0.985,482.963,381.928,5.29,81.459,1004.557
2025-12-07 06:00:00,0.624,0.985,500.0,306.271,5.611,89.862,986.388
2025-12-07 07:00:00,2.636,0.985,482.963,306.296,6.734,89.543,1011.22
2025-12-07 08:00:00,1.56,0.985,433.013,329.258,5.704,90.34,1007.222
2025-12-07 09:00:00,2.526,0.985,353.553,357.954,5.251,89.458,981.975
2025-12-07 10:00:00,1.24,0.985,250.0,319.746,6.981,71.38,994.365
2025-12-07 11:00:00,0.531,0.985,129.41,322.993,9.873,83.688,998.107
2025-12-07 12:00:00,0.062,0.985,0.0,415.957,4.121,74.015,1006.482
2025-12-07 13:00:00,0.731,0.985,0.0,326.439,8.744,70.456,1002.909
2025-12-07 14:00:00,2.17,0.985,0.0,412.927,5.75,85.436,985.768
2025-12-07 15:00:00,0.539,0.985,0.0,346.445,7.324,81.376,1012.837
2025-12-07 16:00:00,1.158,0.985,0.0,370.085,9.454,80.765,988.752
2025-12-07 17:00:00,0.49,0.985,0.0,359.552,4.082,77.127,1005.781
2025-12-07 18:00:00,1.98,0.985,0.0,373.823,4.562,78.091,1017.946
2025-12-07 19:00:00,3.967,0.985,0.0,369.86,7.904,93.688,984.45
2025-12-07 20:00:00,2.397,0.985,0.0,324.659,8.131,80.884,999.499
2025-12-07 21:00:00,0.768,0.985,0.0,313.909,4.904,82.117,992.553
2025-12-07 22:00:00,0.857,0.985,0.0,346.567,9.664,73.177,1016.114
2025-12-07 23:00:00,2.417,0.985,0.0,396.55,9.149,82.882,991.097
2025-12-08 00:00:00,2.984,1.143,0.0,391.446,6.909,85.935,1004.873
2025-12-08 01:00:00,1.108,1.143,129.41,346.826,7.263,93.269,991.397
2025-12-08 02:00:00,0.845,1.143,250.0,334.629,4.098,73.774,998.8
2025-12-08 03:00:00,0.203,1.143,353.553,358.991,9.045,73.884,1016.067
2025-12-08 04:00:00,1.73,1.143,433.013,411.57,6.393,73.717,1002.34
2025-12-08 05:00:00,3.976,1.143,482.963,334.973,5.184,73.586,1015.232
2025-12-08 06:00:00,1.218,1.143,500.0,329.69,6.967,73.869,1008.719
2025-12-08 07:00:00,0.265,1.143,482.963,413.541,9.432,76.079,990.451
2025-12-08 08:00:00,1.387,1.143,433.013,328.628,9.137,79.802,993.249
2025-12-08 09:00:00,1.569,1.143,353.553,381.087,4.315,73.417,1001.548
2025-12-08 10:00:00,2.742,1.143,250.0,342.002,8.909,84.465,990.032
2025-12-08 11:00:00,0.865,1.143,129.41,337.361,8.973,81.937,982.013
2025-12-08 12:00:00,3.263,1.143,0.0,318.196,5.101,71.852,992.661
2025-12-08 13:00:00,1.334,1.143,0.0,319.486,6.033,78.196,992.359
2025-12-08 14:00:00,1.713,1.143,0.0,367.705,5.501,79.735,988.774
2025-12-08 15:00:00,1.391,1.143,0.0,355.567,9.069,78.202,992.431
2025-12-08 16:00:00,1.644,1.143,0.0,389.776,5.749,94.969,996.1
2025-12-08 17:00:00,1.736,1.143,0.0,304.282,7.118,83.21,989.306
2025-12-08 18:00:00,0.463,1.143,0.0,394.879,4.189,71.324,984.031
2025-12-08 19:00:00,1.619,1.143,0.0,409.56,6.619,90.482,1006.826
2025-12-08 20:00:00,0.279,1.143,0.0,331.285,4.466,87.471,1018.305
2025-12-08 21:00:00,0.437,1.143,0.0,416.666,5.981,79.179,980.631
2025-12-08 22:00:00,1.308,1.143,0.0,327.512,8.44,85.314,1005.258
2025-12-08 23:00:00,1.033,1.143,0.0,319.077,5.016,93.021,1012.796
2025-12-09 00:00:00,0.582,1.303,0.0,400.852,5.253,93.835,994.953
2025-12-09 01:00:00,1.932,1.303,129.41,336.31,8.864,81.42,992.581
2025-12-09 02:00:00,1.407,1.303,250.0,378.461,7.615,94.985,1004.051
2025-12-09 03:00:00,2.282,1.303,353.553,387.456,6.503,83.097,995.376
2025-12-09 04:00:00,1.876,1.303,433.013,322.216,5.01,88.046,981.073
2025-12-09 05:00:00,0.376,1.303,482.963,389.561,4.737,93.506,997.149
2025-12-09 06:00:00,2.373,1.303,500.0,337.834,5.76,72.177,1007.012
2025-12-09 07:00:00,3.344,1.303,482.963,405.667,6.249,94.581,1009.463
2025-12-09 08:00:00,0.65,1.303,433.013,350.269,4.279,83.361,993.502
2025-12-09 09:00:00,0.761,1.303,353.553,304.84,4.236,89.772,996.61
2025-12-09 10:00:00,0.421,1.303,250.0,367.701,5.161,74.69,1010.855
2025-12-09 11:00:00,1.978,1.303,129.41,385.005,5.643,80.285,981.174
2025-12-09 12:00:00,0.97,1.303,0.0,344.371,6.141,73.911,985.769
2025-12-09 13:00:00,2.406,1.303,0.0,347.023,7.403,85.562,983.28
2025-12-09 14:00:00,0.355,1.303,0.0,336.157,6.542,80.133,987.152
2025-12-09 15:00:00,1.995,1.303,0.0,349.599,4.034,84.915,1016.829
2025-12-09 16:00:00,2.426,1.303,0.0,355.21,7.435,79.797,1009.0
2025-12-09 17:00:00,3.636,1.303,0.0,405.499,6.025,91.998,996.927
2025-12-09 18:00:00,0.483,1.303,0.0,308.048,7.208,92.09,980.21
2025-12-09 19:00:00,0.642,1.303,0.0,377.072,9.737,93.864,1014.498
2025-12-09 20:00:00,2.124,1.303,0.0,336.327,4.506,82.535,1005.296
2025-12-09 21:00:00,0.754,1.303,0.0,314.986,9.982,85.751,1011.93
2025-12-09 22:00:00,0.256,1.303,0.0,380.002,8.574,94.846,999.531
2025-12-09 23:00:00,2.021,1.303,0.0,368.148,6.98,80.94,996.832
2025-12-10 00:00:00,0.458,1.463,0.0,405.802,9.798,93.086,1002.906
2025-12-10 01:00:00,3.933,1.463,129.41,370.609,8.51,94.645,992.202
2025-12-10 02:00:00,0.558,1.463,250.0,369.714,8.517,88.441,1009.278
2025-12-10 03:00:00,1.214,1.463,353.553,337.37,7.926,85.233,1019.218
2025-12-10 04:00:00,0.289,1.463,433.013,366.347,9.191,75.963,1017.587
2025-12-10 05:00:00,0.977,1.463,482.963,378.345,9.434,87.975,1005.491
2025-12-10 06:00:00,1.447,1.463,500.0,408.871,8.579,73.317,995.439
2025-12-10 07:00:00,0.955,1.463,482.963,334.321,7.373,78.959,1015.241
2025-12-10 08:00:00,1.142,1.463,433.013,414.91,7.584,78.006,982.163
2025-12-10 09:00:00,2.308,1.463,353.553,357.312,9.211,90.371,1014.156
2025-12-10 10:00:00,0.432,1.463,250.0,394.418,4.656,84.332,989.45
2025-12-10 11:00:00,2.203,1.463,129.41,403.559,5.013,92.396,1009.65
2025-12-10 12:00:00,1.403,1.463,0.0,324.53,7.761,73.879,1017.413
2025-12-10 13:00:00,2.073,1.463,0.0,347.792,4.213,90.331,998.008
2025-12-10 14:00:00,2.412,1.463,0.0,367.683,8.395,88.43,1018.902
2025-12-10 15:00:00,0.821,1.463,0.0,389.284,4.89,75.683,986.663
2025-12-10 16:00:00,0.22,1.463,0.0,359.846,5.65,93.697,1007.259
2025-12-10 17:00:00,1.554,1.463,0.0,404.17,7.532,83.767,997.326
2025-12-10 18:00:00,0.469,1.463,0.0,334.866,5.191,79.746,1002.855
2025-12-10 19:00:00,2.567,1.463,0.0,326.558,5.597,88.484,984.012
2025-12-10 20:00:00,1.379,1.463,0.0,300.893,4.729,79.613,980.939
2025-12-10 21:00:00,0.444,1.463,0.0,413.277,4.743,72.705,1014.186
2025-12-10 22:00:00,2.548,1.463,0.0,336.456,7.375,83.271,986.682
2025-12-10 23:00:00,1.018,1.463,0.0,395.143,4.902,92.452,980.378
2025-12-11 00:00:00,0.221,1.625,0.0,369.114,7.023,80.473,982.152
2025-12-11 01:00:00,3.097,1.625,129.41,361.643,4.025,85.234,1005.98
2025-12-11 02:00:00,1.101,1.625,250.0,336.285,8.063,93.573,1006.125
2025-12-11 03:00:00,3.487,1.625,353.553,345.687,9.008,92.278,1015.944
2025-12-11 04:00:00,3.082,1.625,433.013,367.258,4.002,79.201,1007.722
2025-12-11 05:00:00,0.011,1.625,482.963,407.224,5.221,83.122,1001.343
2025-12-11 06:00:00,1.6,1.625,500.0,345.326,5.681,77.804,1009.084
2025-12-11 07:00:00,0.338,1.625,482.963,418.028,5.698,94.441,989.57
2025-12-11 08:00:00,2.076,1.625,433.013,392.209,7.492,70.486,982.633
2025-12-11 09:00:00,0.191,1.625,353.553,372.973,4.633,92.581,1006.907
2025-12-11 10:00:00,4.065,1.625,250.0,389.731,8.854,75.05,1016.181
2025-12-11 11:00:00,0.744,1.625,129.41,401.1,7.386,79.355,982.915
2025-12-11 12:00:00,0.809,1.625,0.0,333.219,6.582,85.459,982.321
2025-12-11 13:00:00,1.463,1.625,0.0,346.305,6.009,78.582,1008.407
2025-12-11 14:00:00,0.024,1.625,0.0,329.42,9.536,84.48,987.276
2025-12-11 15:00:00,2.547,1.625,0.0,352.466,4.556,78.714,1016.664
2025-12-11 16:00:00,0.987,1.625,0.0,402.647,8.648,78.244,996.27
2025-12-11 17:00:00,0.193,1.625,0.0,368.314,9.538,90.549,995.072
2025-12-11 18:00:00,4.5,1.625,0.0,312.167,7.909,91.187,980.296
2025-12-11 19:00:00,1.295,1.625,0.0,354.617,4.778,72.976,991.972
2025-12-11 20:00:00,3.193,1.625,0.0,300.753,5.305,71.016,1002.994
2025-12-11 21:00:00,0.632,1.625,0.0,414.034,4.841,75.236,992.19
2025-12-11 22:00:00,0.74,1.625,0.0,314.473,4.681,81.367,986.464
2025-12-11 23:00:00,0.352,1.625,0.0,316.87,6.563,76.472,1019.479
2025-12-12 00:00:00,1.082,1.787,0.0,335.746,4.319,73.642,988.342
2025-12-12 01:00:00,1.453,1.787,129.41,313.997,7.806,81.554,1015.612
2025-12-12 02:00:00,0.486,1.787,250.0,408.674,8.54,77.588,994.873
2025-12-12 03:00:00,0.808,1.787,353.553,350.83,4.368,73.141,998.856
2025-12-12 04:00:00,0.242,1.787,433.013,358.823,7.871,91.76,988.354
2025-12-12 05:00:00,1.085,1.787,482.963,407.906,7.754,71.626,981.399
2025-12-12 06:00:00,1.255,1.787,500.0,337.094,5.898,79.002,996.342
2025-12-12 07:00:00,1.97,1.787,482.963,389.711,6.969,87.607,991.267
2025-12-12 08:00:00,0.503,1.787,433.013,382.674,5.548,71.831,989.661
2025-12-12 09:00:00,1.531,1.787,353.553,303.898,6.253,88.449,990.222
2025-12-12 10:00:00,1.061,1.787,250.0,311.965,8.719,94.725,985.11
2025-12-12 11:00:00,0.889,1.787,129.41,418.452,8.589,91.727,1017.761
2025-12-12 12:00:00,1.534,1.787,0.0,389.773,8.978,80.24,1014.5
2025-12-12 13:00:00,2.763,1.787,0.0,362.169,5.621,92.568,987.567
2025-12-12 14:00:00,0.679,1.787,0.0,405.708,4.103,81.306,983.991
2025-12-12 15:00:00,3.32,1.787,0.0,330.122,9.571,76.143,1006.281
2025-12-12 16:00:00,0.286,1.787,0.0,366.964,5.291,84.454,1007.107
2025-12-12 17:00:00,6.179,1.787,0.0,386.289,9.513,73.187,984.785
2025-12-12 18:00:00,2.476,1.787,0.0,308.307,7.056,79.749,1006.014
2025-12-12 19:00:00,0.196,1.787,0.0,394.865,4.056,82.483,1016.969
2025-12-12 20:00:00,0.37,1.787,0.0,386.736,4.727,87.002,997.615
2025-12-12 21:00:00,0.08,1.787,0.0,407.65,7.14,92.269,1006.756
2025-12-12 22:00:00,0.707,1.787,0.0,369.428,4.903,79.925,996.375
2025-12-12 23:00:00,1.334,1.787,0.0,405.499,5.887,73.813,1008.597
2025-12-13 00:00:00,1.273,1.951,0.0,364.332,6.067,87.818,990.987
2025-12-13 01:00:00,0.404,1.951,129.41,362.426,8.56,78.171,1005.888
2025-12-13 02:00:00,1.478,1.951,250.0,348.093,5.197,79.804,982.953
2025-12-13 03:00:00,0.64,1.951,353.553,375.805,6.428,82.695,988.376
2025-12-13 04:00:00,0.576,1.951,433.013,356.882,9.066,88.753,998.033
2025-12-13 05:00:00,0.716,1.951,482.963,331.283,5.441,83.789,1007.058
2025-12-13 06:00:00,3.179,1.951,500.0,403.75,6.426,74.03,999.67
2025-12-13 07:00:00,2.497,1.951,482.963,379.531,8.947,80.668,1017.838
2025-12-13 08:00:00,4.851,1.951,433.013,391.532,9.283,78.238,1011.716
2025-12-13 09:00:00,2.249,1.951,353.553,353.565,8.207,87.432,991.502
2025-12-13 10:00:00,2.384,1.951,250.0,415.188,6.053,85.945,1012.444
2025-12-13 11:00:00,0.747,1.951,129.41,335.565,7.547,85.0,1018.1
2025-12-13 12:00:00,2.195,1.951,0.0,303.226,6.319,89.633,995.353
2025-12-13 13:00:00,3.329,1.951,0.0,383.827,8.661,94.138,982.724
2025-12-13 14:00:00,0.723,1.951,0.0,385.632,7.712,82.115,995.409
2025-12-13 15:00:00,4.705,1.951,0.0,384.957,8.505,82.971,1008.69
2025-12-13 16:00:00,0.871,1.951,0.0,403.162,5.407,86.419,1001.01
2025-12-13 17:00:00,0.466,1.951,0.0,311.038,7.806,81.206,1012.9
2025-12-13 18:00:00,1.325,1.951,0.0,328.971,5.793,82.753,1008.096
2025-12-13 19:00:00,1.883,1.951,0.0,384.902,8.576,91.214,1001.052
2025-12-13 20:00:00,2.862,1.951,0.0,307.903,9.488,88.116,982.314
2025-12-13 21:00:00,0.321,1.951,0.0,326.167,8.103,70.416,981.627
2025-12-13 22:00:00,0.343,1.951,0.0,338.771,9.412,77.324,989.704
2025-12-13 23:00:00,0.072,1.951,0.0,406.277,9.299,82.166,1019.844
2025-12-14 00:00:00,5.016,2.115,0.0,389.852,7.205,94.757,1012.019
2025-12-14 01:00:00,1.777,2.115,129.41,376.757,7.899,71.035,1008.35
2025-12-14 02:00:00,4.305,2.115,250.0,382.966,7.893,84.994,985.673
2025-12-14 03:00:00,2.541,2.115,353.553,417.638,9.76,81.685,984.881
2025-12-14 04:00:00,2.767,2.115,433.013,326.905,6.265,73.953,1005.359
2025-12-14 05:00:00,3.522,2.115,482.963,372.421,5.68,87.248,1010.077
2025-12-14 06:00:00,2.917,2.115,500.0,364.837,4.385,72.905,1015.082
2025-12-14 07:00:00,0.603,2.115,482.963,418.169,8.207,78.069,1018.433
2025-12-14 08:00:00,1.715,2.115,433.013,326.137,9.531,83.35,992.018
2025-12-14 09:00:00,0.436,2.115,353.553,366.271,6.641,71.99,994.4
2025-12-14 10:00:00,1.717,2.115,250.0,319.175,7.186,84.488,1015.444
2025-12-14 11:00:00,1.996,2.115,129.41,313.848,4.869,72.487,983.902
2025-12-14 12:00:00,0.478,2.115,0.0,325.091,6.164,73.644,993.686
2025-12-14 13:00:00,0.163,2.115,0.0,400.511,6.325,90.393,1011.209
2025-12-14 14:00:00,1.818,2.115,0.0,374.298,5.981,75.021,984.804
2025-12-14 15:00:00,0.455,2.115,0.0,353.039,8.534,81.295,995.539
2025-12-14 16:00:00,1.957,2.115,0.0,371.823,7.804,94.719,1002.776
2025-12-14 17:00:00,0.467,2.115,0.0,350.701,5.289,78.918,1001.311
2025-12-14 18:00:00,1.234,2.115,0.0,327.518,8.04,91.451,1010.864
2025-12-14 19:00:00,1.572,2.115,0.0,330.501,7.62,79.914,1003.47
2025-12-14 20:00:00,2.88,2.115,0.0,317.342,6.513,91.998,994.278
2025-12-14 21:00:00,3.923,2.115,0.0,340.123,4.996,85.698,1005.852
2025-12-14 22:00:00,1.291,2.115,0.0,303.77,9.008,76.062,1010.345
2025-12-14 23:00:00,0.69,2.115,0.0,379.335,6.131,74.04,984.377
2025-12-15 00:00:00,0.579,2.28,0.0,304.213,5.049,70.867,997.182
2025-12-15 01:00:00,0.785,2.28,129.41,322.898,5.865,77.483,1015.09
2025-12-15 02:00:00,0.324,2.28,250.0,331.7,9.6,86.65,985.382
2025-12-15 03:00:00,3.256,2.28,353.553,355.3,8.373,76.839,988.515
2025-12-15 04:00:00,1.111,2.28,433.013,343.705,5.988,87.342,1009.851
2025-12-15 05:00:00,1.592,2.28,482.963,391.235,6.386,90.253,1007.732
2025-12-15 06:00:00,0.692,2.28,500.0,328.898,4.959,83.46,995.904
2025-12-15 07:00:00,1.97,2.28,482.963,355.897,6.655,89.112,994.127
2025-12-15 08:00:00,0.49,2.28,433.013,361.215,9.574,94.136,983.197
2025-12-15 09:00:00,1.389,2.28,353.553,419.971,6.821,84.231,1019.362
2025-12-15 10:00:00,3.461,2.28,250.0,305.644,5.253,71.245,983.075
2025-12-15 11:00:00,2.473,2.28,129.41,301.82,5.411,74.296,1003.789
2025-12-15 12:00:00,0.497,2.28,0.0,362.9,8.818,85.183,1001.235
2025-12-15 13:00:00,2.061,2.28,0.0,345.89,5.216,78.012,987.073
2025-12-15 14:00:00,0.89,2.28,0.0,370.368,7.013,82.788,988.886
2025-12-15 15:00:00,2.098,2.28,0.0,314.2,8.852,86.913,1005.351
2025-12-15 16:00:00,1.145,2.28,0.0,333.149,5.115,79.764,991.978
2025-12-15 17:00:00,0.42,2.28,0.0,393.048,6.647,94.291,997.347
2025-12-15 18:00:00,0.722,2.28,0.0,396.993,7.769,74.181,982.565
2025-12-15 19:00:00,3.103,2.28,0.0,409.199,6.903,70.501,1016.805
2025-12-15 20:00:00,2.113,2.28,0.0,372.931,8.63,84.508,995.428
2025-12-15 21:00:00,4.218,2.28,0.0,306.863,7.611,83.96,1008.655
2025-12-15 22:00:00,3.599,2.28,0.0,349.308,8.611,91.075,1013.152
2025-12-15 23:00:00,1.236,2.28,0.0,402.886,5.49,75.954,980.002
2025-12-16 00:00:00,2.296,2.446,0.0,316.088,6.854,87.593,999.216
2025-12-16 01:00:00,0.836,2.446,129.41,381.231,4.004,83.641,1018.226
2025-12-16 02:00:00,0.739,2.446,250.0,320.745,7.77,93.344,1010.753
2025-12-16 03:00:00,2.176,2.446,353.553,362.689,4.79,77.663,985.243
2025-12-16 04:00:00,1.311,2.446,433.013,339.051,6.834,78.547,991.157
2025-12-16 05:00:00,1.583,2.446,482.963,401.947,7.016,75.704,981.38
2025-12-16 06:00:00,4.888,2.446,500.0,342.667,9.599,82.62,1002.14
2025-12-16 07:00:00,0.959,2.446,482.963,326.247,8.338,76.537,1016.684
2025-12-16 08:00:00,1.435,2.446,433.013,409.267,6.456,81.117,1011.634
2025-12-16 09:00:00,1.099,2.446,353.553,338.436,9.767,77.277,1003.775
2025-12-16 10:00:00,5.841,2.446,250.0,357.38,6.193,86.497,986.281
2025-12-16 11:00:00,2.085,2.446,129.41,384.845,5.563,76.356,994.3
2025-12-16 12:00:00,1.382,2.446,0.0,397.561,6.051,77.308,1002.721
2025-12-16 13:00:00,1.382,2.446,0.0,320.928,5.623,80.373,1019.027
2025-12-16 14:00:00,2.244,2.446,0.0,354.825,9.191,70.068,983.679
2025-12-16 15:00:00,0.188,2.446,0.0,352.753,6.485,83.504,1017.463
2025-12-16 16:00:00,0.909,2.446,0.0,300.252,5.076,71.149,992.812
2025-12-16 17:00:00,1.163,2.446,0.0,369.307,9.11,81.616,990.502
2025-12-16 18:00:00,1.04,2.446,0.0,307.262,6.577,70.049,1018.301
2025-12-16 19:00:00,2.019,2.446,0.0,315.84,8.084,82.676,987.189
2025-12-16 20:00:00,0.795,2.446,0.0,321.899,4.578,90.125,1003.039
2025-12-16 21:00:00,2.054,2.446,0.0,345.453,9.032,86.633,983.107
2025-12-16 22:00:00,1.044,2.446,0.0,319.059,5.497,86.133,1006.658
2025-12-16 23:00:00,1.375,2.446,0.0,328.518,9.95,71.872,1008.261
2025-12-17 00:00:00,1.226,2.613,0.0,419.569,5.142,77.056,986.082
2025-12-17 01:00:00,0.601,2.613,129.41,320.614,5.577,89.654,1004.696
2025-12-17 02:00:00,0.554,2.613,250.0,307.647,6.078,72.078,1018.082
2025-12-17 03:00:00,0.129,2.613,353.553,325.832,5.517,75.586,999.572
2025-12-17 04:00:00,1.482,2.613,433.013,364.423,6.02,79.739,1015.833
2025-12-17 05:00:00,0.007,2.613,482.963,405.942,7.748,87.327,997.354
2025-12-17 06:00:00,0.288,2.613,500.0,316.854,7.402,83.026,1015.312
2025-12-17 07:00:00,1.204,2.613,482.963,390.627,9.791,90.857,984.255
2025-12-17 08:00:00,1.671,2.613,433.013,367.252,5.6,83.441,1000.057
2025-12-17 09:00:00,0.695,2.613,353.553,355.64,6.43,82.801,990.468
2025-12-17 10:00:00,2.957,2.613,250.0,322.745,6.005,74.194,986.071
2025-12-17 11:00:00,1.369,2.613,129.41,303.032,9.046,76.255,1013.07
2025-12-17 12:00:00,1.397,2.613,0.0,318.854,8.742,91.331,986.983
2025-12-17 13:00:00,2.89,2.613,0.0,314.515,6.64,93.984,987.451
2025-12-17 14:00:00,1.447,2.613,0.0,384.97,8.701,76.998,1011.569
2025-12-17 15:00:00,0.523,2.613,0.0,344.879,5.256,79.019,1008.031
2025-12-17 16:00:00,0.853,2.613,0.0,406.814,9.94,87.36,998.437
2025-12-17 17:00:00,0.25,2.613,0.0,325.195,5.189,88.717,980.203
2025-12-17 18:00:00,1.347,2.613,0.0,351.055,7.64,93.391,1010.24
2025-12-17 19:00:00,1.961,2.613,0.0,379.637,7.371,71.804,992.126
2025-12-17 20:00:00,3.042,2.613,0.0,351.234,4.806,76.078,1014.609
2025-12-17 21:00:00,0.156,2.613,0.0,347.744,4.12,75.87,1016.503
2025-12-17 22:00:00,0.42,2.613,0.0,414.285,4.945,81.081,990.85
2025-12-17 23:00:00,1.108,2.613,0.0,416.566,9.677,90.982,981.939
2025-12-18 00:00:00,0.162,2.781,0.0,321.711,5.07,70.295,1016.559
2025-12-18 01:00:00,0.937,2.781,129.41,301.696,6.486,73.514,1003.647
2025-12-18 02:00:00,0.64,2.781,250.0,408.735,9.794,87.433,1005.021
2025-12-18 03:00:00,2.236,2.781,353.553,333.359,7.215,83.287,1007.097
2025-12-18 04:00:00,1.501,2.781,433.013,380.464,4.989,81.425,1004.01
2025-12-18 05:00:00,0.329,2.781,482.963,347.771,6.796,78.072,983.913
2025-12-18 06:00:00,1.888,2.781,500.0,364.121,6.112,75.594,1016.984
2025-12-18 07:00:00,1.954,2.781,482.963,323.814,8.284,84.219,982.868
2025-12-18 08:00:00,1.829,2.781,433.013,374.453,9.986,81.543,1018.921
2025-12-18 09:00:00,0.282,2.781,353.553,392.043,7.967,73.955,1006.213
2025-12-18 10:00:00,0.39,2.781,250.0,338.177,4.122,85.409,1017.951
2025-12-18 11:00:00,1.277,2.781,129.41,332.914,8.617,88.921,982.65
2025-12-18 12:00:00,1.279,2.781,0.0,365.337,5.141,84.015,982.762
2025-12-18 13:00:00,2.643,2.781,0.0,392.013,6.624,71.277,1004.442
2025-12-18 14:00:00,1.764,2.781,0.0,333.377,6.403,94.579,1013.133
2025-12-18 15:00:00,1.036,2.781,0.0,317.85,5.037,75.875,1003.071
2025-12-18 16:00:00,2.026,2.781,0.0,418.881,5.498,91.328,1019.094
2025-12-18 17:00:00,3.594,2.781,0.0,414.682,6.867,70.548,981.655
2025-12-18 18:00:00,1.807,2.781,0.0,392.842,7.1,87.159,980.093
2025-12-18 19:00:00,1.897,2.781,0.0,363.265,6.563,70.856,1017.851
2025-12-18 20:00:00,0.555,2.781,0.0,406.924,7.929,78.61,1004.787
2025-12-18 21:00:00,1.332,2.781,0.0,364.277,9.471,80.272,999.695
2025-12-18 22:00:00,0.028,2.781,0.0,311.513,7.206,91.723,1016.418
2025-12-18 23:00:00,0.819,2.781,0.0,342.648,4.099,75.345,980.914
2025-12-19 00:00:00,0.618,2.949,0.0,384.599,4.526,91.672,983.782
2025-12-19 01:00:00,0.732,2.949,129.41,311.109,4.833,81.74,1001.185
2025-12-19 02:00:00,0.809,2.949,250.0,324.723,8.984,74.099,984.253
2025-12-19 03:00:00,0.635,2.949,353.553,359.839,7.522,76.079,1006.581
2025-12-19 04:00:00,0.801,2.949,433.013,409.857,5.026,72.731,999.028
2025-12-19 05:00:00,0.962,2.949,482.963,367.671,8.468,85.613,1010.892
2025-12-19 06:00:00,0.144,2.949,500.0,385.247,8.27,71.044,1017.07
2025-12-19 07:00:00,1.034,2.949,482.963,358.031,9.072,85.431,1018.6
2025-12-19 08:00:00,2.996,2.949,433.013,349.664,9.598,70.511,1007.695
2025-12-19 09:00:00,3.423,2.949,353.553,324.841,5.524,85.374,1016.828
2025-12-19 10:00:00,0.051,2.949,250.0,333.45,8.669,90.54,991.103
2025-12-19 11:00:00,0.849,2.949,129.41,313.858,5.392,76.825,993.283
2025-12-19 12:00:00,0.903,2.949,0.0,394.793,4.768,87.202,1017.236
2025-12-19 13:00:00,2.083,2.949,0.0,342.508,9.668,76.389,990.323
2025-12-19 14:00:00,3.645,2.949,0.0,393.848,4.635,77.355,1019.059
2025-12-19 15:00:00,3.069,2.949,0.0,344.976,8.207,74.103,992.75
2025-12-19 16:00:00,2.336,2.949,0.0,414.608,8.02,79.426,1003.295
2025-12-19 17:00:00,0.573,2.949,0.0,412.647,8.341,93.807,992.239
2025-12-19 18:00:00,1.172,2.949,0.0,316.36,4.563,72.04,1010.711
2025-12-19 19:00:00,1.129,2.949,0.0,300.334,9.385,86.384,986.272
2025-12-19 20:00:00,1.473,2.949,0.0,301.673,8.953,74.345,1018.967
2025-12-19 21:00:00,2.6,2.949,0.0,380.367,8.456,94.296,1012.054
2025-12-19 22:00:00,2.272,2.949,0.0,359.038,8.693,91.387,990.233
2025-12-19 23:00:00,2.933,2.949,0.0,304.936,9.13,83.697,993.95
2025-12-20 00:00:00,1.017,3.118,0.0,356.283,7.596,84.248,1013.774
2025-12-20 01:00:00,2.043,3.118,129.41,367.667,4.616,94.735,1003.992
2025-12-20 02:00:00,0.732,3.118,250.0,374.752,5.349,92.742,992.118
2025-12-20 03:00:00,2.446,3.118,353.553,390.5,4.55,82.956,995.658
2025-12-20 04:00:00,0.534,3.118,433.013,356.104,5.48,79.7,1014.056
2025-12-20 05:00:00,1.662,3.118,482.963,315.345,5.348,83.655,1015.758
2025-12-20 06:00:00,1.157,3.118,500.0,384.41,9.192,88.279,1012.558
2025-12-20 07:00:00,0.76,3.118,482.963,342.447,7.527,90.702,1003.209
2025-12-20 08:00:00,0.407,3.118,433.013,372.101,5.677,77.081,986.334
2025-12-20 09:00:00,0.733,3.118,353.553,338.813,7.982,88.254,988.954
2025-12-20 10:00:00,0.299,3.118,250.0,383.418,5.945,73.027,998.861
2025-12-20 11:00:00,0.792,3.118,129.41,314.778,5.077,77.899,1012.149
2025-12-20 12:00:00,2.761,3.118,0.0,306.972,7.02,73.851,985.835
2025-12-20 13:00:00,1.924,3.118,0.0,343.54,7.409,91.054,985.433
2025-12-20 14:00:00,2.867,3.118,0.0,389.181,5.785,72.073,1003.882
2025-12-20 15:00:00,2.035,3.118,0.0,331.797,8.119,85.378,1008.778
2025-12-20 16:00:00,0.688,3.118,0.0,355.247,8.172,76.859,981.417
2025-12-20 17:00:00,0.198,3.118,0.0,332.236,9.537,86.018,1001.014
2025-12-20 18:00:00,1.866,3.118,0.0,370.313,5.128,86.674,1011.26
2025-12-20 19:00:00,0.472,3.118,0.0,414.852,5.338,78.383,981.637
2025-12-20 20:00:00,6.552,3.118,0.0,306.322,9.311,83.605,1005.031
2025-12-20 21:00:00,0.894,3.118,0.0,361.581,7.637,82.576,1006.764
2025-12-20 22:00:00,2.37,3.118,0.0,409.11,6.652,77.228,988.367
2025-12-20 23:00:00,0.687,3.118,0.0,418.398,4.142,83.216,1009.244
2025-12-21 00:00:00,1.198,3.287,0.0,335.204,8.636,77.145,986.327
2025-12-21 01:00:00,0.735,3.287,129.41,335.28,6.686,76.808,1008.96
2025-12-21 02:00:00,0.348,3.287,250.0,306.842,6.124,86.66,997.379
2025-12-21 03:00:00,1.192,3.287,353.553,367.197,9.654,76.98,1006.202
2025-12-21 04:00:00,0.692,3.287,433.013,322.537,7.939,79.108,1006.149
2025-12-21 05:00:00,2.035,3.287,482.963,405.049,6.481,81.621,990.34
2025-12-21 06:00:00,1.641,3.287,500.0,368.517,8.419,75.613,1010.942
2025-12-21 07:00:00,2.868,3.287,482.963,373.407,4.929,74.86,1014.835
2025-12-21 08:00:00,4.179,3.287,433.013,309.262,9.852,94.596,998.96
2025-12-21 09:00:00,3.574,3.287,353.553,328.925,9.424,86.376,1003.063
2025-12-21 10:00:00,0.069,3.287,250.0,339.027,8.314,83.955,1011.361
2025-12-21 11:00:00,1.429,3.287,129.41,364.748,5.693,85.018,1012.291
2025-12-21 12:00:00,3.291,3.287,0.0,354.368,4.102,73.446,1019.079
2025-12-21 13:00:00,0.725,3.287,0.0,388.212,7.203,92.519,1002.522
2025-12-21 14:00:00,2.016,3.287,0.0,375.361,5.448,76.053,994.244
2025-12-21 15:00:00,0.362,3.287,0.0,392.272,7.196,92.212,986.402
2025-12-21 16:00:00,1.926,3.287,0.0,371.564,4.129,75.235,998.463
2025-12-21 17:00:00,0.999,3.287,0.0,411.379,4.294,85.608,1009.044
2025-12-21 18:00:00,0.935,3.287,0.0,362.566,6.011,88.647,980.87
2025-12-21 19:00:00,0.272,3.287,0.0,309.835,5.096,82.522,1011.447
2025-12-21 20:00:00,1.706,3.287,0.0,361.201,6.843,71.812,1000.624
2025-12-21 21:00:00,0.853,3.287,0.0,343.036,5.866,71.827,998.885
2025-12-21 22:00:00,2.05,3.287,0.0,300.623,8.081,78.648,1000.881
2025-12-21 23:00:00,1.228,3.287,0.0,370.862,8.464,71.3,1002.59
2025-12-22 00:00:00,1.252,3.457,0.0,385.031,7.24,74.618,1004.111
2025-12-22 01:00:00,2.752,3.457,129.41,312.314,4.865,74.829,992.237
2025-12-22 02:00:00,2.707,3.457,250.0,325.997,4.789,90.197,1007.503
2025-12-22 03:00:00,1.102,3.457,353.553,325.749,5.127,78.153,992.366
2025-12-22 04:00:00,1.308,3.457,433.013,410.056,8.544,85.704,994.446
2025-12-22 05:00:00,0.514,3.457,482.963,333.1,8.705,86.991,992.416
2025-12-22 06:00:00,0.618,3.457,500.0,351.355,8.265,94.297,1017.855
2025-12-22 07:00:00,0.207,3.457,482.963,302.089,7.856,71.631,989.094
2025-12-22 08:00:00,3.466,3.457,433.013,332.485,7.0,70.949,993.438
2025-12-22 09:00:00,1.84,3.457,353.553,398.414,7.121,94.659,990.108
2025-12-22 10:00:00,0.755,3.457,250.0,363.218,6.94,85.582,997.549
2025-12-22 11:00:00,2.403,3.457,129.41,339.005,8.768,91.356,998.743
2025-12-22 12:00:00,0.376,3.457,0.0,371.681,4.215,91.572,1008.899
2025-12-22 13:00:00,2.934,3.457,0.0,414.688,9.107,87.362,983.778
2025-12-22 14:00:00,0.966,3.457,0.0,416.013,6.731,76.477,987.094
2025-12-22 15:00:00,4.255,3.457,0.0,378.186,8.039,76.885,1010.307
2025-12-22 16:00:00,2.865,3.457,0.0,326.353,6.794,80.417,1007.493
2025-12-22 17:00:00,2.54,3.457,0.0,330.408,8.003,89.056,1016.098
2025-12-22 18:00:00,2.248,3.457,0.0,341.131,7.063,70.286,1000.414
2025-12-22 19:00:00,0.494,3.457,0.0,375.11,8.592,91.28,1017.952
2025-12-22 20:00:00,3.09,3.457,0.0,364.753,5.681,79.474,1013.059
2025-12-22 21:00:00,0.212,3.457,0.0,356.249,7.781,77.168,990.322
2025-12-22 22:00:00,2.157,3.457,0.0,368.643,8.108,71.791,1004.015
2025-12-22 23:00:00,1.164,3.457,0.0,376.832,6.38,71.484,1007.53
2025-12-23 00:00:00,0.862,3.627,0.0,337.398,7.02,76.312,989.493
2025-12-23 01:00:00,5.412,3.627,129.41,358.878,5.423,80.18,986.629
2025-12-23 02:00:00,1.168,3.627,250.0,406.643,5.689,94.771,1016.84
2025-12-23 03:00:00,0.037,3.627,353.553,344.216,4.144,78.282,1004.092
2025-12-23 04:00:00,0.716,3.627,433.013,363.888,8.692,88.066,994.76
2025-12-23 05:00:00,1.909,3.627,482.963,347.328,9.813,85.523,1003.98
2025-12-23 06:00:00,0.461,3.627,500.0,374.925,9.984,75.835,1010.246
2025-12-23 07:00:00,0.024,3.627,482.963,360.148,5.667,79.321,1000.033
2025-12-23 08:00:00,0.902,3.627,433.013,404.989,9.348,86.559,1000.292
2025-12-23 09:00:00,1.364,3.627,353.553,405.431,7.378,71.179,983.521
2025-12-23 10:00:00,1.507,3.627,250.0,327.879,9.468,82.69,996.661
2025-12-23 11:00:00,0.038,3.627,129.41,308.546,6.854,85.603,994.653
2025-12-23 12:00:00,0.293,3.627,0.0,342.704,6.812,79.754,983.871
2025-12-23 13:00:00,1.681,3.627,0.0,388.015,7.089,90.378,994.172
2025-12-23 14:00:00,1.482,3.627,0.0,326.267,7.968,88.923,1012.537
2025-12-23 15:00:00,1.365,3.627,0.0,348.27,9.084,73.7,992.728
2025-12-23 16:00:00,4.305,3.627,0.0,328.153,7.689,70.836,982.811
2025-12-23 17:00:00,2.351,3.627,0.0,340.464,7.894,77.468,992.297
2025-12-23 18:00:00,1.796,3.627,0.0,411.896,6.919,94.695,1001.247
2025-12-23 19:00:00,1.07,3.627,0.0,386.996,7.996,84.757,992.878
2025-12-23 20:00:00,0.625,3.627,0.0,418.446,4.762,70.541,1010.398
2025-12-23 21:00:00,0.115,3.627,0.0,306.71,4.627,88.124,1008.864
2025-12-23 22:00:00,3.454,3.627,0.0,367.555,9.453,70.71,998.082
2025-12-23 23:00:00,2.113,3.627,0.0,344.581,8.259,88.445,1006.183
2025-12-24 00:00:00,3.041,3.798,0.0,391.484,6.545,81.166,1003.398
2025-12-24 01:00:00,1.341,3.798,129.41,407.156,6.577,88.627,1001.571
2025-12-24 02:00:00,2.056,3.798,250.0,345.166,9.434,80.462,1000.302
2025-12-24 03:00:00,1.129,3.798,353.553,327.764,9.962,90.434,981.221
2025-12-24 04:00:00,0.34,3.798,433.013,390.06,6.694,92.391,997.187
2025-12-24 05:00:00,0.483,3.798,482.963,343.351,9.91,92.482,993.825
2025-12-24 06:00:00,0.89,3.798,500.0,338.408,8.89,74.239,984.57
2025-12-24 07:00:00,0.594,3.798,482.963,373.969,9.712,90.686,1016.18
2025-12-24 08:00:00,2.035,3.798,433.013,373.323,7.97,87.846,1003.12
2025-12-24 09:00:00,0.643,3.798,353.553,388.169,7.234,94.322,986.107
2025-12-24 10:00:00,2.073,3.798,250.0,330.52,4.033,87.548,1015.699
2025-12-24 11:00:00,0.089,3.798,129.41,350.076,8.459,81.096,1009.677
2025-12-24 12:00:00,1.501,3.798,0.0,352.766,6.285,94.497,986.194
2025-12-24 13:00:00,4.505,3.798,0.0,408.437,5.628,85.125,990.682
2025-12-24 14:00:00,1.071,3.798,0.0,419.904,5.699,71.674,985.275
2025-12-24 15:00:00,1.184,3.798,0.0,327.379,4.118,91.722,1001.946
2025-12-24 16:00:00,3.379,3.798,0.0,389.306,9.789,81.114,998.225
2025-12-24 17:00:00,2.867,3.798,0.0,329.818,9.153,77.29,996.192
2025-12-24 18:00:00,0.669,3.798,0.0,333.155,4.336,87.741,992.891
2025-12-24 19:00:00,1.192,3.798,0.0,314.517,6.533,79.086,984.299
2025-12-24 20:00:00,1.755,3.798,0.0,408.541,7.879,79.452,1004.582
2025-12-24 21:00:00,0.399,3.798,0.0,363.488,8.175,77.258,996.454
2025-12-24 22:00:00,1.879,3.798,0.0,396.695,4.568,77.33,993.275
2025-12-24 23:00:00,0.641,3.798,0.0,308.449,6.924,84.274,1012.21
2025-12-25 00:00:00,3.41,3.969,0.0,391.639,7.063,79.709,991.542
2025-12-25 01:00:00,1.381,3.969,129.41,312.873,7.643,92.616,984.521
2025-12-25 02:00:00,0.697,3.969,250.0,339.419,4.64,92.215,998.963
2025-12-25 03:00:00,0.324,3.969,353.553,334.867,4.308,79.89,1013.915
2025-12-25 04:00:00,0.233,3.969,433.013,308.103,7.792,92.773,983.857
2025-12-25 05:00:00,1.857,3.969,482.963,413.197,4.956,75.221,987.943
2025-12-25 06:00:00,1.211,3.969,500.0,419.89,5.666,76.795,1006.608
2025-12-25 07:00:00,1.321,3.969,482.963,310.977,8.345,94.243,989.04
2025-12-25 08:00:00,3.076,3.969,433.013,382.53,4.479,80.223,989.197
2025-12-25 09:00:00,0.47,3.969,353.553,343.083,7.446,76.49,992.522
2025-12-25 10:00:00,1.604,3.969,250.0,398.207,8.868,70.071,980.627
2025-12-25 11:00:00,2.523,3.969,129.41,381.193,6.514,87.002,1016.167
2025-12-25 12:00:00,0.703,3.969,0.0,318.743,9.717,89.48,1002.3
2025-12-25 13:00:00,2.026,3.969,0.0,375.646,5.736,85.819,1012.107
2025-12-25 14:00:00,3.043,3.969,0.0,419.779,7.56,89.135,1002.057
2025-12-25 15:00:00,2.03,3.969,0.0,384.505,8.372,86.812,997.647
2025-12-25 16:00:00,0.336,3.969,0.0,415.816,9.734,89.57,985.63
2025-12-25 17:00:00,1.054,3.969,0.0,306.422,4.594,94.372,992.191
2025-12-25 18:00:00,2.261,3.969,0.0,327.843,7.832,72.883,1016.698
2025-12-25 19:00:00,3.524,3.969,0.0,329.02,9.291,93.763,984.687
2025-12-25 20:00:00,4.645,3.969,0.0,348.847,8.434,75.471,1012.641
2025-12-25 21:00:00,2.663,3.969,0.0,381.43,8.933,70.03,1006.211
2025-12-25 22:00:00,2.28,3.969,0.0,346.869,9.741,84.296,1006.673
2025-12-25 23:00:00,2.11,3.969,0.0,318.257,6.476,88.626,997.741
2025-12-26 00:00:00,1.932,4.14,0.0,346.135,5.686,80.684,1006.121
2025-12-26 01:00:00,5.01,4.14,129.41,304.483,8.081,88.162,985.942
2025-12-26 02:00:00,1.603,4.14,250.0,412.436,7.189,74.016,987.078
2025-12-26 03:00:00,2.123,4.14,353.553,379.189,9.484,85.318,1007.918
2025-12-26 04:00:00,5.266,4.14,433.013,376.173,5.484,75.562,983.546
2025-12-26 05:00:00,1.302,4.14,482.963,405.305,9.041,83.733,1008.7
2025-12-26 06:00:00,0.308,4.14,500.0,350.67,8.176,85.712,982.097
2025-12-26 07:00:00,1.345,4.14,482.963,400.647,5.477,90.426,1005.094
2025-12-26 08:00:00,0.964,4.14,433.013,313.907,4.713,79.976,1017.931
2025-12-26 09:00:00,1.082,4.14,353.553,370.081,9.705,80.022,984.176
2025-12-26 10:00:00,1.279,4.14,250.0,361.696,9.167,71.322,992.238
2025-12-26 11:00:00,0.076,4.14,129.41,328.205,4.748,71.683,987.833
2025-12-26 12:00:00,2.092,4.14,0.0,376.245,8.397,74.187,997.805
2025-12-26 13:00:00,0.153,4.14,0.0,337.022,4.668,94.994,985.961
2025-12-26 14:00:00,1.149,4.14,0.0,336.11,7.776,86.353,982.427
2025-12-26 15:00:00,1.771,4.14,0.0,406.681,5.388,73.879,1003.53
2025-12-26 16:00:00,2.495,4.14,0.0,411.091,5.609,84.199,1013.458
2025-12-26 17:00:00,3.732,4.14,0.0,340.234,7.079,91.45,1013.386
2025-12-26 18:00:00,0.725,4.14,0.0,384.704,4.031,74.926,991.793
2025-12-26 19:00:00,1.299,4.14,0.0,313.762,7.231,76.634,1015.802
2025-12-26 20:00:00,0.437,4.14,0.0,366.952,9.012,86.958,1005.153
2025-12-26 21:00:00,0.189,4.14,0.0,361.667,4.378,90.549,987.608
2025-12-26 22:00:00,1.673,4.14,0.0,386.421,8.69,85.786,1002.647
2025-12-26 23:00:00,0.594,4.14,0.0,386.104,4.325,88.186,1016.86
2025-12-27 00:00:00,0.516,4.312,0.0,346.399,6.491,91.587,983.292
2025-12-27 01:00:00,1.396,4.312,129.41,411.981,6.453,94.202,991.548
2025-12-27 02:00:00,0.765,4.312,250.0,338.274,6.923,83.144,994.174
2025-12-27 03:00:00,0.197,4.312,353.553,406.785,8.267,82.37,993.781
2025-12-27 04:00:00,0.126,4.312,433.013,360.661,5.993,72.187,1010.507
2025-12-27 05:00:00,2.182,4.312,482.963,374.678,9.248,79.203,1012.791
2025-12-27 06:00:00,1.417,4.312,500.0,415.249,8.333,75.491,998.781
2025-12-27 07:00:00,3.212,4.312,482.963,301.153,8.693,70.069,1016.888
2025-12-27 08:00:00,0.225,4.312,433.013,312.101,9.59,82.847,983.513
2025-12-27 09:00:00,2.368,4.312,353.553,313.382,4.783,91.191,991.898
2025-12-27 10:00:00,0.43,4.312,250.0,383.136,4.622,89.015,988.919
2025-12-27 11:00:00,0.769,4.312,129.41,415.369,9.528,91.416,988.326
2025-12-27 12:00:00,2.924,4.312,0.0,367.432,7.423,82.24,1004.481
2025-12-27 13:00:00,2.698,4.312,0.0,367.593,9.088,81.533,1015.864
2025-12-27 14:00:00,0.465,4.312,0.0,330.518,6.662,88.625,1014.564
2025-12-27 15:00:00,1.377,4.312,0.0,330.091,5.265,71.672,985.372
2025-12-27 16:00:00,2.582,4.312,0.0,374.227,8.321,74.561,1011.138
2025-12-27 17:00:00,1.969,4.312,0.0,315.323,4.777,70.3,1008.613
2025-12-27 18:00:00,0.2,4.312,0.0,405.08,5.01,83.967,989.331
2025-12-27 19:00:00,2.261,4.312,0.0,370.742,5.8,85.7,1018.125
2025-12-27 20:00:00,0.788,4.312,0.0,410.009,7.018,70.455,997.059
2025-12-27 21:00:00,3.113,4.312,0.0,356.295,6.16,76.722,1007.14
2025-12-27 22:00:00,1.076,4.312,0.0,304.45,8.386,87.015,1006.213
2025-12-27 23:00:00,1.038,4.312,0.0,321.702,4.796,70.849,1017.139
2025-12-28 00:00:00,0.134,4.484,0.0,307.046,6.796,81.813,1010.47
2025-12-28 01:00:00,2.083,4.484,129.41,383.176,7.436,74.331,1009.658
2025-12-28 02:00:00,0.8,4.484,250.0,331.334,5.71,83.649,1017.5
2025-12-28 03:00:00,0.76,4.484,353.553,311.877,7.42,92.54,981.581
2025-12-28 04:00:00,3.55,4.484,433.013,325.702,8.323,76.834,997.304
2025-12-28 05:00:00,2.636,4.484,482.963,366.853,7.34,89.833,991.651
2025-12-28 06:00:00,1.017,4.484,500.0,415.473,6.642,73.813,984.09
2025-12-28 07:00:00,5.357,4.484,482.963,303.307,5.286,70.839,985.543
2025-12-28 08:00:00,0.664,4.484,433.013,406.364,5.159,89.258,987.19
2025-12-28 09:00:00,0.116,4.484,353.553,326.491,5.108,92.776,1018.204
2025-12-28 10:00:00,0.64,4.484,250.0,334.266,7.805,87.362,989.55
2025-12-28 11:00:00,1.159,4.484,129.41,342.624,9.87,82.509,993.516
2025-12-28 12:00:00,0.284,4.484,0.0,371.911,7.296,87.23,988.587
2025-12-28 13:00:00,1.013,4.484,0.0,402.115,7.682,93.528,1015.408
2025-12-28 14:00:00,1.354,4.484,0.0,360.171,8.007,76.691,983.845
2025-12-28 15:00:00,0.491,4.484,0.0,405.268,6.946,78.736,999.363
2025-12-28 16:00:00,1.079,4.484,0.0,414.624,5.222,80.643,1007.365
2025-12-28 17:00:00,2.325,4.484,0.0,305.885,9.273,80.921,1006.793
2025-12-28 18:00:00,0.816,4.484,0.0,345.931,4.908,70.829,1019.335
2025-12-28 19:00:00,1.115,4.484,0.0,414.458,9.649,86.826,1011.122
2025-12-28 20:00:00,0.351,4.484,0.0,333.092,9.734,84.033,997.893
2025-12-28 21:00:00,1.515,4.484,0.0,348.896,8.008,73.71,985.062
2025-12-28 22:00:00,2.484,4.484,0.0,396.263,6.084,94.607,993.317
2025-12-28 23:00:00,0.056,4.484,0.0,335.684,9.834,72.711,1002.398
2025-12-29 00:00:00,1.353,4.656,0.0,350.04,4.174,75.885,1008.897
2025-12-29 01:00:00,0.177,4.656,129.41,368.347,8.621,83.063,997.912
2025-12-29 02:00:00,1.019,4.656,250.0,395.88,7.523,79.519,1007.571
2025-12-29 03:00:00,2.424,4.656,353.553,419.087,9.159,91.051,1007.529
2025-12-29 04:00:00,1.398,4.656,433.013,353.451,9.046,73.7,1005.953
2025-12-29 05:00:00,1.098,4.656,482.963,396.039,7.806,89.157,987.462
2025-12-29 06:00:00,0.546,4.656,500.0,358.571,8.832,93.262,1005.261
2025-12-29 07:00:00,0.752,4.656,482.963,358.485,5.268,71.897,994.892
2025-12-29 08:00:00,0.157,4.656,433.013,342.129,6.593,70.033,980.341
2025-12-29 09:00:00,0.384,4.656,353.553,412.662,8.252,88.261,1017.116
2025-12-29 10:00:00,2.666,4.656,250.0,412.917,7.708,83.742,1011.128
2025-12-29 11:00:00,1.134,4.656,129.41,397.504,9.239,71.633,992.173
2025-12-29 12:00:00,1.137,4.656,0.0,394.517,7.362,71.892,1000.688
2025-12-29 13:00:00,2.744,4.656,0.0,362.749,9.271,79.689,1010.718
2025-12-29 14:00:00,1.684,4.656,0.0,343.274,8.041,90.734,992.523
2025-12-29 15:00:00,3.643,4.656,0.0,415.643,9.231,80.897,984.282
2025-12-29 16:00:00,1.386,4.656,0.0,412.557,4.704,90.799,1013.289
2025-12-29 17:00:00,2.116,4.656,0.0,382.963,4.994,82.864,1019.978
2025-12-29 18:00:00,1.833,4.656,0.0,341.957,9.823,79.156,1010.553
2025-12-29 19:00:00,1.895,4.656,0.0,334.415,6.478,79.717,1008.045
2025-12-29 20:00:00,1.945,4.656,0.0,342.379,9.502,86.977,982.577
2025-12-29 21:00:00,1.597,4.656,0.0,394.957,8.264,78.867,989.757
2025-12-29 22:00:00,1.513,4.656,0.0,333.184,7.416,86.184,997.135
2025-12-29 23:00:00,1.103,4.656,0.0,345.378,8.351,90.226,994.714
2025-12-30 00:00:00,1.059,4.828,0.0,375.802,4.629,85.146,1004.027
2025-12-30 01:00:00,1.327,4.828,129.41,412.297,5.843,93.441,991.911
2025-12-30 02:00:00,0.477,4.828,250.0,315.343,9.515,82.83,1013.202
2025-12-30 03:00:00,3.38,4.828,353.553,380.4,4.069,76.675,999.137
2025-12-30 04:00:00,1.191,4.828,433.013,354.73,9.906,93.675,998.678
2025-12-30 05:00:00,1.747,4.828,482.963,372.71,5.428,85.636,1014.692
2025-12-30 06:00:00,1.266,4.828,500.0,306.574,8.533,83.317,995.325
2025-12-30 07:00:00,0.176,4.828,482.963,331.671,4.313,86.632,992.974
2025-12-30 08:00:00,5.071,4.828,433.013,329.911,9.178,91.786,1016.453
2025-12-30 09:00:00,0.621,4.828,353.553,334.937,5.346,90.375,986.784
2025-12-30 10:00:00,1.22,4.828,250.0,362.447,6.707,87.137,1003.864
2025-12-30 11:00:00,1.142,4.828,129.41,320.063,4.746,93.633,991.317
2025-12-30 12:00:00,2.133,4.828,0.0,332.935,8.468,83.225,990.707
2025-12-30 13:00:00,0.619,4.828,0.0,351.328,6.397,94.585,1018.414
2025-12-30 14:00:00,4.667,4.828,0.0,367.884,6.667,75.069,1001.624
2025-12-30 15:00:00,1.808,4.828,0.0,347.872,4.969,77.149,1007.302
2025-12-30 16:00:00,0.431,4.828,0.0,363.714,5.225,71.844,1012.289
2025-12-30 17:00:00,0.963,4.828,0.0,321.401,7.193,80.028,1019.804
2025-12-30 18:00:00,1.9,4.828,0.0,412.189,4.177,76.662,980.808
2025-12-30 19:00:00,2.372,4.828,0.0,332.15,4.01,81.25,987.726
2025-12-30 20:00:00,0.897,4.828,0.0,304.25,9.591,89.142,1012.639
2025-12-30 21:00:00,2.5,4.828,0.0,309.385,6.156,89.267,985.111
2025-12-30 22:00:00,0.687,4.828,0.0,322.398,9.226,82.952,1013.237
2025-12-30 23:00:00,1.05,4.828,0.0,339.278,4.156,76.752,985.555
2025-12-31 00:00:00,0.651,5.0,0.0,399.305,4.168,76.048,999.876
2025-12-31 01:00:00,3.319,5.0,129.41,342.013,5.33,70.577,990.906
2025-12-31 02:00:00,0.64,5.0,250.0,347.41,4.953,92.417,1018.605
2025-12-31 03:00:00,1.842,5.0,353.553,337.13,8.666,93.77,998.754
2025-12-31 04:00:00,0.835,5.0,433.013,411.278,5.138,82.073,994.043
2025-12-31 05:00:00,0.31,5.0,482.963,318.092,5.24,89.543,1013.454
2025-12-31 06:00:00,1.065,5.0,500.0,373.065,5.384,87.963,993.938
2025-12-31 07:00:00,2.021,5.0,482.963,386.631,8.048,79.217,982.481
2025-12-31 08:00:00,2.421,5.0,433.013,334.744,9.792,73.306,995.759
2025-12-31 09:00:00,0.912,5.0,353.553,398.815,8.814,91.237,991.472
2025-12-31 10:00:00,0.987,5.0,250.0,354.937,8.691,91.396,993.223
2025-12-31 11:00:00,3.82,5.0,129.41,341.466,8.395,82.082,988.708
2025-12-31 12:00:00,2.114,5.0,0.0,378.844,7.402,85.616,1006.535
2025-12-31 13:00:00,1.883,5.0,0.0,316.26,6.587,94.875,981.607
2025-12-31 14:00:00,0.096,5.0,0.0,364.754,4.701,85.326,994.057
2025-12-31 15:00:00,2.989,5.0,0.0,317.262,6.481,81.717,993.416
2025-12-31 16:00:00,2.132,5.0,0.0,311.95,5.231,80.874,1001.16
2025-12-31 17:00:00,1.378,5.0,0.0,367.47,4.969,71.579,992.444
2025-12-31 18:00:00,0.803,5.0,0.0,332.029,6.905,74.853,999.132
2025-12-31 19:00:00,1.529,5.0,0.0,343.68,5.803,71.896,990.648
2025-12-31 20:00:00,0.724,5.0,0.0,301.795,9.012,93.424,1017.078
2025-12-31 21:00:00,0.415,5.0,0.0,378.202,9.81,85.269,1017.871
2025-12-31 22:00:00,1.135,5.0,0.0,360.407,9.215,84.581,1012.472
2025-12-31 23:00:00,1.438,5.0,0.0,300.634,7.237,72.802,987.983
